theme_id,id_theme,color_id,rgb,total_quantity
1.0,1.0,0,05131D,138416
1.0,1.0,1,0055BF,41657
1.0,1.0,2,237841,1105
1.0,1.0,3,008F9B,319
1.0,1.0,4,C91A09,30486
1.0,1.0,5,C870A0,1
1.0,1.0,7,9BA19D,16283
1.0,1.0,8,6D6E5C,1168
1.0,1.0,10,4B9F4A,513
1.0,1.0,14,F2CD37,20573
1.0,1.0,15,FFFFFF,10981
1.0,1.0,19,E4CD9E,5770
1.0,1.0,22,81007B,1
1.0,1.0,25,FE8A18,3553
1.0,1.0,26,923978,30
1.0,1.0,27,BBE90B,2013
1.0,1.0,28,958A73,993
1.0,1.0,29,E4ADC8,17
1.0,1.0,33,0020A0,93
1.0,1.0,34,84B68D,74
1.0,1.0,35,D9E4A7,2
1.0,1.0,36,C91A09,880
1.0,1.0,40,635F52,51
1.0,1.0,41,AEEFEC,113
1.0,1.0,42,F8F184,12
1.0,1.0,46,F5CD2F,201
1.0,1.0,47,FCFCFC,1783
1.0,1.0,57,FF800D,40
1.0,1.0,70,582A12,2091
1.0,1.0,71,A0A5A9,55653
1.0,1.0,72,6C6E68,24921
1.0,1.0,73,5A93DB,170
1.0,1.0,79,FFFFFF,4
1.0,1.0,80,A5A9B4,331
1.0,1.0,81,899B5F,23
1.0,1.0,82,DBAC34,66
1.0,1.0,84,AA7D55,12
1.0,1.0,85,3F3691,53
1.0,1.0,135,9CA3A8,180
1.0,1.0,143,CFE2F7,6
1.0,1.0,148,575857,34
1.0,1.0,158,DFEEA5,10
1.0,1.0,179,898788,424
1.0,1.0,182,F08F1C,792
1.0,1.0,191,F8BB3D,403
1.0,1.0,216,B31004,6
1.0,1.0,272,0A3463,1235
1.0,1.0,288,184632,38
1.0,1.0,297,AA7F2E,200
1.0,1.0,308,352100,12
1.0,1.0,320,720E0F,4
1.0,1.0,321,078BC9,902
1.0,1.0,322,36AEBF,98
1.0,1.0,326,9B9A5A,412
1.0,1.0,378,A0BCAC,13
1.0,1.0,379,6074A1,15
1.0,1.0,484,A95500,32
1.0,1.0,1000,D9D9D9,13
1.0,1.0,1050,FF698F,14
1.0,1.0,1059,8320B7,5
1.0,1.0,1062,EBD800,50
1.0,1.0,1095,635F52,3
1.0,1.0,1103,3E3C39,97
1.0,1.0,1136,CA4C0B,545
1.0,1.0,9999,05131D,423
3.0,3.0,0,05131D,3202
3.0,3.0,1,0055BF,11
3.0,3.0,2,237841,10
3.0,3.0,3,008F9B,424
3.0,3.0,4,C91A09,12
3.0,3.0,7,9BA19D,959
3.0,3.0,8,6D6E5C,231
3.0,3.0,14,F2CD37,196
3.0,3.0,15,FFFFFF,27
3.0,3.0,22,81007B,107
3.0,3.0,25,FE8A18,39
3.0,3.0,27,BBE90B,36
3.0,3.0,34,84B68D,2
3.0,3.0,36,C91A09,2
3.0,3.0,41,AEEFEC,6
3.0,3.0,42,F8F184,6
3.0,3.0,47,FCFCFC,1
3.0,3.0,135,9CA3A8,6
3.0,3.0,9999,05131D,27
4.0,4.0,0,05131D,3575
4.0,4.0,1,0055BF,1327
4.0,4.0,4,C91A09,2078
4.0,4.0,7,9BA19D,4492
4.0,4.0,14,F2CD37,2169
4.0,4.0,15,FFFFFF,92
4.0,4.0,36,C91A09,36
4.0,4.0,46,F5CD2F,24
4.0,4.0,47,FCFCFC,45
4.0,4.0,9999,05131D,3
16.0,16.0,0,05131D,332
16.0,16.0,1,0055BF,3
16.0,16.0,2,237841,4
16.0,16.0,3,008F9B,4
16.0,16.0,4,C91A09,18
16.0,16.0,7,9BA19D,109
16.0,16.0,8,6D6E5C,38
16.0,16.0,14,F2CD37,20
16.0,16.0,15,FFFFFF,26
16.0,16.0,19,E4CD9E,14
16.0,16.0,25,FE8A18,9
16.0,16.0,27,BBE90B,16
16.0,16.0,36,C91A09,2
16.0,16.0,41,AEEFEC,6
16.0,16.0,42,F8F184,8
16.0,16.0,57,FF800D,2
16.0,16.0,135,9CA3A8,2
16.0,16.0,383,E0E0E0,2
16.0,16.0,9999,05131D,1
17.0,17.0,0,05131D,447
17.0,17.0,1,0055BF,19
17.0,17.0,2,237841,12
17.0,17.0,4,C91A09,63
17.0,17.0,7,9BA19D,172
17.0,17.0,8,6D6E5C,7
17.0,17.0,14,F2CD37,43
17.0,17.0,15,FFFFFF,23
17.0,17.0,135,9CA3A8,5
17.0,17.0,9999,05131D,5
18.0,18.0,0,05131D,1484
18.0,18.0,1,0055BF,22
18.0,18.0,2,237841,53
18.0,18.0,4,C91A09,15
18.0,18.0,6,583927,90
18.0,18.0,7,9BA19D,728
18.0,18.0,8,6D6E5C,332
18.0,18.0,14,F2CD37,8
18.0,18.0,15,FFFFFF,273
18.0,18.0,19,E4CD9E,153
18.0,18.0,25,FE8A18,1
18.0,18.0,33,0020A0,1
18.0,18.0,36,C91A09,24
18.0,18.0,46,F5CD2F,2
18.0,18.0,73,5A93DB,66
18.0,18.0,80,A5A9B4,1
18.0,18.0,82,DBAC34,14
18.0,18.0,110,4354A3,35
18.0,18.0,135,9CA3A8,19
18.0,18.0,137,7988A1,81
18.0,18.0,150,ABADAC,1
18.0,18.0,272,0A3463,17
18.0,18.0,334,BBA53D,2
18.0,18.0,484,A95500,2
18.0,18.0,9999,05131D,4
19.0,19.0,0,05131D,406
19.0,19.0,1,0055BF,19
19.0,19.0,4,C91A09,19
19.0,19.0,7,9BA19D,421
19.0,19.0,8,6D6E5C,32
19.0,19.0,14,F2CD37,74
19.0,19.0,15,FFFFFF,22
19.0,19.0,19,E4CD9E,4
19.0,19.0,22,81007B,13
19.0,19.0,47,FCFCFC,4
19.0,19.0,71,A0A5A9,44
19.0,19.0,72,6C6E68,7
19.0,19.0,80,A5A9B4,14
19.0,19.0,135,9CA3A8,18
19.0,19.0,9999,05131D,5
20.0,20.0,0,05131D,381
20.0,20.0,1,0055BF,36
20.0,20.0,2,237841,15
20.0,20.0,3,008F9B,32
20.0,20.0,4,C91A09,30
20.0,20.0,7,9BA19D,94
20.0,20.0,8,6D6E5C,38
20.0,20.0,14,F2CD37,59
20.0,20.0,15,FFFFFF,17
20.0,20.0,19,E4CD9E,20
20.0,20.0,21,D4D5C9,4
20.0,20.0,22,81007B,31
20.0,20.0,25,FE8A18,9
20.0,20.0,36,C91A09,2
20.0,20.0,40,635F52,2
20.0,20.0,57,FF800D,4
20.0,20.0,73,5A93DB,23
20.0,20.0,82,DBAC34,2
20.0,20.0,135,9CA3A8,4
20.0,20.0,216,B31004,5
20.0,20.0,9999,05131D,1
21.0,21.0,0,05131D,2544
21.0,21.0,1,0055BF,222
21.0,21.0,4,C91A09,695
21.0,21.0,7,9BA19D,2529
21.0,21.0,8,6D6E5C,69
21.0,21.0,14,F2CD37,835
21.0,21.0,15,FFFFFF,131
21.0,21.0,34,84B68D,2
21.0,21.0,36,C91A09,7
21.0,21.0,46,F5CD2F,18
21.0,21.0,47,FCFCFC,1
21.0,21.0,9999,05131D,7
22.0,22.0,0,05131D,4191
22.0,22.0,1,0055BF,4333
22.0,22.0,2,237841,2532
22.0,22.0,3,008F9B,53
22.0,22.0,4,C91A09,5109
22.0,22.0,5,C870A0,56
22.0,22.0,6,583927,89
22.0,22.0,7,9BA19D,271
22.0,22.0,8,6D6E5C,258
22.0,22.0,9,B4D2E3,1
22.0,22.0,10,4B9F4A,72
22.0,22.0,13,FC97AC,5
22.0,22.0,14,F2CD37,3819
22.0,22.0,15,FFFFFF,5667
22.0,22.0,18,FBE696,9
22.0,22.0,19,E4CD9E,752
22.0,22.0,22,81007B,51
22.0,22.0,25,FE8A18,1091
22.0,22.0,26,923978,27
22.0,22.0,27,BBE90B,470
22.0,22.0,28,958A73,77
22.0,22.0,29,E4ADC8,73
22.0,22.0,31,E1D5ED,9
22.0,22.0,33,0020A0,368
22.0,22.0,34,84B68D,12
22.0,22.0,35,D9E4A7,3
22.0,22.0,36,C91A09,400
22.0,22.0,40,635F52,71
22.0,22.0,41,AEEFEC,90
22.0,22.0,42,F8F184,32
22.0,22.0,45,DF6695,3
22.0,22.0,46,F5CD2F,32
22.0,22.0,47,FCFCFC,422
22.0,22.0,52,A5A5CB,7
22.0,22.0,57,FF800D,14
22.0,22.0,70,582A12,408
22.0,22.0,71,A0A5A9,2033
22.0,22.0,72,6C6E68,1129
22.0,22.0,73,5A93DB,460
22.0,22.0,74,73DCA1,2
22.0,22.0,80,A5A9B4,19
22.0,22.0,82,DBAC34,12
22.0,22.0,84,AA7D55,54
22.0,22.0,85,3F3691,1
22.0,22.0,92,D09168,6
22.0,22.0,112,6874CA,1
22.0,22.0,118,B3D7D1,4
22.0,22.0,135,9CA3A8,10
22.0,22.0,143,CFE2F7,1
22.0,22.0,158,DFEEA5,5
22.0,22.0,179,898788,54
22.0,22.0,182,F08F1C,44
22.0,22.0,191,F8BB3D,155
22.0,22.0,212,9FC3E9,12
22.0,22.0,226,FFF03A,42
22.0,22.0,272,0A3463,102
22.0,22.0,288,184632,178
22.0,22.0,297,AA7F2E,94
22.0,22.0,308,352100,48
22.0,22.0,320,720E0F,188
22.0,22.0,321,078BC9,132
22.0,22.0,322,36AEBF,123
22.0,22.0,323,ADC3C0,2
22.0,22.0,326,9B9A5A,1
22.0,22.0,335,D67572,5
22.0,22.0,351,F785B1,11
22.0,22.0,366,FA9C1C,2
22.0,22.0,378,A0BCAC,87
22.0,22.0,379,6074A1,25
22.0,22.0,383,E0E0E0,7
22.0,22.0,462,FFA70B,30
22.0,22.0,484,A95500,96
22.0,22.0,503,E6E3DA,2
22.0,22.0,1050,FF698F,30
22.0,22.0,1103,3E3C39,2
22.0,22.0,1136,CA4C0B,3
22.0,22.0,9999,05131D,35
34.0,34.0,0,05131D,2517
34.0,34.0,1,0055BF,4032
34.0,34.0,2,237841,1976
34.0,34.0,3,008F9B,7
34.0,34.0,4,C91A09,4774
34.0,34.0,5,C870A0,12
34.0,34.0,6,583927,116
34.0,34.0,7,9BA19D,199
34.0,34.0,8,6D6E5C,144
34.0,34.0,10,4B9F4A,17
34.0,34.0,13,FC97AC,3
34.0,34.0,14,F2CD37,3848
34.0,34.0,15,FFFFFF,4526
34.0,34.0,19,E4CD9E,112
34.0,34.0,22,81007B,9
34.0,34.0,25,FE8A18,517
34.0,34.0,26,923978,32
34.0,34.0,27,BBE90B,326
34.0,34.0,29,E4ADC8,4
34.0,34.0,33,0020A0,160
34.0,34.0,34,84B68D,4
34.0,34.0,36,C91A09,126
34.0,34.0,41,AEEFEC,6
34.0,34.0,42,F8F184,8
34.0,34.0,46,F5CD2F,20
34.0,34.0,47,FCFCFC,152
34.0,34.0,69,CD6298,44
34.0,34.0,70,582A12,97
34.0,34.0,71,A0A5A9,400
34.0,34.0,72,6C6E68,232
34.0,34.0,73,5A93DB,202
34.0,34.0,80,A5A9B4,2
34.0,34.0,82,DBAC34,8
34.0,34.0,85,3F3691,21
34.0,34.0,89,4C61DB,4
34.0,34.0,92,D09168,1
34.0,34.0,118,B3D7D1,1
34.0,34.0,143,CFE2F7,9
34.0,34.0,212,9FC3E9,1
34.0,34.0,272,0A3463,9
34.0,34.0,288,184632,5
34.0,34.0,320,720E0F,10
34.0,34.0,351,F785B1,3
34.0,34.0,366,FA9C1C,1
34.0,34.0,378,A0BCAC,41
34.0,34.0,379,6074A1,22
34.0,34.0,383,E0E0E0,2
34.0,34.0,462,FFA70B,10
34.0,34.0,484,A95500,12
34.0,34.0,1001,9391E4,1
34.0,34.0,9999,05131D,2
35.0,35.0,0,05131D,2964
35.0,35.0,1,0055BF,3960
35.0,35.0,2,237841,1927
35.0,35.0,4,C91A09,4979
35.0,35.0,5,C870A0,83
35.0,35.0,10,4B9F4A,74
35.0,35.0,14,F2CD37,4260
35.0,35.0,15,FFFFFF,4438
35.0,35.0,19,E4CD9E,263
35.0,35.0,25,FE8A18,1342
35.0,35.0,26,923978,47
35.0,35.0,27,BBE90B,1271
35.0,35.0,28,958A73,47
35.0,35.0,29,E4ADC8,202
35.0,35.0,30,AC78BA,17
35.0,35.0,33,0020A0,63
35.0,35.0,34,84B68D,75
35.0,35.0,36,C91A09,174
35.0,35.0,40,635F52,5
35.0,35.0,41,AEEFEC,30
35.0,35.0,42,F8F184,16
35.0,35.0,45,DF6695,9
35.0,35.0,46,F5CD2F,158
35.0,35.0,47,FCFCFC,199
35.0,35.0,57,FF800D,29
35.0,35.0,70,582A12,655
35.0,35.0,71,A0A5A9,1021
35.0,35.0,72,6C6E68,424
35.0,35.0,73,5A93DB,350
35.0,35.0,80,A5A9B4,7
35.0,35.0,84,AA7D55,2
35.0,35.0,85,3F3691,38
35.0,35.0,135,9CA3A8,1
35.0,35.0,179,898788,44
35.0,35.0,182,F08F1C,50
35.0,35.0,191,F8BB3D,23
35.0,35.0,272,0A3463,28
35.0,35.0,288,184632,22
35.0,35.0,297,AA7F2E,8
35.0,35.0,320,720E0F,23
35.0,35.0,321,078BC9,122
35.0,35.0,322,36AEBF,10
35.0,35.0,334,BBA53D,1
35.0,35.0,484,A95500,3
35.0,35.0,1103,3E3C39,1
50.0,50.0,0,05131D,581
50.0,50.0,1,0055BF,182
50.0,50.0,2,237841,79
50.0,50.0,4,C91A09,483
50.0,50.0,6,583927,17
50.0,50.0,7,9BA19D,256
50.0,50.0,8,6D6E5C,47
50.0,50.0,14,F2CD37,447
50.0,50.0,15,FFFFFF,813
50.0,50.0,25,FE8A18,15
50.0,50.0,33,0020A0,25
50.0,50.0,34,84B68D,16
50.0,50.0,36,C91A09,60
50.0,50.0,40,635F52,1
50.0,50.0,41,AEEFEC,52
50.0,50.0,42,F8F184,1
50.0,50.0,46,F5CD2F,67
50.0,50.0,47,FCFCFC,51
50.0,50.0,57,FF800D,8
50.0,50.0,70,582A12,36
50.0,50.0,71,A0A5A9,156
50.0,50.0,72,6C6E68,9
50.0,50.0,383,E0E0E0,39
50.0,50.0,9999,05131D,23
51.0,51.0,0,05131D,224
51.0,51.0,1,0055BF,156
51.0,51.0,2,237841,1
51.0,51.0,4,C91A09,22
51.0,51.0,6,583927,2
51.0,51.0,7,9BA19D,137
51.0,51.0,8,6D6E5C,49
51.0,51.0,14,F2CD37,46
51.0,51.0,15,FFFFFF,125
51.0,51.0,25,FE8A18,68
51.0,51.0,33,0020A0,23
51.0,51.0,34,84B68D,9
51.0,51.0,36,C91A09,25
51.0,51.0,41,AEEFEC,7
51.0,51.0,42,F8F184,54
51.0,51.0,46,F5CD2F,4
51.0,51.0,47,FCFCFC,2
51.0,51.0,57,FF800D,4
51.0,51.0,9999,05131D,8
52.0,52.0,0,05131D,10925
52.0,52.0,1,0055BF,1235
52.0,52.0,2,237841,882
52.0,52.0,3,008F9B,296
52.0,52.0,4,C91A09,3673
52.0,52.0,5,C870A0,70
52.0,52.0,10,4B9F4A,320
52.0,52.0,14,F2CD37,2583
52.0,52.0,15,FFFFFF,6080
52.0,52.0,19,E4CD9E,1737
52.0,52.0,25,FE8A18,924
52.0,52.0,26,923978,86
52.0,52.0,27,BBE90B,1217
52.0,52.0,28,958A73,393
52.0,52.0,29,E4ADC8,31
52.0,52.0,30,AC78BA,15
52.0,52.0,31,E1D5ED,4
52.0,52.0,33,0020A0,193
52.0,52.0,34,84B68D,137
52.0,52.0,35,D9E4A7,82
52.0,52.0,36,C91A09,633
52.0,52.0,40,635F52,185
52.0,52.0,41,AEEFEC,973
52.0,52.0,42,F8F184,29
52.0,52.0,45,DF6695,23
52.0,52.0,46,F5CD2F,384
52.0,52.0,47,FCFCFC,910
52.0,52.0,52,A5A5CB,6
52.0,52.0,57,FF800D,2
52.0,52.0,70,582A12,1038
52.0,52.0,71,A0A5A9,7944
52.0,52.0,72,6C6E68,6256
52.0,52.0,73,5A93DB,19
52.0,52.0,80,A5A9B4,73
52.0,52.0,82,DBAC34,31
52.0,52.0,84,AA7D55,713
52.0,52.0,85,3F3691,109
52.0,52.0,129,A5A5CB,1
52.0,52.0,158,DFEEA5,6
52.0,52.0,179,898788,459
52.0,52.0,182,F08F1C,714
52.0,52.0,191,F8BB3D,359
52.0,52.0,212,9FC3E9,64
52.0,52.0,226,FFF03A,53
52.0,52.0,272,0A3463,916
52.0,52.0,288,184632,36
52.0,52.0,297,AA7F2E,323
52.0,52.0,308,352100,38
52.0,52.0,320,720E0F,406
52.0,52.0,321,078BC9,353
52.0,52.0,322,36AEBF,519
52.0,52.0,323,ADC3C0,33
52.0,52.0,326,9B9A5A,41
52.0,52.0,378,A0BCAC,53
52.0,52.0,379,6074A1,26
52.0,52.0,383,E0E0E0,2
52.0,52.0,484,A95500,334
52.0,52.0,1000,D9D9D9,11
52.0,52.0,1003,68BCC5,4
52.0,52.0,1050,FF698F,13
52.0,52.0,1054,CE1D9B,1
52.0,52.0,1059,8320B7,4
52.0,52.0,1060,84B68D,3
52.0,52.0,1062,EBD800,132
52.0,52.0,1088,755945,1
52.0,52.0,1095,635F52,3
52.0,52.0,1103,3E3C39,27
52.0,52.0,1136,CA4C0B,65
52.0,52.0,9999,05131D,106
53.0,53.0,0,05131D,2301
53.0,53.0,1,0055BF,760
53.0,53.0,2,237841,352
53.0,53.0,3,008F9B,5
53.0,53.0,4,C91A09,1296
53.0,53.0,5,C870A0,1
53.0,53.0,14,F2CD37,905
53.0,53.0,15,FFFFFF,3109
53.0,53.0,19,E4CD9E,133
53.0,53.0,25,FE8A18,160
53.0,53.0,27,BBE90B,74
53.0,53.0,28,958A73,38
53.0,53.0,29,E4ADC8,3
53.0,53.0,31,E1D5ED,1
53.0,53.0,33,0020A0,85
53.0,53.0,34,84B68D,95
53.0,53.0,35,D9E4A7,1
53.0,53.0,36,C91A09,194
53.0,53.0,40,635F52,224
53.0,53.0,41,AEEFEC,375
53.0,53.0,42,F8F184,16
53.0,53.0,46,F5CD2F,112
53.0,53.0,47,FCFCFC,118
53.0,53.0,70,582A12,126
53.0,53.0,71,A0A5A9,2217
53.0,53.0,72,6C6E68,1274
53.0,53.0,80,A5A9B4,11
53.0,53.0,82,DBAC34,24
53.0,53.0,84,AA7D55,19
53.0,53.0,85,3F3691,1
53.0,53.0,179,898788,58
53.0,53.0,182,F08F1C,67
53.0,53.0,191,F8BB3D,32
53.0,53.0,272,0A3463,78
53.0,53.0,321,078BC9,92
53.0,53.0,322,36AEBF,3
53.0,53.0,323,ADC3C0,1
53.0,53.0,379,6074A1,3
53.0,53.0,484,A95500,3
53.0,53.0,1050,FF698F,8
53.0,53.0,1062,EBD800,27
53.0,53.0,9999,05131D,38
54.0,54.0,0,05131D,730
54.0,54.0,1,0055BF,159
54.0,54.0,2,237841,279
54.0,54.0,3,008F9B,1
54.0,54.0,4,C91A09,204
54.0,54.0,14,F2CD37,344
54.0,54.0,15,FFFFFF,330
54.0,54.0,19,E4CD9E,122
54.0,54.0,25,FE8A18,12
54.0,54.0,27,BBE90B,6
54.0,54.0,28,958A73,4
54.0,54.0,34,84B68D,2
54.0,54.0,36,C91A09,54
54.0,54.0,40,635F52,5
54.0,54.0,41,AEEFEC,11
54.0,54.0,46,F5CD2F,31
54.0,54.0,47,FCFCFC,35
54.0,54.0,70,582A12,17
54.0,54.0,71,A0A5A9,636
54.0,54.0,72,6C6E68,411
54.0,54.0,80,A5A9B4,7
54.0,54.0,84,AA7D55,8
54.0,54.0,135,9CA3A8,2
54.0,54.0,179,898788,21
54.0,54.0,182,F08F1C,68
54.0,54.0,320,720E0F,7
54.0,54.0,321,078BC9,4
54.0,54.0,322,36AEBF,13
54.0,54.0,326,9B9A5A,14
54.0,54.0,484,A95500,3
54.0,54.0,9999,05131D,7
55.0,55.0,0,05131D,1266
55.0,55.0,1,0055BF,564
55.0,55.0,2,237841,29
55.0,55.0,3,008F9B,1
55.0,55.0,4,C91A09,241
55.0,55.0,5,C870A0,1
55.0,55.0,10,4B9F4A,9
55.0,55.0,14,F2CD37,237
55.0,55.0,15,FFFFFF,1662
55.0,55.0,19,E4CD9E,65
55.0,55.0,25,FE8A18,489
55.0,55.0,26,923978,5
55.0,55.0,27,BBE90B,20
55.0,55.0,28,958A73,18
55.0,55.0,29,E4ADC8,2
55.0,55.0,30,AC78BA,1
55.0,55.0,33,0020A0,6
55.0,55.0,34,84B68D,54
55.0,55.0,36,C91A09,141
55.0,55.0,40,635F52,19
55.0,55.0,41,AEEFEC,131
55.0,55.0,42,F8F184,1
55.0,55.0,46,F5CD2F,89
55.0,55.0,47,FCFCFC,76
55.0,55.0,70,582A12,21
55.0,55.0,71,A0A5A9,1012
55.0,55.0,72,6C6E68,1003
55.0,55.0,84,AA7D55,16
55.0,55.0,135,9CA3A8,1
55.0,55.0,179,898788,33
55.0,55.0,182,F08F1C,94
55.0,55.0,191,F8BB3D,60
55.0,55.0,212,9FC3E9,6
55.0,55.0,272,0A3463,3
55.0,55.0,297,AA7F2E,1
55.0,55.0,320,720E0F,4
55.0,55.0,321,078BC9,6
55.0,55.0,322,36AEBF,10
55.0,55.0,326,9B9A5A,1
55.0,55.0,378,A0BCAC,25
55.0,55.0,379,6074A1,8
55.0,55.0,1062,EBD800,40
55.0,55.0,1103,3E3C39,1
55.0,55.0,1136,CA4C0B,94
55.0,55.0,9999,05131D,20
56.0,56.0,0,05131D,5035
56.0,56.0,1,0055BF,801
56.0,56.0,2,237841,355
56.0,56.0,3,008F9B,19
56.0,56.0,4,C91A09,1331
56.0,56.0,8,6D6E5C,2
56.0,56.0,10,4B9F4A,1
56.0,56.0,14,F2CD37,3453
56.0,56.0,15,FFFFFF,788
56.0,56.0,19,E4CD9E,241
56.0,56.0,25,FE8A18,232
56.0,56.0,27,BBE90B,36
56.0,56.0,28,958A73,206
56.0,56.0,33,0020A0,3
56.0,56.0,34,84B68D,3
56.0,56.0,36,C91A09,253
56.0,56.0,40,635F52,108
56.0,56.0,41,AEEFEC,29
56.0,56.0,46,F5CD2F,153
56.0,56.0,47,FCFCFC,272
56.0,56.0,52,A5A5CB,1
56.0,56.0,70,582A12,270
56.0,56.0,71,A0A5A9,3568
56.0,56.0,72,6C6E68,3976
56.0,56.0,73,5A93DB,1
56.0,56.0,82,DBAC34,2
56.0,56.0,84,AA7D55,50
56.0,56.0,135,9CA3A8,8
56.0,56.0,179,898788,75
56.0,56.0,182,F08F1C,578
56.0,56.0,191,F8BB3D,603
56.0,56.0,212,9FC3E9,1
56.0,56.0,272,0A3463,9
56.0,56.0,288,184632,5
56.0,56.0,297,AA7F2E,51
56.0,56.0,320,720E0F,19
56.0,56.0,321,078BC9,19
56.0,56.0,322,36AEBF,15
56.0,56.0,326,9B9A5A,3
56.0,56.0,378,A0BCAC,7
56.0,56.0,379,6074A1,10
56.0,56.0,484,A95500,16
56.0,56.0,1000,D9D9D9,4
56.0,56.0,1059,8320B7,2
56.0,56.0,1136,CA4C0B,4
56.0,56.0,9999,05131D,45
57.0,57.0,0,05131D,787
57.0,57.0,1,0055BF,259
57.0,57.0,2,237841,189
57.0,57.0,3,008F9B,28
57.0,57.0,4,C91A09,344
57.0,57.0,10,4B9F4A,75
57.0,57.0,14,F2CD37,238
57.0,57.0,15,FFFFFF,365
57.0,57.0,19,E4CD9E,284
57.0,57.0,25,FE8A18,48
57.0,57.0,27,BBE90B,114
57.0,57.0,28,958A73,18
57.0,57.0,29,E4ADC8,3
57.0,57.0,36,C91A09,62
57.0,57.0,40,635F52,15
57.0,57.0,41,AEEFEC,23
57.0,57.0,46,F5CD2F,42
57.0,57.0,47,FCFCFC,77
57.0,57.0,70,582A12,182
57.0,57.0,71,A0A5A9,583
57.0,57.0,72,6C6E68,438
57.0,57.0,84,AA7D55,21
57.0,57.0,85,3F3691,3
57.0,57.0,92,D09168,5
57.0,57.0,135,9CA3A8,5
57.0,57.0,179,898788,25
57.0,57.0,182,F08F1C,48
57.0,57.0,191,F8BB3D,4
57.0,57.0,226,FFF03A,1
57.0,57.0,272,0A3463,3
57.0,57.0,288,184632,2
57.0,57.0,297,AA7F2E,11
57.0,57.0,308,352100,1
57.0,57.0,320,720E0F,19
57.0,57.0,321,078BC9,15
57.0,57.0,322,36AEBF,1
57.0,57.0,484,A95500,3
57.0,57.0,9999,05131D,9
58.0,58.0,0,05131D,2723
58.0,58.0,1,0055BF,580
58.0,58.0,2,237841,218
58.0,58.0,3,008F9B,51
58.0,58.0,4,C91A09,4691
58.0,58.0,5,C870A0,1
58.0,58.0,7,9BA19D,1
58.0,58.0,10,4B9F4A,47
58.0,58.0,14,F2CD37,1178
58.0,58.0,15,FFFFFF,3073
58.0,58.0,19,E4CD9E,304
58.0,58.0,25,FE8A18,27
58.0,58.0,27,BBE90B,19
58.0,58.0,28,958A73,52
58.0,58.0,29,E4ADC8,3
58.0,58.0,33,0020A0,805
58.0,58.0,34,84B68D,53
58.0,58.0,35,D9E4A7,9
58.0,58.0,36,C91A09,285
58.0,58.0,40,635F52,101
58.0,58.0,41,AEEFEC,757
58.0,58.0,46,F5CD2F,216
58.0,58.0,47,FCFCFC,221
58.0,58.0,57,FF800D,5
58.0,58.0,70,582A12,339
58.0,58.0,71,A0A5A9,3059
58.0,58.0,72,6C6E68,2602
58.0,58.0,73,5A93DB,3
58.0,58.0,80,A5A9B4,2
58.0,58.0,84,AA7D55,76
58.0,58.0,85,3F3691,6
58.0,58.0,135,9CA3A8,13
58.0,58.0,179,898788,78
58.0,58.0,182,F08F1C,396
58.0,58.0,191,F8BB3D,16
58.0,58.0,212,9FC3E9,2
58.0,58.0,226,FFF03A,153
58.0,58.0,272,0A3463,2
58.0,58.0,288,184632,6
58.0,58.0,308,352100,19
58.0,58.0,321,078BC9,1
58.0,58.0,322,36AEBF,4
58.0,58.0,326,9B9A5A,8
58.0,58.0,378,A0BCAC,4
58.0,58.0,484,A95500,22
58.0,58.0,1055,FCFCFC,7
58.0,58.0,1062,EBD800,250
58.0,58.0,1103,3E3C39,17
58.0,58.0,9999,05131D,54
59.0,59.0,0,05131D,1024
59.0,59.0,1,0055BF,208
59.0,59.0,2,237841,60
59.0,59.0,3,008F9B,4
59.0,59.0,4,C91A09,480
59.0,59.0,10,4B9F4A,4
59.0,59.0,14,F2CD37,426
59.0,59.0,15,FFFFFF,905
59.0,59.0,19,E4CD9E,94
59.0,59.0,25,FE8A18,131
59.0,59.0,27,BBE90B,74
59.0,59.0,28,958A73,8
59.0,59.0,33,0020A0,2
59.0,59.0,34,84B68D,63
59.0,59.0,36,C91A09,96
59.0,59.0,40,635F52,56
59.0,59.0,41,AEEFEC,39
59.0,59.0,42,F8F184,1
59.0,59.0,46,F5CD2F,48
59.0,59.0,47,FCFCFC,98
59.0,59.0,70,582A12,121
59.0,59.0,71,A0A5A9,855
59.0,59.0,72,6C6E68,756
59.0,59.0,73,5A93DB,7
59.0,59.0,84,AA7D55,8
59.0,59.0,135,9CA3A8,1
59.0,59.0,179,898788,39
59.0,59.0,182,F08F1C,43
59.0,59.0,191,F8BB3D,93
59.0,59.0,212,9FC3E9,1
59.0,59.0,272,0A3463,35
59.0,59.0,288,184632,54
59.0,59.0,297,AA7F2E,2
59.0,59.0,308,352100,12
59.0,59.0,320,720E0F,22
59.0,59.0,322,36AEBF,1
59.0,59.0,326,9B9A5A,26
59.0,59.0,484,A95500,15
59.0,59.0,1136,CA4C0B,30
59.0,59.0,9999,05131D,18
60.0,60.0,0,05131D,574
60.0,60.0,1,0055BF,112
60.0,60.0,2,237841,47
60.0,60.0,3,008F9B,140
60.0,60.0,4,C91A09,621
60.0,60.0,5,C870A0,8
60.0,60.0,6,583927,1
60.0,60.0,7,9BA19D,2
60.0,60.0,10,4B9F4A,10
60.0,60.0,14,F2CD37,100
60.0,60.0,15,FFFFFF,1513
60.0,60.0,19,E4CD9E,26
60.0,60.0,25,FE8A18,32
60.0,60.0,26,923978,6
60.0,60.0,27,BBE90B,23
60.0,60.0,28,958A73,11
60.0,60.0,29,E4ADC8,3
60.0,60.0,33,0020A0,178
60.0,60.0,34,84B68D,28
60.0,60.0,36,C91A09,81
60.0,60.0,40,635F52,14
60.0,60.0,41,AEEFEC,138
60.0,60.0,42,F8F184,7
60.0,60.0,46,F5CD2F,56
60.0,60.0,47,FCFCFC,45
60.0,60.0,57,FF800D,2
60.0,60.0,70,582A12,19
60.0,60.0,71,A0A5A9,605
60.0,60.0,72,6C6E68,401
60.0,60.0,73,5A93DB,2
60.0,60.0,84,AA7D55,6
60.0,60.0,85,3F3691,1
60.0,60.0,179,898788,29
60.0,60.0,182,F08F1C,44
60.0,60.0,191,F8BB3D,19
60.0,60.0,212,9FC3E9,15
60.0,60.0,272,0A3463,6
60.0,60.0,288,184632,1
60.0,60.0,297,AA7F2E,1
60.0,60.0,321,078BC9,35
60.0,60.0,322,36AEBF,7
60.0,60.0,323,ADC3C0,20
60.0,60.0,378,A0BCAC,1
60.0,60.0,379,6074A1,7
60.0,60.0,484,A95500,1
60.0,60.0,1050,FF698F,1
60.0,60.0,1062,EBD800,91
60.0,60.0,1103,3E3C39,6
60.0,60.0,1136,CA4C0B,1
60.0,60.0,9999,05131D,16
61.0,61.0,0,05131D,6441
61.0,61.0,1,0055BF,3290
61.0,61.0,2,237841,544
61.0,61.0,3,008F9B,20
61.0,61.0,4,C91A09,1639
61.0,61.0,5,C870A0,15
61.0,61.0,10,4B9F4A,43
61.0,61.0,14,F2CD37,1296
61.0,61.0,15,FFFFFF,7830
61.0,61.0,19,E4CD9E,686
61.0,61.0,25,FE8A18,128
61.0,61.0,26,923978,13
61.0,61.0,27,BBE90B,108
61.0,61.0,28,958A73,251
61.0,61.0,29,E4ADC8,3
61.0,61.0,30,AC78BA,2
61.0,61.0,33,0020A0,1007
61.0,61.0,34,84B68D,159
61.0,61.0,36,C91A09,821
61.0,61.0,40,635F52,191
61.0,61.0,41,AEEFEC,604
61.0,61.0,42,F8F184,10
61.0,61.0,45,DF6695,4
61.0,61.0,46,F5CD2F,673
61.0,61.0,47,FCFCFC,418
61.0,61.0,52,A5A5CB,1
61.0,61.0,70,582A12,775
61.0,61.0,71,A0A5A9,6439
61.0,61.0,72,6C6E68,5051
61.0,61.0,80,A5A9B4,1
61.0,61.0,82,DBAC34,25
61.0,61.0,84,AA7D55,324
61.0,61.0,85,3F3691,1
61.0,61.0,135,9CA3A8,1
61.0,61.0,179,898788,172
61.0,61.0,182,F08F1C,256
61.0,61.0,191,F8BB3D,12
61.0,61.0,212,9FC3E9,1
61.0,61.0,226,FFF03A,129
61.0,61.0,272,0A3463,878
61.0,61.0,288,184632,163
61.0,61.0,297,AA7F2E,92
61.0,61.0,308,352100,32
61.0,61.0,320,720E0F,261
61.0,61.0,321,078BC9,29
61.0,61.0,322,36AEBF,44
61.0,61.0,323,ADC3C0,4
61.0,61.0,326,9B9A5A,64
61.0,61.0,378,A0BCAC,23
61.0,61.0,379,6074A1,20
61.0,61.0,484,A95500,80
61.0,61.0,1000,D9D9D9,9
61.0,61.0,1050,FF698F,1
61.0,61.0,1062,EBD800,350
61.0,61.0,1103,3E3C39,81
61.0,61.0,1136,CA4C0B,17
61.0,61.0,9999,05131D,118
63.0,63.0,0,05131D,4332
63.0,63.0,1,0055BF,1255
63.0,63.0,2,237841,585
63.0,63.0,3,008F9B,74
63.0,63.0,4,C91A09,1754
63.0,63.0,5,C870A0,46
63.0,63.0,10,4B9F4A,92
63.0,63.0,14,F2CD37,1748
63.0,63.0,15,FFFFFF,3550
63.0,63.0,19,E4CD9E,462
63.0,63.0,25,FE8A18,762
63.0,63.0,26,923978,15
63.0,63.0,27,BBE90B,272
63.0,63.0,28,958A73,145
63.0,63.0,29,E4ADC8,12
63.0,63.0,33,0020A0,92
63.0,63.0,34,84B68D,31
63.0,63.0,35,D9E4A7,1
63.0,63.0,36,C91A09,455
63.0,63.0,40,635F52,369
63.0,63.0,41,AEEFEC,169
63.0,63.0,42,F8F184,1
63.0,63.0,45,DF6695,1
63.0,63.0,46,F5CD2F,226
63.0,63.0,47,FCFCFC,540
63.0,63.0,70,582A12,192
63.0,63.0,71,A0A5A9,3552
63.0,63.0,72,6C6E68,2328
63.0,63.0,73,5A93DB,27
63.0,63.0,80,A5A9B4,16
63.0,63.0,84,AA7D55,85
63.0,63.0,85,3F3691,60
63.0,63.0,135,9CA3A8,3
63.0,63.0,158,DFEEA5,3
63.0,63.0,179,898788,156
63.0,63.0,182,F08F1C,493
63.0,63.0,191,F8BB3D,44
63.0,63.0,212,9FC3E9,2
63.0,63.0,272,0A3463,46
63.0,63.0,288,184632,9
63.0,63.0,297,AA7F2E,23
63.0,63.0,308,352100,3
63.0,63.0,320,720E0F,167
63.0,63.0,321,078BC9,236
63.0,63.0,322,36AEBF,29
63.0,63.0,323,ADC3C0,2
63.0,63.0,378,A0BCAC,16
63.0,63.0,379,6074A1,4
63.0,63.0,484,A95500,30
63.0,63.0,1062,EBD800,8
63.0,63.0,1095,635F52,4
63.0,63.0,1103,3E3C39,8
63.0,63.0,9999,05131D,57
64.0,64.0,0,05131D,574
64.0,64.0,1,0055BF,87
64.0,64.0,2,237841,59
64.0,64.0,3,008F9B,1
64.0,64.0,4,C91A09,113
64.0,64.0,10,4B9F4A,6
64.0,64.0,14,F2CD37,89
64.0,64.0,15,FFFFFF,237
64.0,64.0,19,E4CD9E,70
64.0,64.0,25,FE8A18,37
64.0,64.0,26,923978,5
64.0,64.0,27,BBE90B,6
64.0,64.0,28,958A73,24
64.0,64.0,31,E1D5ED,2
64.0,64.0,36,C91A09,52
64.0,64.0,40,635F52,33
64.0,64.0,41,AEEFEC,7
64.0,64.0,46,F5CD2F,37
64.0,64.0,47,FCFCFC,41
64.0,64.0,70,582A12,47
64.0,64.0,71,A0A5A9,332
64.0,64.0,72,6C6E68,235
64.0,64.0,84,AA7D55,6
64.0,64.0,179,898788,31
64.0,64.0,182,F08F1C,20
64.0,64.0,191,F8BB3D,35
64.0,64.0,212,9FC3E9,2
64.0,64.0,226,FFF03A,3
64.0,64.0,272,0A3463,36
64.0,64.0,288,184632,1
64.0,64.0,297,AA7F2E,6
64.0,64.0,308,352100,3
64.0,64.0,321,078BC9,31
64.0,64.0,322,36AEBF,11
64.0,64.0,378,A0BCAC,28
64.0,64.0,484,A95500,9
64.0,64.0,1136,CA4C0B,40
64.0,64.0,9999,05131D,13
65.0,65.0,0,05131D,1634
65.0,65.0,1,0055BF,87
65.0,65.0,2,237841,17
65.0,65.0,3,008F9B,34
65.0,65.0,4,C91A09,136
65.0,65.0,10,4B9F4A,2
65.0,65.0,14,F2CD37,160
65.0,65.0,15,FFFFFF,1179
65.0,65.0,19,E4CD9E,135
65.0,65.0,25,FE8A18,1277
65.0,65.0,27,BBE90B,27
65.0,65.0,28,958A73,69
65.0,65.0,29,E4ADC8,2
65.0,65.0,34,84B68D,28
65.0,65.0,35,D9E4A7,1
65.0,65.0,36,C91A09,77
65.0,65.0,40,635F52,10
65.0,65.0,41,AEEFEC,275
65.0,65.0,42,F8F184,1
65.0,65.0,46,F5CD2F,44
65.0,65.0,47,FCFCFC,210
65.0,65.0,57,FF800D,1
65.0,65.0,70,582A12,119
65.0,65.0,71,A0A5A9,1409
65.0,65.0,72,6C6E68,1185
65.0,65.0,80,A5A9B4,16
65.0,65.0,84,AA7D55,37
65.0,65.0,143,CFE2F7,2
65.0,65.0,158,DFEEA5,3
65.0,65.0,179,898788,63
65.0,65.0,182,F08F1C,82
65.0,65.0,191,F8BB3D,13
65.0,65.0,212,9FC3E9,3
65.0,65.0,226,FFF03A,1
65.0,65.0,272,0A3463,414
65.0,65.0,288,184632,32
65.0,65.0,297,AA7F2E,11
65.0,65.0,308,352100,2
65.0,65.0,320,720E0F,1
65.0,65.0,321,078BC9,68
65.0,65.0,322,36AEBF,288
65.0,65.0,326,9B9A5A,24
65.0,65.0,378,A0BCAC,12
65.0,65.0,484,A95500,9
65.0,65.0,1103,3E3C39,13
65.0,65.0,9999,05131D,17
66.0,66.0,0,05131D,4313
66.0,66.0,1,0055BF,543
66.0,66.0,2,237841,609
66.0,66.0,3,008F9B,138
66.0,66.0,4,C91A09,2003
66.0,66.0,10,4B9F4A,26
66.0,66.0,14,F2CD37,1419
66.0,66.0,15,FFFFFF,1517
66.0,66.0,19,E4CD9E,492
66.0,66.0,25,FE8A18,125
66.0,66.0,26,923978,5
66.0,66.0,27,BBE90B,190
66.0,66.0,28,958A73,53
66.0,66.0,29,E4ADC8,8
66.0,66.0,31,E1D5ED,1
66.0,66.0,34,84B68D,33
66.0,66.0,35,D9E4A7,2
66.0,66.0,36,C91A09,199
66.0,66.0,40,635F52,448
66.0,66.0,41,AEEFEC,81
66.0,66.0,42,F8F184,6
66.0,66.0,46,F5CD2F,108
66.0,66.0,47,FCFCFC,361
66.0,66.0,70,582A12,384
66.0,66.0,71,A0A5A9,3001
66.0,66.0,72,6C6E68,3594
66.0,66.0,84,AA7D55,108
66.0,66.0,158,DFEEA5,4
66.0,66.0,179,898788,17
66.0,66.0,182,F08F1C,139
66.0,66.0,191,F8BB3D,82
66.0,66.0,272,0A3463,223
66.0,66.0,288,184632,67
66.0,66.0,297,AA7F2E,41
66.0,66.0,308,352100,2
66.0,66.0,320,720E0F,16
66.0,66.0,321,078BC9,104
66.0,66.0,322,36AEBF,5
66.0,66.0,378,A0BCAC,8
66.0,66.0,383,E0E0E0,170
66.0,66.0,484,A95500,17
66.0,66.0,1062,EBD800,1
66.0,66.0,1103,3E3C39,1
66.0,66.0,9999,05131D,29
67.0,67.0,0,05131D,11532
67.0,67.0,1,0055BF,3569
67.0,67.0,2,237841,780
67.0,67.0,4,C91A09,9785
67.0,67.0,6,583927,156
67.0,67.0,7,9BA19D,5232
67.0,67.0,8,6D6E5C,217
67.0,67.0,13,FC97AC,8
67.0,67.0,14,F2CD37,5846
67.0,67.0,15,FFFFFF,14692
67.0,67.0,33,0020A0,443
67.0,67.0,34,84B68D,173
67.0,67.0,36,C91A09,1068
67.0,67.0,41,AEEFEC,748
67.0,67.0,42,F8F184,2
67.0,67.0,46,F5CD2F,1128
67.0,67.0,47,FCFCFC,1192
67.0,67.0,57,FF800D,14
67.0,67.0,79,FFFFFF,6
67.0,67.0,216,B31004,4
67.0,67.0,313,3592C3,265
67.0,67.0,334,BBA53D,20
67.0,67.0,383,E0E0E0,22
67.0,67.0,9999,05131D,205
86.0,86.0,0,05131D,423
86.0,86.0,1,0055BF,150
86.0,86.0,2,237841,66
86.0,86.0,4,C91A09,128
86.0,86.0,6,583927,28
86.0,86.0,7,9BA19D,357
86.0,86.0,8,6D6E5C,55
86.0,86.0,14,F2CD37,207
86.0,86.0,15,FFFFFF,466
86.0,86.0,19,E4CD9E,9
86.0,86.0,33,0020A0,7
86.0,86.0,34,84B68D,44
86.0,86.0,36,C91A09,37
86.0,86.0,41,AEEFEC,18
86.0,86.0,42,F8F184,60
86.0,86.0,46,F5CD2F,23
86.0,86.0,47,FCFCFC,29
86.0,86.0,57,FF800D,2
86.0,86.0,334,BBA53D,24
86.0,86.0,383,E0E0E0,9
86.0,86.0,9999,05131D,16
87.0,87.0,0,05131D,465
87.0,87.0,1,0055BF,25
87.0,87.0,2,237841,34
87.0,87.0,4,C91A09,180
87.0,87.0,6,583927,9
87.0,87.0,7,9BA19D,295
87.0,87.0,8,6D6E5C,19
87.0,87.0,14,F2CD37,111
87.0,87.0,15,FFFFFF,195
87.0,87.0,33,0020A0,4
87.0,87.0,34,84B68D,8
87.0,87.0,36,C91A09,21
87.0,87.0,41,AEEFEC,3
87.0,87.0,42,F8F184,37
87.0,87.0,46,F5CD2F,28
87.0,87.0,47,FCFCFC,9
87.0,87.0,57,FF800D,21
87.0,87.0,383,E0E0E0,10
87.0,87.0,484,A95500,1
87.0,87.0,9999,05131D,7
88.0,88.0,0,05131D,213
88.0,88.0,1,0055BF,64
88.0,88.0,2,237841,4
88.0,88.0,4,C91A09,128
88.0,88.0,7,9BA19D,285
88.0,88.0,8,6D6E5C,12
88.0,88.0,14,F2CD37,73
88.0,88.0,15,FFFFFF,344
88.0,88.0,33,0020A0,11
88.0,88.0,34,84B68D,5
88.0,88.0,36,C91A09,34
88.0,88.0,41,AEEFEC,14
88.0,88.0,46,F5CD2F,21
88.0,88.0,9999,05131D,6
89.0,89.0,0,05131D,116
89.0,89.0,1,0055BF,25
89.0,89.0,2,237841,21
89.0,89.0,4,C91A09,34
89.0,89.0,6,583927,10
89.0,89.0,7,9BA19D,126
89.0,89.0,8,6D6E5C,10
89.0,89.0,14,F2CD37,60
89.0,89.0,15,FFFFFF,50
89.0,89.0,19,E4CD9E,3
89.0,89.0,33,0020A0,2
89.0,89.0,34,84B68D,4
89.0,89.0,36,C91A09,13
89.0,89.0,41,AEEFEC,11
89.0,89.0,46,F5CD2F,18
89.0,89.0,47,FCFCFC,8
89.0,89.0,9999,05131D,2
90.0,90.0,0,05131D,163
90.0,90.0,1,0055BF,16
90.0,90.0,2,237841,114
90.0,90.0,4,C91A09,90
90.0,90.0,6,583927,90
90.0,90.0,7,9BA19D,389
90.0,90.0,8,6D6E5C,8
90.0,90.0,13,FC97AC,89
90.0,90.0,14,F2CD37,81
90.0,90.0,15,FFFFFF,1153
90.0,90.0,17,C2DAB8,11
90.0,90.0,34,84B68D,1
90.0,90.0,36,C91A09,12
90.0,90.0,41,AEEFEC,9
90.0,90.0,46,F5CD2F,37
90.0,90.0,47,FCFCFC,60
90.0,90.0,74,73DCA1,9
90.0,90.0,77,FECCCF,169
90.0,90.0,334,BBA53D,16
90.0,90.0,351,F785B1,75
90.0,90.0,9999,05131D,8
91.0,91.0,0,05131D,299
91.0,91.0,1,0055BF,56
91.0,91.0,2,237841,63
91.0,91.0,4,C91A09,113
91.0,91.0,6,583927,8
91.0,91.0,7,9BA19D,203
91.0,91.0,8,6D6E5C,55
91.0,91.0,14,F2CD37,117
91.0,91.0,15,FFFFFF,113
91.0,91.0,25,FE8A18,9
91.0,91.0,33,0020A0,1
91.0,91.0,34,84B68D,1
91.0,91.0,36,C91A09,3
91.0,91.0,40,635F52,1
91.0,91.0,41,AEEFEC,1
91.0,91.0,42,F8F184,38
91.0,91.0,46,F5CD2F,2
91.0,91.0,57,FF800D,65
91.0,91.0,9999,05131D,3
92.0,92.0,0,05131D,626
92.0,92.0,1,0055BF,2
92.0,92.0,4,C91A09,30
92.0,92.0,7,9BA19D,242
92.0,92.0,8,6D6E5C,59
92.0,92.0,14,F2CD37,245
92.0,92.0,15,FFFFFF,187
92.0,92.0,33,0020A0,35
92.0,92.0,34,84B68D,8
92.0,92.0,36,C91A09,46
92.0,92.0,42,F8F184,24
92.0,92.0,46,F5CD2F,18
92.0,92.0,383,E0E0E0,2
92.0,92.0,9999,05131D,7
93.0,93.0,0,05131D,275
93.0,93.0,1,0055BF,116
93.0,93.0,4,C91A09,44
93.0,93.0,7,9BA19D,173
93.0,93.0,8,6D6E5C,30
93.0,93.0,14,F2CD37,103
93.0,93.0,15,FFFFFF,447
93.0,93.0,19,E4CD9E,10
93.0,93.0,33,0020A0,43
93.0,93.0,34,84B68D,23
93.0,93.0,36,C91A09,57
93.0,93.0,41,AEEFEC,1
93.0,93.0,42,F8F184,50
93.0,93.0,46,F5CD2F,2
93.0,93.0,47,FCFCFC,5
93.0,93.0,57,FF800D,17
93.0,93.0,62,3CB371,2
93.0,93.0,334,BBA53D,8
93.0,93.0,9999,05131D,12
94.0,94.0,0,05131D,886
94.0,94.0,1,0055BF,121
94.0,94.0,2,237841,109
94.0,94.0,4,C91A09,341
94.0,94.0,6,583927,12
94.0,94.0,7,9BA19D,483
94.0,94.0,8,6D6E5C,146
94.0,94.0,10,4B9F4A,1
94.0,94.0,14,F2CD37,393
94.0,94.0,15,FFFFFF,846
94.0,94.0,25,FE8A18,5
94.0,94.0,33,0020A0,95
94.0,94.0,34,84B68D,29
94.0,94.0,36,C91A09,95
94.0,94.0,41,AEEFEC,69
94.0,94.0,42,F8F184,7
94.0,94.0,46,F5CD2F,65
94.0,94.0,47,FCFCFC,23
94.0,94.0,57,FF800D,3
94.0,94.0,334,BBA53D,8
94.0,94.0,383,E0E0E0,10
94.0,94.0,9999,05131D,4
104.0,104.0,0,05131D,202
104.0,104.0,1,0055BF,84
104.0,104.0,2,237841,74
104.0,104.0,4,C91A09,206
104.0,104.0,5,C870A0,4
104.0,104.0,10,4B9F4A,1
104.0,104.0,14,F2CD37,18
104.0,104.0,15,FFFFFF,384
104.0,104.0,19,E4CD9E,81
104.0,104.0,28,958A73,7
104.0,104.0,34,84B68D,1
104.0,104.0,36,C91A09,3
104.0,104.0,41,AEEFEC,4
104.0,104.0,46,F5CD2F,25
104.0,104.0,47,FCFCFC,53
104.0,104.0,70,582A12,52
104.0,104.0,71,A0A5A9,385
104.0,104.0,72,6C6E68,110
104.0,104.0,73,5A93DB,138
104.0,104.0,80,A5A9B4,7
104.0,104.0,82,DBAC34,3
104.0,104.0,143,CFE2F7,1
104.0,104.0,288,184632,133
104.0,104.0,320,720E0F,69
104.0,104.0,484,A95500,1
104.0,104.0,9999,05131D,1
105.0,105.0,0,05131D,1551
105.0,105.0,1,0055BF,116
105.0,105.0,2,237841,139
105.0,105.0,4,C91A09,579
105.0,105.0,6,583927,52
105.0,105.0,7,9BA19D,675
105.0,105.0,8,6D6E5C,819
105.0,105.0,14,F2CD37,429
105.0,105.0,15,FFFFFF,1529
105.0,105.0,19,E4CD9E,10
105.0,105.0,25,FE8A18,5
105.0,105.0,33,0020A0,17
105.0,105.0,34,84B68D,57
105.0,105.0,36,C91A09,128
105.0,105.0,40,635F52,367
105.0,105.0,46,F5CD2F,108
105.0,105.0,47,FCFCFC,43
105.0,105.0,70,582A12,4
105.0,105.0,71,A0A5A9,446
105.0,105.0,72,6C6E68,575
105.0,105.0,73,5A93DB,13
105.0,105.0,135,9CA3A8,2
105.0,105.0,334,BBA53D,9
105.0,105.0,383,E0E0E0,1
105.0,105.0,9999,05131D,37
106.0,106.0,0,05131D,429
106.0,106.0,1,0055BF,64
106.0,106.0,2,237841,55
106.0,106.0,4,C91A09,238
106.0,106.0,6,583927,5
106.0,106.0,7,9BA19D,191
106.0,106.0,8,6D6E5C,71
106.0,106.0,14,F2CD37,229
106.0,106.0,15,FFFFFF,392
106.0,106.0,25,FE8A18,5
106.0,106.0,33,0020A0,44
106.0,106.0,34,84B68D,13
106.0,106.0,36,C91A09,32
106.0,106.0,41,AEEFEC,27
106.0,106.0,42,F8F184,49
106.0,106.0,46,F5CD2F,22
106.0,106.0,47,FCFCFC,16
106.0,106.0,57,FF800D,4
106.0,106.0,383,E0E0E0,3
106.0,106.0,9999,05131D,9
112.0,112.0,0,05131D,10306
112.0,112.0,1,0055BF,1813
112.0,112.0,2,237841,150
112.0,112.0,3,008F9B,4
112.0,112.0,4,C91A09,1761
112.0,112.0,6,583927,39
112.0,112.0,7,9BA19D,1261
112.0,112.0,8,6D6E5C,385
112.0,112.0,10,4B9F4A,6
112.0,112.0,14,F2CD37,1626
112.0,112.0,15,FFFFFF,2065
112.0,112.0,19,E4CD9E,263
112.0,112.0,21,D4D5C9,2
112.0,112.0,22,81007B,7
112.0,112.0,25,FE8A18,426
112.0,112.0,27,BBE90B,570
112.0,112.0,28,958A73,30
112.0,112.0,33,0020A0,82
112.0,112.0,34,84B68D,40
112.0,112.0,36,C91A09,348
112.0,112.0,40,635F52,93
112.0,112.0,41,AEEFEC,48
112.0,112.0,42,F8F184,47
112.0,112.0,46,F5CD2F,100
112.0,112.0,47,FCFCFC,102
112.0,112.0,57,FF800D,28
112.0,112.0,71,A0A5A9,2187
112.0,112.0,72,6C6E68,1519
112.0,112.0,73,5A93DB,104
112.0,112.0,80,A5A9B4,234
112.0,112.0,85,3F3691,3
112.0,112.0,110,4354A3,4
112.0,112.0,115,C7D23C,2
112.0,112.0,135,9CA3A8,211
112.0,112.0,143,CFE2F7,10
112.0,112.0,148,575857,70
112.0,112.0,179,898788,7
112.0,112.0,182,F08F1C,67
112.0,112.0,272,0A3463,85
112.0,112.0,288,184632,6
112.0,112.0,294,BDC6AD,45
112.0,112.0,320,720E0F,13
112.0,112.0,373,845E84,2
112.0,112.0,383,E0E0E0,7
112.0,112.0,462,FFA70B,23
112.0,112.0,9999,05131D,166
114.0,114.0,0,05131D,5154
114.0,114.0,1,0055BF,340
114.0,114.0,4,C91A09,6152
114.0,114.0,7,9BA19D,2
114.0,114.0,14,F2CD37,438
114.0,114.0,15,FFFFFF,712
114.0,114.0,19,E4CD9E,95
114.0,114.0,27,BBE90B,2
114.0,114.0,34,84B68D,12
114.0,114.0,36,C91A09,104
114.0,114.0,40,635F52,61
114.0,114.0,41,AEEFEC,4
114.0,114.0,46,F5CD2F,3
114.0,114.0,47,FCFCFC,59
114.0,114.0,57,FF800D,9
114.0,114.0,71,A0A5A9,2064
114.0,114.0,72,6C6E68,599
114.0,114.0,80,A5A9B4,40
114.0,114.0,82,DBAC34,1
114.0,114.0,135,9CA3A8,52
114.0,114.0,182,F08F1C,13
114.0,114.0,383,E0E0E0,3
114.0,114.0,9999,05131D,39
118.0,118.0,0,05131D,18
118.0,118.0,1,0055BF,5
118.0,118.0,2,237841,1
118.0,118.0,4,C91A09,6
118.0,118.0,7,9BA19D,1
118.0,118.0,14,F2CD37,13
118.0,118.0,15,FFFFFF,9
118.0,118.0,25,FE8A18,3
118.0,118.0,27,BBE90B,1
118.0,118.0,71,A0A5A9,6
118.0,118.0,72,6C6E68,6
118.0,118.0,85,3F3691,1
118.0,118.0,288,184632,2
118.0,118.0,320,720E0F,2
118.0,118.0,9999,05131D,21
122.0,122.0,0,05131D,899
122.0,122.0,1,0055BF,47
122.0,122.0,2,237841,156
122.0,122.0,4,C91A09,152
122.0,122.0,7,9BA19D,285
122.0,122.0,8,6D6E5C,72
122.0,122.0,10,4B9F4A,6
122.0,122.0,14,F2CD37,203
122.0,122.0,15,FFFFFF,83
122.0,122.0,19,E4CD9E,4
122.0,122.0,25,FE8A18,3
122.0,122.0,27,BBE90B,44
122.0,122.0,33,0020A0,2
122.0,122.0,36,C91A09,27
122.0,122.0,40,635F52,4
122.0,122.0,41,AEEFEC,11
122.0,122.0,42,F8F184,11
122.0,122.0,47,FCFCFC,11
122.0,122.0,71,A0A5A9,356
122.0,122.0,72,6C6E68,98
122.0,122.0,135,9CA3A8,52
122.0,122.0,148,575857,78
122.0,122.0,320,720E0F,2
122.0,122.0,383,E0E0E0,32
122.0,122.0,462,FFA70B,6
122.0,122.0,1135,A5ADB4,4
122.0,122.0,9999,05131D,24
123.0,123.0,0,05131D,890
123.0,123.0,1,0055BF,56
123.0,123.0,2,237841,42
123.0,123.0,4,C91A09,290
123.0,123.0,14,F2CD37,90
123.0,123.0,15,FFFFFF,316
123.0,123.0,19,E4CD9E,26
123.0,123.0,25,FE8A18,4
123.0,123.0,27,BBE90B,136
123.0,123.0,28,958A73,5
123.0,123.0,34,84B68D,8
123.0,123.0,36,C91A09,36
123.0,123.0,40,635F52,18
123.0,123.0,42,F8F184,2
123.0,123.0,46,F5CD2F,20
123.0,123.0,47,FCFCFC,10
123.0,123.0,57,FF800D,4
123.0,123.0,70,582A12,7
123.0,123.0,71,A0A5A9,363
123.0,123.0,72,6C6E68,320
123.0,123.0,80,A5A9B4,12
123.0,123.0,135,9CA3A8,36
123.0,123.0,182,F08F1C,12
123.0,123.0,288,184632,3
123.0,123.0,297,AA7F2E,2
123.0,123.0,9999,05131D,10
126.0,126.0,0,05131D,63
126.0,126.0,1,0055BF,44
126.0,126.0,4,C91A09,19
126.0,126.0,7,9BA19D,45
126.0,126.0,14,F2CD37,4
126.0,126.0,15,FFFFFF,1
126.0,126.0,34,84B68D,2
126.0,126.0,36,C91A09,7
126.0,126.0,42,F8F184,6
126.0,126.0,46,F5CD2F,15
126.0,126.0,71,A0A5A9,39
126.0,126.0,72,6C6E68,13
126.0,126.0,334,BBA53D,2
127.0,127.0,0,05131D,306
127.0,127.0,1,0055BF,345
127.0,127.0,4,C91A09,51
127.0,127.0,14,F2CD37,133
127.0,127.0,15,FFFFFF,43
127.0,127.0,19,E4CD9E,17
127.0,127.0,27,BBE90B,114
127.0,127.0,28,958A73,10
127.0,127.0,33,0020A0,20
127.0,127.0,34,84B68D,20
127.0,127.0,35,D9E4A7,2
127.0,127.0,36,C91A09,28
127.0,127.0,40,635F52,13
127.0,127.0,41,AEEFEC,41
127.0,127.0,42,F8F184,91
127.0,127.0,47,FCFCFC,27
127.0,127.0,57,FF800D,38
127.0,127.0,70,582A12,5
127.0,127.0,71,A0A5A9,497
127.0,127.0,72,6C6E68,353
127.0,127.0,85,3F3691,73
127.0,127.0,179,898788,12
127.0,127.0,1103,3E3C39,3
127.0,127.0,9999,05131D,8
128.0,128.0,0,05131D,1767
128.0,128.0,7,9BA19D,42
128.0,128.0,14,F2CD37,261
128.0,128.0,15,FFFFFF,11
128.0,128.0,34,84B68D,2
128.0,128.0,36,C91A09,172
128.0,128.0,46,F5CD2F,38
129.0,129.0,0,05131D,1608
129.0,129.0,7,9BA19D,42
129.0,129.0,15,FFFFFF,749
129.0,129.0,34,84B68D,8
129.0,129.0,36,C91A09,40
129.0,129.0,42,F8F184,224
129.0,129.0,9999,05131D,3
130.0,130.0,0,05131D,1708
130.0,130.0,1,0055BF,3769
130.0,130.0,4,C91A09,4
130.0,130.0,7,9BA19D,4451
130.0,130.0,8,6D6E5C,3
130.0,130.0,14,F2CD37,110
130.0,130.0,15,FFFFFF,1937
130.0,130.0,33,0020A0,67
130.0,130.0,34,84B68D,240
130.0,130.0,36,C91A09,767
130.0,130.0,46,F5CD2F,344
130.0,130.0,47,FCFCFC,14
130.0,130.0,9999,05131D,6
131.0,131.0,0,05131D,609
131.0,131.0,1,0055BF,1
131.0,131.0,4,C91A09,2
131.0,131.0,7,9BA19D,43
131.0,131.0,8,6D6E5C,2
131.0,131.0,15,FFFFFF,726
131.0,131.0,33,0020A0,49
131.0,131.0,36,C91A09,7
131.0,131.0,42,F8F184,132
131.0,131.0,9999,05131D,27
132.0,132.0,0,05131D,858
132.0,132.0,1,0055BF,7
132.0,132.0,7,9BA19D,151
132.0,132.0,15,FFFFFF,1663
132.0,132.0,33,0020A0,117
132.0,132.0,34,84B68D,3
132.0,132.0,36,C91A09,162
133.0,133.0,0,05131D,282
133.0,133.0,1,0055BF,337
133.0,133.0,7,9BA19D,38
133.0,133.0,15,FFFFFF,305
133.0,133.0,57,FF800D,123
134.0,134.0,0,05131D,450
134.0,134.0,1,0055BF,399
134.0,134.0,4,C91A09,1
134.0,134.0,7,9BA19D,6
134.0,134.0,8,6D6E5C,358
134.0,134.0,14,F2CD37,2
134.0,134.0,15,FFFFFF,2
134.0,134.0,33,0020A0,27
134.0,134.0,34,84B68D,17
134.0,134.0,42,F8F184,225
134.0,134.0,57,FF800D,2
134.0,134.0,9999,05131D,18
135.0,135.0,0,05131D,567
135.0,135.0,1,0055BF,173
135.0,135.0,2,237841,37
135.0,135.0,3,008F9B,16
135.0,135.0,4,C91A09,98
135.0,135.0,6,583927,68
135.0,135.0,7,9BA19D,708
135.0,135.0,8,6D6E5C,658
135.0,135.0,14,F2CD37,17
135.0,135.0,15,FFFFFF,157
135.0,135.0,19,E4CD9E,148
135.0,135.0,21,D4D5C9,2
135.0,135.0,25,FE8A18,31
135.0,135.0,33,0020A0,11
135.0,135.0,34,84B68D,1
135.0,135.0,36,C91A09,99
135.0,135.0,40,635F52,21
135.0,135.0,42,F8F184,109
135.0,135.0,47,FCFCFC,6
135.0,135.0,57,FF800D,69
135.0,135.0,73,5A93DB,25
135.0,135.0,74,73DCA1,2
135.0,135.0,135,9CA3A8,8
135.0,135.0,335,D67572,63
135.0,135.0,373,845E84,92
135.0,135.0,378,A0BCAC,28
135.0,135.0,379,6074A1,72
136.0,136.0,0,05131D,702
136.0,136.0,4,C91A09,567
136.0,136.0,7,9BA19D,114
136.0,136.0,15,FFFFFF,32
136.0,136.0,42,F8F184,138
137.0,137.0,0,05131D,1744
137.0,137.0,1,0055BF,356
137.0,137.0,2,237841,7
137.0,137.0,4,C91A09,169
137.0,137.0,10,4B9F4A,8
137.0,137.0,14,F2CD37,40
137.0,137.0,15,FFFFFF,1299
137.0,137.0,19,E4CD9E,20
137.0,137.0,25,FE8A18,394
137.0,137.0,27,BBE90B,139
137.0,137.0,33,0020A0,162
137.0,137.0,34,84B68D,2
137.0,137.0,36,C91A09,62
137.0,137.0,40,635F52,2
137.0,137.0,42,F8F184,214
137.0,137.0,47,FCFCFC,17
137.0,137.0,57,FF800D,5
137.0,137.0,70,582A12,5
137.0,137.0,71,A0A5A9,667
137.0,137.0,72,6C6E68,527
137.0,137.0,82,DBAC34,15
137.0,137.0,135,9CA3A8,30
137.0,137.0,143,CFE2F7,3
137.0,137.0,148,575857,1
137.0,137.0,182,F08F1C,86
137.0,137.0,9999,05131D,18
138.0,138.0,0,05131D,455
138.0,138.0,1,0055BF,39
138.0,138.0,4,C91A09,9
138.0,138.0,7,9BA19D,310
138.0,138.0,8,6D6E5C,6
138.0,138.0,14,F2CD37,25
138.0,138.0,15,FFFFFF,11
138.0,138.0,33,0020A0,11
138.0,138.0,36,C91A09,4
138.0,138.0,42,F8F184,67
138.0,138.0,57,FF800D,32
138.0,138.0,9999,05131D,2
139.0,139.0,0,05131D,675
139.0,139.0,1,0055BF,371
139.0,139.0,7,9BA19D,9
139.0,139.0,15,FFFFFF,9
139.0,139.0,36,C91A09,127
140.0,140.0,0,05131D,774
140.0,140.0,4,C91A09,110
140.0,140.0,7,9BA19D,385
140.0,140.0,15,FFFFFF,11
140.0,140.0,34,84B68D,65
141.0,141.0,0,05131D,1479
141.0,141.0,1,0055BF,180
141.0,141.0,2,237841,14
141.0,141.0,4,C91A09,236
141.0,141.0,14,F2CD37,148
141.0,141.0,15,FFFFFF,985
141.0,141.0,19,E4CD9E,26
141.0,141.0,25,FE8A18,10
141.0,141.0,27,BBE90B,7
141.0,141.0,28,958A73,2
141.0,141.0,33,0020A0,120
141.0,141.0,34,84B68D,129
141.0,141.0,36,C91A09,169
141.0,141.0,40,635F52,3
141.0,141.0,41,AEEFEC,2
141.0,141.0,42,F8F184,34
141.0,141.0,46,F5CD2F,19
141.0,141.0,47,FCFCFC,36
141.0,141.0,52,A5A5CB,2
141.0,141.0,57,FF800D,85
141.0,141.0,70,582A12,66
141.0,141.0,71,A0A5A9,711
141.0,141.0,72,6C6E68,709
141.0,141.0,82,DBAC34,13
141.0,141.0,85,3F3691,40
141.0,141.0,135,9CA3A8,6
141.0,141.0,182,F08F1C,24
141.0,141.0,297,AA7F2E,57
141.0,141.0,308,352100,1
141.0,141.0,9999,05131D,14
142.0,142.0,0,05131D,1192
142.0,142.0,4,C91A09,482
142.0,142.0,7,9BA19D,61
142.0,142.0,8,6D6E5C,40
142.0,142.0,33,0020A0,95
142.0,142.0,36,C91A09,15
142.0,142.0,42,F8F184,76
142.0,142.0,9999,05131D,4
143.0,143.0,0,05131D,37
143.0,143.0,7,9BA19D,20
143.0,143.0,14,F2CD37,1
143.0,143.0,33,0020A0,1
143.0,143.0,36,C91A09,1
143.0,143.0,42,F8F184,2
143.0,143.0,57,FF800D,3
144.0,144.0,0,05131D,539
144.0,144.0,1,0055BF,19
144.0,144.0,4,C91A09,209
144.0,144.0,7,9BA19D,367
144.0,144.0,8,6D6E5C,4
144.0,144.0,14,F2CD37,3
144.0,144.0,36,C91A09,2
144.0,144.0,42,F8F184,185
144.0,144.0,47,FCFCFC,8
144.0,144.0,57,FF800D,5
144.0,144.0,82,DBAC34,1
144.0,144.0,9999,05131D,11
145.0,145.0,0,05131D,631
145.0,145.0,1,0055BF,165
145.0,145.0,7,9BA19D,360
145.0,145.0,8,6D6E5C,4
145.0,145.0,15,FFFFFF,2
145.0,145.0,33,0020A0,65
145.0,145.0,42,F8F184,106
145.0,145.0,47,FCFCFC,3
145.0,145.0,9999,05131D,1
146.0,146.0,0,05131D,780
146.0,146.0,1,0055BF,120
146.0,146.0,4,C91A09,103
146.0,146.0,10,4B9F4A,19
146.0,146.0,14,F2CD37,20
146.0,146.0,15,FFFFFF,592
146.0,146.0,19,E4CD9E,115
146.0,146.0,25,FE8A18,113
146.0,146.0,27,BBE90B,277
146.0,146.0,28,958A73,119
146.0,146.0,33,0020A0,5
146.0,146.0,34,84B68D,2
146.0,146.0,35,D9E4A7,9
146.0,146.0,36,C91A09,81
146.0,146.0,41,AEEFEC,51
146.0,146.0,42,F8F184,35
146.0,146.0,45,DF6695,57
146.0,146.0,46,F5CD2F,42
146.0,146.0,47,FCFCFC,51
146.0,146.0,52,A5A5CB,18
146.0,146.0,57,FF800D,5
146.0,146.0,70,582A12,6
146.0,146.0,71,A0A5A9,549
146.0,146.0,72,6C6E68,670
146.0,146.0,179,898788,21
146.0,146.0,182,F08F1C,9
146.0,146.0,272,0A3463,76
146.0,146.0,288,184632,59
146.0,146.0,297,AA7F2E,45
146.0,146.0,308,352100,4
146.0,146.0,320,720E0F,200
146.0,146.0,321,078BC9,94
146.0,146.0,326,9B9A5A,25
146.0,146.0,378,A0BCAC,1
146.0,146.0,1103,3E3C39,22
146.0,146.0,9999,05131D,9
147.0,147.0,0,05131D,2
147.0,147.0,1,0055BF,1
147.0,147.0,4,C91A09,4
147.0,147.0,14,F2CD37,5
147.0,147.0,15,FFFFFF,4
147.0,147.0,72,6C6E68,4
147.0,147.0,484,A95500,4
147.0,147.0,1103,3E3C39,1
148.0,148.0,0,05131D,6472
148.0,148.0,1,0055BF,318
148.0,148.0,2,237841,494
148.0,148.0,4,C91A09,744
148.0,148.0,6,583927,1226
148.0,148.0,7,9BA19D,1971
148.0,148.0,8,6D6E5C,461
148.0,148.0,14,F2CD37,1369
148.0,148.0,15,FFFFFF,2052
148.0,148.0,19,E4CD9E,9
148.0,148.0,33,0020A0,5
148.0,148.0,34,84B68D,3
148.0,148.0,36,C91A09,16
148.0,148.0,46,F5CD2F,131
148.0,148.0,47,FCFCFC,10
148.0,148.0,57,FF800D,16
148.0,148.0,110,4354A3,1
148.0,148.0,216,B31004,9
148.0,148.0,334,BBA53D,413
148.0,148.0,9999,05131D,11
153.0,153.0,0,05131D,1064
153.0,153.0,1,0055BF,108
153.0,153.0,2,237841,28
153.0,153.0,4,C91A09,223
153.0,153.0,10,4B9F4A,1
153.0,153.0,14,F2CD37,2
153.0,153.0,15,FFFFFF,275
153.0,153.0,19,E4CD9E,410
153.0,153.0,25,FE8A18,4
153.0,153.0,28,958A73,37
153.0,153.0,33,0020A0,6
153.0,153.0,34,84B68D,6
153.0,153.0,36,C91A09,8
153.0,153.0,41,AEEFEC,4
153.0,153.0,42,F8F184,1
153.0,153.0,45,DF6695,2
153.0,153.0,46,F5CD2F,18
153.0,153.0,47,FCFCFC,3
153.0,153.0,57,FF800D,14
153.0,153.0,70,582A12,951
153.0,153.0,71,A0A5A9,536
153.0,153.0,72,6C6E68,346
153.0,153.0,73,5A93DB,52
153.0,153.0,135,9CA3A8,35
153.0,153.0,148,575857,16
153.0,153.0,179,898788,1
153.0,153.0,182,F08F1C,9
153.0,153.0,191,F8BB3D,2
153.0,153.0,272,0A3463,95
153.0,153.0,288,184632,22
153.0,153.0,297,AA7F2E,269
153.0,153.0,308,352100,516
153.0,153.0,320,720E0F,53
153.0,153.0,334,BBA53D,33
153.0,153.0,484,A95500,6
153.0,153.0,9999,05131D,4
154.0,154.0,0,05131D,465
154.0,154.0,1,0055BF,81
154.0,154.0,2,237841,10
154.0,154.0,4,C91A09,128
154.0,154.0,14,F2CD37,12
154.0,154.0,15,FFFFFF,350
154.0,154.0,19,E4CD9E,96
154.0,154.0,25,FE8A18,2
154.0,154.0,27,BBE90B,14
154.0,154.0,28,958A73,95
154.0,154.0,33,0020A0,2
154.0,154.0,34,84B68D,11
154.0,154.0,36,C91A09,6
154.0,154.0,40,635F52,2
154.0,154.0,41,AEEFEC,2
154.0,154.0,46,F5CD2F,15
154.0,154.0,47,FCFCFC,4
154.0,154.0,70,582A12,335
154.0,154.0,71,A0A5A9,321
154.0,154.0,72,6C6E68,243
154.0,154.0,179,898788,2
154.0,154.0,182,F08F1C,10
154.0,154.0,191,F8BB3D,1
154.0,154.0,272,0A3463,8
154.0,154.0,288,184632,6
154.0,154.0,297,AA7F2E,95
154.0,154.0,308,352100,28
154.0,154.0,320,720E0F,24
154.0,154.0,334,BBA53D,5
154.0,154.0,1103,3E3C39,8
154.0,154.0,9999,05131D,1
155.0,155.0,0,05131D,9283
155.0,155.0,1,0055BF,572
155.0,155.0,2,237841,760
155.0,155.0,3,008F9B,698
155.0,155.0,4,C91A09,1139
155.0,155.0,5,C870A0,164
155.0,155.0,10,4B9F4A,457
155.0,155.0,14,F2CD37,572
155.0,155.0,15,FFFFFF,10775
155.0,155.0,19,E4CD9E,6860
155.0,155.0,25,FE8A18,107
155.0,155.0,26,923978,61
155.0,155.0,27,BBE90B,158
155.0,155.0,28,958A73,2677
155.0,155.0,29,E4ADC8,297
155.0,155.0,30,AC78BA,295
155.0,155.0,31,E1D5ED,76
155.0,155.0,33,0020A0,40
155.0,155.0,34,84B68D,143
155.0,155.0,35,D9E4A7,5
155.0,155.0,36,C91A09,108
155.0,155.0,40,635F52,56
155.0,155.0,41,AEEFEC,68
155.0,155.0,42,F8F184,1
155.0,155.0,45,DF6695,10
155.0,155.0,46,F5CD2F,285
155.0,155.0,47,FCFCFC,2121
155.0,155.0,52,A5A5CB,4
155.0,155.0,57,FF800D,8
155.0,155.0,70,582A12,5017
155.0,155.0,71,A0A5A9,16514
155.0,155.0,72,6C6E68,8662
155.0,155.0,73,5A93DB,668
155.0,155.0,78,F6D7B3,297
155.0,155.0,80,A5A9B4,128
155.0,155.0,82,DBAC34,34
155.0,155.0,84,AA7D55,1596
155.0,155.0,85,3F3691,21
155.0,155.0,92,D09168,111
155.0,155.0,135,9CA3A8,3
155.0,155.0,143,CFE2F7,2
155.0,155.0,158,DFEEA5,4
155.0,155.0,179,898788,304
155.0,155.0,182,F08F1C,52
155.0,155.0,191,F8BB3D,221
155.0,155.0,212,9FC3E9,255
155.0,155.0,226,FFF03A,254
155.0,155.0,272,0A3463,1420
155.0,155.0,288,184632,829
155.0,155.0,297,AA7F2E,769
155.0,155.0,308,352100,367
155.0,155.0,320,720E0F,1682
155.0,155.0,321,078BC9,75
155.0,155.0,322,36AEBF,86
155.0,155.0,323,ADC3C0,22
155.0,155.0,326,9B9A5A,1356
155.0,155.0,334,BBA53D,16
155.0,155.0,378,A0BCAC,1460
155.0,155.0,379,6074A1,1108
155.0,155.0,484,A95500,1908
155.0,155.0,1050,FF698F,8
155.0,155.0,1103,3E3C39,19
155.0,155.0,9999,05131D,2
156.0,156.0,0,05131D,142
156.0,156.0,1,0055BF,10
156.0,156.0,2,237841,6
156.0,156.0,4,C91A09,18
156.0,156.0,5,C870A0,3
156.0,156.0,14,F2CD37,29
156.0,156.0,15,FFFFFF,137
156.0,156.0,19,E4CD9E,127
156.0,156.0,25,FE8A18,1
156.0,156.0,28,958A73,36
156.0,156.0,33,0020A0,1
156.0,156.0,34,84B68D,39
156.0,156.0,40,635F52,7
156.0,156.0,46,F5CD2F,14
156.0,156.0,47,FCFCFC,42
156.0,156.0,70,582A12,71
156.0,156.0,71,A0A5A9,377
156.0,156.0,72,6C6E68,166
156.0,156.0,73,5A93DB,33
156.0,156.0,272,0A3463,40
156.0,156.0,288,184632,13
156.0,156.0,297,AA7F2E,4
156.0,156.0,320,720E0F,71
156.0,156.0,378,A0BCAC,28
157.0,157.0,0,05131D,805
157.0,157.0,1,0055BF,100
157.0,157.0,2,237841,170
157.0,157.0,3,008F9B,19
157.0,157.0,4,C91A09,294
157.0,157.0,5,C870A0,23
157.0,157.0,10,4B9F4A,91
157.0,157.0,14,F2CD37,115
157.0,157.0,15,FFFFFF,582
157.0,157.0,19,E4CD9E,284
157.0,157.0,25,FE8A18,26
157.0,157.0,26,923978,6
157.0,157.0,27,BBE90B,49
157.0,157.0,28,958A73,75
157.0,157.0,29,E4ADC8,60
157.0,157.0,30,AC78BA,6
157.0,157.0,31,E1D5ED,5
157.0,157.0,33,0020A0,28
157.0,157.0,36,C91A09,19
157.0,157.0,41,AEEFEC,65
157.0,157.0,42,F8F184,1
157.0,157.0,45,DF6695,9
157.0,157.0,46,F5CD2F,16
157.0,157.0,47,FCFCFC,289
157.0,157.0,70,582A12,192
157.0,157.0,71,A0A5A9,341
157.0,157.0,72,6C6E68,154
157.0,157.0,73,5A93DB,8
157.0,157.0,80,A5A9B4,66
157.0,157.0,82,DBAC34,59
157.0,157.0,84,AA7D55,64
157.0,157.0,85,3F3691,16
157.0,157.0,158,DFEEA5,3
157.0,157.0,179,898788,71
157.0,157.0,182,F08F1C,6
157.0,157.0,191,F8BB3D,37
157.0,157.0,212,9FC3E9,5
157.0,157.0,226,FFF03A,5
157.0,157.0,272,0A3463,42
157.0,157.0,288,184632,40
157.0,157.0,297,AA7F2E,53
157.0,157.0,308,352100,10
157.0,157.0,320,720E0F,56
157.0,157.0,321,078BC9,2
157.0,157.0,322,36AEBF,45
157.0,157.0,323,ADC3C0,17
157.0,157.0,334,BBA53D,1
157.0,157.0,378,A0BCAC,26
157.0,157.0,379,6074A1,12
157.0,157.0,484,A95500,76
157.0,157.0,9999,05131D,6
158.0,158.0,0,05131D,56686
158.0,158.0,1,0055BF,9507
158.0,158.0,2,237841,1348
158.0,158.0,3,008F9B,128
158.0,158.0,4,C91A09,8453
158.0,158.0,5,C870A0,158
158.0,158.0,6,583927,813
158.0,158.0,7,9BA19D,4128
158.0,158.0,8,6D6E5C,3312
158.0,158.0,10,4B9F4A,115
158.0,158.0,14,F2CD37,5424
158.0,158.0,15,FFFFFF,28470
158.0,158.0,19,E4CD9E,15854
158.0,158.0,22,81007B,19
158.0,158.0,25,FE8A18,2463
158.0,158.0,26,923978,63
158.0,158.0,27,BBE90B,839
158.0,158.0,28,958A73,7073
158.0,158.0,29,E4ADC8,102
158.0,158.0,30,AC78BA,10
158.0,158.0,31,E1D5ED,2
158.0,158.0,33,0020A0,503
158.0,158.0,34,84B68D,455
158.0,158.0,35,D9E4A7,531
158.0,158.0,36,C91A09,3343
158.0,158.0,40,635F52,891
158.0,158.0,41,AEEFEC,1941
158.0,158.0,42,F8F184,335
158.0,158.0,45,DF6695,145
158.0,158.0,46,F5CD2F,557
158.0,158.0,47,FCFCFC,1789
158.0,158.0,52,A5A5CB,46
158.0,158.0,57,FF800D,586
158.0,158.0,70,582A12,9985
158.0,158.0,71,A0A5A9,70332
158.0,158.0,72,6C6E68,53223
158.0,158.0,73,5A93DB,38
158.0,158.0,78,F6D7B3,40
158.0,158.0,80,A5A9B4,676
158.0,158.0,82,DBAC34,18
158.0,158.0,84,AA7D55,621
158.0,158.0,85,3F3691,38
158.0,158.0,92,D09168,67
158.0,158.0,132,05131D,4
158.0,158.0,134,AE7A59,14
158.0,158.0,135,9CA3A8,135
158.0,158.0,143,CFE2F7,37
158.0,158.0,148,575857,22
158.0,158.0,158,DFEEA5,1
158.0,158.0,179,898788,2009
158.0,158.0,182,F08F1C,958
158.0,158.0,191,F8BB3D,351
158.0,158.0,212,9FC3E9,14
158.0,158.0,226,FFF03A,81
158.0,158.0,232,7DBFDD,4
158.0,158.0,272,0A3463,3296
158.0,158.0,288,184632,1024
158.0,158.0,297,AA7F2E,948
158.0,158.0,308,352100,1354
158.0,158.0,320,720E0F,6236
158.0,158.0,321,078BC9,88
158.0,158.0,322,36AEBF,402
158.0,158.0,323,ADC3C0,9
158.0,158.0,326,9B9A5A,428
158.0,158.0,335,D67572,25
158.0,158.0,366,FA9C1C,2
158.0,158.0,378,A0BCAC,1813
158.0,158.0,379,6074A1,846
158.0,158.0,383,E0E0E0,69
158.0,158.0,462,FFA70B,30
158.0,158.0,484,A95500,1031
158.0,158.0,1000,D9D9D9,5
158.0,158.0,1050,FF698F,5
158.0,158.0,1053,68BCC5,1
158.0,158.0,1054,CE1D9B,1
158.0,158.0,1055,FCFCFC,2
158.0,158.0,1061,0020A0,4
158.0,158.0,1063,B46A00,4
158.0,158.0,1095,635F52,27
158.0,158.0,1103,3E3C39,593
158.0,158.0,1136,CA4C0B,19
158.0,158.0,9999,05131D,338
171.0,171.0,0,05131D,25651
171.0,171.0,1,0055BF,4946
171.0,171.0,2,237841,542
171.0,171.0,3,008F9B,62
171.0,171.0,4,C91A09,3298
171.0,171.0,5,C870A0,1
171.0,171.0,6,583927,75
171.0,171.0,7,9BA19D,3179
171.0,171.0,8,6D6E5C,1810
171.0,171.0,10,4B9F4A,22
171.0,171.0,14,F2CD37,1544
171.0,171.0,15,FFFFFF,11840
171.0,171.0,19,E4CD9E,5058
171.0,171.0,25,FE8A18,446
171.0,171.0,26,923978,13
171.0,171.0,27,BBE90B,195
171.0,171.0,28,958A73,2648
171.0,171.0,29,E4ADC8,21
171.0,171.0,33,0020A0,217
171.0,171.0,34,84B68D,40
171.0,171.0,35,D9E4A7,29
171.0,171.0,36,C91A09,311
171.0,171.0,40,635F52,120
171.0,171.0,41,AEEFEC,302
171.0,171.0,42,F8F184,302
171.0,171.0,45,DF6695,18
171.0,171.0,46,F5CD2F,132
171.0,171.0,47,FCFCFC,502
171.0,171.0,52,A5A5CB,1
171.0,171.0,57,FF800D,198
171.0,171.0,70,582A12,5987
171.0,171.0,71,A0A5A9,47153
171.0,171.0,72,6C6E68,25937
171.0,171.0,73,5A93DB,15
171.0,171.0,80,A5A9B4,128
171.0,171.0,84,AA7D55,208
171.0,171.0,85,3F3691,10
171.0,171.0,92,D09168,304
171.0,171.0,134,AE7A59,17
171.0,171.0,135,9CA3A8,20
171.0,171.0,148,575857,16
171.0,171.0,158,DFEEA5,18
171.0,171.0,179,898788,603
171.0,171.0,182,F08F1C,137
171.0,171.0,191,F8BB3D,81
171.0,171.0,212,9FC3E9,13
171.0,171.0,226,FFF03A,7
171.0,171.0,272,0A3463,538
171.0,171.0,288,184632,249
171.0,171.0,297,AA7F2E,24
171.0,171.0,308,352100,562
171.0,171.0,320,720E0F,2493
171.0,171.0,321,078BC9,30
171.0,171.0,322,36AEBF,87
171.0,171.0,326,9B9A5A,42
171.0,171.0,378,A0BCAC,639
171.0,171.0,379,6074A1,232
171.0,171.0,383,E0E0E0,25
171.0,171.0,484,A95500,790
171.0,171.0,1053,68BCC5,13
171.0,171.0,1055,FCFCFC,6
171.0,171.0,1095,635F52,1
171.0,171.0,1103,3E3C39,115
171.0,171.0,1136,CA4C0B,12
171.0,171.0,9999,05131D,56
186.0,186.0,0,05131D,451
186.0,186.0,1,0055BF,225
186.0,186.0,2,237841,53
186.0,186.0,4,C91A09,157
186.0,186.0,6,583927,40
186.0,186.0,7,9BA19D,182
186.0,186.0,8,6D6E5C,37
186.0,186.0,10,4B9F4A,5
186.0,186.0,14,F2CD37,30
186.0,186.0,15,FFFFFF,79
186.0,186.0,19,E4CD9E,22
186.0,186.0,25,FE8A18,2
186.0,186.0,26,923978,10
186.0,186.0,28,958A73,76
186.0,186.0,33,0020A0,1
186.0,186.0,34,84B68D,9
186.0,186.0,36,C91A09,13
186.0,186.0,40,635F52,1
186.0,186.0,45,DF6695,5
186.0,186.0,46,F5CD2F,2
186.0,186.0,47,FCFCFC,5
186.0,186.0,57,FF800D,22
186.0,186.0,70,582A12,256
186.0,186.0,71,A0A5A9,498
186.0,186.0,72,6C6E68,351
186.0,186.0,84,AA7D55,1
186.0,186.0,179,898788,48
186.0,186.0,182,F08F1C,11
186.0,186.0,288,184632,4
186.0,186.0,297,AA7F2E,74
186.0,186.0,308,352100,18
186.0,186.0,334,BBA53D,20
186.0,186.0,383,E0E0E0,1
186.0,186.0,484,A95500,5
186.0,186.0,1103,3E3C39,26
186.0,186.0,9999,05131D,2
187.0,187.0,0,05131D,356
187.0,187.0,1,0055BF,16
187.0,187.0,2,237841,58
187.0,187.0,4,C91A09,65
187.0,187.0,6,583927,43
187.0,187.0,7,9BA19D,968
187.0,187.0,8,6D6E5C,11
187.0,187.0,14,F2CD37,19
187.0,187.0,15,FFFFFF,36
188.0,188.0,0,05131D,1011
188.0,188.0,1,0055BF,79
188.0,188.0,2,237841,23
188.0,188.0,4,C91A09,100
188.0,188.0,6,583927,101
188.0,188.0,7,9BA19D,912
188.0,188.0,8,6D6E5C,72
188.0,188.0,14,F2CD37,38
188.0,188.0,15,FFFFFF,28
188.0,188.0,46,F5CD2F,8
189.0,189.0,0,05131D,246
189.0,189.0,1,0055BF,62
189.0,189.0,2,237841,14
189.0,189.0,4,C91A09,120
189.0,189.0,6,583927,4
189.0,189.0,7,9BA19D,179
189.0,189.0,14,F2CD37,1056
189.0,189.0,15,FFFFFF,142
189.0,189.0,9999,05131D,4
190.0,190.0,0,05131D,735
190.0,190.0,1,0055BF,49
190.0,190.0,2,237841,57
190.0,190.0,4,C91A09,121
190.0,190.0,6,583927,134
190.0,190.0,7,9BA19D,430
190.0,190.0,8,6D6E5C,65
190.0,190.0,14,F2CD37,18
190.0,190.0,15,FFFFFF,21
190.0,190.0,21,D4D5C9,9
190.0,190.0,33,0020A0,4
190.0,190.0,34,84B68D,20
190.0,190.0,36,C91A09,14
190.0,190.0,46,F5CD2F,3
190.0,190.0,47,FCFCFC,6
190.0,190.0,57,FF800D,19
191.0,191.0,0,05131D,295
191.0,191.0,1,0055BF,37
191.0,191.0,2,237841,42
191.0,191.0,4,C91A09,25
191.0,191.0,6,583927,114
191.0,191.0,7,9BA19D,137
191.0,191.0,8,6D6E5C,13
191.0,191.0,14,F2CD37,5
191.0,191.0,15,FFFFFF,6
191.0,191.0,33,0020A0,3
191.0,191.0,34,84B68D,8
191.0,191.0,36,C91A09,8
191.0,191.0,46,F5CD2F,7
191.0,191.0,57,FF800D,4
193.0,193.0,0,05131D,2762
193.0,193.0,1,0055BF,52
193.0,193.0,2,237841,18
193.0,193.0,4,C91A09,175
193.0,193.0,5,C870A0,8
193.0,193.0,10,4B9F4A,12
193.0,193.0,14,F2CD37,15
193.0,193.0,15,FFFFFF,806
193.0,193.0,19,E4CD9E,404
193.0,193.0,25,FE8A18,10
193.0,193.0,28,958A73,80
193.0,193.0,29,E4ADC8,4
193.0,193.0,33,0020A0,12
193.0,193.0,34,84B68D,9
193.0,193.0,36,C91A09,17
193.0,193.0,41,AEEFEC,12
193.0,193.0,42,F8F184,5
193.0,193.0,46,F5CD2F,16
193.0,193.0,47,FCFCFC,7
193.0,193.0,57,FF800D,101
193.0,193.0,70,582A12,2182
193.0,193.0,71,A0A5A9,2994
193.0,193.0,72,6C6E68,2303
193.0,193.0,73,5A93DB,248
193.0,193.0,80,A5A9B4,26
193.0,193.0,82,DBAC34,19
193.0,193.0,132,05131D,30
193.0,193.0,134,AE7A59,12
193.0,193.0,135,9CA3A8,220
193.0,193.0,148,575857,2
193.0,193.0,179,898788,10
193.0,193.0,182,F08F1C,52
193.0,193.0,191,F8BB3D,6
193.0,193.0,272,0A3463,328
193.0,193.0,288,184632,222
193.0,193.0,294,BDC6AD,4
193.0,193.0,297,AA7F2E,278
193.0,193.0,308,352100,359
193.0,193.0,320,720E0F,408
193.0,193.0,334,BBA53D,24
193.0,193.0,378,A0BCAC,21
193.0,193.0,383,E0E0E0,9
193.0,193.0,484,A95500,13
193.0,193.0,1092,764D3B,38
193.0,193.0,9999,05131D,7
194.0,194.0,0,05131D,494
194.0,194.0,1,0055BF,29
194.0,194.0,2,237841,63
194.0,194.0,4,C91A09,16
194.0,194.0,6,583927,61
194.0,194.0,7,9BA19D,345
194.0,194.0,8,6D6E5C,11
194.0,194.0,14,F2CD37,33
194.0,194.0,15,FFFFFF,13
195.0,195.0,0,05131D,393
195.0,195.0,1,0055BF,1
195.0,195.0,2,237841,23
195.0,195.0,4,C91A09,222
195.0,195.0,6,583927,74
195.0,195.0,7,9BA19D,495
195.0,195.0,8,6D6E5C,72
195.0,195.0,14,F2CD37,141
195.0,195.0,15,FFFFFF,32
195.0,195.0,33,0020A0,9
195.0,195.0,34,84B68D,6
195.0,195.0,36,C91A09,18
195.0,195.0,46,F5CD2F,11
195.0,195.0,47,FCFCFC,15
195.0,195.0,57,FF800D,44
195.0,195.0,383,E0E0E0,10
195.0,195.0,9999,05131D,3
196.0,196.0,0,05131D,821
196.0,196.0,1,0055BF,18
196.0,196.0,2,237841,86
196.0,196.0,4,C91A09,501
196.0,196.0,5,C870A0,12
196.0,196.0,10,4B9F4A,10
196.0,196.0,14,F2CD37,79
196.0,196.0,15,FFFFFF,252
196.0,196.0,19,E4CD9E,162
196.0,196.0,27,BBE90B,10
196.0,196.0,28,958A73,180
196.0,196.0,33,0020A0,6
196.0,196.0,34,84B68D,8
196.0,196.0,36,C91A09,34
196.0,196.0,40,635F52,5
196.0,196.0,46,F5CD2F,23
196.0,196.0,57,FF800D,60
196.0,196.0,70,582A12,1808
196.0,196.0,71,A0A5A9,2165
196.0,196.0,72,6C6E68,1337
196.0,196.0,80,A5A9B4,20
196.0,196.0,82,DBAC34,9
196.0,196.0,84,AA7D55,6
196.0,196.0,92,D09168,2
196.0,196.0,132,05131D,4
196.0,196.0,135,9CA3A8,25
196.0,196.0,148,575857,12
196.0,196.0,179,898788,63
196.0,196.0,182,F08F1C,38
196.0,196.0,191,F8BB3D,12
196.0,196.0,272,0A3463,4
196.0,196.0,288,184632,208
196.0,196.0,297,AA7F2E,245
196.0,196.0,308,352100,258
196.0,196.0,320,720E0F,40
196.0,196.0,334,BBA53D,12
196.0,196.0,379,6074A1,28
196.0,196.0,383,E0E0E0,1
196.0,196.0,484,A95500,27
196.0,196.0,1103,3E3C39,43
196.0,196.0,9999,05131D,4
197.0,197.0,0,05131D,364
197.0,197.0,1,0055BF,114
197.0,197.0,2,237841,21
197.0,197.0,4,C91A09,139
197.0,197.0,6,583927,138
197.0,197.0,7,9BA19D,570
197.0,197.0,8,6D6E5C,250
197.0,197.0,14,F2CD37,2
197.0,197.0,15,FFFFFF,42
197.0,197.0,19,E4CD9E,110
197.0,197.0,33,0020A0,3
197.0,197.0,34,84B68D,15
197.0,197.0,36,C91A09,3
197.0,197.0,42,F8F184,1
197.0,197.0,46,F5CD2F,4
197.0,197.0,47,FCFCFC,5
197.0,197.0,57,FF800D,30
197.0,197.0,334,BBA53D,8
197.0,197.0,383,E0E0E0,13
198.0,198.0,0,05131D,2565
198.0,198.0,1,0055BF,130
198.0,198.0,2,237841,227
198.0,198.0,4,C91A09,272
198.0,198.0,7,9BA19D,2
198.0,198.0,8,6D6E5C,3
198.0,198.0,14,F2CD37,71
198.0,198.0,15,FFFFFF,313
198.0,198.0,19,E4CD9E,200
198.0,198.0,28,958A73,92
198.0,198.0,33,0020A0,3
198.0,198.0,34,84B68D,2
198.0,198.0,36,C91A09,30
198.0,198.0,41,AEEFEC,7
198.0,198.0,42,F8F184,6
198.0,198.0,46,F5CD2F,4
198.0,198.0,47,FCFCFC,62
198.0,198.0,57,FF800D,163
198.0,198.0,61,6C96BF,1
198.0,198.0,70,582A12,507
198.0,198.0,71,A0A5A9,2132
198.0,198.0,72,6C6E68,1481
198.0,198.0,73,5A93DB,204
198.0,198.0,75,05131D,6
198.0,198.0,76,6C6E68,8
198.0,198.0,85,3F3691,82
198.0,198.0,86,7C503A,2
198.0,198.0,89,4C61DB,277
198.0,198.0,132,05131D,26
198.0,198.0,134,AE7A59,1
198.0,198.0,135,9CA3A8,268
198.0,198.0,137,7988A1,21
198.0,198.0,143,CFE2F7,2
198.0,198.0,148,575857,2
198.0,198.0,151,E6E3E0,78
198.0,198.0,178,B48455,21
198.0,198.0,191,F8BB3D,8
198.0,198.0,272,0A3463,10
198.0,198.0,288,184632,38
198.0,198.0,297,AA7F2E,62
198.0,198.0,320,720E0F,425
198.0,198.0,334,BBA53D,34
198.0,198.0,366,FA9C1C,2
198.0,198.0,379,6074A1,46
198.0,198.0,383,E0E0E0,8
198.0,198.0,484,A95500,20
198.0,198.0,1065,AC8247,42
198.0,198.0,9999,05131D,121
199.0,199.0,0,05131D,891
199.0,199.0,1,0055BF,189
199.0,199.0,2,237841,46
199.0,199.0,4,C91A09,201
199.0,199.0,6,583927,163
199.0,199.0,7,9BA19D,1155
199.0,199.0,8,6D6E5C,64
199.0,199.0,14,F2CD37,147
199.0,199.0,15,FFFFFF,98
199.0,199.0,36,C91A09,7
199.0,199.0,46,F5CD2F,10
199.0,199.0,70,582A12,5
199.0,199.0,71,A0A5A9,6
199.0,199.0,72,6C6E68,7
199.0,199.0,308,352100,3
201.0,201.0,0,05131D,527
201.0,201.0,1,0055BF,84
201.0,201.0,2,237841,10
201.0,201.0,4,C91A09,45
201.0,201.0,6,583927,66
201.0,201.0,7,9BA19D,555
201.0,201.0,8,6D6E5C,64
201.0,201.0,14,F2CD37,16
201.0,201.0,15,FFFFFF,68
201.0,201.0,33,0020A0,4
201.0,201.0,34,84B68D,4
201.0,201.0,36,C91A09,10
201.0,201.0,46,F5CD2F,12
201.0,201.0,57,FF800D,8
201.0,201.0,383,E0E0E0,6
203.0,203.0,0,05131D,114
203.0,203.0,1,0055BF,37
203.0,203.0,2,237841,4
203.0,203.0,4,C91A09,11
203.0,203.0,6,583927,16
203.0,203.0,7,9BA19D,123
203.0,203.0,8,6D6E5C,18
203.0,203.0,14,F2CD37,10
203.0,203.0,46,F5CD2F,3
204.0,204.0,0,05131D,2338
204.0,204.0,1,0055BF,723
204.0,204.0,2,237841,415
204.0,204.0,4,C91A09,1214
204.0,204.0,6,583927,68
204.0,204.0,7,9BA19D,658
204.0,204.0,8,6D6E5C,604
204.0,204.0,14,F2CD37,915
204.0,204.0,15,FFFFFF,879
204.0,204.0,19,E4CD9E,677
204.0,204.0,21,D4D5C9,46
204.0,204.0,25,FE8A18,426
204.0,204.0,27,BBE90B,86
204.0,204.0,33,0020A0,15
204.0,204.0,34,84B68D,18
204.0,204.0,36,C91A09,73
204.0,204.0,40,635F52,53
204.0,204.0,41,AEEFEC,2
204.0,204.0,42,F8F184,21
204.0,204.0,46,F5CD2F,31
204.0,204.0,47,FCFCFC,119
204.0,204.0,57,FF800D,63
204.0,204.0,70,582A12,269
204.0,204.0,71,A0A5A9,702
204.0,204.0,72,6C6E68,1064
204.0,204.0,73,5A93DB,126
204.0,204.0,80,A5A9B4,21
204.0,204.0,135,9CA3A8,6
204.0,204.0,143,CFE2F7,2
204.0,204.0,272,0A3463,68
204.0,204.0,320,720E0F,281
204.0,204.0,351,F785B1,2
204.0,204.0,379,6074A1,298
204.0,204.0,383,E0E0E0,42
204.0,204.0,484,A95500,96
204.0,204.0,9999,05131D,1
206.0,206.0,0,05131D,143
206.0,206.0,1,0055BF,163
206.0,206.0,2,237841,131
206.0,206.0,3,008F9B,123
206.0,206.0,4,C91A09,243
206.0,206.0,5,C870A0,97
206.0,206.0,10,4B9F4A,48
206.0,206.0,14,F2CD37,276
206.0,206.0,15,FFFFFF,868
206.0,206.0,19,E4CD9E,137
206.0,206.0,25,FE8A18,32
206.0,206.0,26,923978,36
206.0,206.0,27,BBE90B,91
206.0,206.0,28,958A73,32
206.0,206.0,29,E4ADC8,171
206.0,206.0,30,AC78BA,33
206.0,206.0,31,E1D5ED,22
206.0,206.0,33,0020A0,3
206.0,206.0,34,84B68D,1
206.0,206.0,41,AEEFEC,28
206.0,206.0,46,F5CD2F,1
206.0,206.0,47,FCFCFC,59
206.0,206.0,70,582A12,377
206.0,206.0,71,A0A5A9,71
206.0,206.0,72,6C6E68,34
206.0,206.0,73,5A93DB,1
206.0,206.0,84,AA7D55,37
206.0,206.0,85,3F3691,15
206.0,206.0,158,DFEEA5,12
206.0,206.0,179,898788,4
206.0,206.0,182,F08F1C,50
206.0,206.0,191,F8BB3D,69
206.0,206.0,212,9FC3E9,7
206.0,206.0,226,FFF03A,62
206.0,206.0,272,0A3463,10
206.0,206.0,288,184632,22
206.0,206.0,297,AA7F2E,39
206.0,206.0,308,352100,10
206.0,206.0,320,720E0F,22
206.0,206.0,321,078BC9,18
206.0,206.0,322,36AEBF,109
206.0,206.0,323,ADC3C0,47
206.0,206.0,378,A0BCAC,8
206.0,206.0,484,A95500,20
206.0,206.0,1050,FF698F,8
206.0,206.0,1136,CA4C0B,2
206.0,206.0,9999,05131D,10
207.0,207.0,0,05131D,158
207.0,207.0,1,0055BF,67
207.0,207.0,2,237841,95
207.0,207.0,3,008F9B,2
207.0,207.0,4,C91A09,188
207.0,207.0,7,9BA19D,17
207.0,207.0,10,4B9F4A,7
207.0,207.0,14,F2CD37,104
207.0,207.0,15,FFFFFF,197
207.0,207.0,19,E4CD9E,46
207.0,207.0,25,FE8A18,12
207.0,207.0,27,BBE90B,7
207.0,207.0,28,958A73,22
207.0,207.0,29,E4ADC8,1
207.0,207.0,30,AC78BA,1
207.0,207.0,33,0020A0,4
207.0,207.0,34,84B68D,10
207.0,207.0,36,C91A09,11
207.0,207.0,41,AEEFEC,12
207.0,207.0,46,F5CD2F,14
207.0,207.0,47,FCFCFC,43
207.0,207.0,70,582A12,78
207.0,207.0,71,A0A5A9,39
207.0,207.0,72,6C6E68,37
207.0,207.0,73,5A93DB,5
207.0,207.0,84,AA7D55,15
207.0,207.0,92,D09168,1
207.0,207.0,129,A5A5CB,1
207.0,207.0,158,DFEEA5,3
207.0,207.0,179,898788,11
207.0,207.0,182,F08F1C,16
207.0,207.0,191,F8BB3D,8
207.0,207.0,212,9FC3E9,8
207.0,207.0,272,0A3463,3
207.0,207.0,288,184632,16
207.0,207.0,297,AA7F2E,9
207.0,207.0,308,352100,10
207.0,207.0,320,720E0F,7
207.0,207.0,321,078BC9,1
207.0,207.0,322,36AEBF,6
207.0,207.0,326,9B9A5A,2
207.0,207.0,378,A0BCAC,1
207.0,207.0,484,A95500,1
207.0,207.0,1103,3E3C39,1
208.0,208.0,0,05131D,906
208.0,208.0,1,0055BF,192
208.0,208.0,2,237841,338
208.0,208.0,3,008F9B,3
208.0,208.0,4,C91A09,631
208.0,208.0,10,4B9F4A,14
208.0,208.0,14,F2CD37,266
208.0,208.0,15,FFFFFF,892
208.0,208.0,19,E4CD9E,119
208.0,208.0,25,FE8A18,79
208.0,208.0,26,923978,13
208.0,208.0,27,BBE90B,63
208.0,208.0,28,958A73,23
208.0,208.0,29,E4ADC8,10
208.0,208.0,33,0020A0,78
208.0,208.0,34,84B68D,32
208.0,208.0,35,D9E4A7,1
208.0,208.0,36,C91A09,100
208.0,208.0,40,635F52,87
208.0,208.0,41,AEEFEC,78
208.0,208.0,42,F8F184,9
208.0,208.0,46,F5CD2F,85
208.0,208.0,47,FCFCFC,113
208.0,208.0,57,FF800D,15
208.0,208.0,70,582A12,408
208.0,208.0,71,A0A5A9,502
208.0,208.0,72,6C6E68,287
208.0,208.0,73,5A93DB,3
208.0,208.0,82,DBAC34,5
208.0,208.0,84,AA7D55,99
208.0,208.0,85,3F3691,3
208.0,208.0,179,898788,63
208.0,208.0,182,F08F1C,90
208.0,208.0,191,F8BB3D,40
208.0,208.0,212,9FC3E9,3
208.0,208.0,226,FFF03A,10
208.0,208.0,272,0A3463,25
208.0,208.0,288,184632,30
208.0,208.0,297,AA7F2E,110
208.0,208.0,308,352100,36
208.0,208.0,320,720E0F,13
208.0,208.0,321,078BC9,11
208.0,208.0,322,36AEBF,23
208.0,208.0,323,ADC3C0,1
208.0,208.0,379,6074A1,2
208.0,208.0,484,A95500,34
208.0,208.0,1003,68BCC5,2
208.0,208.0,1050,FF698F,2
208.0,208.0,1062,EBD800,2
208.0,208.0,1103,3E3C39,8
208.0,208.0,1136,CA4C0B,4
209.0,209.0,0,05131D,488
209.0,209.0,1,0055BF,71
209.0,209.0,2,237841,78
209.0,209.0,4,C91A09,166
209.0,209.0,5,C870A0,1
209.0,209.0,10,4B9F4A,9
209.0,209.0,14,F2CD37,72
209.0,209.0,15,FFFFFF,472
209.0,209.0,19,E4CD9E,157
209.0,209.0,25,FE8A18,28
209.0,209.0,27,BBE90B,19
209.0,209.0,28,958A73,110
209.0,209.0,29,E4ADC8,1
209.0,209.0,33,0020A0,17
209.0,209.0,34,84B68D,12
209.0,209.0,35,D9E4A7,3
209.0,209.0,36,C91A09,57
209.0,209.0,40,635F52,160
209.0,209.0,41,AEEFEC,77
209.0,209.0,42,F8F184,6
209.0,209.0,45,DF6695,3
209.0,209.0,46,F5CD2F,8
209.0,209.0,47,FCFCFC,100
209.0,209.0,52,A5A5CB,1
209.0,209.0,57,FF800D,7
209.0,209.0,70,582A12,238
209.0,209.0,71,A0A5A9,1150
209.0,209.0,72,6C6E68,771
209.0,209.0,73,5A93DB,13
209.0,209.0,80,A5A9B4,22
209.0,209.0,84,AA7D55,18
209.0,209.0,143,CFE2F7,1
209.0,209.0,179,898788,46
209.0,209.0,182,F08F1C,26
209.0,209.0,191,F8BB3D,8
209.0,209.0,272,0A3463,32
209.0,209.0,288,184632,14
209.0,209.0,297,AA7F2E,19
209.0,209.0,308,352100,28
209.0,209.0,320,720E0F,89
209.0,209.0,321,078BC9,10
209.0,209.0,322,36AEBF,5
209.0,209.0,326,9B9A5A,1
209.0,209.0,378,A0BCAC,12
209.0,209.0,379,6074A1,12
209.0,209.0,484,A95500,15
209.0,209.0,1095,635F52,6
209.0,209.0,1103,3E3C39,11
209.0,209.0,9999,05131D,2
210.0,210.0,0,05131D,4
210.0,210.0,1,0055BF,1
210.0,210.0,2,237841,9
210.0,210.0,4,C91A09,34
210.0,210.0,5,C870A0,11
210.0,210.0,10,4B9F4A,5
210.0,210.0,14,F2CD37,4
210.0,210.0,15,FFFFFF,54
210.0,210.0,25,FE8A18,1
210.0,210.0,26,923978,3
210.0,210.0,29,E4ADC8,3
210.0,210.0,34,84B68D,2
210.0,210.0,36,C91A09,10
210.0,210.0,45,DF6695,23
210.0,210.0,46,F5CD2F,12
210.0,210.0,47,FCFCFC,8
210.0,210.0,52,A5A5CB,1
210.0,210.0,57,FF800D,2
210.0,210.0,70,582A12,2
210.0,210.0,71,A0A5A9,1
210.0,210.0,80,A5A9B4,2
210.0,210.0,82,DBAC34,1
210.0,210.0,114,DF6695,19
210.0,210.0,143,CFE2F7,4
210.0,210.0,182,F08F1C,3
210.0,210.0,191,F8BB3D,4
210.0,210.0,297,AA7F2E,1
210.0,210.0,484,A95500,3
211.0,211.0,0,05131D,58
211.0,211.0,1,0055BF,1
211.0,211.0,2,237841,8
211.0,211.0,4,C91A09,14
211.0,211.0,10,4B9F4A,5
211.0,211.0,14,F2CD37,1
211.0,211.0,15,FFFFFF,4
211.0,211.0,19,E4CD9E,4
211.0,211.0,25,FE8A18,1
211.0,211.0,28,958A73,1
211.0,211.0,33,0020A0,4
211.0,211.0,34,84B68D,2
211.0,211.0,36,C91A09,13
211.0,211.0,41,AEEFEC,1
211.0,211.0,42,F8F184,7
211.0,211.0,46,F5CD2F,8
211.0,211.0,47,FCFCFC,3
211.0,211.0,57,FF800D,6
211.0,211.0,70,582A12,59
211.0,211.0,71,A0A5A9,26
211.0,211.0,72,6C6E68,35
211.0,211.0,80,A5A9B4,4
211.0,211.0,82,DBAC34,2
211.0,211.0,92,D09168,1
211.0,211.0,134,AE7A59,1
211.0,211.0,135,9CA3A8,18
211.0,211.0,148,575857,5
211.0,211.0,179,898788,2
211.0,211.0,272,0A3463,4
211.0,211.0,297,AA7F2E,15
211.0,211.0,308,352100,5
211.0,211.0,320,720E0F,1
211.0,211.0,484,A95500,1
212.0,212.0,0,05131D,35
212.0,212.0,1,0055BF,40
212.0,212.0,2,237841,5
212.0,212.0,4,C91A09,34
212.0,212.0,7,9BA19D,7
212.0,212.0,14,F2CD37,27
212.0,212.0,15,FFFFFF,47
212.0,212.0,33,0020A0,6
212.0,212.0,34,84B68D,6
212.0,212.0,36,C91A09,6
212.0,212.0,46,F5CD2F,9
212.0,212.0,47,FCFCFC,15
213.0,213.0,5,C870A0,4
213.0,213.0,15,FFFFFF,20
213.0,213.0,22,81007B,3
213.0,213.0,26,923978,2
213.0,213.0,29,E4ADC8,24
213.0,213.0,41,AEEFEC,21
213.0,213.0,43,C1DFF0,13
213.0,213.0,45,DF6695,31
213.0,213.0,47,FCFCFC,12
213.0,213.0,69,CD6298,1
213.0,213.0,118,B3D7D1,13
213.0,213.0,212,9FC3E9,6
213.0,213.0,230,E4ADC8,14
213.0,213.0,232,7DBFDD,2
213.0,213.0,236,96709F,13
213.0,213.0,383,E0E0E0,2
213.0,213.0,1004,FCB76D,7
213.0,213.0,1006,B4D4F7,19
213.0,213.0,1007,8E5597,6
213.0,213.0,1094,8D73B3,18
213.0,213.0,9999,05131D,9
214.0,214.0,0,05131D,236
214.0,214.0,1,0055BF,48
214.0,214.0,2,237841,105
214.0,214.0,3,008F9B,9
214.0,214.0,4,C91A09,174
214.0,214.0,6,583927,22
214.0,214.0,7,9BA19D,40
214.0,214.0,8,6D6E5C,53
214.0,214.0,14,F2CD37,124
214.0,214.0,15,FFFFFF,236
214.0,214.0,25,FE8A18,4
214.0,214.0,27,BBE90B,3
214.0,214.0,33,0020A0,12
214.0,214.0,34,84B68D,22
214.0,214.0,36,C91A09,16
214.0,214.0,40,635F52,7
214.0,214.0,42,F8F184,21
214.0,214.0,46,F5CD2F,9
214.0,214.0,47,FCFCFC,15
214.0,214.0,57,FF800D,24
214.0,214.0,70,582A12,10
214.0,214.0,71,A0A5A9,36
214.0,214.0,72,6C6E68,13
214.0,214.0,73,5A93DB,18
214.0,214.0,143,CFE2F7,1
215.0,215.0,0,05131D,10
215.0,215.0,1,0055BF,3
215.0,215.0,2,237841,3
215.0,215.0,4,C91A09,7
215.0,215.0,14,F2CD37,1
215.0,215.0,15,FFFFFF,4
215.0,215.0,19,E4CD9E,10
215.0,215.0,33,0020A0,1
215.0,215.0,34,84B68D,1
215.0,215.0,36,C91A09,1
215.0,215.0,41,AEEFEC,1
215.0,215.0,42,F8F184,1
215.0,215.0,45,DF6695,1
215.0,215.0,46,F5CD2F,4
215.0,215.0,57,FF800D,3
215.0,215.0,70,582A12,32
215.0,215.0,71,A0A5A9,4
215.0,215.0,72,6C6E68,20
215.0,215.0,82,DBAC34,1
215.0,215.0,135,9CA3A8,1
215.0,215.0,182,F08F1C,1
215.0,215.0,191,F8BB3D,1
215.0,215.0,288,184632,3
215.0,215.0,297,AA7F2E,2
215.0,215.0,308,352100,1
215.0,215.0,484,A95500,1
216.0,216.0,0,05131D,210
216.0,216.0,1,0055BF,40
216.0,216.0,2,237841,233
216.0,216.0,3,008F9B,24
216.0,216.0,4,C91A09,412
216.0,216.0,5,C870A0,98
216.0,216.0,10,4B9F4A,74
216.0,216.0,14,F2CD37,110
216.0,216.0,15,FFFFFF,771
216.0,216.0,19,E4CD9E,146
216.0,216.0,25,FE8A18,16
216.0,216.0,26,923978,88
216.0,216.0,27,BBE90B,57
216.0,216.0,28,958A73,2
216.0,216.0,29,E4ADC8,157
216.0,216.0,30,AC78BA,62
216.0,216.0,31,E1D5ED,20
216.0,216.0,33,0020A0,4
216.0,216.0,34,84B68D,6
216.0,216.0,35,D9E4A7,12
216.0,216.0,36,C91A09,9
216.0,216.0,40,635F52,2
216.0,216.0,41,AEEFEC,52
216.0,216.0,42,F8F184,5
216.0,216.0,45,DF6695,63
216.0,216.0,46,F5CD2F,30
216.0,216.0,47,FCFCFC,48
216.0,216.0,52,A5A5CB,1
216.0,216.0,57,FF800D,15
216.0,216.0,70,582A12,267
216.0,216.0,71,A0A5A9,207
216.0,216.0,72,6C6E68,45
216.0,216.0,73,5A93DB,19
216.0,216.0,84,AA7D55,89
216.0,216.0,85,3F3691,105
216.0,216.0,114,DF6695,1
216.0,216.0,143,CFE2F7,1
216.0,216.0,158,DFEEA5,13
216.0,216.0,179,898788,64
216.0,216.0,182,F08F1C,40
216.0,216.0,191,F8BB3D,125
216.0,216.0,212,9FC3E9,19
216.0,216.0,226,FFF03A,21
216.0,216.0,272,0A3463,32
216.0,216.0,288,184632,23
216.0,216.0,297,AA7F2E,174
216.0,216.0,308,352100,7
216.0,216.0,320,720E0F,4
216.0,216.0,321,078BC9,15
216.0,216.0,322,36AEBF,147
216.0,216.0,323,ADC3C0,75
216.0,216.0,378,A0BCAC,1
216.0,216.0,379,6074A1,3
216.0,216.0,484,A95500,42
216.0,216.0,1050,FF698F,14
216.0,216.0,1055,FCFCFC,2
216.0,216.0,1062,EBD800,6
227.0,227.0,0,05131D,3516
227.0,227.0,1,0055BF,528
227.0,227.0,2,237841,3242
227.0,227.0,3,008F9B,159
227.0,227.0,4,C91A09,4237
227.0,227.0,5,C870A0,83
227.0,227.0,6,583927,105
227.0,227.0,7,9BA19D,32
227.0,227.0,8,6D6E5C,1
227.0,227.0,10,4B9F4A,281
227.0,227.0,14,F2CD37,755
227.0,227.0,15,FFFFFF,7221
227.0,227.0,19,E4CD9E,1906
227.0,227.0,25,FE8A18,184
227.0,227.0,26,923978,48
227.0,227.0,27,BBE90B,278
227.0,227.0,28,958A73,661
227.0,227.0,29,E4ADC8,211
227.0,227.0,30,AC78BA,46
227.0,227.0,31,E1D5ED,43
227.0,227.0,33,0020A0,60
227.0,227.0,34,84B68D,64
227.0,227.0,35,D9E4A7,26
227.0,227.0,36,C91A09,169
227.0,227.0,40,635F52,10
227.0,227.0,41,AEEFEC,158
227.0,227.0,42,F8F184,5
227.0,227.0,45,DF6695,34
227.0,227.0,46,F5CD2F,240
227.0,227.0,47,FCFCFC,485
227.0,227.0,52,A5A5CB,5
227.0,227.0,57,FF800D,15
227.0,227.0,70,582A12,3607
227.0,227.0,71,A0A5A9,2277
227.0,227.0,72,6C6E68,1800
227.0,227.0,73,5A93DB,260
227.0,227.0,80,A5A9B4,11
227.0,227.0,82,DBAC34,43
227.0,227.0,84,AA7D55,1159
227.0,227.0,85,3F3691,26
227.0,227.0,92,D09168,3
227.0,227.0,135,9CA3A8,4
227.0,227.0,143,CFE2F7,4
227.0,227.0,158,DFEEA5,19
227.0,227.0,179,898788,75
227.0,227.0,182,F08F1C,174
227.0,227.0,191,F8BB3D,133
227.0,227.0,212,9FC3E9,275
227.0,227.0,226,FFF03A,87
227.0,227.0,272,0A3463,511
227.0,227.0,288,184632,1312
227.0,227.0,297,AA7F2E,1246
227.0,227.0,308,352100,426
227.0,227.0,320,720E0F,1029
227.0,227.0,321,078BC9,40
227.0,227.0,322,36AEBF,189
227.0,227.0,323,ADC3C0,193
227.0,227.0,326,9B9A5A,108
227.0,227.0,334,BBA53D,2
227.0,227.0,378,A0BCAC,526
227.0,227.0,379,6074A1,123
227.0,227.0,484,A95500,306
227.0,227.0,1050,FF698F,13
227.0,227.0,1053,68BCC5,27
227.0,227.0,1055,FCFCFC,123
227.0,227.0,1103,3E3C39,5
227.0,227.0,1136,CA4C0B,22
227.0,227.0,9999,05131D,32
228.0,228.0,0,05131D,1454
228.0,228.0,1,0055BF,239
228.0,228.0,2,237841,504
228.0,228.0,3,008F9B,11
228.0,228.0,4,C91A09,1212
228.0,228.0,5,C870A0,6
228.0,228.0,6,583927,3
228.0,228.0,8,6D6E5C,2
228.0,228.0,10,4B9F4A,65
228.0,228.0,14,F2CD37,186
228.0,228.0,15,FFFFFF,1989
228.0,228.0,19,E4CD9E,1105
228.0,228.0,25,FE8A18,53
228.0,228.0,26,923978,8
228.0,228.0,27,BBE90B,56
228.0,228.0,28,958A73,172
228.0,228.0,29,E4ADC8,50
228.0,228.0,30,AC78BA,3
228.0,228.0,31,E1D5ED,4
228.0,228.0,33,0020A0,42
228.0,228.0,34,84B68D,35
228.0,228.0,35,D9E4A7,12
228.0,228.0,36,C91A09,62
228.0,228.0,40,635F52,15
228.0,228.0,41,AEEFEC,152
228.0,228.0,42,F8F184,5
228.0,228.0,45,DF6695,19
228.0,228.0,46,F5CD2F,135
228.0,228.0,47,FCFCFC,218
228.0,228.0,70,582A12,1253
228.0,228.0,71,A0A5A9,1164
228.0,228.0,72,6C6E68,567
228.0,228.0,73,5A93DB,44
228.0,228.0,78,F6D7B3,2
228.0,228.0,82,DBAC34,4
228.0,228.0,84,AA7D55,274
228.0,228.0,85,3F3691,12
228.0,228.0,92,D09168,6
228.0,228.0,114,DF6695,20
228.0,228.0,129,A5A5CB,20
228.0,228.0,179,898788,79
228.0,228.0,182,F08F1C,140
228.0,228.0,191,F8BB3D,14
228.0,228.0,226,FFF03A,10
228.0,228.0,272,0A3463,258
228.0,228.0,288,184632,199
228.0,228.0,297,AA7F2E,519
228.0,228.0,308,352100,48
228.0,228.0,320,720E0F,369
228.0,228.0,321,078BC9,13
228.0,228.0,322,36AEBF,37
228.0,228.0,323,ADC3C0,3
228.0,228.0,378,A0BCAC,43
228.0,228.0,383,E0E0E0,8
228.0,228.0,484,A95500,118
228.0,228.0,1050,FF698F,8
228.0,228.0,9999,05131D,8
229.0,229.0,0,05131D,124
229.0,229.0,1,0055BF,194
229.0,229.0,2,237841,337
229.0,229.0,3,008F9B,35
229.0,229.0,4,C91A09,246
229.0,229.0,5,C870A0,58
229.0,229.0,10,4B9F4A,362
229.0,229.0,14,F2CD37,942
229.0,229.0,15,FFFFFF,1375
229.0,229.0,19,E4CD9E,453
229.0,229.0,25,FE8A18,311
229.0,229.0,26,923978,24
229.0,229.0,27,BBE90B,431
229.0,229.0,28,958A73,55
229.0,229.0,29,E4ADC8,247
229.0,229.0,30,AC78BA,31
229.0,229.0,31,E1D5ED,139
229.0,229.0,34,84B68D,10
229.0,229.0,36,C91A09,4
229.0,229.0,41,AEEFEC,14
229.0,229.0,46,F5CD2F,15
229.0,229.0,47,FCFCFC,8
229.0,229.0,52,A5A5CB,5
229.0,229.0,57,FF800D,3
229.0,229.0,70,582A12,393
229.0,229.0,71,A0A5A9,351
229.0,229.0,72,6C6E68,113
229.0,229.0,73,5A93DB,23
229.0,229.0,78,F6D7B3,2
229.0,229.0,84,AA7D55,125
229.0,229.0,85,3F3691,67
229.0,229.0,158,DFEEA5,34
229.0,229.0,179,898788,11
229.0,229.0,182,F08F1C,4
229.0,229.0,191,F8BB3D,225
229.0,229.0,212,9FC3E9,58
229.0,229.0,226,FFF03A,291
229.0,229.0,272,0A3463,14
229.0,229.0,288,184632,1
229.0,229.0,297,AA7F2E,19
229.0,229.0,308,352100,12
229.0,229.0,320,720E0F,10
229.0,229.0,321,078BC9,18
229.0,229.0,322,36AEBF,170
229.0,229.0,323,ADC3C0,53
229.0,229.0,378,A0BCAC,76
229.0,229.0,379,6074A1,4
229.0,229.0,484,A95500,50
229.0,229.0,1050,FF698F,46
229.0,229.0,1053,68BCC5,9
229.0,229.0,1054,CE1D9B,1
229.0,229.0,1060,84B68D,5
229.0,229.0,1136,CA4C0B,4
229.0,229.0,1146,F6B7BF,42
229.0,229.0,1147,A3A9FF,15
229.0,229.0,9999,05131D,4
230.0,230.0,0,05131D,1336
230.0,230.0,1,0055BF,57
230.0,230.0,2,237841,223
230.0,230.0,3,008F9B,10
230.0,230.0,4,C91A09,159
230.0,230.0,6,583927,11
230.0,230.0,7,9BA19D,28
230.0,230.0,8,6D6E5C,4
230.0,230.0,10,4B9F4A,14
230.0,230.0,14,F2CD37,169
230.0,230.0,15,FFFFFF,490
230.0,230.0,19,E4CD9E,84
230.0,230.0,25,FE8A18,930
230.0,230.0,26,923978,14
230.0,230.0,27,BBE90B,51
230.0,230.0,28,958A73,62
230.0,230.0,29,E4ADC8,15
230.0,230.0,30,AC78BA,45
230.0,230.0,31,E1D5ED,7
230.0,230.0,33,0020A0,3
230.0,230.0,34,84B68D,6
230.0,230.0,35,D9E4A7,23
230.0,230.0,36,C91A09,3
230.0,230.0,41,AEEFEC,7
230.0,230.0,46,F5CD2F,3
230.0,230.0,47,FCFCFC,14
230.0,230.0,52,A5A5CB,5
230.0,230.0,70,582A12,216
230.0,230.0,71,A0A5A9,223
230.0,230.0,72,6C6E68,239
230.0,230.0,84,AA7D55,9
230.0,230.0,85,3F3691,105
230.0,230.0,179,898788,19
230.0,230.0,182,F08F1C,23
230.0,230.0,191,F8BB3D,37
230.0,230.0,272,0A3463,39
230.0,230.0,288,184632,170
230.0,230.0,297,AA7F2E,6
230.0,230.0,308,352100,28
230.0,230.0,320,720E0F,10
230.0,230.0,322,36AEBF,22
230.0,230.0,326,9B9A5A,24
230.0,230.0,378,A0BCAC,77
230.0,230.0,484,A95500,12
230.0,230.0,1050,FF698F,4
230.0,230.0,1055,FCFCFC,3
230.0,230.0,1103,3E3C39,1
230.0,230.0,1136,CA4C0B,22
230.0,230.0,9999,05131D,5
231.0,231.0,0,05131D,182
231.0,231.0,1,0055BF,7
231.0,231.0,2,237841,14
231.0,231.0,4,C91A09,67
231.0,231.0,5,C870A0,1
231.0,231.0,6,583927,26
231.0,231.0,10,4B9F4A,13
231.0,231.0,14,F2CD37,67
231.0,231.0,15,FFFFFF,112
231.0,231.0,19,E4CD9E,64
231.0,231.0,25,FE8A18,39
231.0,231.0,26,923978,4
231.0,231.0,27,BBE90B,8
231.0,231.0,28,958A73,26
231.0,231.0,29,E4ADC8,4
231.0,231.0,33,0020A0,3
231.0,231.0,34,84B68D,1
231.0,231.0,40,635F52,1
231.0,231.0,47,FCFCFC,7
231.0,231.0,70,582A12,225
231.0,231.0,71,A0A5A9,77
231.0,231.0,72,6C6E68,16
231.0,231.0,73,5A93DB,1
231.0,231.0,82,DBAC34,1
231.0,231.0,84,AA7D55,14
231.0,231.0,92,D09168,3
231.0,231.0,179,898788,6
231.0,231.0,182,F08F1C,1
231.0,231.0,191,F8BB3D,35
231.0,231.0,288,184632,15
231.0,231.0,297,AA7F2E,13
231.0,231.0,308,352100,10
231.0,231.0,320,720E0F,30
231.0,231.0,321,078BC9,2
231.0,231.0,379,6074A1,8
231.0,231.0,484,A95500,21
231.0,231.0,9999,05131D,1
232.0,232.0,0,05131D,344
232.0,232.0,1,0055BF,20
232.0,232.0,2,237841,197
232.0,232.0,3,008F9B,2
232.0,232.0,4,C91A09,797
232.0,232.0,5,C870A0,85
232.0,232.0,10,4B9F4A,72
232.0,232.0,14,F2CD37,195
232.0,232.0,15,FFFFFF,675
232.0,232.0,19,E4CD9E,267
232.0,232.0,25,FE8A18,85
232.0,232.0,26,923978,75
232.0,232.0,27,BBE90B,136
232.0,232.0,28,958A73,14
232.0,232.0,29,E4ADC8,172
232.0,232.0,30,AC78BA,15
232.0,232.0,31,E1D5ED,13
232.0,232.0,34,84B68D,3
232.0,232.0,41,AEEFEC,2
232.0,232.0,45,DF6695,1
232.0,232.0,47,FCFCFC,38
232.0,232.0,70,582A12,349
232.0,232.0,71,A0A5A9,178
232.0,232.0,72,6C6E68,55
232.0,232.0,73,5A93DB,6
232.0,232.0,78,F6D7B3,2
232.0,232.0,84,AA7D55,80
232.0,232.0,85,3F3691,21
232.0,232.0,158,DFEEA5,8
232.0,232.0,191,F8BB3D,95
232.0,232.0,212,9FC3E9,12
232.0,232.0,226,FFF03A,39
232.0,232.0,288,184632,2
232.0,232.0,297,AA7F2E,9
232.0,232.0,308,352100,17
232.0,232.0,320,720E0F,23
232.0,232.0,321,078BC9,38
232.0,232.0,322,36AEBF,21
232.0,232.0,323,ADC3C0,2
232.0,232.0,326,9B9A5A,1
232.0,232.0,334,BBA53D,3
232.0,232.0,378,A0BCAC,13
232.0,232.0,379,6074A1,8
232.0,232.0,484,A95500,31
232.0,232.0,1136,CA4C0B,2
232.0,232.0,9999,05131D,2
234.0,234.0,0,05131D,3628
234.0,234.0,1,0055BF,582
234.0,234.0,2,237841,1
234.0,234.0,4,C91A09,1734
234.0,234.0,6,583927,6
234.0,234.0,7,9BA19D,2080
234.0,234.0,8,6D6E5C,449
234.0,234.0,14,F2CD37,791
234.0,234.0,15,FFFFFF,523
234.0,234.0,36,C91A09,58
234.0,234.0,46,F5CD2F,30
234.0,234.0,47,FCFCFC,348
234.0,234.0,79,FFFFFF,4
234.0,234.0,1135,A5ADB4,5
234.0,234.0,9999,05131D,28
235.0,235.0,0,05131D,3590
235.0,235.0,1,0055BF,1844
235.0,235.0,2,237841,10
235.0,235.0,4,C91A09,2851
235.0,235.0,6,583927,7
235.0,235.0,7,9BA19D,1357
235.0,235.0,8,6D6E5C,264
235.0,235.0,14,F2CD37,1005
235.0,235.0,15,FFFFFF,893
235.0,235.0,36,C91A09,17
235.0,235.0,46,F5CD2F,14
235.0,235.0,47,FCFCFC,431
235.0,235.0,79,FFFFFF,4
235.0,235.0,89,4C61DB,1
235.0,235.0,9999,05131D,30
236.0,236.0,0,05131D,7251
236.0,236.0,1,0055BF,983
236.0,236.0,2,237841,357
236.0,236.0,4,C91A09,2535
236.0,236.0,6,583927,292
236.0,236.0,7,9BA19D,2729
236.0,236.0,8,6D6E5C,923
236.0,236.0,14,F2CD37,1963
236.0,236.0,15,FFFFFF,1533
236.0,236.0,19,E4CD9E,92
236.0,236.0,25,FE8A18,61
236.0,236.0,33,0020A0,16
236.0,236.0,34,84B68D,21
236.0,236.0,36,C91A09,139
236.0,236.0,41,AEEFEC,296
236.0,236.0,42,F8F184,45
236.0,236.0,46,F5CD2F,170
236.0,236.0,47,FCFCFC,348
236.0,236.0,71,A0A5A9,99
236.0,236.0,72,6C6E68,63
236.0,236.0,135,9CA3A8,128
236.0,236.0,288,184632,95
236.0,236.0,334,BBA53D,16
236.0,236.0,383,E0E0E0,33
236.0,236.0,9999,05131D,46
241.0,241.0,72,6C6E68,64
246.0,246.0,0,05131D,19567
246.0,246.0,1,0055BF,901
246.0,246.0,2,237841,1239
246.0,246.0,3,008F9B,192
246.0,246.0,4,C91A09,4043
246.0,246.0,5,C870A0,131
246.0,246.0,6,583927,263
246.0,246.0,7,9BA19D,1021
246.0,246.0,8,6D6E5C,812
246.0,246.0,10,4B9F4A,314
246.0,246.0,11,55A5AF,2
246.0,246.0,14,F2CD37,919
246.0,246.0,15,FFFFFF,9529
246.0,246.0,17,C2DAB8,1
246.0,246.0,19,E4CD9E,19099
246.0,246.0,20,C9CAE2,5
246.0,246.0,21,D4D5C9,2
246.0,246.0,22,81007B,7
246.0,246.0,25,FE8A18,1157
246.0,246.0,26,923978,125
246.0,246.0,27,BBE90B,381
246.0,246.0,28,958A73,8787
246.0,246.0,29,E4ADC8,288
246.0,246.0,30,AC78BA,157
246.0,246.0,31,E1D5ED,406
246.0,246.0,33,0020A0,241
246.0,246.0,34,84B68D,295
246.0,246.0,35,D9E4A7,128
246.0,246.0,36,C91A09,340
246.0,246.0,40,635F52,140
246.0,246.0,41,AEEFEC,416
246.0,246.0,42,F8F184,50
246.0,246.0,45,DF6695,62
246.0,246.0,46,F5CD2F,547
246.0,246.0,47,FCFCFC,2508
246.0,246.0,52,A5A5CB,54
246.0,246.0,57,FF800D,274
246.0,246.0,60,645A4C,35
246.0,246.0,70,582A12,12854
246.0,246.0,71,A0A5A9,12564
246.0,246.0,72,6C6E68,14214
246.0,246.0,73,5A93DB,787
246.0,246.0,78,F6D7B3,436
246.0,246.0,80,A5A9B4,45
246.0,246.0,82,DBAC34,26
246.0,246.0,84,AA7D55,3269
246.0,246.0,85,3F3691,1083
246.0,246.0,92,D09168,9
246.0,246.0,110,4354A3,2
246.0,246.0,114,DF6695,3
246.0,246.0,129,A5A5CB,5
246.0,246.0,132,05131D,5
246.0,246.0,134,AE7A59,3
246.0,246.0,135,9CA3A8,13
246.0,246.0,158,DFEEA5,72
246.0,246.0,179,898788,466
246.0,246.0,182,F08F1C,480
246.0,246.0,191,F8BB3D,636
246.0,246.0,212,9FC3E9,979
246.0,246.0,226,FFF03A,114
246.0,246.0,272,0A3463,982
246.0,246.0,288,184632,944
246.0,246.0,294,BDC6AD,25
246.0,246.0,297,AA7F2E,2885
246.0,246.0,308,352100,1885
246.0,246.0,320,720E0F,2051
246.0,246.0,321,078BC9,34
246.0,246.0,322,36AEBF,255
246.0,246.0,323,ADC3C0,109
246.0,246.0,326,9B9A5A,1075
246.0,246.0,334,BBA53D,47
246.0,246.0,351,F785B1,32
246.0,246.0,366,FA9C1C,2
246.0,246.0,378,A0BCAC,2482
246.0,246.0,379,6074A1,601
246.0,246.0,383,E0E0E0,35
246.0,246.0,462,FFA70B,13
246.0,246.0,484,A95500,1338
246.0,246.0,1000,D9D9D9,49
246.0,246.0,1003,68BCC5,6
246.0,246.0,1050,FF698F,12
246.0,246.0,1053,68BCC5,109
246.0,246.0,1054,CE1D9B,6
246.0,246.0,1055,FCFCFC,55
246.0,246.0,1056,583927,1
246.0,246.0,1059,8320B7,4
246.0,246.0,1060,84B68D,3
246.0,246.0,1061,0020A0,5
246.0,246.0,1062,EBD800,3
246.0,246.0,1065,AC8247,4
246.0,246.0,1067,AD6140,10
246.0,246.0,1088,755945,4
246.0,246.0,1089,CCA373,2
246.0,246.0,1095,635F52,91
246.0,246.0,1103,3E3C39,130
246.0,246.0,1136,CA4C0B,13
246.0,246.0,1139,F5CD2F,2
246.0,246.0,1147,A3A9FF,13
246.0,246.0,9999,05131D,154
252.0,252.0,0,05131D,3822
252.0,252.0,1,0055BF,355
252.0,252.0,2,237841,549
252.0,252.0,3,008F9B,10
252.0,252.0,4,C91A09,349
252.0,252.0,10,4B9F4A,112
252.0,252.0,14,F2CD37,159
252.0,252.0,15,FFFFFF,11196
252.0,252.0,19,E4CD9E,9801
252.0,252.0,25,FE8A18,107
252.0,252.0,26,923978,5
252.0,252.0,27,BBE90B,40
252.0,252.0,28,958A73,1813
252.0,252.0,29,E4ADC8,50
252.0,252.0,33,0020A0,2
252.0,252.0,40,635F52,645
252.0,252.0,41,AEEFEC,770
252.0,252.0,47,FCFCFC,1431
252.0,252.0,70,582A12,468
252.0,252.0,71,A0A5A9,5932
252.0,252.0,72,6C6E68,2869
252.0,252.0,73,5A93DB,156
252.0,252.0,78,F6D7B3,108
252.0,252.0,80,A5A9B4,20
252.0,252.0,82,DBAC34,3
252.0,252.0,84,AA7D55,19
252.0,252.0,85,3F3691,2
252.0,252.0,179,898788,90
252.0,252.0,182,F08F1C,2
252.0,252.0,191,F8BB3D,59
252.0,252.0,226,FFF03A,4
252.0,252.0,272,0A3463,158
252.0,252.0,288,184632,1096
252.0,252.0,297,AA7F2E,51
252.0,252.0,308,352100,62
252.0,252.0,320,720E0F,1460
252.0,252.0,321,078BC9,32
252.0,252.0,322,36AEBF,58
252.0,252.0,323,ADC3C0,10
252.0,252.0,326,9B9A5A,515
252.0,252.0,378,A0BCAC,934
252.0,252.0,379,6074A1,55
252.0,252.0,484,A95500,194
252.0,252.0,1095,635F52,111
253.0,253.0,0,05131D,1081
253.0,253.0,1,0055BF,47
253.0,253.0,2,237841,128
253.0,253.0,3,008F9B,1
253.0,253.0,4,C91A09,165
253.0,253.0,10,4B9F4A,8
253.0,253.0,14,F2CD37,77
253.0,253.0,15,FFFFFF,1401
253.0,253.0,19,E4CD9E,1119
253.0,253.0,25,FE8A18,9
253.0,253.0,26,923978,15
253.0,253.0,27,BBE90B,6
253.0,253.0,28,958A73,27
253.0,253.0,29,E4ADC8,19
253.0,253.0,33,0020A0,42
253.0,253.0,34,84B68D,4
253.0,253.0,35,D9E4A7,3
253.0,253.0,36,C91A09,14
253.0,253.0,40,635F52,251
253.0,253.0,41,AEEFEC,409
253.0,253.0,42,F8F184,2
253.0,253.0,45,DF6695,4
253.0,253.0,46,F5CD2F,9
253.0,253.0,47,FCFCFC,264
253.0,253.0,70,582A12,274
253.0,253.0,71,A0A5A9,1278
253.0,253.0,72,6C6E68,496
253.0,253.0,73,5A93DB,182
253.0,253.0,80,A5A9B4,3
253.0,253.0,82,DBAC34,17
253.0,253.0,84,AA7D55,10
253.0,253.0,179,898788,22
253.0,253.0,182,F08F1C,9
253.0,253.0,212,9FC3E9,27
253.0,253.0,272,0A3463,125
253.0,253.0,288,184632,74
253.0,253.0,297,AA7F2E,119
253.0,253.0,320,720E0F,83
253.0,253.0,321,078BC9,4
253.0,253.0,322,36AEBF,18
253.0,253.0,326,9B9A5A,20
253.0,253.0,378,A0BCAC,38
253.0,253.0,379,6074A1,117
253.0,253.0,484,A95500,29
254.0,254.0,0,05131D,1630
254.0,254.0,1,0055BF,174
254.0,254.0,2,237841,525
254.0,254.0,4,C91A09,1094
254.0,254.0,6,583927,590
254.0,254.0,7,9BA19D,923
254.0,254.0,8,6D6E5C,307
254.0,254.0,14,F2CD37,129
254.0,254.0,15,FFFFFF,793
254.0,254.0,19,E4CD9E,163
254.0,254.0,25,FE8A18,1
254.0,254.0,33,0020A0,2
254.0,254.0,40,635F52,5
254.0,254.0,41,AEEFEC,45
254.0,254.0,47,FCFCFC,164
254.0,254.0,72,6C6E68,1
254.0,254.0,135,9CA3A8,2
254.0,254.0,320,720E0F,1
254.0,254.0,334,BBA53D,1
254.0,254.0,335,D67572,475
254.0,254.0,383,E0E0E0,1
258.0,258.0,0,05131D,876
258.0,258.0,1,0055BF,303
258.0,258.0,2,237841,4
258.0,258.0,3,008F9B,227
258.0,258.0,4,C91A09,48
258.0,258.0,14,F2CD37,16
258.0,258.0,15,FFFFFF,330
258.0,258.0,19,E4CD9E,50
258.0,258.0,29,E4ADC8,2
258.0,258.0,36,C91A09,4
258.0,258.0,40,635F52,3
258.0,258.0,41,AEEFEC,10
258.0,258.0,47,FCFCFC,2
258.0,258.0,70,582A12,28
258.0,258.0,71,A0A5A9,331
258.0,258.0,72,6C6E68,77
258.0,258.0,9999,05131D,2
259.0,259.0,0,05131D,682
259.0,259.0,1,0055BF,189
259.0,259.0,2,237841,7
259.0,259.0,4,C91A09,41
259.0,259.0,14,F2CD37,31
259.0,259.0,15,FFFFFF,22
259.0,259.0,19,E4CD9E,54
259.0,259.0,25,FE8A18,30
259.0,259.0,28,958A73,4
259.0,259.0,47,FCFCFC,2
259.0,259.0,71,A0A5A9,535
259.0,259.0,72,6C6E68,334
259.0,259.0,135,9CA3A8,4
259.0,259.0,148,575857,3
259.0,259.0,151,E6E3E0,129
259.0,259.0,179,898788,4
259.0,259.0,9999,05131D,10
260.0,260.0,0,05131D,1285
260.0,260.0,1,0055BF,289
260.0,260.0,2,237841,62
260.0,260.0,3,008F9B,53
260.0,260.0,4,C91A09,52
260.0,260.0,6,583927,2
260.0,260.0,7,9BA19D,1299
260.0,260.0,8,6D6E5C,106
260.0,260.0,14,F2CD37,197
260.0,260.0,15,FFFFFF,109
260.0,260.0,22,81007B,38
260.0,260.0,33,0020A0,19
260.0,260.0,34,84B68D,4
260.0,260.0,36,C91A09,4
260.0,260.0,42,F8F184,10
260.0,260.0,46,F5CD2F,4
260.0,260.0,47,FCFCFC,24
260.0,260.0,57,FF800D,10
260.0,260.0,71,A0A5A9,1
260.0,260.0,72,6C6E68,1
260.0,260.0,216,B31004,2
260.0,260.0,383,E0E0E0,1
260.0,260.0,9999,05131D,17
261.0,261.0,0,05131D,635
261.0,261.0,1,0055BF,33
261.0,261.0,3,008F9B,8
261.0,261.0,4,C91A09,28
261.0,261.0,7,9BA19D,667
261.0,261.0,8,6D6E5C,207
261.0,261.0,15,FFFFFF,210
261.0,261.0,33,0020A0,6
261.0,261.0,36,C91A09,23
261.0,261.0,41,AEEFEC,4
261.0,261.0,42,F8F184,4
261.0,261.0,46,F5CD2F,6
261.0,261.0,57,FF800D,6
261.0,261.0,80,A5A9B4,2
261.0,261.0,135,9CA3A8,8
261.0,261.0,9999,05131D,1
262.0,262.0,0,05131D,540
262.0,262.0,1,0055BF,132
262.0,262.0,4,C91A09,230
262.0,262.0,14,F2CD37,24
262.0,262.0,15,FFFFFF,60
262.0,262.0,19,E4CD9E,18
262.0,262.0,28,958A73,8
262.0,262.0,71,A0A5A9,216
262.0,262.0,72,6C6E68,28
262.0,262.0,9999,05131D,2
263.0,263.0,0,05131D,2276
263.0,263.0,1,0055BF,81
263.0,263.0,2,237841,19
263.0,263.0,4,C91A09,83
263.0,263.0,10,4B9F4A,4
263.0,263.0,14,F2CD37,23
263.0,263.0,15,FFFFFF,172
263.0,263.0,19,E4CD9E,222
263.0,263.0,25,FE8A18,1
263.0,263.0,27,BBE90B,4
263.0,263.0,28,958A73,324
263.0,263.0,34,84B68D,1
263.0,263.0,40,635F52,17
263.0,263.0,41,AEEFEC,26
263.0,263.0,46,F5CD2F,17
263.0,263.0,47,FCFCFC,21
263.0,263.0,57,FF800D,52
263.0,263.0,70,582A12,1063
263.0,263.0,71,A0A5A9,1009
263.0,263.0,72,6C6E68,1783
263.0,263.0,80,A5A9B4,2
263.0,263.0,82,DBAC34,6
263.0,263.0,84,AA7D55,76
263.0,263.0,179,898788,4
263.0,263.0,182,F08F1C,27
263.0,263.0,272,0A3463,30
263.0,263.0,288,184632,124
263.0,263.0,297,AA7F2E,367
263.0,263.0,308,352100,404
263.0,263.0,320,720E0F,22
263.0,263.0,326,9B9A5A,50
263.0,263.0,334,BBA53D,42
263.0,263.0,378,A0BCAC,34
263.0,263.0,484,A95500,16
263.0,263.0,1095,635F52,1
263.0,263.0,1103,3E3C39,13
263.0,263.0,9999,05131D,25
264.0,264.0,0,05131D,1543
264.0,264.0,1,0055BF,157
264.0,264.0,2,237841,176
264.0,264.0,3,008F9B,29
264.0,264.0,4,C91A09,225
264.0,264.0,10,4B9F4A,37
264.0,264.0,14,F2CD37,94
264.0,264.0,15,FFFFFF,409
264.0,264.0,19,E4CD9E,905
264.0,264.0,25,FE8A18,9
264.0,264.0,27,BBE90B,16
264.0,264.0,28,958A73,459
264.0,264.0,33,0020A0,4
264.0,264.0,34,84B68D,14
264.0,264.0,36,C91A09,67
264.0,264.0,40,635F52,37
264.0,264.0,41,AEEFEC,2
264.0,264.0,42,F8F184,2
264.0,264.0,45,DF6695,1
264.0,264.0,46,F5CD2F,10
264.0,264.0,47,FCFCFC,75
264.0,264.0,57,FF800D,15
264.0,264.0,70,582A12,623
264.0,264.0,71,A0A5A9,1791
264.0,264.0,72,6C6E68,2256
264.0,264.0,80,A5A9B4,36
264.0,264.0,82,DBAC34,7
264.0,264.0,84,AA7D55,54
264.0,264.0,85,3F3691,1
264.0,264.0,135,9CA3A8,37
264.0,264.0,148,575857,8
264.0,264.0,179,898788,14
264.0,264.0,182,F08F1C,29
264.0,264.0,191,F8BB3D,87
264.0,264.0,272,0A3463,75
264.0,264.0,288,184632,241
264.0,264.0,294,BDC6AD,2
264.0,264.0,297,AA7F2E,113
264.0,264.0,308,352100,45
264.0,264.0,320,720E0F,319
264.0,264.0,326,9B9A5A,33
264.0,264.0,334,BBA53D,16
264.0,264.0,378,A0BCAC,51
264.0,264.0,383,E0E0E0,4
264.0,264.0,484,A95500,20
264.0,264.0,9999,05131D,15
269.0,269.0,0,05131D,683
269.0,269.0,1,0055BF,72
269.0,269.0,2,237841,70
269.0,269.0,4,C91A09,582
269.0,269.0,14,F2CD37,130
269.0,269.0,15,FFFFFF,322
269.0,269.0,19,E4CD9E,244
269.0,269.0,25,FE8A18,47
269.0,269.0,27,BBE90B,2
269.0,269.0,28,958A73,1
269.0,269.0,34,84B68D,23
269.0,269.0,35,D9E4A7,1
269.0,269.0,36,C91A09,90
269.0,269.0,40,635F52,6
269.0,269.0,46,F5CD2F,10
269.0,269.0,47,FCFCFC,37
269.0,269.0,70,582A12,198
269.0,269.0,71,A0A5A9,503
269.0,269.0,72,6C6E68,512
269.0,269.0,73,5A93DB,41
269.0,269.0,80,A5A9B4,1
269.0,269.0,182,F08F1C,22
269.0,269.0,297,AA7F2E,24
269.0,269.0,308,352100,1
269.0,269.0,320,720E0F,2
269.0,269.0,323,ADC3C0,4
269.0,269.0,378,A0BCAC,6
269.0,269.0,484,A95500,14
269.0,269.0,9999,05131D,20
270.0,270.0,0,05131D,18
270.0,270.0,1,0055BF,7
270.0,270.0,4,C91A09,16
270.0,270.0,14,F2CD37,1
270.0,270.0,26,923978,10
270.0,270.0,28,958A73,1
270.0,270.0,70,582A12,13
270.0,270.0,73,5A93DB,9
270.0,270.0,212,9FC3E9,8
270.0,270.0,272,0A3463,17
270.0,270.0,288,184632,5
270.0,270.0,320,720E0F,5
270.0,270.0,378,A0BCAC,13
271.0,271.0,0,05131D,182
271.0,271.0,1,0055BF,11
271.0,271.0,2,237841,17
271.0,271.0,4,C91A09,19
271.0,271.0,10,4B9F4A,6
271.0,271.0,15,FFFFFF,370
271.0,271.0,19,E4CD9E,304
271.0,271.0,28,958A73,94
271.0,271.0,34,84B68D,3
271.0,271.0,36,C91A09,4
271.0,271.0,46,F5CD2F,18
271.0,271.0,47,FCFCFC,3
271.0,271.0,57,FF800D,17
271.0,271.0,70,582A12,159
271.0,271.0,71,A0A5A9,74
271.0,271.0,72,6C6E68,368
271.0,271.0,84,AA7D55,185
271.0,271.0,132,05131D,2
271.0,271.0,135,9CA3A8,50
271.0,271.0,182,F08F1C,4
271.0,271.0,297,AA7F2E,128
271.0,271.0,308,352100,26
271.0,271.0,320,720E0F,8
271.0,271.0,379,6074A1,1
271.0,271.0,484,A95500,2
272.0,272.0,0,05131D,478
272.0,272.0,1,0055BF,345
272.0,272.0,2,237841,112
272.0,272.0,4,C91A09,651
272.0,272.0,10,4B9F4A,19
272.0,272.0,14,F2CD37,299
272.0,272.0,15,FFFFFF,460
272.0,272.0,19,E4CD9E,246
272.0,272.0,25,FE8A18,604
272.0,272.0,26,923978,1
272.0,272.0,27,BBE90B,40
272.0,272.0,28,958A73,2
272.0,272.0,29,E4ADC8,6
272.0,272.0,33,0020A0,10
272.0,272.0,34,84B68D,19
272.0,272.0,36,C91A09,21
272.0,272.0,40,635F52,4
272.0,272.0,41,AEEFEC,22
272.0,272.0,42,F8F184,9
272.0,272.0,45,DF6695,19
272.0,272.0,46,F5CD2F,9
272.0,272.0,47,FCFCFC,83
272.0,272.0,57,FF800D,9
272.0,272.0,70,582A12,489
272.0,272.0,71,A0A5A9,592
272.0,272.0,72,6C6E68,337
272.0,272.0,73,5A93DB,72
272.0,272.0,80,A5A9B4,3
272.0,272.0,135,9CA3A8,1
272.0,272.0,179,898788,14
272.0,272.0,182,F08F1C,14
272.0,272.0,191,F8BB3D,10
272.0,272.0,272,0A3463,39
272.0,272.0,288,184632,2
272.0,272.0,297,AA7F2E,18
272.0,272.0,308,352100,34
272.0,272.0,320,720E0F,4
272.0,272.0,321,078BC9,8
272.0,272.0,334,BBA53D,4
272.0,272.0,378,A0BCAC,4
272.0,272.0,1103,3E3C39,1
272.0,272.0,9999,05131D,13
273.0,273.0,0,05131D,533
273.0,273.0,1,0055BF,113
273.0,273.0,2,237841,114
273.0,273.0,4,C91A09,101
273.0,273.0,6,583927,55
273.0,273.0,7,9BA19D,435
273.0,273.0,8,6D6E5C,313
273.0,273.0,14,F2CD37,140
273.0,273.0,15,FFFFFF,185
273.0,273.0,19,E4CD9E,24
273.0,273.0,21,D4D5C9,2
273.0,273.0,25,FE8A18,19
273.0,273.0,33,0020A0,9
273.0,273.0,34,84B68D,19
273.0,273.0,36,C91A09,46
273.0,273.0,41,AEEFEC,4
273.0,273.0,42,F8F184,55
273.0,273.0,46,F5CD2F,15
273.0,273.0,47,FCFCFC,17
273.0,273.0,52,A5A5CB,1
273.0,273.0,57,FF800D,38
273.0,273.0,135,9CA3A8,2
273.0,273.0,272,0A3463,1
273.0,273.0,320,720E0F,1
273.0,273.0,334,BBA53D,8
273.0,273.0,379,6074A1,112
273.0,273.0,383,E0E0E0,6
273.0,273.0,9999,05131D,11
274.0,274.0,0,05131D,87
274.0,274.0,1,0055BF,11
274.0,274.0,2,237841,16
274.0,274.0,4,C91A09,10
274.0,274.0,6,583927,30
274.0,274.0,7,9BA19D,55
274.0,274.0,8,6D6E5C,45
274.0,274.0,14,F2CD37,6
274.0,274.0,15,FFFFFF,51
274.0,274.0,19,E4CD9E,4
274.0,274.0,34,84B68D,2
274.0,274.0,36,C91A09,2
274.0,274.0,40,635F52,1
274.0,274.0,41,AEEFEC,6
274.0,274.0,47,FCFCFC,2
275.0,275.0,0,05131D,838
275.0,275.0,1,0055BF,386
275.0,275.0,2,237841,236
275.0,275.0,3,008F9B,151
275.0,275.0,4,C91A09,679
275.0,275.0,5,C870A0,246
275.0,275.0,10,4B9F4A,15
275.0,275.0,14,F2CD37,425
275.0,275.0,15,FFFFFF,547
275.0,275.0,19,E4CD9E,374
275.0,275.0,25,FE8A18,37
275.0,275.0,26,923978,15
275.0,275.0,27,BBE90B,384
275.0,275.0,28,958A73,49
275.0,275.0,29,E4ADC8,83
275.0,275.0,30,AC78BA,32
275.0,275.0,31,E1D5ED,19
275.0,275.0,33,0020A0,5
275.0,275.0,34,84B68D,14
275.0,275.0,36,C91A09,28
275.0,275.0,40,635F52,16
275.0,275.0,41,AEEFEC,24
275.0,275.0,42,F8F184,20
275.0,275.0,45,DF6695,2
275.0,275.0,46,F5CD2F,4
275.0,275.0,47,FCFCFC,53
275.0,275.0,57,FF800D,34
275.0,275.0,70,582A12,392
275.0,275.0,71,A0A5A9,722
275.0,275.0,72,6C6E68,626
275.0,275.0,73,5A93DB,14
275.0,275.0,78,F6D7B3,6
275.0,275.0,80,A5A9B4,3
275.0,275.0,84,AA7D55,219
275.0,275.0,85,3F3691,268
275.0,275.0,135,9CA3A8,2
275.0,275.0,179,898788,12
275.0,275.0,182,F08F1C,37
275.0,275.0,191,F8BB3D,23
275.0,275.0,226,FFF03A,4
275.0,275.0,272,0A3463,63
275.0,275.0,288,184632,57
275.0,275.0,297,AA7F2E,16
275.0,275.0,308,352100,56
275.0,275.0,320,720E0F,2
275.0,275.0,321,078BC9,11
275.0,275.0,322,36AEBF,68
275.0,275.0,334,BBA53D,4
275.0,275.0,378,A0BCAC,8
275.0,275.0,383,E0E0E0,12
275.0,275.0,484,A95500,56
275.0,275.0,1061,0020A0,2
275.0,275.0,1103,3E3C39,1
275.0,275.0,1136,CA4C0B,1
275.0,275.0,9999,05131D,5
276.0,276.0,0,05131D,20
276.0,276.0,1,0055BF,356
276.0,276.0,2,237841,1722
276.0,276.0,4,C91A09,681
276.0,276.0,7,9BA19D,23
276.0,276.0,8,6D6E5C,2
276.0,276.0,14,F2CD37,599
276.0,276.0,15,FFFFFF,19
276.0,276.0,19,E4CD9E,1
276.0,276.0,47,FCFCFC,2
276.0,276.0,378,A0BCAC,2867
276.0,276.0,9999,05131D,1
277.0,277.0,0,05131D,3368
277.0,277.0,1,0055BF,116
277.0,277.0,2,237841,72
277.0,277.0,4,C91A09,153
277.0,277.0,5,C870A0,19
277.0,277.0,14,F2CD37,975
277.0,277.0,15,FFFFFF,4952
277.0,277.0,25,FE8A18,57
277.0,277.0,27,BBE90B,64
277.0,277.0,42,F8F184,3
277.0,277.0,46,F5CD2F,3
277.0,277.0,47,FCFCFC,3
277.0,277.0,70,582A12,38
277.0,277.0,71,A0A5A9,2255
277.0,277.0,72,6C6E68,2552
277.0,277.0,73,5A93DB,79
277.0,277.0,80,A5A9B4,3
278.0,278.0,0,05131D,3691
278.0,278.0,1,0055BF,586
278.0,278.0,4,C91A09,1694
278.0,278.0,6,583927,2
278.0,278.0,7,9BA19D,3549
278.0,278.0,8,6D6E5C,23
278.0,278.0,14,F2CD37,642
278.0,278.0,15,FFFFFF,1292
278.0,278.0,34,84B68D,2
278.0,278.0,36,C91A09,85
278.0,278.0,41,AEEFEC,59
278.0,278.0,46,F5CD2F,166
278.0,278.0,47,FCFCFC,121
278.0,278.0,71,A0A5A9,133
278.0,278.0,383,E0E0E0,93
278.0,278.0,9999,05131D,19
279.0,279.0,0,05131D,235
279.0,279.0,1,0055BF,28
279.0,279.0,2,237841,54
279.0,279.0,4,C91A09,121
279.0,279.0,7,9BA19D,37
279.0,279.0,8,6D6E5C,20
279.0,279.0,14,F2CD37,136
279.0,279.0,15,FFFFFF,136
279.0,279.0,19,E4CD9E,1
279.0,279.0,25,FE8A18,4
279.0,279.0,33,0020A0,12
279.0,279.0,34,84B68D,2
279.0,279.0,36,C91A09,3
279.0,279.0,40,635F52,10
279.0,279.0,41,AEEFEC,4
279.0,279.0,42,F8F184,15
279.0,279.0,46,F5CD2F,8
279.0,279.0,57,FF800D,10
279.0,279.0,70,582A12,56
279.0,279.0,71,A0A5A9,57
279.0,279.0,72,6C6E68,45
279.0,279.0,74,73DCA1,2
279.0,279.0,143,CFE2F7,14
279.0,279.0,334,BBA53D,12
279.0,279.0,383,E0E0E0,8
279.0,279.0,9999,05131D,1
280.0,280.0,0,05131D,308
280.0,280.0,1,0055BF,24
280.0,280.0,2,237841,14
280.0,280.0,3,008F9B,4
280.0,280.0,4,C91A09,70
280.0,280.0,6,583927,3
280.0,280.0,7,9BA19D,158
280.0,280.0,8,6D6E5C,64
280.0,280.0,10,4B9F4A,1
280.0,280.0,14,F2CD37,125
280.0,280.0,15,FFFFFF,237
280.0,280.0,25,FE8A18,53
280.0,280.0,33,0020A0,19
280.0,280.0,36,C91A09,1
280.0,280.0,40,635F52,11
280.0,280.0,41,AEEFEC,9
280.0,280.0,42,F8F184,55
280.0,280.0,47,FCFCFC,6
280.0,280.0,57,FF800D,31
280.0,280.0,143,CFE2F7,8
280.0,280.0,383,E0E0E0,19
280.0,280.0,9999,05131D,4
287.0,287.0,0,05131D,41
287.0,287.0,1,0055BF,9
287.0,287.0,4,C91A09,25
287.0,287.0,14,F2CD37,22
287.0,287.0,15,FFFFFF,21
287.0,287.0,33,0020A0,1
287.0,287.0,36,C91A09,5
287.0,287.0,40,635F52,5
287.0,287.0,41,AEEFEC,2
287.0,287.0,71,A0A5A9,28
287.0,287.0,72,6C6E68,16
287.0,287.0,143,CFE2F7,1
287.0,287.0,272,0A3463,5
287.0,287.0,378,A0BCAC,1
287.0,287.0,379,6074A1,1
297.0,297.0,0,05131D,632
297.0,297.0,1,0055BF,60
297.0,297.0,2,237841,68
297.0,297.0,4,C91A09,171
297.0,297.0,6,583927,102
297.0,297.0,7,9BA19D,574
297.0,297.0,8,6D6E5C,318
297.0,297.0,14,F2CD37,73
297.0,297.0,15,FFFFFF,76
297.0,297.0,19,E4CD9E,383
297.0,297.0,34,84B68D,6
297.0,297.0,36,C91A09,16
297.0,297.0,42,F8F184,4
297.0,297.0,46,F5CD2F,13
297.0,297.0,47,FCFCFC,40
297.0,297.0,57,FF800D,15
297.0,297.0,82,DBAC34,2
297.0,297.0,334,BBA53D,12
297.0,297.0,9999,05131D,6
298.0,298.0,0,05131D,331
298.0,298.0,1,0055BF,108
298.0,298.0,2,237841,72
298.0,298.0,4,C91A09,145
298.0,298.0,6,583927,167
298.0,298.0,7,9BA19D,391
298.0,298.0,8,6D6E5C,153
298.0,298.0,14,F2CD37,41
298.0,298.0,15,FFFFFF,135
298.0,298.0,19,E4CD9E,84
298.0,298.0,34,84B68D,1
298.0,298.0,36,C91A09,4
298.0,298.0,40,635F52,1
298.0,298.0,42,F8F184,1
298.0,298.0,46,F5CD2F,5
298.0,298.0,47,FCFCFC,32
298.0,298.0,57,FF800D,3
298.0,298.0,484,A95500,5
298.0,298.0,9999,05131D,4
299.0,299.0,0,05131D,192
299.0,299.0,1,0055BF,103
299.0,299.0,2,237841,49
299.0,299.0,4,C91A09,152
299.0,299.0,6,583927,65
299.0,299.0,7,9BA19D,254
299.0,299.0,8,6D6E5C,97
299.0,299.0,14,F2CD37,73
299.0,299.0,15,FFFFFF,82
299.0,299.0,19,E4CD9E,30
299.0,299.0,33,0020A0,2
299.0,299.0,34,84B68D,4
299.0,299.0,36,C91A09,14
299.0,299.0,42,F8F184,4
299.0,299.0,46,F5CD2F,2
299.0,299.0,47,FCFCFC,12
299.0,299.0,57,FF800D,18
299.0,299.0,334,BBA53D,10
299.0,299.0,383,E0E0E0,4
299.0,299.0,9999,05131D,2
300.0,300.0,0,05131D,523
300.0,300.0,1,0055BF,3
300.0,300.0,2,237841,23
300.0,300.0,4,C91A09,294
300.0,300.0,6,583927,164
300.0,300.0,7,9BA19D,324
300.0,300.0,8,6D6E5C,347
300.0,300.0,10,4B9F4A,3
300.0,300.0,14,F2CD37,81
300.0,300.0,15,FFFFFF,167
300.0,300.0,19,E4CD9E,178
300.0,300.0,33,0020A0,6
300.0,300.0,34,84B68D,4
300.0,300.0,36,C91A09,19
300.0,300.0,41,AEEFEC,8
300.0,300.0,46,F5CD2F,32
300.0,300.0,47,FCFCFC,14
300.0,300.0,57,FF800D,13
300.0,300.0,60,645A4C,2
300.0,300.0,72,6C6E68,2
300.0,300.0,272,0A3463,58
300.0,300.0,334,BBA53D,3
300.0,300.0,366,FA9C1C,1
300.0,300.0,378,A0BCAC,35
300.0,300.0,462,FFA70B,19
300.0,300.0,484,A95500,30
300.0,300.0,9999,05131D,111
301.0,301.0,0,05131D,4291
301.0,301.0,1,0055BF,1904
301.0,301.0,2,237841,1396
301.0,301.0,3,008F9B,137
301.0,301.0,4,C91A09,2665
301.0,301.0,5,C870A0,192
301.0,301.0,6,583927,3
301.0,301.0,7,9BA19D,246
301.0,301.0,8,6D6E5C,79
301.0,301.0,10,4B9F4A,295
301.0,301.0,14,F2CD37,2241
301.0,301.0,15,FFFFFF,8205
301.0,301.0,19,E4CD9E,2397
301.0,301.0,25,FE8A18,680
301.0,301.0,26,923978,99
301.0,301.0,27,BBE90B,883
301.0,301.0,28,958A73,508
301.0,301.0,29,E4ADC8,373
301.0,301.0,30,AC78BA,139
301.0,301.0,31,E1D5ED,71
301.0,301.0,33,0020A0,95
301.0,301.0,34,84B68D,89
301.0,301.0,35,D9E4A7,3
301.0,301.0,36,C91A09,172
301.0,301.0,40,635F52,8
301.0,301.0,41,AEEFEC,265
301.0,301.0,42,F8F184,10
301.0,301.0,45,DF6695,8
301.0,301.0,46,F5CD2F,165
301.0,301.0,47,FCFCFC,422
301.0,301.0,52,A5A5CB,6
301.0,301.0,57,FF800D,5
301.0,301.0,70,582A12,1119
301.0,301.0,71,A0A5A9,3599
301.0,301.0,72,6C6E68,1415
301.0,301.0,73,5A93DB,227
301.0,301.0,78,F6D7B3,27
301.0,301.0,80,A5A9B4,2
301.0,301.0,82,DBAC34,3
301.0,301.0,84,AA7D55,391
301.0,301.0,85,3F3691,112
301.0,301.0,92,D09168,8
301.0,301.0,143,CFE2F7,12
301.0,301.0,158,DFEEA5,36
301.0,301.0,179,898788,156
301.0,301.0,182,F08F1C,48
301.0,301.0,191,F8BB3D,197
301.0,301.0,212,9FC3E9,147
301.0,301.0,226,FFF03A,123
301.0,301.0,272,0A3463,511
301.0,301.0,288,184632,119
301.0,301.0,297,AA7F2E,224
301.0,301.0,308,352100,40
301.0,301.0,320,720E0F,539
301.0,301.0,321,078BC9,564
301.0,301.0,322,36AEBF,558
301.0,301.0,323,ADC3C0,167
301.0,301.0,326,9B9A5A,6
301.0,301.0,334,BBA53D,12
301.0,301.0,378,A0BCAC,115
301.0,301.0,379,6074A1,30
301.0,301.0,484,A95500,293
301.0,301.0,1000,D9D9D9,12
301.0,301.0,1050,FF698F,50
301.0,301.0,1054,CE1D9B,4
301.0,301.0,1055,FCFCFC,1
301.0,301.0,1059,8320B7,5
301.0,301.0,1062,EBD800,2
301.0,301.0,1103,3E3C39,7
301.0,301.0,1136,CA4C0B,8
301.0,301.0,9999,05131D,34
302.0,302.0,0,05131D,1631
302.0,302.0,1,0055BF,190
302.0,302.0,2,237841,29
302.0,302.0,4,C91A09,246
302.0,302.0,10,4B9F4A,1
302.0,302.0,14,F2CD37,283
302.0,302.0,15,FFFFFF,113
302.0,302.0,19,E4CD9E,73
302.0,302.0,25,FE8A18,277
302.0,302.0,27,BBE90B,41
302.0,302.0,28,958A73,8
302.0,302.0,34,84B68D,26
302.0,302.0,36,C91A09,127
302.0,302.0,40,635F52,19
302.0,302.0,41,AEEFEC,6
302.0,302.0,42,F8F184,78
302.0,302.0,45,DF6695,4
302.0,302.0,46,F5CD2F,51
302.0,302.0,47,FCFCFC,62
302.0,302.0,57,FF800D,41
302.0,302.0,70,582A12,59
302.0,302.0,71,A0A5A9,1480
302.0,302.0,72,6C6E68,906
302.0,302.0,73,5A93DB,4
302.0,302.0,80,A5A9B4,128
302.0,302.0,82,DBAC34,15
302.0,302.0,135,9CA3A8,62
302.0,302.0,148,575857,1
302.0,302.0,182,F08F1C,104
302.0,302.0,272,0A3463,609
302.0,302.0,288,184632,9
302.0,302.0,308,352100,118
302.0,302.0,320,720E0F,16
302.0,302.0,9999,05131D,18
303.0,303.0,0,05131D,1783
303.0,303.0,1,0055BF,272
303.0,303.0,2,237841,21
303.0,303.0,4,C91A09,128
303.0,303.0,14,F2CD37,58
303.0,303.0,15,FFFFFF,492
303.0,303.0,19,E4CD9E,76
303.0,303.0,25,FE8A18,17
303.0,303.0,27,BBE90B,46
303.0,303.0,28,958A73,81
303.0,303.0,33,0020A0,4
303.0,303.0,34,84B68D,65
303.0,303.0,35,D9E4A7,20
303.0,303.0,36,C91A09,65
303.0,303.0,40,635F52,5
303.0,303.0,41,AEEFEC,313
303.0,303.0,42,F8F184,42
303.0,303.0,46,F5CD2F,42
303.0,303.0,47,FCFCFC,68
303.0,303.0,52,A5A5CB,40
303.0,303.0,57,FF800D,9
303.0,303.0,70,582A12,2
303.0,303.0,71,A0A5A9,875
303.0,303.0,72,6C6E68,988
303.0,303.0,82,DBAC34,3
303.0,303.0,85,3F3691,28
303.0,303.0,179,898788,228
303.0,303.0,182,F08F1C,233
303.0,303.0,191,F8BB3D,40
303.0,303.0,272,0A3463,41
303.0,303.0,288,184632,6
303.0,303.0,297,AA7F2E,29
303.0,303.0,308,352100,2
303.0,303.0,320,720E0F,17
303.0,303.0,322,36AEBF,3
303.0,303.0,326,9B9A5A,92
303.0,303.0,379,6074A1,7
303.0,303.0,1103,3E3C39,42
303.0,303.0,9999,05131D,13
304.0,304.0,0,05131D,325
304.0,304.0,1,0055BF,10
304.0,304.0,2,237841,8
304.0,304.0,4,C91A09,113
304.0,304.0,7,9BA19D,167
304.0,304.0,8,6D6E5C,133
304.0,304.0,14,F2CD37,100
304.0,304.0,15,FFFFFF,55
304.0,304.0,22,81007B,4
304.0,304.0,25,FE8A18,2
304.0,304.0,33,0020A0,9
304.0,304.0,34,84B68D,1
304.0,304.0,36,C91A09,14
304.0,304.0,42,F8F184,72
304.0,304.0,57,FF800D,57
304.0,304.0,9999,05131D,7
305.0,305.0,0,05131D,529
305.0,305.0,2,237841,8
305.0,305.0,4,C91A09,143
305.0,305.0,6,583927,2
305.0,305.0,7,9BA19D,132
305.0,305.0,8,6D6E5C,204
305.0,305.0,14,F2CD37,185
305.0,305.0,15,FFFFFF,7
305.0,305.0,19,E4CD9E,1
305.0,305.0,33,0020A0,4
305.0,305.0,34,84B68D,2
305.0,305.0,36,C91A09,32
305.0,305.0,40,635F52,9
305.0,305.0,42,F8F184,74
305.0,305.0,57,FF800D,16
305.0,305.0,320,720E0F,1
305.0,305.0,383,E0E0E0,4
305.0,305.0,9999,05131D,6
306.0,306.0,0,05131D,701
306.0,306.0,1,0055BF,62
306.0,306.0,2,237841,2
306.0,306.0,4,C91A09,3
306.0,306.0,8,6D6E5C,2
306.0,306.0,14,F2CD37,1
306.0,306.0,15,FFFFFF,269
306.0,306.0,19,E4CD9E,17
306.0,306.0,25,FE8A18,1
306.0,306.0,33,0020A0,18
306.0,306.0,36,C91A09,21
306.0,306.0,40,635F52,1
306.0,306.0,47,FCFCFC,34
306.0,306.0,71,A0A5A9,396
306.0,306.0,72,6C6E68,225
306.0,306.0,143,CFE2F7,86
306.0,306.0,182,F08F1C,62
306.0,306.0,272,0A3463,132
306.0,306.0,320,720E0F,140
306.0,306.0,379,6074A1,160
306.0,306.0,9999,05131D,7
307.0,307.0,0,05131D,3
307.0,307.0,1,0055BF,2
307.0,307.0,2,237841,2
307.0,307.0,4,C91A09,1
307.0,307.0,8,6D6E5C,2
307.0,307.0,383,E0E0E0,6
308.0,308.0,0,05131D,406
308.0,308.0,1,0055BF,28
308.0,308.0,2,237841,7
308.0,308.0,4,C91A09,5
308.0,308.0,7,9BA19D,34
308.0,308.0,9,B4D2E3,2
308.0,308.0,14,F2CD37,456
308.0,308.0,33,0020A0,25
308.0,308.0,57,FF800D,69
308.0,308.0,383,E0E0E0,38
309.0,309.0,0,05131D,231
309.0,309.0,1,0055BF,8
309.0,309.0,2,237841,127
309.0,309.0,4,C91A09,1
309.0,309.0,7,9BA19D,31
309.0,309.0,8,6D6E5C,8
309.0,309.0,14,F2CD37,28
309.0,309.0,42,F8F184,58
309.0,309.0,383,E0E0E0,22
309.0,309.0,9999,05131D,5
310.0,310.0,0,05131D,849
310.0,310.0,1,0055BF,52
310.0,310.0,2,237841,9
310.0,310.0,4,C91A09,182
310.0,310.0,14,F2CD37,534
310.0,310.0,15,FFFFFF,84
310.0,310.0,19,E4CD9E,32
310.0,310.0,33,0020A0,46
310.0,310.0,34,84B68D,48
310.0,310.0,36,C91A09,57
310.0,310.0,40,635F52,6
310.0,310.0,41,AEEFEC,19
310.0,310.0,42,F8F184,3
310.0,310.0,45,DF6695,2
310.0,310.0,46,F5CD2F,6
310.0,310.0,47,FCFCFC,24
310.0,310.0,70,582A12,26
310.0,310.0,71,A0A5A9,278
310.0,310.0,72,6C6E68,342
310.0,310.0,82,DBAC34,2
310.0,310.0,135,9CA3A8,25
310.0,310.0,143,CFE2F7,4
310.0,310.0,191,F8BB3D,2
310.0,310.0,272,0A3463,66
310.0,310.0,288,184632,18
310.0,310.0,294,BDC6AD,16
310.0,310.0,320,720E0F,26
310.0,310.0,334,BBA53D,24
310.0,310.0,383,E0E0E0,6
310.0,310.0,9999,05131D,3
311.0,311.0,0,05131D,412
311.0,311.0,1,0055BF,153
311.0,311.0,2,237841,6
311.0,311.0,4,C91A09,6
311.0,311.0,7,9BA19D,13
311.0,311.0,8,6D6E5C,6
311.0,311.0,9,B4D2E3,2
311.0,311.0,57,FF800D,59
311.0,311.0,383,E0E0E0,21
312.0,312.0,0,05131D,340
312.0,312.0,1,0055BF,58
312.0,312.0,4,C91A09,22
312.0,312.0,7,9BA19D,162
312.0,312.0,8,6D6E5C,13
312.0,312.0,9,B4D2E3,1
312.0,312.0,14,F2CD37,233
312.0,312.0,15,FFFFFF,2
312.0,312.0,34,84B68D,105
312.0,312.0,42,F8F184,1
312.0,312.0,57,FF800D,37
312.0,312.0,383,E0E0E0,31
313.0,313.0,0,05131D,261
313.0,313.0,1,0055BF,9
313.0,313.0,4,C91A09,117
313.0,313.0,6,583927,78
313.0,313.0,7,9BA19D,80
313.0,313.0,8,6D6E5C,152
313.0,313.0,42,F8F184,137
313.0,313.0,383,E0E0E0,23
315.0,315.0,0,05131D,1525
315.0,315.0,1,0055BF,160
315.0,315.0,2,237841,12
315.0,315.0,4,C91A09,1108
315.0,315.0,14,F2CD37,197
315.0,315.0,15,FFFFFF,506
315.0,315.0,19,E4CD9E,195
315.0,315.0,25,FE8A18,66
315.0,315.0,27,BBE90B,262
315.0,315.0,28,958A73,100
315.0,315.0,33,0020A0,28
315.0,315.0,34,84B68D,40
315.0,315.0,35,D9E4A7,54
315.0,315.0,36,C91A09,97
315.0,315.0,41,AEEFEC,18
315.0,315.0,42,F8F184,5
315.0,315.0,46,F5CD2F,46
315.0,315.0,47,FCFCFC,91
315.0,315.0,52,A5A5CB,1
315.0,315.0,70,582A12,6
315.0,315.0,71,A0A5A9,706
315.0,315.0,72,6C6E68,1151
315.0,315.0,133,05131D,4
315.0,315.0,135,9CA3A8,37
315.0,315.0,148,575857,8
315.0,315.0,179,898788,59
315.0,315.0,182,F08F1C,5
315.0,315.0,288,184632,137
315.0,315.0,294,BDC6AD,4
315.0,315.0,297,AA7F2E,218
315.0,315.0,308,352100,8
315.0,315.0,320,720E0F,67
315.0,315.0,378,A0BCAC,1
315.0,315.0,9999,05131D,29
317.0,317.0,0,05131D,270
317.0,317.0,1,0055BF,3
317.0,317.0,4,C91A09,75
317.0,317.0,15,FFFFFF,27
317.0,317.0,19,E4CD9E,101
317.0,317.0,33,0020A0,3
317.0,317.0,34,84B68D,10
317.0,317.0,36,C91A09,9
317.0,317.0,47,FCFCFC,3
317.0,317.0,57,FF800D,7
317.0,317.0,70,582A12,49
317.0,317.0,71,A0A5A9,111
317.0,317.0,72,6C6E68,391
317.0,317.0,320,720E0F,32
317.0,317.0,378,A0BCAC,9
317.0,317.0,1080,F3C988,1
317.0,317.0,9999,05131D,1
318.0,318.0,0,05131D,195
318.0,318.0,1,0055BF,241
318.0,318.0,2,237841,256
318.0,318.0,3,008F9B,16
318.0,318.0,4,C91A09,162
318.0,318.0,5,C870A0,271
318.0,318.0,6,583927,110
318.0,318.0,7,9BA19D,41
318.0,318.0,8,6D6E5C,16
318.0,318.0,9,B4D2E3,12
318.0,318.0,10,4B9F4A,249
318.0,318.0,11,55A5AF,5
318.0,318.0,13,FC97AC,255
318.0,318.0,14,F2CD37,394
318.0,318.0,15,FFFFFF,2095
318.0,318.0,17,C2DAB8,18
318.0,318.0,18,FBE696,139
318.0,318.0,19,E4CD9E,1
318.0,318.0,20,C9CAE2,121
318.0,318.0,21,D4D5C9,1
318.0,318.0,22,81007B,22
318.0,318.0,23,2032B0,4
318.0,318.0,25,FE8A18,119
318.0,318.0,26,923978,159
318.0,318.0,27,BBE90B,58
318.0,318.0,29,E4ADC8,66
318.0,318.0,33,0020A0,74
318.0,318.0,34,84B68D,161
318.0,318.0,36,C91A09,65
318.0,318.0,41,AEEFEC,109
318.0,318.0,42,F8F184,27
318.0,318.0,45,DF6695,315
318.0,318.0,46,F5CD2F,132
318.0,318.0,47,FCFCFC,146
318.0,318.0,52,A5A5CB,71
318.0,318.0,54,DAB000,22
318.0,318.0,57,FF800D,70
318.0,318.0,60,645A4C,4
318.0,318.0,63,AA4D8E,3
318.0,318.0,68,F3CF9B,1
318.0,318.0,70,582A12,42
318.0,318.0,71,A0A5A9,56
318.0,318.0,72,6C6E68,14
318.0,318.0,73,5A93DB,67
318.0,318.0,74,73DCA1,157
318.0,318.0,80,A5A9B4,1
318.0,318.0,82,DBAC34,11
318.0,318.0,85,3F3691,22
318.0,318.0,92,D09168,21
318.0,318.0,100,FEBABD,2
318.0,318.0,110,4354A3,18
318.0,318.0,112,6874CA,1
318.0,318.0,114,DF6695,133
318.0,318.0,115,C7D23C,106
318.0,318.0,117,FFFFFF,10
318.0,318.0,118,B3D7D1,59
318.0,318.0,120,D9E4A7,19
318.0,318.0,125,F9BA61,17
318.0,318.0,129,A5A5CB,5
318.0,318.0,135,9CA3A8,26
318.0,318.0,143,CFE2F7,95
318.0,318.0,150,ABADAC,2
318.0,318.0,151,E6E3E0,1
318.0,318.0,182,F08F1C,19
318.0,318.0,191,F8BB3D,52
318.0,318.0,212,9FC3E9,11
318.0,318.0,226,FFF03A,27
318.0,318.0,232,7DBFDD,26
318.0,318.0,297,AA7F2E,7
318.0,318.0,320,720E0F,1
318.0,318.0,334,BBA53D,72
318.0,318.0,351,F785B1,656
318.0,318.0,366,FA9C1C,15
318.0,318.0,379,6074A1,17
318.0,318.0,383,E0E0E0,111
318.0,318.0,462,FFA70B,97
318.0,318.0,484,A95500,23
318.0,318.0,503,E6E3DA,1
318.0,318.0,1001,9391E4,3
318.0,318.0,1007,8E5597,1
318.0,318.0,1057,C9E788,20
318.0,318.0,1081,872B17,2
318.0,318.0,9999,05131D,97
324.0,324.0,0,05131D,9786
324.0,324.0,1,0055BF,2001
324.0,324.0,2,237841,286
324.0,324.0,3,008F9B,26
324.0,324.0,4,C91A09,1538
324.0,324.0,6,583927,194
324.0,324.0,7,9BA19D,1660
324.0,324.0,8,6D6E5C,1255
324.0,324.0,10,4B9F4A,65
324.0,324.0,14,F2CD37,292
324.0,324.0,15,FFFFFF,1010
324.0,324.0,19,E4CD9E,545
324.0,324.0,21,D4D5C9,33
324.0,324.0,22,81007B,19
324.0,324.0,25,FE8A18,255
324.0,324.0,27,BBE90B,323
324.0,324.0,28,958A73,68
324.0,324.0,33,0020A0,101
324.0,324.0,34,84B68D,36
324.0,324.0,35,D9E4A7,44
324.0,324.0,36,C91A09,132
324.0,324.0,40,635F52,5
324.0,324.0,41,AEEFEC,197
324.0,324.0,42,F8F184,164
324.0,324.0,46,F5CD2F,27
324.0,324.0,47,FCFCFC,10
324.0,324.0,52,A5A5CB,54
324.0,324.0,54,DAB000,10
324.0,324.0,57,FF800D,226
324.0,324.0,70,582A12,34
324.0,324.0,71,A0A5A9,2532
324.0,324.0,72,6C6E68,2400
324.0,324.0,73,5A93DB,200
324.0,324.0,79,FFFFFF,7
324.0,324.0,80,A5A9B4,4
324.0,324.0,81,899B5F,2
324.0,324.0,85,3F3691,12
324.0,324.0,86,7C503A,114
324.0,324.0,134,AE7A59,5
324.0,324.0,135,9CA3A8,2295
324.0,324.0,137,7988A1,14
324.0,324.0,142,DCBC81,2
324.0,324.0,143,CFE2F7,65
324.0,324.0,148,575857,135
324.0,324.0,150,ABADAC,4
324.0,324.0,151,E6E3E0,17
324.0,324.0,158,DFEEA5,2
324.0,324.0,178,B48455,60
324.0,324.0,179,898788,260
324.0,324.0,182,F08F1C,52
324.0,324.0,183,F2F3F2,37
324.0,324.0,191,F8BB3D,265
324.0,324.0,272,0A3463,433
324.0,324.0,288,184632,320
324.0,324.0,294,BDC6AD,14
324.0,324.0,297,AA7F2E,232
324.0,324.0,308,352100,4
324.0,324.0,320,720E0F,552
324.0,324.0,321,078BC9,16
324.0,324.0,378,A0BCAC,10
324.0,324.0,379,6074A1,48
324.0,324.0,383,E0E0E0,1
324.0,324.0,462,FFA70B,1
324.0,324.0,484,A95500,102
324.0,324.0,1069,D60026,24
324.0,324.0,1070,0059A3,19
324.0,324.0,1071,008E3C,20
324.0,324.0,1072,57392C,35
324.0,324.0,1073,0A1327,31
324.0,324.0,1083,945148,2
324.0,324.0,1086,6A7944,3
324.0,324.0,1102,FF0040,20
324.0,324.0,1103,3E3C39,113
324.0,324.0,1135,A5ADB4,1
324.0,324.0,9999,05131D,45
341.0,341.0,0,05131D,1831
341.0,341.0,1,0055BF,147
341.0,341.0,2,237841,32
341.0,341.0,4,C91A09,278
341.0,341.0,10,4B9F4A,14
341.0,341.0,14,F2CD37,10
341.0,341.0,15,FFFFFF,192
341.0,341.0,19,E4CD9E,46
341.0,341.0,33,0020A0,4
341.0,341.0,36,C91A09,30
341.0,341.0,40,635F52,4
341.0,341.0,41,AEEFEC,3
341.0,341.0,42,F8F184,32
341.0,341.0,46,F5CD2F,12
341.0,341.0,57,FF800D,39
341.0,341.0,70,582A12,5
341.0,341.0,71,A0A5A9,846
341.0,341.0,72,6C6E68,1740
341.0,341.0,86,7C503A,8
341.0,341.0,135,9CA3A8,541
341.0,341.0,143,CFE2F7,18
341.0,341.0,148,575857,7
341.0,341.0,178,B48455,7
341.0,341.0,182,F08F1C,25
341.0,341.0,191,F8BB3D,20
341.0,341.0,272,0A3463,265
341.0,341.0,288,184632,8
341.0,341.0,294,BDC6AD,21
341.0,341.0,297,AA7F2E,6
341.0,341.0,320,720E0F,592
341.0,341.0,9999,05131D,6
360.0,360.0,0,05131D,98
360.0,360.0,1,0055BF,16
360.0,360.0,4,C91A09,19
360.0,360.0,10,4B9F4A,1
360.0,360.0,14,F2CD37,25
360.0,360.0,15,FFFFFF,16
360.0,360.0,19,E4CD9E,2
360.0,360.0,27,BBE90B,2
360.0,360.0,28,958A73,5
360.0,360.0,33,0020A0,19
360.0,360.0,35,D9E4A7,11
360.0,360.0,36,C91A09,2
360.0,360.0,41,AEEFEC,30
360.0,360.0,42,F8F184,22
360.0,360.0,52,A5A5CB,5
360.0,360.0,57,FF800D,19
360.0,360.0,70,582A12,1
360.0,360.0,71,A0A5A9,8
360.0,360.0,72,6C6E68,41
360.0,360.0,85,3F3691,6
360.0,360.0,158,DFEEA5,2
360.0,360.0,179,898788,33
360.0,360.0,191,F8BB3D,6
360.0,360.0,272,0A3463,2
360.0,360.0,321,078BC9,1
360.0,360.0,484,A95500,5
360.0,360.0,1103,3E3C39,25
363.0,363.0,0,05131D,353
363.0,363.0,1,0055BF,157
363.0,363.0,4,C91A09,407
363.0,363.0,6,583927,1
363.0,363.0,7,9BA19D,357
363.0,363.0,8,6D6E5C,2
363.0,363.0,14,F2CD37,170
363.0,363.0,15,FFFFFF,1128
363.0,363.0,33,0020A0,27
363.0,363.0,34,84B68D,22
363.0,363.0,36,C91A09,25
363.0,363.0,41,AEEFEC,72
363.0,363.0,46,F5CD2F,43
363.0,363.0,47,FCFCFC,105
363.0,363.0,79,FFFFFF,2
363.0,363.0,313,3592C3,7
363.0,363.0,383,E0E0E0,4
363.0,363.0,9999,05131D,25
364.0,364.0,0,05131D,787
364.0,364.0,1,0055BF,576
364.0,364.0,2,237841,12
364.0,364.0,4,C91A09,1244
364.0,364.0,6,583927,14
364.0,364.0,7,9BA19D,10
364.0,364.0,14,F2CD37,716
364.0,364.0,15,FFFFFF,369
364.0,364.0,47,FCFCFC,101
364.0,364.0,9999,05131D,3
365.0,365.0,0,05131D,813
365.0,365.0,1,0055BF,994
365.0,365.0,2,237841,168
365.0,365.0,4,C91A09,2315
365.0,365.0,7,9BA19D,422
365.0,365.0,14,F2CD37,740
365.0,365.0,15,FFFFFF,1789
365.0,365.0,47,FCFCFC,322
365.0,365.0,79,FFFFFF,5
365.0,365.0,1008,039CBD,24
365.0,365.0,1009,1E601E,32
365.0,365.0,1010,CA1F08,31
365.0,365.0,1011,F3C305,24
368.0,368.0,0,05131D,15
368.0,368.0,1,0055BF,35
368.0,368.0,2,237841,3
368.0,368.0,4,C91A09,63
368.0,368.0,7,9BA19D,157
368.0,368.0,14,F2CD37,26
368.0,368.0,15,FFFFFF,40
368.0,368.0,47,FCFCFC,2
368.0,368.0,1109,0A3463,7
368.0,368.0,1110,6D6E5C,9
368.0,368.0,1111,184632,2
368.0,368.0,1113,631314,8
368.0,368.0,1115,10929d,1
368.0,368.0,1121,f9f1c7,2
368.0,368.0,1125,0d4763,1
368.0,368.0,1129,9B9A5A,8
368.0,368.0,1132,A0BCAC,2
368.0,368.0,1133,E4CD9E,1
369.0,369.0,1,0055BF,45
369.0,369.0,4,C91A09,53
369.0,369.0,14,F2CD37,5
369.0,369.0,15,FFFFFF,53
371.0,371.0,0,05131D,984
371.0,371.0,1,0055BF,1547
371.0,371.0,2,237841,248
371.0,371.0,4,C91A09,2103
371.0,371.0,7,9BA19D,587
371.0,371.0,10,4B9F4A,6
371.0,371.0,14,F2CD37,1277
371.0,371.0,15,FFFFFF,2543
371.0,371.0,34,84B68D,4
371.0,371.0,36,C91A09,4
371.0,371.0,46,F5CD2F,4
371.0,371.0,47,FCFCFC,978
371.0,371.0,79,FFFFFF,9
371.0,371.0,1135,A5ADB4,8
372.0,372.0,0,05131D,3
372.0,372.0,1,0055BF,180
372.0,372.0,2,237841,36
372.0,372.0,4,C91A09,965
372.0,372.0,7,9BA19D,7
372.0,372.0,14,F2CD37,2
372.0,372.0,15,FFFFFF,3312
372.0,372.0,47,FCFCFC,345
372.0,372.0,1106,354e5a,1
372.0,372.0,1132,A0BCAC,1
372.0,372.0,1135,A5ADB4,6
372.0,372.0,9999,05131D,22
385.0,385.0,0,05131D,839
385.0,385.0,1,0055BF,58
385.0,385.0,4,C91A09,46
385.0,385.0,14,F2CD37,20
385.0,385.0,15,FFFFFF,87
385.0,385.0,19,E4CD9E,371
385.0,385.0,27,BBE90B,38
385.0,385.0,33,0020A0,3
385.0,385.0,36,C91A09,23
385.0,385.0,40,635F52,23
385.0,385.0,42,F8F184,16
385.0,385.0,46,F5CD2F,13
385.0,385.0,47,FCFCFC,12
385.0,385.0,69,CD6298,2
385.0,385.0,71,A0A5A9,437
385.0,385.0,72,6C6E68,440
385.0,385.0,135,9CA3A8,24
385.0,385.0,288,184632,6
385.0,385.0,320,720E0F,263
385.0,385.0,484,A95500,4
385.0,385.0,9999,05131D,6
386.0,386.0,0,05131D,47
386.0,386.0,4,C91A09,2
386.0,386.0,7,9BA19D,112
386.0,386.0,8,6D6E5C,100
386.0,386.0,19,E4CD9E,13
386.0,386.0,378,A0BCAC,82
386.0,386.0,379,6074A1,79
387.0,387.0,0,05131D,632
387.0,387.0,1,0055BF,102
387.0,387.0,4,C91A09,1
387.0,387.0,7,9BA19D,892
387.0,387.0,8,6D6E5C,257
387.0,387.0,14,F2CD37,11
387.0,387.0,15,FFFFFF,621
387.0,387.0,19,E4CD9E,309
387.0,387.0,33,0020A0,7
387.0,387.0,40,635F52,21
387.0,387.0,47,FCFCFC,17
387.0,387.0,57,FF800D,42
387.0,387.0,135,9CA3A8,5
387.0,387.0,272,0A3463,10
387.0,387.0,334,BBA53D,5
387.0,387.0,378,A0BCAC,9
387.0,387.0,383,E0E0E0,7
387.0,387.0,503,E6E3DA,2
387.0,387.0,9999,05131D,12
388.0,388.0,0,05131D,137
388.0,388.0,1,0055BF,148
388.0,388.0,2,237841,47
388.0,388.0,3,008F9B,35
388.0,388.0,4,C91A09,292
388.0,388.0,5,C870A0,23
388.0,388.0,6,583927,5
388.0,388.0,7,9BA19D,19
388.0,388.0,8,6D6E5C,20
388.0,388.0,10,4B9F4A,13
388.0,388.0,14,F2CD37,127
388.0,388.0,15,FFFFFF,250
388.0,388.0,19,E4CD9E,42
388.0,388.0,25,FE8A18,5
388.0,388.0,26,923978,12
388.0,388.0,27,BBE90B,37
388.0,388.0,28,958A73,4
388.0,388.0,29,E4ADC8,26
388.0,388.0,31,E1D5ED,13
388.0,388.0,33,0020A0,9
388.0,388.0,35,D9E4A7,6
388.0,388.0,36,C91A09,8
388.0,388.0,40,635F52,1
388.0,388.0,41,AEEFEC,19
388.0,388.0,42,F8F184,1
388.0,388.0,45,DF6695,4
388.0,388.0,46,F5CD2F,6
388.0,388.0,47,FCFCFC,13
388.0,388.0,57,FF800D,1
388.0,388.0,70,582A12,48
388.0,388.0,71,A0A5A9,119
388.0,388.0,72,6C6E68,37
388.0,388.0,73,5A93DB,2
388.0,388.0,84,AA7D55,19
388.0,388.0,85,3F3691,7
388.0,388.0,158,DFEEA5,2
388.0,388.0,179,898788,12
388.0,388.0,182,F08F1C,13
388.0,388.0,191,F8BB3D,52
388.0,388.0,272,0A3463,2
388.0,388.0,297,AA7F2E,22
388.0,388.0,320,720E0F,5
388.0,388.0,321,078BC9,23
388.0,388.0,322,36AEBF,15
388.0,388.0,323,ADC3C0,12
388.0,388.0,366,FA9C1C,2
388.0,388.0,379,6074A1,1
388.0,388.0,462,FFA70B,2
388.0,388.0,484,A95500,6
388.0,388.0,9999,05131D,4
389.0,389.0,0,05131D,4392
389.0,389.0,1,0055BF,455
389.0,389.0,2,237841,30
389.0,389.0,4,C91A09,626
389.0,389.0,7,9BA19D,1
389.0,389.0,10,4B9F4A,6
389.0,389.0,14,F2CD37,581
389.0,389.0,15,FFFFFF,886
389.0,389.0,19,E4CD9E,129
389.0,389.0,25,FE8A18,184
389.0,389.0,27,BBE90B,235
389.0,389.0,28,958A73,12
389.0,389.0,33,0020A0,29
389.0,389.0,34,84B68D,11
389.0,389.0,36,C91A09,232
389.0,389.0,40,635F52,65
389.0,389.0,42,F8F184,288
389.0,389.0,46,F5CD2F,14
389.0,389.0,47,FCFCFC,47
389.0,389.0,57,FF800D,21
389.0,389.0,70,582A12,28
389.0,389.0,71,A0A5A9,1589
389.0,389.0,72,6C6E68,2026
389.0,389.0,73,5A93DB,14
389.0,389.0,79,FFFFFF,2
389.0,389.0,85,3F3691,27
389.0,389.0,135,9CA3A8,149
389.0,389.0,148,575857,9
389.0,389.0,182,F08F1C,14
389.0,389.0,272,0A3463,27
389.0,389.0,288,184632,68
389.0,389.0,297,AA7F2E,90
389.0,389.0,320,720E0F,241
389.0,389.0,379,6074A1,6
389.0,389.0,9999,05131D,41
390.0,390.0,0,05131D,144
390.0,390.0,1,0055BF,589
390.0,390.0,2,237841,156
390.0,390.0,4,C91A09,1056
390.0,390.0,6,583927,27
390.0,390.0,7,9BA19D,36
390.0,390.0,8,6D6E5C,5
390.0,390.0,14,F2CD37,1192
390.0,390.0,15,FFFFFF,344
390.0,390.0,19,E4CD9E,9
390.0,390.0,366,FA9C1C,25
390.0,390.0,450,B67B50,45
390.0,390.0,1012,EF9121,5
390.0,390.0,1077,78FC78,3
390.0,390.0,9999,05131D,43
397.0,397.0,0,05131D,1639
397.0,397.0,1,0055BF,238
397.0,397.0,2,237841,470
397.0,397.0,4,C91A09,539
397.0,397.0,14,F2CD37,136
397.0,397.0,15,FFFFFF,1338
397.0,397.0,19,E4CD9E,732
397.0,397.0,25,FE8A18,54
397.0,397.0,27,BBE90B,4
397.0,397.0,33,0020A0,522
397.0,397.0,36,C91A09,100
397.0,397.0,40,635F52,34
397.0,397.0,42,F8F184,26
397.0,397.0,46,F5CD2F,36
397.0,397.0,47,FCFCFC,281
397.0,397.0,57,FF800D,7
397.0,397.0,70,582A12,140
397.0,397.0,71,A0A5A9,1214
397.0,397.0,72,6C6E68,842
397.0,397.0,73,5A93DB,135
397.0,397.0,148,575857,8
397.0,397.0,320,720E0F,32
397.0,397.0,383,E0E0E0,12
397.0,397.0,9999,05131D,4
398.0,398.0,0,05131D,13519
398.0,398.0,1,0055BF,5000
398.0,398.0,2,237841,1026
398.0,398.0,3,008F9B,57
398.0,398.0,4,C91A09,4131
398.0,398.0,5,C870A0,95
398.0,398.0,6,583927,186
398.0,398.0,7,9BA19D,466
398.0,398.0,8,6D6E5C,118
398.0,398.0,10,4B9F4A,122
398.0,398.0,14,F2CD37,3188
398.0,398.0,15,FFFFFF,5952
398.0,398.0,17,C2DAB8,2
398.0,398.0,19,E4CD9E,1452
398.0,398.0,22,81007B,32
398.0,398.0,25,FE8A18,995
398.0,398.0,26,923978,78
398.0,398.0,27,BBE90B,944
398.0,398.0,28,958A73,150
398.0,398.0,29,E4ADC8,194
398.0,398.0,30,AC78BA,71
398.0,398.0,31,E1D5ED,29
398.0,398.0,33,0020A0,128
398.0,398.0,34,84B68D,11
398.0,398.0,35,D9E4A7,12
398.0,398.0,36,C91A09,69
398.0,398.0,40,635F52,59
398.0,398.0,41,AEEFEC,231
398.0,398.0,42,F8F184,11
398.0,398.0,45,DF6695,4
398.0,398.0,46,F5CD2F,58
398.0,398.0,47,FCFCFC,302
398.0,398.0,52,A5A5CB,13
398.0,398.0,57,FF800D,35
398.0,398.0,70,582A12,697
398.0,398.0,71,A0A5A9,6764
398.0,398.0,72,6C6E68,3124
398.0,398.0,73,5A93DB,226
398.0,398.0,80,A5A9B4,11
398.0,398.0,82,DBAC34,8
398.0,398.0,84,AA7D55,101
398.0,398.0,85,3F3691,344
398.0,398.0,92,D09168,3
398.0,398.0,135,9CA3A8,118
398.0,398.0,143,CFE2F7,5
398.0,398.0,158,DFEEA5,14
398.0,398.0,179,898788,135
398.0,398.0,182,F08F1C,54
398.0,398.0,191,F8BB3D,373
398.0,398.0,212,9FC3E9,19
398.0,398.0,226,FFF03A,21
398.0,398.0,272,0A3463,106
398.0,398.0,288,184632,58
398.0,398.0,297,AA7F2E,84
398.0,398.0,308,352100,21
398.0,398.0,320,720E0F,6
398.0,398.0,321,078BC9,46
398.0,398.0,322,36AEBF,863
398.0,398.0,323,ADC3C0,23
398.0,398.0,326,9B9A5A,6
398.0,398.0,378,A0BCAC,4
398.0,398.0,379,6074A1,2
398.0,398.0,484,A95500,33
398.0,398.0,1000,D9D9D9,2
398.0,398.0,1003,68BCC5,1
398.0,398.0,1050,FF698F,16
398.0,398.0,1053,68BCC5,4
398.0,398.0,1055,FCFCFC,4
398.0,398.0,1062,EBD800,5
398.0,398.0,1095,635F52,8
398.0,398.0,1103,3E3C39,4
398.0,398.0,1136,CA4C0B,1
398.0,398.0,9999,05131D,23
399.0,399.0,0,05131D,1413
399.0,399.0,1,0055BF,3660
399.0,399.0,2,237841,1054
399.0,399.0,4,C91A09,3796
399.0,399.0,6,583927,18
399.0,399.0,7,9BA19D,120
399.0,399.0,8,6D6E5C,73
399.0,399.0,10,4B9F4A,15
399.0,399.0,13,FC97AC,58
399.0,399.0,14,F2CD37,3804
399.0,399.0,15,FFFFFF,2981
399.0,399.0,34,84B68D,4
399.0,399.0,36,C91A09,4
399.0,399.0,41,AEEFEC,21
399.0,399.0,46,F5CD2F,4
399.0,399.0,47,FCFCFC,55
399.0,399.0,74,73DCA1,3
399.0,399.0,351,F785B1,39
399.0,399.0,383,E0E0E0,2
399.0,399.0,9999,05131D,3
400.0,400.0,0,05131D,594
400.0,400.0,1,0055BF,124
400.0,400.0,4,C91A09,93
400.0,400.0,14,F2CD37,101
400.0,400.0,15,FFFFFF,20
400.0,400.0,19,E4CD9E,8
400.0,400.0,25,FE8A18,17
400.0,400.0,27,BBE90B,17
400.0,400.0,28,958A73,4
400.0,400.0,35,D9E4A7,45
400.0,400.0,36,C91A09,14
400.0,400.0,40,635F52,4
400.0,400.0,41,AEEFEC,35
400.0,400.0,42,F8F184,18
400.0,400.0,46,F5CD2F,1
400.0,400.0,47,FCFCFC,2
400.0,400.0,57,FF800D,15
400.0,400.0,71,A0A5A9,175
400.0,400.0,72,6C6E68,118
400.0,400.0,73,5A93DB,2
400.0,400.0,85,3F3691,7
400.0,400.0,135,9CA3A8,3
400.0,400.0,143,CFE2F7,1
400.0,400.0,179,898788,48
400.0,400.0,182,F08F1C,12
400.0,400.0,297,AA7F2E,14
400.0,400.0,308,352100,3
400.0,400.0,322,36AEBF,32
400.0,400.0,1103,3E3C39,56
400.0,400.0,9999,05131D,8
401.0,401.0,0,05131D,668
401.0,401.0,1,0055BF,223
401.0,401.0,2,237841,5
401.0,401.0,4,C91A09,142
401.0,401.0,10,4B9F4A,4
401.0,401.0,14,F2CD37,39
401.0,401.0,15,FFFFFF,139
401.0,401.0,19,E4CD9E,12
401.0,401.0,25,FE8A18,63
401.0,401.0,27,BBE90B,67
401.0,401.0,28,958A73,11
401.0,401.0,33,0020A0,11
401.0,401.0,34,84B68D,8
401.0,401.0,35,D9E4A7,45
401.0,401.0,36,C91A09,15
401.0,401.0,40,635F52,1
401.0,401.0,41,AEEFEC,20
401.0,401.0,42,F8F184,43
401.0,401.0,46,F5CD2F,1
401.0,401.0,47,FCFCFC,4
401.0,401.0,57,FF800D,30
401.0,401.0,70,582A12,3
401.0,401.0,71,A0A5A9,230
401.0,401.0,72,6C6E68,208
401.0,401.0,85,3F3691,3
401.0,401.0,135,9CA3A8,30
401.0,401.0,143,CFE2F7,6
401.0,401.0,179,898788,202
401.0,401.0,182,F08F1C,6
401.0,401.0,191,F8BB3D,12
401.0,401.0,288,184632,4
401.0,401.0,297,AA7F2E,63
401.0,401.0,308,352100,4
401.0,401.0,1103,3E3C39,184
401.0,401.0,9999,05131D,5
403.0,403.0,0,05131D,1017
403.0,403.0,1,0055BF,135
403.0,403.0,4,C91A09,397
403.0,403.0,10,4B9F4A,8
403.0,403.0,14,F2CD37,60
403.0,403.0,15,FFFFFF,72
403.0,403.0,19,E4CD9E,13
403.0,403.0,25,FE8A18,35
403.0,403.0,27,BBE90B,61
403.0,403.0,28,958A73,23
403.0,403.0,33,0020A0,7
403.0,403.0,34,84B68D,5
403.0,403.0,35,D9E4A7,18
403.0,403.0,36,C91A09,9
403.0,403.0,41,AEEFEC,17
403.0,403.0,42,F8F184,28
403.0,403.0,46,F5CD2F,3
403.0,403.0,47,FCFCFC,13
403.0,403.0,57,FF800D,33
403.0,403.0,70,582A12,10
403.0,403.0,71,A0A5A9,271
403.0,403.0,72,6C6E68,196
403.0,403.0,85,3F3691,11
403.0,403.0,179,898788,106
403.0,403.0,182,F08F1C,1
403.0,403.0,191,F8BB3D,29
403.0,403.0,288,184632,10
403.0,403.0,297,AA7F2E,37
403.0,403.0,320,720E0F,15
403.0,403.0,322,36AEBF,6
403.0,403.0,1103,3E3C39,128
403.0,403.0,9999,05131D,4
404.0,404.0,0,05131D,2620
404.0,404.0,1,0055BF,280
404.0,404.0,4,C91A09,475
404.0,404.0,7,9BA19D,436
404.0,404.0,14,F2CD37,323
404.0,404.0,15,FFFFFF,634
404.0,404.0,36,C91A09,4
404.0,404.0,47,FCFCFC,44
404.0,404.0,79,FFFFFF,19
404.0,404.0,9999,05131D,15
405.0,405.0,0,05131D,469
405.0,405.0,1,0055BF,766
405.0,405.0,2,237841,56
405.0,405.0,4,C91A09,1157
405.0,405.0,6,583927,40
405.0,405.0,7,9BA19D,46
405.0,405.0,8,6D6E5C,1
405.0,405.0,14,F2CD37,854
405.0,405.0,15,FFFFFF,1594
405.0,405.0,34,84B68D,1
405.0,405.0,47,FCFCFC,95
405.0,405.0,9999,05131D,36
406.0,406.0,0,05131D,274
406.0,406.0,1,0055BF,79
406.0,406.0,2,237841,102
406.0,406.0,4,C91A09,118
406.0,406.0,6,583927,4
406.0,406.0,7,9BA19D,165
406.0,406.0,8,6D6E5C,100
406.0,406.0,14,F2CD37,80
406.0,406.0,15,FFFFFF,66
406.0,406.0,19,E4CD9E,42
406.0,406.0,25,FE8A18,22
406.0,406.0,27,BBE90B,58
406.0,406.0,36,C91A09,7
406.0,406.0,40,635F52,6
406.0,406.0,46,F5CD2F,1
406.0,406.0,47,FCFCFC,12
406.0,406.0,73,5A93DB,34
406.0,406.0,135,9CA3A8,6
406.0,406.0,462,FFA70B,12
407.0,407.0,0,05131D,268
407.0,407.0,1,0055BF,27
407.0,407.0,2,237841,2
407.0,407.0,4,C91A09,86
407.0,407.0,7,9BA19D,173
407.0,407.0,8,6D6E5C,86
407.0,407.0,10,4B9F4A,6
407.0,407.0,14,F2CD37,38
407.0,407.0,15,FFFFFF,55
407.0,407.0,18,FBE696,71
407.0,407.0,25,FE8A18,59
407.0,407.0,34,84B68D,4
407.0,407.0,36,C91A09,10
407.0,407.0,40,635F52,8
407.0,407.0,42,F8F184,22
407.0,407.0,47,FCFCFC,1
407.0,407.0,57,FF800D,15
407.0,407.0,73,5A93DB,11
407.0,407.0,383,E0E0E0,12
407.0,407.0,9999,05131D,6
408.0,408.0,0,05131D,3173
408.0,408.0,1,0055BF,449
408.0,408.0,2,237841,580
408.0,408.0,3,008F9B,9
408.0,408.0,4,C91A09,1538
408.0,408.0,5,C870A0,66
408.0,408.0,10,4B9F4A,69
408.0,408.0,14,F2CD37,2506
408.0,408.0,15,FFFFFF,2172
408.0,408.0,19,E4CD9E,1279
408.0,408.0,25,FE8A18,162
408.0,408.0,26,923978,28
408.0,408.0,27,BBE90B,141
408.0,408.0,28,958A73,42
408.0,408.0,29,E4ADC8,50
408.0,408.0,30,AC78BA,11
408.0,408.0,31,E1D5ED,1
408.0,408.0,33,0020A0,47
408.0,408.0,34,84B68D,8
408.0,408.0,35,D9E4A7,1
408.0,408.0,36,C91A09,28
408.0,408.0,40,635F52,3
408.0,408.0,41,AEEFEC,45
408.0,408.0,45,DF6695,12
408.0,408.0,46,F5CD2F,35
408.0,408.0,47,FCFCFC,519
408.0,408.0,57,FF800D,3
408.0,408.0,70,582A12,513
408.0,408.0,71,A0A5A9,1197
408.0,408.0,72,6C6E68,725
408.0,408.0,73,5A93DB,35
408.0,408.0,80,A5A9B4,7
408.0,408.0,82,DBAC34,2
408.0,408.0,84,AA7D55,32
408.0,408.0,85,3F3691,66
408.0,408.0,158,DFEEA5,3
408.0,408.0,179,898788,46
408.0,408.0,182,F08F1C,10
408.0,408.0,191,F8BB3D,94
408.0,408.0,212,9FC3E9,38
408.0,408.0,226,FFF03A,22
408.0,408.0,232,7DBFDD,1
408.0,408.0,272,0A3463,61
408.0,408.0,288,184632,110
408.0,408.0,297,AA7F2E,84
408.0,408.0,308,352100,22
408.0,408.0,320,720E0F,54
408.0,408.0,321,078BC9,49
408.0,408.0,322,36AEBF,52
408.0,408.0,323,ADC3C0,12
408.0,408.0,378,A0BCAC,3
408.0,408.0,379,6074A1,7
408.0,408.0,484,A95500,62
408.0,408.0,1050,FF698F,6
408.0,408.0,1062,EBD800,4
408.0,408.0,1136,CA4C0B,12
408.0,408.0,9999,05131D,8
409.0,409.0,0,05131D,909
409.0,409.0,1,0055BF,190
409.0,409.0,2,237841,336
409.0,409.0,3,008F9B,3
409.0,409.0,4,C91A09,640
409.0,409.0,5,C870A0,25
409.0,409.0,10,4B9F4A,22
409.0,409.0,14,F2CD37,278
409.0,409.0,15,FFFFFF,1172
409.0,409.0,19,E4CD9E,317
409.0,409.0,25,FE8A18,121
409.0,409.0,26,923978,4
409.0,409.0,27,BBE90B,233
409.0,409.0,28,958A73,8
409.0,409.0,29,E4ADC8,79
409.0,409.0,30,AC78BA,5
409.0,409.0,33,0020A0,6
409.0,409.0,34,84B68D,10
409.0,409.0,35,D9E4A7,9
409.0,409.0,36,C91A09,40
409.0,409.0,40,635F52,23
409.0,409.0,41,AEEFEC,26
409.0,409.0,42,F8F184,3
409.0,409.0,46,F5CD2F,51
409.0,409.0,47,FCFCFC,63
409.0,409.0,57,FF800D,4
409.0,409.0,70,582A12,489
409.0,409.0,71,A0A5A9,622
409.0,409.0,72,6C6E68,444
409.0,409.0,73,5A93DB,9
409.0,409.0,78,F6D7B3,2
409.0,409.0,80,A5A9B4,9
409.0,409.0,82,DBAC34,1
409.0,409.0,84,AA7D55,3
409.0,409.0,85,3F3691,16
409.0,409.0,179,898788,47
409.0,409.0,182,F08F1C,10
409.0,409.0,191,F8BB3D,55
409.0,409.0,272,0A3463,8
409.0,409.0,288,184632,32
409.0,409.0,297,AA7F2E,37
409.0,409.0,308,352100,21
409.0,409.0,320,720E0F,32
409.0,409.0,321,078BC9,17
409.0,409.0,322,36AEBF,36
409.0,409.0,323,ADC3C0,10
409.0,409.0,326,9B9A5A,5
409.0,409.0,484,A95500,4
409.0,409.0,1103,3E3C39,5
410.0,410.0,0,05131D,241
410.0,410.0,1,0055BF,11
410.0,410.0,2,237841,126
410.0,410.0,4,C91A09,65
410.0,410.0,14,F2CD37,65
410.0,410.0,15,FFFFFF,183
410.0,410.0,19,E4CD9E,94
410.0,410.0,25,FE8A18,43
410.0,410.0,26,923978,8
410.0,410.0,27,BBE90B,44
410.0,410.0,28,958A73,10
410.0,410.0,29,E4ADC8,40
410.0,410.0,30,AC78BA,9
410.0,410.0,33,0020A0,4
410.0,410.0,36,C91A09,14
410.0,410.0,40,635F52,1
410.0,410.0,41,AEEFEC,15
410.0,410.0,46,F5CD2F,8
410.0,410.0,47,FCFCFC,24
410.0,410.0,70,582A12,13
410.0,410.0,71,A0A5A9,135
410.0,410.0,72,6C6E68,68
410.0,410.0,73,5A93DB,3
410.0,410.0,85,3F3691,1
410.0,410.0,179,898788,4
410.0,410.0,182,F08F1C,3
410.0,410.0,191,F8BB3D,11
410.0,410.0,272,0A3463,2
410.0,410.0,288,184632,1
410.0,410.0,297,AA7F2E,1
410.0,410.0,320,720E0F,3
410.0,410.0,322,36AEBF,9
410.0,410.0,378,A0BCAC,34
410.0,410.0,9999,05131D,1
412.0,412.0,0,05131D,142
412.0,412.0,1,0055BF,253
412.0,412.0,4,C91A09,117
412.0,412.0,7,9BA19D,111
412.0,412.0,14,F2CD37,78
412.0,412.0,15,FFFFFF,220
412.0,412.0,47,FCFCFC,45
412.0,412.0,79,FFFFFF,2
412.0,412.0,9999,05131D,12
413.0,413.0,0,05131D,528
413.0,413.0,1,0055BF,611
413.0,413.0,2,237841,50
413.0,413.0,4,C91A09,1119
413.0,413.0,7,9BA19D,138
413.0,413.0,14,F2CD37,311
413.0,413.0,15,FFFFFF,649
413.0,413.0,47,FCFCFC,45
413.0,413.0,79,FFFFFF,1
413.0,413.0,9999,05131D,3
414.0,414.0,0,05131D,8
414.0,414.0,1,0055BF,30
414.0,414.0,4,C91A09,72
414.0,414.0,7,9BA19D,39
414.0,414.0,14,F2CD37,100
414.0,414.0,15,FFFFFF,222
415.0,415.0,0,05131D,78
415.0,415.0,1,0055BF,3
415.0,415.0,4,C91A09,85
415.0,415.0,7,9BA19D,17
415.0,415.0,14,F2CD37,36
415.0,415.0,15,FFFFFF,28
415.0,415.0,47,FCFCFC,5
415.0,415.0,79,FFFFFF,1
415.0,415.0,9999,05131D,1
416.0,416.0,0,05131D,892
416.0,416.0,1,0055BF,407
416.0,416.0,2,237841,6
416.0,416.0,4,C91A09,716
416.0,416.0,7,9BA19D,106
416.0,416.0,14,F2CD37,739
416.0,416.0,15,FFFFFF,36
416.0,416.0,47,FCFCFC,149
416.0,416.0,79,FFFFFF,4
416.0,416.0,9999,05131D,1
417.0,417.0,0,05131D,325
417.0,417.0,1,0055BF,33
417.0,417.0,2,237841,8
417.0,417.0,4,C91A09,729
417.0,417.0,7,9BA19D,65
417.0,417.0,14,F2CD37,210
417.0,417.0,15,FFFFFF,396
417.0,417.0,47,FCFCFC,70
417.0,417.0,9999,05131D,2
418.0,418.0,0,05131D,347
418.0,418.0,1,0055BF,24
418.0,418.0,2,237841,2
418.0,418.0,4,C91A09,149
418.0,418.0,7,9BA19D,112
418.0,418.0,14,F2CD37,279
418.0,418.0,15,FFFFFF,224
418.0,418.0,47,FCFCFC,40
418.0,418.0,79,FFFFFF,2
418.0,418.0,9999,05131D,2
419.0,419.0,0,05131D,91
419.0,419.0,1,0055BF,84
419.0,419.0,2,237841,4
419.0,419.0,4,C91A09,179
419.0,419.0,7,9BA19D,9
419.0,419.0,14,F2CD37,69
419.0,419.0,15,FFFFFF,121
419.0,419.0,47,FCFCFC,19
419.0,419.0,79,FFFFFF,1
419.0,419.0,9999,05131D,3
420.0,420.0,0,05131D,79
420.0,420.0,1,0055BF,12
420.0,420.0,2,237841,4
420.0,420.0,4,C91A09,288
420.0,420.0,7,9BA19D,76
420.0,420.0,15,FFFFFF,388
420.0,420.0,47,FCFCFC,47
420.0,420.0,9999,05131D,6
421.0,421.0,0,05131D,368
421.0,421.0,1,0055BF,238
421.0,421.0,2,237841,6
421.0,421.0,4,C91A09,43
421.0,421.0,7,9BA19D,164
421.0,421.0,14,F2CD37,112
421.0,421.0,15,FFFFFF,455
421.0,421.0,47,FCFCFC,81
421.0,421.0,79,FFFFFF,2
421.0,421.0,9999,05131D,2
422.0,422.0,0,05131D,83
422.0,422.0,1,0055BF,555
422.0,422.0,4,C91A09,31
422.0,422.0,6,583927,6
422.0,422.0,7,9BA19D,8
422.0,422.0,14,F2CD37,58
422.0,422.0,15,FFFFFF,225
422.0,422.0,47,FCFCFC,33
422.0,422.0,79,FFFFFF,4
422.0,422.0,9999,05131D,2
423.0,423.0,0,05131D,588
423.0,423.0,1,0055BF,208
423.0,423.0,4,C91A09,413
423.0,423.0,7,9BA19D,6
423.0,423.0,14,F2CD37,264
423.0,423.0,15,FFFFFF,258
423.0,423.0,47,FCFCFC,103
423.0,423.0,79,FFFFFF,5
423.0,423.0,9999,05131D,6
424.0,424.0,0,05131D,261
424.0,424.0,1,0055BF,118
424.0,424.0,2,237841,7
424.0,424.0,4,C91A09,284
424.0,424.0,7,9BA19D,13
424.0,424.0,14,F2CD37,170
424.0,424.0,15,FFFFFF,69
424.0,424.0,9999,05131D,3
425.0,425.0,0,05131D,1488
425.0,425.0,1,0055BF,586
425.0,425.0,2,237841,720
425.0,425.0,3,008F9B,32
425.0,425.0,4,C91A09,1443
425.0,425.0,5,C870A0,15
425.0,425.0,6,583927,105
425.0,425.0,7,9BA19D,118
425.0,425.0,8,6D6E5C,17
425.0,425.0,10,4B9F4A,72
425.0,425.0,14,F2CD37,1088
425.0,425.0,15,FFFFFF,1208
425.0,425.0,19,E4CD9E,634
425.0,425.0,25,FE8A18,127
425.0,425.0,26,923978,5
425.0,425.0,27,BBE90B,96
425.0,425.0,28,958A73,62
425.0,425.0,29,E4ADC8,22
425.0,425.0,30,AC78BA,8
425.0,425.0,31,E1D5ED,1
425.0,425.0,33,0020A0,3
425.0,425.0,34,84B68D,14
425.0,425.0,35,D9E4A7,5
425.0,425.0,36,C91A09,67
425.0,425.0,40,635F52,5
425.0,425.0,41,AEEFEC,75
425.0,425.0,42,F8F184,6
425.0,425.0,45,DF6695,5
425.0,425.0,46,F5CD2F,21
425.0,425.0,47,FCFCFC,102
425.0,425.0,57,FF800D,2
425.0,425.0,70,582A12,497
425.0,425.0,71,A0A5A9,1011
425.0,425.0,72,6C6E68,626
425.0,425.0,73,5A93DB,36
425.0,425.0,84,AA7D55,12
425.0,425.0,85,3F3691,1
425.0,425.0,135,9CA3A8,3
425.0,425.0,158,DFEEA5,2
425.0,425.0,179,898788,30
425.0,425.0,182,F08F1C,18
425.0,425.0,191,F8BB3D,37
425.0,425.0,212,9FC3E9,39
425.0,425.0,272,0A3463,11
425.0,425.0,288,184632,35
425.0,425.0,297,AA7F2E,28
425.0,425.0,308,352100,13
425.0,425.0,321,078BC9,39
425.0,425.0,322,36AEBF,58
425.0,425.0,323,ADC3C0,4
425.0,425.0,326,9B9A5A,1
425.0,425.0,378,A0BCAC,10
425.0,425.0,383,E0E0E0,9
425.0,425.0,484,A95500,14
425.0,425.0,1050,FF698F,7
425.0,425.0,1055,FCFCFC,1
425.0,425.0,1062,EBD800,3
425.0,425.0,1103,3E3C39,4
425.0,425.0,1136,CA4C0B,2
425.0,425.0,9999,05131D,24
432.0,432.0,0,05131D,874
432.0,432.0,1,0055BF,7
432.0,432.0,2,237841,52
432.0,432.0,4,C91A09,9
432.0,432.0,14,F2CD37,62
432.0,432.0,15,FFFFFF,568
432.0,432.0,19,E4CD9E,234
432.0,432.0,25,FE8A18,70
432.0,432.0,27,BBE90B,194
432.0,432.0,33,0020A0,66
432.0,432.0,34,84B68D,10
432.0,432.0,36,C91A09,41
432.0,432.0,40,635F52,7
432.0,432.0,41,AEEFEC,28
432.0,432.0,42,F8F184,2
432.0,432.0,47,FCFCFC,13
432.0,432.0,57,FF800D,3
432.0,432.0,70,582A12,104
432.0,432.0,71,A0A5A9,549
432.0,432.0,72,6C6E68,216
432.0,432.0,80,A5A9B4,57
432.0,432.0,85,3F3691,66
432.0,432.0,179,898788,36
432.0,432.0,182,F08F1C,25
432.0,432.0,272,0A3463,112
432.0,432.0,288,184632,4
432.0,432.0,297,AA7F2E,12
432.0,432.0,320,720E0F,117
432.0,432.0,9999,05131D,3
433.0,433.0,0,05131D,78
433.0,433.0,1,0055BF,140
433.0,433.0,2,237841,239
433.0,433.0,4,C91A09,732
433.0,433.0,7,9BA19D,5
433.0,433.0,14,F2CD37,238
433.0,433.0,15,FFFFFF,319
433.0,433.0,47,FCFCFC,28
434.0,434.0,0,05131D,873
434.0,434.0,1,0055BF,197
434.0,434.0,2,237841,71
434.0,434.0,4,C91A09,321
434.0,434.0,6,583927,210
434.0,434.0,7,9BA19D,336
434.0,434.0,8,6D6E5C,269
434.0,434.0,14,F2CD37,32
434.0,434.0,15,FFFFFF,194
434.0,434.0,19,E4CD9E,147
434.0,434.0,36,C91A09,8
434.0,434.0,41,AEEFEC,3
434.0,434.0,42,F8F184,8
434.0,434.0,46,F5CD2F,12
434.0,434.0,47,FCFCFC,19
434.0,434.0,57,FF800D,26
434.0,434.0,334,BBA53D,43
434.0,434.0,383,E0E0E0,1
434.0,434.0,9999,05131D,9
435.0,435.0,0,05131D,39086
435.0,435.0,1,0055BF,3782
435.0,435.0,2,237841,2717
435.0,435.0,3,008F9B,1296
435.0,435.0,4,C91A09,13049
435.0,435.0,5,C870A0,223
435.0,435.0,10,4B9F4A,891
435.0,435.0,14,F2CD37,1440
435.0,435.0,15,FFFFFF,13211
435.0,435.0,19,E4CD9E,5737
435.0,435.0,25,FE8A18,1562
435.0,435.0,26,923978,160
435.0,435.0,27,BBE90B,1819
435.0,435.0,28,958A73,5160
435.0,435.0,29,E4ADC8,391
435.0,435.0,30,AC78BA,30
435.0,435.0,31,E1D5ED,142
435.0,435.0,33,0020A0,155
435.0,435.0,34,84B68D,197
435.0,435.0,35,D9E4A7,389
435.0,435.0,36,C91A09,775
435.0,435.0,40,635F52,140
435.0,435.0,41,AEEFEC,3579
435.0,435.0,42,F8F184,657
435.0,435.0,45,DF6695,400
435.0,435.0,46,F5CD2F,283
435.0,435.0,47,FCFCFC,1004
435.0,435.0,52,A5A5CB,143
435.0,435.0,57,FF800D,155
435.0,435.0,70,582A12,11573
435.0,435.0,71,A0A5A9,19767
435.0,435.0,72,6C6E68,22618
435.0,435.0,73,5A93DB,146
435.0,435.0,78,F6D7B3,2
435.0,435.0,80,A5A9B4,9
435.0,435.0,82,DBAC34,36
435.0,435.0,84,AA7D55,894
435.0,435.0,85,3F3691,1349
435.0,435.0,92,D09168,141
435.0,435.0,117,FFFFFF,1
435.0,435.0,129,A5A5CB,11
435.0,435.0,132,05131D,27
435.0,435.0,135,9CA3A8,1
435.0,435.0,143,CFE2F7,77
435.0,435.0,148,575857,1
435.0,435.0,158,DFEEA5,473
435.0,435.0,179,898788,2009
435.0,435.0,182,F08F1C,1481
435.0,435.0,191,F8BB3D,1817
435.0,435.0,212,9FC3E9,102
435.0,435.0,226,FFF03A,285
435.0,435.0,272,0A3463,3539
435.0,435.0,288,184632,1414
435.0,435.0,294,BDC6AD,1
435.0,435.0,297,AA7F2E,13727
435.0,435.0,308,352100,2522
435.0,435.0,320,720E0F,2718
435.0,435.0,321,078BC9,1101
435.0,435.0,322,36AEBF,1007
435.0,435.0,323,ADC3C0,341
435.0,435.0,326,9B9A5A,809
435.0,435.0,334,BBA53D,6
435.0,435.0,378,A0BCAC,1483
435.0,435.0,379,6074A1,689
435.0,435.0,484,A95500,636
435.0,435.0,1000,D9D9D9,12
435.0,435.0,1002,C0F500,2
435.0,435.0,1003,68BCC5,4
435.0,435.0,1050,FF698F,67
435.0,435.0,1053,68BCC5,23
435.0,435.0,1055,FCFCFC,29
435.0,435.0,1059,8320B7,6
435.0,435.0,1063,B46A00,41
435.0,435.0,1092,764D3B,1
435.0,435.0,1095,635F52,9
435.0,435.0,1103,3E3C39,954
435.0,435.0,1136,CA4C0B,43
435.0,435.0,9999,05131D,577
437.0,437.0,0,05131D,428
437.0,437.0,1,0055BF,11
437.0,437.0,2,237841,16
437.0,437.0,4,C91A09,34
437.0,437.0,14,F2CD37,33
437.0,437.0,15,FFFFFF,8
437.0,437.0,19,E4CD9E,538
437.0,437.0,28,958A73,235
437.0,437.0,33,0020A0,1
437.0,437.0,34,84B68D,1
437.0,437.0,36,C91A09,29
437.0,437.0,40,635F52,2
437.0,437.0,41,AEEFEC,3
437.0,437.0,46,F5CD2F,2
437.0,437.0,47,FCFCFC,27
437.0,437.0,57,FF800D,2
437.0,437.0,70,582A12,12
437.0,437.0,71,A0A5A9,208
437.0,437.0,72,6C6E68,290
437.0,437.0,82,DBAC34,1
437.0,437.0,272,0A3463,138
437.0,437.0,297,AA7F2E,121
437.0,437.0,320,720E0F,110
437.0,437.0,334,BBA53D,4
437.0,437.0,484,A95500,45
437.0,437.0,1103,3E3C39,14
437.0,437.0,9999,05131D,7
438.0,438.0,0,05131D,18
438.0,438.0,15,FFFFFF,2
438.0,438.0,71,A0A5A9,28
438.0,438.0,72,6C6E68,10
439.0,439.0,0,05131D,1268
439.0,439.0,1,0055BF,267
439.0,439.0,2,237841,1
439.0,439.0,4,C91A09,136
439.0,439.0,10,4B9F4A,2
439.0,439.0,14,F2CD37,61
439.0,439.0,15,FFFFFF,161
439.0,439.0,19,E4CD9E,107
439.0,439.0,25,FE8A18,185
439.0,439.0,27,BBE90B,1155
439.0,439.0,28,958A73,7
439.0,439.0,33,0020A0,22
439.0,439.0,34,84B68D,1
439.0,439.0,36,C91A09,26
439.0,439.0,40,635F52,15
439.0,439.0,41,AEEFEC,6
439.0,439.0,42,F8F184,41
439.0,439.0,47,FCFCFC,162
439.0,439.0,57,FF800D,1
439.0,439.0,70,582A12,27
439.0,439.0,71,A0A5A9,1002
439.0,439.0,72,6C6E68,941
439.0,439.0,80,A5A9B4,4
439.0,439.0,135,9CA3A8,19
439.0,439.0,179,898788,17
439.0,439.0,182,F08F1C,71
439.0,439.0,308,352100,8
439.0,439.0,9999,05131D,20
440.0,440.0,1,0055BF,269
440.0,440.0,2,237841,249
440.0,440.0,4,C91A09,319
440.0,440.0,7,9BA19D,5
440.0,440.0,8,6D6E5C,1
440.0,440.0,10,4B9F4A,18
440.0,440.0,14,F2CD37,329
440.0,440.0,15,FFFFFF,30
440.0,440.0,18,FBE696,1
440.0,440.0,25,FE8A18,10
440.0,440.0,27,BBE90B,5
440.0,440.0,34,84B68D,2
440.0,440.0,41,AEEFEC,3
440.0,440.0,46,F5CD2F,2
440.0,440.0,47,FCFCFC,2
440.0,440.0,73,5A93DB,9
440.0,440.0,110,4354A3,1
440.0,440.0,112,6874CA,1
440.0,440.0,115,C7D23C,4
440.0,440.0,226,FFF03A,1
440.0,440.0,232,7DBFDD,13
440.0,440.0,351,F785B1,2
440.0,440.0,462,FFA70B,1
440.0,440.0,9999,05131D,7
441.0,441.0,1,0055BF,145
441.0,441.0,2,237841,1
441.0,441.0,4,C91A09,60
441.0,441.0,10,4B9F4A,142
441.0,441.0,14,F2CD37,77
441.0,441.0,25,FE8A18,73
441.0,441.0,69,CD6298,26
442.0,442.0,0,05131D,271
442.0,442.0,3,008F9B,122
442.0,442.0,4,C91A09,8
442.0,442.0,6,583927,44
442.0,442.0,7,9BA19D,290
442.0,442.0,8,6D6E5C,234
442.0,442.0,14,F2CD37,189
442.0,442.0,41,AEEFEC,1
442.0,442.0,42,F8F184,97
442.0,442.0,57,FF800D,35
442.0,442.0,383,E0E0E0,11
442.0,442.0,9999,05131D,9
443.0,443.0,0,05131D,1026
443.0,443.0,1,0055BF,250
443.0,443.0,2,237841,133
443.0,443.0,4,C91A09,688
443.0,443.0,6,583927,110
443.0,443.0,7,9BA19D,563
443.0,443.0,8,6D6E5C,145
443.0,443.0,10,4B9F4A,8
443.0,443.0,11,55A5AF,2
443.0,443.0,12,F2705E,3
443.0,443.0,13,FC97AC,7
443.0,443.0,14,F2CD37,239
443.0,443.0,15,FFFFFF,734
443.0,443.0,17,C2DAB8,10
443.0,443.0,18,FBE696,3
443.0,443.0,19,E4CD9E,6
443.0,443.0,20,C9CAE2,7
443.0,443.0,21,D4D5C9,4
443.0,443.0,25,FE8A18,7
443.0,443.0,33,0020A0,75
443.0,443.0,34,84B68D,67
443.0,443.0,36,C91A09,126
443.0,443.0,41,AEEFEC,26
443.0,443.0,42,F8F184,49
443.0,443.0,46,F5CD2F,90
443.0,443.0,47,FCFCFC,59
443.0,443.0,57,FF800D,69
443.0,443.0,61,6C96BF,3
443.0,443.0,72,6C6E68,15
443.0,443.0,73,5A93DB,12
443.0,443.0,74,73DCA1,19
443.0,443.0,79,FFFFFF,14
443.0,443.0,92,D09168,3
443.0,443.0,100,FEBABD,7
443.0,443.0,115,C7D23C,4
443.0,443.0,334,BBA53D,43
443.0,443.0,351,F785B1,13
443.0,443.0,366,FA9C1C,7
443.0,443.0,378,A0BCAC,2
443.0,443.0,379,6074A1,1
443.0,443.0,383,E0E0E0,19
443.0,443.0,450,B67B50,1
443.0,443.0,462,FFA70B,3
443.0,443.0,1064,FF8014,1
443.0,443.0,9999,05131D,13
453.0,453.0,0,05131D,1027
453.0,453.0,1,0055BF,67
453.0,453.0,3,008F9B,1
453.0,453.0,4,C91A09,72
453.0,453.0,7,9BA19D,887
453.0,453.0,8,6D6E5C,37
453.0,453.0,14,F2CD37,73
453.0,453.0,15,FFFFFF,30
453.0,453.0,47,FCFCFC,8
453.0,453.0,79,FFFFFF,4
453.0,453.0,80,A5A9B4,2
456.0,456.0,0,05131D,110
456.0,456.0,1,0055BF,8
456.0,456.0,4,C91A09,56
456.0,456.0,7,9BA19D,60
456.0,456.0,8,6D6E5C,1
456.0,456.0,14,F2CD37,4
456.0,456.0,15,FFFFFF,5
456.0,456.0,36,C91A09,4
456.0,456.0,46,F5CD2F,7
456.0,456.0,47,FCFCFC,4
456.0,456.0,79,FFFFFF,4
456.0,456.0,383,E0E0E0,1
458.0,458.0,0,05131D,20
458.0,458.0,1,0055BF,7
458.0,458.0,2,237841,2
458.0,458.0,4,C91A09,2
458.0,458.0,6,583927,1
458.0,458.0,7,9BA19D,13
458.0,458.0,8,6D6E5C,8
458.0,458.0,14,F2CD37,12
458.0,458.0,15,FFFFFF,57
458.0,458.0,36,C91A09,3
458.0,458.0,41,AEEFEC,3
458.0,458.0,42,F8F184,3
458.0,458.0,47,FCFCFC,21
458.0,458.0,73,5A93DB,4
458.0,458.0,351,F785B1,12
458.0,458.0,9999,05131D,4
459.0,459.0,0,05131D,237
459.0,459.0,1,0055BF,142
459.0,459.0,2,237841,1
459.0,459.0,4,C91A09,304
459.0,459.0,6,583927,1
459.0,459.0,7,9BA19D,172
459.0,459.0,8,6D6E5C,225
459.0,459.0,14,F2CD37,4
459.0,459.0,15,FFFFFF,119
459.0,459.0,19,E4CD9E,185
459.0,459.0,25,FE8A18,51
459.0,459.0,40,635F52,1
459.0,459.0,42,F8F184,3
459.0,459.0,47,FCFCFC,9
459.0,459.0,71,A0A5A9,4
459.0,459.0,72,6C6E68,5
459.0,459.0,79,FFFFFF,4
459.0,459.0,110,4354A3,1
459.0,459.0,272,0A3463,1
459.0,459.0,378,A0BCAC,29
459.0,459.0,462,FFA70B,9
459.0,459.0,484,A95500,1
459.0,459.0,1001,9391E4,1
459.0,459.0,9999,05131D,16
460.0,460.0,0,05131D,72
460.0,460.0,1,0055BF,128
460.0,460.0,2,237841,11
460.0,460.0,4,C91A09,65
460.0,460.0,6,583927,9
460.0,460.0,7,9BA19D,133
460.0,460.0,8,6D6E5C,49
460.0,460.0,14,F2CD37,31
460.0,460.0,15,FFFFFF,139
460.0,460.0,19,E4CD9E,6
460.0,460.0,25,FE8A18,1
460.0,460.0,28,958A73,4
460.0,460.0,33,0020A0,1
460.0,460.0,34,84B68D,5
460.0,460.0,41,AEEFEC,1
460.0,460.0,47,FCFCFC,1
460.0,460.0,71,A0A5A9,1
460.0,460.0,72,6C6E68,2
460.0,460.0,73,5A93DB,8
460.0,460.0,135,9CA3A8,1
460.0,460.0,462,FFA70B,3
460.0,460.0,1081,872B17,1
460.0,460.0,9999,05131D,7
461.0,461.0,0,05131D,407
461.0,461.0,1,0055BF,117
461.0,461.0,2,237841,6
461.0,461.0,4,C91A09,189
461.0,461.0,7,9BA19D,158
461.0,461.0,8,6D6E5C,35
461.0,461.0,14,F2CD37,36
461.0,461.0,15,FFFFFF,142
461.0,461.0,19,E4CD9E,27
461.0,461.0,25,FE8A18,17
461.0,461.0,36,C91A09,3
461.0,461.0,41,AEEFEC,1
461.0,461.0,46,F5CD2F,2
461.0,461.0,47,FCFCFC,12
461.0,461.0,70,582A12,10
461.0,461.0,71,A0A5A9,34
461.0,461.0,72,6C6E68,8
461.0,461.0,135,9CA3A8,35
461.0,461.0,383,E0E0E0,4
461.0,461.0,9999,05131D,27
462.0,462.0,0,05131D,1063
462.0,462.0,1,0055BF,403
462.0,462.0,2,237841,1012
462.0,462.0,4,C91A09,931
462.0,462.0,6,583927,4
462.0,462.0,7,9BA19D,867
462.0,462.0,8,6D6E5C,104
462.0,462.0,14,F2CD37,88
462.0,462.0,15,FFFFFF,1923
462.0,462.0,19,E4CD9E,1
462.0,462.0,23,2032B0,1
462.0,462.0,33,0020A0,5
462.0,462.0,36,C91A09,51
462.0,462.0,40,635F52,18
462.0,462.0,41,AEEFEC,120
462.0,462.0,42,F8F184,58
462.0,462.0,46,F5CD2F,65
462.0,462.0,47,FCFCFC,11
462.0,462.0,71,A0A5A9,132
462.0,462.0,72,6C6E68,162
462.0,462.0,92,D09168,1
462.0,462.0,135,9CA3A8,2
462.0,462.0,288,184632,2
462.0,462.0,297,AA7F2E,1
462.0,462.0,334,BBA53D,1
462.0,462.0,9999,05131D,69
463.0,463.0,0,05131D,626
463.0,463.0,1,0055BF,1
463.0,463.0,7,9BA19D,133
463.0,463.0,8,6D6E5C,36
463.0,463.0,33,0020A0,4
463.0,463.0,34,84B68D,4
463.0,463.0,36,C91A09,2
463.0,463.0,47,FCFCFC,15
463.0,463.0,52,A5A5CB,4
463.0,463.0,135,9CA3A8,117
463.0,463.0,9999,05131D,4
464.0,464.0,0,05131D,457
464.0,464.0,1,0055BF,124
464.0,464.0,2,237841,12
464.0,464.0,4,C91A09,45
464.0,464.0,6,583927,59
464.0,464.0,7,9BA19D,501
464.0,464.0,8,6D6E5C,61
464.0,464.0,14,F2CD37,117
464.0,464.0,15,FFFFFF,89
464.0,464.0,21,D4D5C9,2
464.0,464.0,33,0020A0,5
464.0,464.0,34,84B68D,6
464.0,464.0,36,C91A09,13
464.0,464.0,41,AEEFEC,15
464.0,464.0,42,F8F184,40
464.0,464.0,46,F5CD2F,6
464.0,464.0,47,FCFCFC,10
464.0,464.0,57,FF800D,87
464.0,464.0,334,BBA53D,16
464.0,464.0,383,E0E0E0,13
464.0,464.0,9999,05131D,2
465.0,465.0,0,05131D,2679
465.0,465.0,1,0055BF,2795
465.0,465.0,2,237841,189
465.0,465.0,4,C91A09,4788
465.0,465.0,6,583927,11
465.0,465.0,7,9BA19D,393
465.0,465.0,8,6D6E5C,2
465.0,465.0,14,F2CD37,3013
465.0,465.0,15,FFFFFF,2352
465.0,465.0,33,0020A0,14
465.0,465.0,36,C91A09,8
465.0,465.0,46,F5CD2F,20
465.0,465.0,47,FCFCFC,431
465.0,465.0,79,FFFFFF,15
465.0,465.0,9999,05131D,8
467.0,467.0,0,05131D,4646
467.0,467.0,1,0055BF,7742
467.0,467.0,2,237841,1104
467.0,467.0,4,C91A09,10322
467.0,467.0,6,583927,17
467.0,467.0,7,9BA19D,411
467.0,467.0,8,6D6E5C,34
467.0,467.0,14,F2CD37,8070
467.0,467.0,15,FFFFFF,7810
467.0,467.0,17,C2DAB8,7
467.0,467.0,19,E4CD9E,7
467.0,467.0,33,0020A0,18
467.0,467.0,34,84B68D,20
467.0,467.0,36,C91A09,38
467.0,467.0,41,AEEFEC,12
467.0,467.0,46,F5CD2F,49
467.0,467.0,47,FCFCFC,437
467.0,467.0,77,FECCCF,37
467.0,467.0,79,FFFFFF,2
467.0,467.0,383,E0E0E0,2
467.0,467.0,1087,FF879C,20
467.0,467.0,9999,05131D,55
470.0,470.0,0,05131D,1240
470.0,470.0,1,0055BF,2344
470.0,470.0,2,237841,608
470.0,470.0,4,C91A09,2557
470.0,470.0,6,583927,6
470.0,470.0,7,9BA19D,136
470.0,470.0,8,6D6E5C,71
470.0,470.0,10,4B9F4A,11
470.0,470.0,14,F2CD37,2376
470.0,470.0,15,FFFFFF,1962
470.0,470.0,33,0020A0,2
470.0,470.0,34,84B68D,4
470.0,470.0,36,C91A09,8
470.0,470.0,41,AEEFEC,12
470.0,470.0,46,F5CD2F,8
470.0,470.0,47,FCFCFC,55
470.0,470.0,110,4354A3,4
470.0,470.0,351,F785B1,5
471.0,471.0,0,05131D,308
471.0,471.0,1,0055BF,253
471.0,471.0,2,237841,17
471.0,471.0,4,C91A09,411
471.0,471.0,7,9BA19D,94
471.0,471.0,14,F2CD37,59
471.0,471.0,15,FFFFFF,2355
471.0,471.0,19,E4CD9E,16
471.0,471.0,25,FE8A18,33
471.0,471.0,33,0020A0,2
471.0,471.0,34,84B68D,15
471.0,471.0,36,C91A09,17
471.0,471.0,41,AEEFEC,38
471.0,471.0,46,F5CD2F,18
471.0,471.0,47,FCFCFC,269
471.0,471.0,57,FF800D,5
471.0,471.0,71,A0A5A9,2
471.0,471.0,179,898788,5
471.0,471.0,272,0A3463,76
471.0,471.0,9999,05131D,20
472.0,472.0,0,05131D,225
472.0,472.0,1,0055BF,87
472.0,472.0,4,C91A09,524
472.0,472.0,7,9BA19D,95
472.0,472.0,14,F2CD37,108
472.0,472.0,15,FFFFFF,22
472.0,472.0,47,FCFCFC,11
472.0,472.0,79,FFFFFF,83
472.0,472.0,1135,A5ADB4,24
473.0,473.0,0,05131D,374
473.0,473.0,1,0055BF,239
473.0,473.0,2,237841,78
473.0,473.0,4,C91A09,905
473.0,473.0,7,9BA19D,91
473.0,473.0,8,6D6E5C,7
473.0,473.0,14,F2CD37,155
473.0,473.0,15,FFFFFF,380
473.0,473.0,33,0020A0,11
473.0,473.0,34,84B68D,11
473.0,473.0,36,C91A09,11
473.0,473.0,46,F5CD2F,13
473.0,473.0,47,FCFCFC,26
473.0,473.0,79,FFFFFF,12
473.0,473.0,9999,05131D,9
474.0,474.0,0,05131D,853
474.0,474.0,1,0055BF,58
474.0,474.0,2,237841,44
474.0,474.0,4,C91A09,161
474.0,474.0,14,F2CD37,8
474.0,474.0,15,FFFFFF,210
474.0,474.0,19,E4CD9E,120
474.0,474.0,28,958A73,14
474.0,474.0,33,0020A0,8
474.0,474.0,34,84B68D,9
474.0,474.0,36,C91A09,8
474.0,474.0,42,F8F184,5
474.0,474.0,57,FF800D,37
474.0,474.0,70,582A12,621
474.0,474.0,71,A0A5A9,483
474.0,474.0,72,6C6E68,793
474.0,474.0,86,7C503A,1
474.0,474.0,132,05131D,46
474.0,474.0,134,AE7A59,5
474.0,474.0,135,9CA3A8,93
474.0,474.0,178,B48455,1
474.0,474.0,191,F8BB3D,2
474.0,474.0,272,0A3463,43
474.0,474.0,288,184632,102
474.0,474.0,297,AA7F2E,5
474.0,474.0,320,720E0F,66
474.0,474.0,378,A0BCAC,22
474.0,474.0,484,A95500,5
474.0,474.0,1103,3E3C39,5
474.0,474.0,9999,05131D,20
475.0,475.0,0,05131D,1489
475.0,475.0,1,0055BF,133
475.0,475.0,2,237841,146
475.0,475.0,4,C91A09,217
475.0,475.0,6,583927,1266
475.0,475.0,7,9BA19D,831
475.0,475.0,8,6D6E5C,198
475.0,475.0,14,F2CD37,27
475.0,475.0,15,FFFFFF,252
475.0,475.0,19,E4CD9E,42
475.0,475.0,36,C91A09,4
475.0,475.0,47,FCFCFC,13
475.0,475.0,57,FF800D,50
475.0,475.0,334,BBA53D,42
475.0,475.0,9999,05131D,9
478.0,478.0,0,05131D,200
478.0,478.0,1,0055BF,135
478.0,478.0,2,237841,112
478.0,478.0,4,C91A09,111
478.0,478.0,14,F2CD37,112
478.0,478.0,15,FFFFFF,93
478.0,478.0,19,E4CD9E,30
478.0,478.0,21,D4D5C9,4
478.0,478.0,25,FE8A18,56
478.0,478.0,27,BBE90B,34
478.0,478.0,33,0020A0,28
478.0,478.0,34,84B68D,6
478.0,478.0,36,C91A09,24
478.0,478.0,40,635F52,10
478.0,478.0,41,AEEFEC,3
478.0,478.0,42,F8F184,8
478.0,478.0,46,F5CD2F,17
478.0,478.0,47,FCFCFC,13
478.0,478.0,57,FF800D,26
478.0,478.0,70,582A12,9
478.0,478.0,71,A0A5A9,115
478.0,478.0,72,6C6E68,33
478.0,478.0,73,5A93DB,17
478.0,478.0,80,A5A9B4,11
478.0,478.0,85,3F3691,21
478.0,478.0,115,C7D23C,2
478.0,478.0,143,CFE2F7,1
478.0,478.0,182,F08F1C,3
478.0,478.0,1094,8D73B3,1
478.0,478.0,9999,05131D,2
480.0,480.0,0,05131D,433
480.0,480.0,1,0055BF,11
480.0,480.0,2,237841,118
480.0,480.0,4,C91A09,140
480.0,480.0,7,9BA19D,358
480.0,480.0,8,6D6E5C,92
480.0,480.0,14,F2CD37,181
480.0,480.0,15,FFFFFF,72
480.0,480.0,22,81007B,302
481.0,481.0,0,05131D,339
481.0,481.0,1,0055BF,99
481.0,481.0,2,237841,28
481.0,481.0,4,C91A09,77
481.0,481.0,10,4B9F4A,1
481.0,481.0,14,F2CD37,502
481.0,481.0,15,FFFFFF,30
481.0,481.0,19,E4CD9E,23
481.0,481.0,25,FE8A18,2
481.0,481.0,27,BBE90B,27
481.0,481.0,28,958A73,14
481.0,481.0,34,84B68D,6
481.0,481.0,36,C91A09,31
481.0,481.0,42,F8F184,46
481.0,481.0,46,F5CD2F,7
481.0,481.0,47,FCFCFC,47
481.0,481.0,70,582A12,45
481.0,481.0,71,A0A5A9,425
481.0,481.0,72,6C6E68,438
481.0,481.0,84,AA7D55,24
481.0,481.0,179,898788,4
481.0,481.0,182,F08F1C,16
481.0,481.0,288,184632,3
481.0,481.0,308,352100,4
481.0,481.0,320,720E0F,223
481.0,481.0,326,9B9A5A,17
481.0,481.0,484,A95500,8
481.0,481.0,1103,3E3C39,13
481.0,481.0,9999,05131D,6
494.0,494.0,0,05131D,10847
494.0,494.0,1,0055BF,1942
494.0,494.0,2,237841,2931
494.0,494.0,3,008F9B,3103
494.0,494.0,4,C91A09,4274
494.0,494.0,5,C870A0,4545
494.0,494.0,10,4B9F4A,3798
494.0,494.0,14,F2CD37,6823
494.0,494.0,15,FFFFFF,34050
494.0,494.0,19,E4CD9E,10657
494.0,494.0,25,FE8A18,2744
494.0,494.0,26,923978,4317
494.0,494.0,27,BBE90B,5941
494.0,494.0,28,958A73,745
494.0,494.0,29,E4ADC8,3672
494.0,494.0,30,AC78BA,3274
494.0,494.0,31,E1D5ED,2636
494.0,494.0,33,0020A0,247
494.0,494.0,34,84B68D,186
494.0,494.0,35,D9E4A7,212
494.0,494.0,36,C91A09,527
494.0,494.0,40,635F52,96
494.0,494.0,41,AEEFEC,2742
494.0,494.0,42,F8F184,496
494.0,494.0,45,DF6695,1143
494.0,494.0,46,F5CD2F,1584
494.0,494.0,47,FCFCFC,4125
494.0,494.0,52,A5A5CB,310
494.0,494.0,57,FF800D,53
494.0,494.0,70,582A12,7950
494.0,494.0,71,A0A5A9,13345
494.0,494.0,72,6C6E68,3063
494.0,494.0,73,5A93DB,669
494.0,494.0,78,F6D7B3,538
494.0,494.0,80,A5A9B4,115
494.0,494.0,82,DBAC34,14
494.0,494.0,84,AA7D55,5599
494.0,494.0,85,3F3691,3295
494.0,494.0,92,D09168,167
494.0,494.0,114,DF6695,11
494.0,494.0,129,A5A5CB,42
494.0,494.0,143,CFE2F7,33
494.0,494.0,158,DFEEA5,413
494.0,494.0,179,898788,1029
494.0,494.0,182,F08F1C,669
494.0,494.0,191,F8BB3D,4174
494.0,494.0,212,9FC3E9,886
494.0,494.0,226,FFF03A,2085
494.0,494.0,272,0A3463,2477
494.0,494.0,288,184632,597
494.0,494.0,297,AA7F2E,2220
494.0,494.0,308,352100,298
494.0,494.0,320,720E0F,432
494.0,494.0,321,078BC9,2225
494.0,494.0,322,36AEBF,6468
494.0,494.0,323,ADC3C0,2220
494.0,494.0,326,9B9A5A,56
494.0,494.0,334,BBA53D,17
494.0,494.0,378,A0BCAC,453
494.0,494.0,379,6074A1,311
494.0,494.0,484,A95500,2065
494.0,494.0,1000,D9D9D9,84
494.0,494.0,1002,C0F500,2
494.0,494.0,1050,FF698F,2114
494.0,494.0,1053,68BCC5,140
494.0,494.0,1054,CE1D9B,91
494.0,494.0,1055,FCFCFC,59
494.0,494.0,1056,583927,16
494.0,494.0,1059,8320B7,47
494.0,494.0,1060,84B68D,11
494.0,494.0,1061,0020A0,8
494.0,494.0,1062,EBD800,422
494.0,494.0,1063,B46A00,5
494.0,494.0,1088,755945,13
494.0,494.0,1089,CCA373,6
494.0,494.0,1103,3E3C39,27
494.0,494.0,1136,CA4C0B,247
494.0,494.0,1137,915C3C,3
494.0,494.0,1139,F5CD2F,4
494.0,494.0,1145,DD9E47,6
494.0,494.0,1146,F6B7BF,216
494.0,494.0,1147,A3A9FF,129
494.0,494.0,9999,05131D,516
498.0,498.0,0,05131D,134
498.0,498.0,1,0055BF,28
498.0,498.0,4,C91A09,65
498.0,498.0,7,9BA19D,32
498.0,498.0,14,F2CD37,13
498.0,498.0,15,FFFFFF,19
498.0,498.0,19,E4CD9E,21
498.0,498.0,71,A0A5A9,167
498.0,498.0,72,6C6E68,41
498.0,498.0,9999,05131D,4
500.0,500.0,0,05131D,14
500.0,500.0,5,C870A0,166
500.0,500.0,11,55A5AF,40
500.0,500.0,15,FFFFFF,83
500.0,500.0,17,C2DAB8,32
500.0,500.0,18,FBE696,2
500.0,500.0,22,81007B,8
500.0,500.0,25,FE8A18,25
500.0,500.0,26,923978,47
500.0,500.0,27,BBE90B,5
500.0,500.0,29,E4ADC8,110
500.0,500.0,36,C91A09,3
500.0,500.0,41,AEEFEC,268
500.0,500.0,42,F8F184,55
500.0,500.0,43,C1DFF0,215
500.0,500.0,45,DF6695,903
500.0,500.0,46,F5CD2F,63
500.0,500.0,47,FCFCFC,234
500.0,500.0,52,A5A5CB,8
500.0,500.0,54,DAB000,153
500.0,500.0,63,AA4D8E,3
500.0,500.0,69,CD6298,11
500.0,500.0,73,5A93DB,3
500.0,500.0,79,FFFFFF,16
500.0,500.0,80,A5A9B4,2
500.0,500.0,118,B3D7D1,169
500.0,500.0,129,A5A5CB,7
500.0,500.0,143,CFE2F7,7
500.0,500.0,182,F08F1C,246
500.0,500.0,183,F2F3F2,8
500.0,500.0,191,F8BB3D,19
500.0,500.0,212,9FC3E9,20
500.0,500.0,226,FFF03A,23
500.0,500.0,230,E4ADC8,412
500.0,500.0,232,7DBFDD,77
500.0,500.0,236,96709F,54
500.0,500.0,383,E0E0E0,61
500.0,500.0,1004,FCB76D,199
500.0,500.0,1005,FBE890,41
500.0,500.0,1006,B4D4F7,71
500.0,500.0,1007,8E5597,43
500.0,500.0,1057,C9E788,90
500.0,500.0,1058,94E5AB,41
500.0,500.0,1082,FE78B0,32
500.0,500.0,1094,8D73B3,239
500.0,500.0,1097,8D73B3,6
500.0,500.0,1099,E4ADC8,2
500.0,500.0,1100,FFCF0B,22
500.0,500.0,1135,A5ADB4,5
500.0,500.0,9999,05131D,141
501.0,501.0,0,05131D,144
501.0,501.0,1,0055BF,55
501.0,501.0,2,237841,11
501.0,501.0,4,C91A09,60
501.0,501.0,5,C870A0,6
501.0,501.0,6,583927,1
501.0,501.0,7,9BA19D,4
501.0,501.0,8,6D6E5C,14
501.0,501.0,14,F2CD37,34
501.0,501.0,15,FFFFFF,80
501.0,501.0,19,E4CD9E,37
501.0,501.0,25,FE8A18,8
501.0,501.0,26,923978,1
501.0,501.0,27,BBE90B,19
501.0,501.0,28,958A73,13
501.0,501.0,29,E4ADC8,3
501.0,501.0,33,0020A0,1
501.0,501.0,34,84B68D,2
501.0,501.0,36,C91A09,1
501.0,501.0,41,AEEFEC,9
501.0,501.0,45,DF6695,5
501.0,501.0,46,F5CD2F,7
501.0,501.0,47,FCFCFC,22
501.0,501.0,52,A5A5CB,1
501.0,501.0,57,FF800D,4
501.0,501.0,70,582A12,32
501.0,501.0,71,A0A5A9,97
501.0,501.0,72,6C6E68,102
501.0,501.0,73,5A93DB,1
501.0,501.0,85,3F3691,2
501.0,501.0,135,9CA3A8,1
501.0,501.0,182,F08F1C,2
501.0,501.0,191,F8BB3D,8
501.0,501.0,272,0A3463,11
501.0,501.0,288,184632,1
501.0,501.0,297,AA7F2E,22
501.0,501.0,320,720E0F,2
501.0,501.0,321,078BC9,2
501.0,501.0,322,36AEBF,10
501.0,501.0,323,ADC3C0,3
501.0,501.0,334,BBA53D,1
501.0,501.0,9999,05131D,85
502.0,502.0,0,05131D,1107
502.0,502.0,1,0055BF,515
502.0,502.0,2,237841,664
502.0,502.0,4,C91A09,678
502.0,502.0,10,4B9F4A,95
502.0,502.0,14,F2CD37,384
502.0,502.0,15,FFFFFF,1027
502.0,502.0,19,E4CD9E,522
502.0,502.0,25,FE8A18,175
502.0,502.0,27,BBE90B,320
502.0,502.0,28,958A73,202
502.0,502.0,29,E4ADC8,41
502.0,502.0,33,0020A0,75
502.0,502.0,34,84B68D,69
502.0,502.0,36,C91A09,84
502.0,502.0,40,635F52,32
502.0,502.0,41,AEEFEC,76
502.0,502.0,42,F8F184,52
502.0,502.0,46,F5CD2F,65
502.0,502.0,47,FCFCFC,214
502.0,502.0,52,A5A5CB,17
502.0,502.0,57,FF800D,65
502.0,502.0,70,582A12,979
502.0,502.0,71,A0A5A9,1374
502.0,502.0,72,6C6E68,896
502.0,502.0,73,5A93DB,38
502.0,502.0,82,DBAC34,1
502.0,502.0,84,AA7D55,1
502.0,502.0,85,3F3691,40
502.0,502.0,143,CFE2F7,17
502.0,502.0,179,898788,24
502.0,502.0,182,F08F1C,76
502.0,502.0,191,F8BB3D,15
502.0,502.0,212,9FC3E9,21
502.0,502.0,272,0A3463,46
502.0,502.0,288,184632,25
502.0,502.0,297,AA7F2E,336
502.0,502.0,308,352100,18
502.0,502.0,320,720E0F,48
502.0,502.0,321,078BC9,16
502.0,502.0,322,36AEBF,1
502.0,502.0,378,A0BCAC,47
502.0,502.0,484,A95500,5
502.0,502.0,1103,3E3C39,19
502.0,502.0,9999,05131D,28
503.0,503.0,0,05131D,158
503.0,503.0,1,0055BF,6
503.0,503.0,2,237841,23
503.0,503.0,4,C91A09,22
503.0,503.0,5,C870A0,6
503.0,503.0,14,F2CD37,23
503.0,503.0,15,FFFFFF,91
503.0,503.0,19,E4CD9E,8
503.0,503.0,25,FE8A18,4
503.0,503.0,26,923978,2
503.0,503.0,27,BBE90B,14
503.0,503.0,29,E4ADC8,5
503.0,503.0,30,AC78BA,2
503.0,503.0,33,0020A0,9
503.0,503.0,45,DF6695,2
503.0,503.0,47,FCFCFC,6
503.0,503.0,63,AA4D8E,1
503.0,503.0,64,1B2A34,1
503.0,503.0,70,582A12,11
503.0,503.0,71,A0A5A9,29
503.0,503.0,72,6C6E68,39
503.0,503.0,73,5A93DB,1
503.0,503.0,80,A5A9B4,9
503.0,503.0,85,3F3691,3
503.0,503.0,183,F2F3F2,1
503.0,503.0,212,9FC3E9,1
503.0,503.0,272,0A3463,8
503.0,503.0,288,184632,2
503.0,503.0,321,078BC9,1
503.0,503.0,322,36AEBF,7
503.0,503.0,334,BBA53D,2
503.0,503.0,378,A0BCAC,2
503.0,503.0,383,E0E0E0,3
503.0,503.0,9999,05131D,10
504.0,504.0,0,05131D,79
504.0,504.0,1,0055BF,273
504.0,504.0,2,237841,64
504.0,504.0,3,008F9B,16
504.0,504.0,4,C91A09,412
504.0,504.0,5,C870A0,25
504.0,504.0,6,583927,6
504.0,504.0,7,9BA19D,16
504.0,504.0,8,6D6E5C,29
504.0,504.0,10,4B9F4A,228
504.0,504.0,14,F2CD37,414
504.0,504.0,15,FFFFFF,288
504.0,504.0,17,C2DAB8,3
504.0,504.0,19,E4CD9E,61
504.0,504.0,25,FE8A18,157
504.0,504.0,26,923978,5
504.0,504.0,27,BBE90B,237
504.0,504.0,29,E4ADC8,25
504.0,504.0,30,AC78BA,27
504.0,504.0,31,E1D5ED,42
504.0,504.0,33,0020A0,1
504.0,504.0,36,C91A09,3
504.0,504.0,41,AEEFEC,16
504.0,504.0,46,F5CD2F,5
504.0,504.0,47,FCFCFC,5
504.0,504.0,70,582A12,102
504.0,504.0,71,A0A5A9,54
504.0,504.0,72,6C6E68,11
504.0,504.0,73,5A93DB,31
504.0,504.0,74,73DCA1,1
504.0,504.0,84,AA7D55,74
504.0,504.0,85,3F3691,21
504.0,504.0,117,FFFFFF,1
504.0,504.0,135,9CA3A8,20
504.0,504.0,158,DFEEA5,33
504.0,504.0,178,B48455,5
504.0,504.0,179,898788,6
504.0,504.0,182,F08F1C,2
504.0,504.0,191,F8BB3D,77
504.0,504.0,212,9FC3E9,4
504.0,504.0,226,FFF03A,80
504.0,504.0,272,0A3463,5
504.0,504.0,288,184632,1
504.0,504.0,297,AA7F2E,3
504.0,504.0,321,078BC9,61
504.0,504.0,322,36AEBF,224
504.0,504.0,323,ADC3C0,75
504.0,504.0,383,E0E0E0,2
504.0,504.0,462,FFA70B,9
504.0,504.0,484,A95500,73
504.0,504.0,1003,68BCC5,1
504.0,504.0,1050,FF698F,82
504.0,504.0,1055,FCFCFC,2
504.0,504.0,1062,EBD800,8
504.0,504.0,1136,CA4C0B,41
504.0,504.0,9999,05131D,50
505.0,505.0,0,05131D,415
505.0,505.0,1,0055BF,3624
505.0,505.0,2,237841,2357
505.0,505.0,3,008F9B,10
505.0,505.0,4,C91A09,4467
505.0,505.0,5,C870A0,110
505.0,505.0,6,583927,16
505.0,505.0,7,9BA19D,22
505.0,505.0,8,6D6E5C,7
505.0,505.0,10,4B9F4A,1162
505.0,505.0,11,55A5AF,2
505.0,505.0,14,F2CD37,4473
505.0,505.0,15,FFFFFF,580
505.0,505.0,18,FBE696,2
505.0,505.0,19,E4CD9E,12
505.0,505.0,21,D4D5C9,4
505.0,505.0,22,81007B,8
505.0,505.0,25,FE8A18,755
505.0,505.0,26,923978,11
505.0,505.0,27,BBE90B,674
505.0,505.0,28,958A73,2
505.0,505.0,29,E4ADC8,58
505.0,505.0,30,AC78BA,6
505.0,505.0,31,E1D5ED,41
505.0,505.0,33,0020A0,4
505.0,505.0,34,84B68D,1
505.0,505.0,41,AEEFEC,81
505.0,505.0,46,F5CD2F,4
505.0,505.0,47,FCFCFC,5
505.0,505.0,52,A5A5CB,1
505.0,505.0,70,582A12,32
505.0,505.0,71,A0A5A9,52
505.0,505.0,72,6C6E68,25
505.0,505.0,73,5A93DB,448
505.0,505.0,74,73DCA1,1
505.0,505.0,78,F6D7B3,1
505.0,505.0,84,AA7D55,18
505.0,505.0,85,3F3691,46
505.0,505.0,92,D09168,4
505.0,505.0,110,4354A3,33
505.0,505.0,112,6874CA,3
505.0,505.0,115,C7D23C,5
505.0,505.0,158,DFEEA5,49
505.0,505.0,178,B48455,1
505.0,505.0,179,898788,2
505.0,505.0,191,F8BB3D,96
505.0,505.0,212,9FC3E9,5
505.0,505.0,226,FFF03A,106
505.0,505.0,272,0A3463,4
505.0,505.0,297,AA7F2E,12
505.0,505.0,308,352100,1
505.0,505.0,320,720E0F,14
505.0,505.0,321,078BC9,51
505.0,505.0,322,36AEBF,311
505.0,505.0,323,ADC3C0,68
505.0,505.0,366,FA9C1C,1
505.0,505.0,379,6074A1,1
505.0,505.0,383,E0E0E0,2
505.0,505.0,450,B67B50,2
505.0,505.0,462,FFA70B,46
505.0,505.0,484,A95500,217
505.0,505.0,503,E6E3DA,1
505.0,505.0,1003,68BCC5,1
505.0,505.0,1050,FF698F,87
505.0,505.0,1055,FCFCFC,1
505.0,505.0,1064,FF8014,2
505.0,505.0,1066,DD982E,4
505.0,505.0,1068,EE5434,12
505.0,505.0,1088,755945,1
505.0,505.0,1089,CCA373,1
505.0,505.0,1093,9195CA,1
505.0,505.0,1136,CA4C0B,3
505.0,505.0,9999,05131D,29
506.0,506.0,0,05131D,64
506.0,506.0,1,0055BF,38
506.0,506.0,2,237841,11
506.0,506.0,4,C91A09,117
506.0,506.0,10,4B9F4A,28
506.0,506.0,14,F2CD37,39
506.0,506.0,15,FFFFFF,74
506.0,506.0,19,E4CD9E,39
506.0,506.0,25,FE8A18,5
506.0,506.0,26,923978,1
506.0,506.0,27,BBE90B,7
506.0,506.0,41,AEEFEC,6
506.0,506.0,46,F5CD2F,1
506.0,506.0,70,582A12,12
506.0,506.0,71,A0A5A9,42
506.0,506.0,72,6C6E68,25
506.0,506.0,73,5A93DB,21
506.0,506.0,84,AA7D55,2
506.0,506.0,179,898788,8
506.0,506.0,182,F08F1C,1
506.0,506.0,191,F8BB3D,15
506.0,506.0,226,FFF03A,4
506.0,506.0,321,078BC9,7
506.0,506.0,322,36AEBF,36
506.0,506.0,323,ADC3C0,6
506.0,506.0,383,E0E0E0,1
506.0,506.0,484,A95500,22
507.0,507.0,0,05131D,3724
507.0,507.0,1,0055BF,2893
507.0,507.0,2,237841,1893
507.0,507.0,3,008F9B,359
507.0,507.0,4,C91A09,4042
507.0,507.0,5,C870A0,71
507.0,507.0,6,583927,98
507.0,507.0,7,9BA19D,1179
507.0,507.0,8,6D6E5C,154
507.0,507.0,10,4B9F4A,256
507.0,507.0,14,F2CD37,3392
507.0,507.0,15,FFFFFF,4548
507.0,507.0,19,E4CD9E,657
507.0,507.0,22,81007B,26
507.0,507.0,25,FE8A18,816
507.0,507.0,26,923978,131
507.0,507.0,27,BBE90B,609
507.0,507.0,28,958A73,16
507.0,507.0,29,E4ADC8,167
507.0,507.0,30,AC78BA,17
507.0,507.0,33,0020A0,248
507.0,507.0,34,84B68D,94
507.0,507.0,35,D9E4A7,10
507.0,507.0,36,C91A09,145
507.0,507.0,40,635F52,67
507.0,507.0,41,AEEFEC,185
507.0,507.0,42,F8F184,110
507.0,507.0,45,DF6695,48
507.0,507.0,46,F5CD2F,78
507.0,507.0,47,FCFCFC,259
507.0,507.0,52,A5A5CB,34
507.0,507.0,57,FF800D,81
507.0,507.0,70,582A12,854
507.0,507.0,71,A0A5A9,1760
507.0,507.0,72,6C6E68,750
507.0,507.0,73,5A93DB,289
507.0,507.0,80,A5A9B4,2
507.0,507.0,82,DBAC34,4
507.0,507.0,84,AA7D55,133
507.0,507.0,85,3F3691,265
507.0,507.0,114,DF6695,20
507.0,507.0,135,9CA3A8,15
507.0,507.0,179,898788,39
507.0,507.0,182,F08F1C,60
507.0,507.0,191,F8BB3D,311
507.0,507.0,212,9FC3E9,28
507.0,507.0,226,FFF03A,1
507.0,507.0,272,0A3463,149
507.0,507.0,288,184632,12
507.0,507.0,297,AA7F2E,80
507.0,507.0,308,352100,10
507.0,507.0,320,720E0F,23
507.0,507.0,321,078BC9,221
507.0,507.0,322,36AEBF,52
507.0,507.0,323,ADC3C0,3
507.0,507.0,326,9B9A5A,2
507.0,507.0,334,BBA53D,22
507.0,507.0,351,F785B1,16
507.0,507.0,378,A0BCAC,14
507.0,507.0,383,E0E0E0,65
507.0,507.0,484,A95500,32
507.0,507.0,1050,FF698F,314
507.0,507.0,1103,3E3C39,5
507.0,507.0,9999,05131D,74
509.0,509.0,0,05131D,1325
509.0,509.0,1,0055BF,326
509.0,509.0,2,237841,54
509.0,509.0,4,C91A09,335
509.0,509.0,5,C870A0,4
509.0,509.0,10,4B9F4A,67
509.0,509.0,14,F2CD37,551
509.0,509.0,15,FFFFFF,359
509.0,509.0,19,E4CD9E,158
509.0,509.0,25,FE8A18,71
509.0,509.0,26,923978,217
509.0,509.0,34,84B68D,30
509.0,509.0,35,D9E4A7,1
509.0,509.0,36,C91A09,31
509.0,509.0,41,AEEFEC,48
509.0,509.0,45,DF6695,2
509.0,509.0,47,FCFCFC,25
509.0,509.0,70,582A12,6
509.0,509.0,71,A0A5A9,466
509.0,509.0,72,6C6E68,32
509.0,509.0,84,AA7D55,1
509.0,509.0,179,898788,8
509.0,509.0,182,F08F1C,10
509.0,509.0,191,F8BB3D,40
509.0,509.0,226,FFF03A,1
509.0,509.0,321,078BC9,33
509.0,509.0,322,36AEBF,240
509.0,509.0,9999,05131D,2
510.0,510.0,0,05131D,4939
510.0,510.0,1,0055BF,1500
510.0,510.0,2,237841,2994
510.0,510.0,3,008F9B,760
510.0,510.0,4,C91A09,2273
510.0,510.0,5,C870A0,930
510.0,510.0,6,583927,45
510.0,510.0,7,9BA19D,425
510.0,510.0,8,6D6E5C,110
510.0,510.0,10,4B9F4A,256
510.0,510.0,13,FC97AC,6
510.0,510.0,14,F2CD37,2719
510.0,510.0,15,FFFFFF,3473
510.0,510.0,19,E4CD9E,1354
510.0,510.0,21,D4D5C9,18
510.0,510.0,22,81007B,45
510.0,510.0,25,FE8A18,2574
510.0,510.0,26,923978,30
510.0,510.0,27,BBE90B,1162
510.0,510.0,28,958A73,2
510.0,510.0,29,E4ADC8,2
510.0,510.0,33,0020A0,508
510.0,510.0,34,84B68D,323
510.0,510.0,35,D9E4A7,12
510.0,510.0,36,C91A09,629
510.0,510.0,40,635F52,42
510.0,510.0,41,AEEFEC,290
510.0,510.0,42,F8F184,277
510.0,510.0,45,DF6695,307
510.0,510.0,46,F5CD2F,228
510.0,510.0,47,FCFCFC,420
510.0,510.0,52,A5A5CB,160
510.0,510.0,57,FF800D,79
510.0,510.0,70,582A12,305
510.0,510.0,71,A0A5A9,2393
510.0,510.0,72,6C6E68,2494
510.0,510.0,73,5A93DB,253
510.0,510.0,74,73DCA1,156
510.0,510.0,78,F6D7B3,40
510.0,510.0,80,A5A9B4,18
510.0,510.0,82,DBAC34,8
510.0,510.0,84,AA7D55,6
510.0,510.0,92,D09168,7
510.0,510.0,114,DF6695,1
510.0,510.0,135,9CA3A8,116
510.0,510.0,151,E6E3E0,6
510.0,510.0,179,898788,255
510.0,510.0,191,F8BB3D,4
510.0,510.0,226,FFF03A,1
510.0,510.0,272,0A3463,120
510.0,510.0,297,AA7F2E,74
510.0,510.0,308,352100,5
510.0,510.0,320,720E0F,60
510.0,510.0,322,36AEBF,8
510.0,510.0,334,BBA53D,1100
510.0,510.0,351,F785B1,87
510.0,510.0,378,A0BCAC,180
510.0,510.0,383,E0E0E0,4
510.0,510.0,462,FFA70B,20
510.0,510.0,484,A95500,14
510.0,510.0,1093,9195CA,37
511.0,511.0,0,05131D,143
511.0,511.0,1,0055BF,140
511.0,511.0,4,C91A09,272
511.0,511.0,6,583927,5
511.0,511.0,7,9BA19D,4
511.0,511.0,14,F2CD37,178
511.0,511.0,15,FFFFFF,174
511.0,511.0,47,FCFCFC,23
516.0,516.0,0,05131D,973
516.0,516.0,1,0055BF,2597
516.0,516.0,2,237841,1427
516.0,516.0,3,008F9B,10
516.0,516.0,4,C91A09,3897
516.0,516.0,5,C870A0,131
516.0,516.0,6,583927,182
516.0,516.0,7,9BA19D,118
516.0,516.0,8,6D6E5C,217
516.0,516.0,10,4B9F4A,1089
516.0,516.0,14,F2CD37,3705
516.0,516.0,15,FFFFFF,5191
516.0,516.0,17,C2DAB8,4
516.0,516.0,18,FBE696,18
516.0,516.0,19,E4CD9E,70
516.0,516.0,22,81007B,6
516.0,516.0,25,FE8A18,569
516.0,516.0,26,923978,14
516.0,516.0,27,BBE90B,477
516.0,516.0,28,958A73,2
516.0,516.0,29,E4ADC8,50
516.0,516.0,30,AC78BA,11
516.0,516.0,31,E1D5ED,10
516.0,516.0,33,0020A0,13
516.0,516.0,34,84B68D,4
516.0,516.0,36,C91A09,8
516.0,516.0,40,635F52,3
516.0,516.0,41,AEEFEC,84
516.0,516.0,42,F8F184,8
516.0,516.0,45,DF6695,1
516.0,516.0,46,F5CD2F,23
516.0,516.0,47,FCFCFC,56
516.0,516.0,57,FF800D,1
516.0,516.0,70,582A12,124
516.0,516.0,71,A0A5A9,286
516.0,516.0,72,6C6E68,275
516.0,516.0,73,5A93DB,332
516.0,516.0,74,73DCA1,64
516.0,516.0,84,AA7D55,1
516.0,516.0,85,3F3691,75
516.0,516.0,86,7C503A,8
516.0,516.0,92,D09168,108
516.0,516.0,110,4354A3,23
516.0,516.0,112,6874CA,13
516.0,516.0,115,C7D23C,7
516.0,516.0,117,FFFFFF,7
516.0,516.0,135,9CA3A8,137
516.0,516.0,158,DFEEA5,6
516.0,516.0,178,B48455,5
516.0,516.0,179,898788,37
516.0,516.0,182,F08F1C,5
516.0,516.0,191,F8BB3D,145
516.0,516.0,212,9FC3E9,73
516.0,516.0,226,FFF03A,42
516.0,516.0,232,7DBFDD,6
516.0,516.0,272,0A3463,20
516.0,516.0,288,184632,2
516.0,516.0,297,AA7F2E,37
516.0,516.0,308,352100,6
516.0,516.0,321,078BC9,14
516.0,516.0,322,36AEBF,176
516.0,516.0,323,ADC3C0,6
516.0,516.0,351,F785B1,48
516.0,516.0,366,FA9C1C,23
516.0,516.0,378,A0BCAC,11
516.0,516.0,450,B67B50,3
516.0,516.0,462,FFA70B,40
516.0,516.0,484,A95500,319
516.0,516.0,1050,FF698F,10
516.0,516.0,1064,FF8014,11
516.0,516.0,1068,EE5434,4
516.0,516.0,1093,9195CA,8
516.0,516.0,1143,FFFFFF,2
516.0,516.0,9999,05131D,275
517.0,517.0,0,05131D,253
517.0,517.0,1,0055BF,341
517.0,517.0,2,237841,82
517.0,517.0,4,C91A09,372
517.0,517.0,6,583927,23
517.0,517.0,14,F2CD37,333
517.0,517.0,15,FFFFFF,1382
517.0,517.0,25,FE8A18,24
517.0,517.0,34,84B68D,4
517.0,517.0,47,FCFCFC,6
517.0,517.0,71,A0A5A9,153
517.0,517.0,9999,05131D,14
518.0,518.0,0,05131D,1780
518.0,518.0,1,0055BF,463
518.0,518.0,2,237841,51
518.0,518.0,4,C91A09,741
518.0,518.0,6,583927,15
518.0,518.0,7,9BA19D,261
518.0,518.0,8,6D6E5C,50
518.0,518.0,14,F2CD37,323
518.0,518.0,15,FFFFFF,358
518.0,518.0,19,E4CD9E,136
518.0,518.0,25,FE8A18,65
518.0,518.0,27,BBE90B,37
518.0,518.0,28,958A73,49
518.0,518.0,33,0020A0,79
518.0,518.0,34,84B68D,2
518.0,518.0,36,C91A09,19
518.0,518.0,40,635F52,5
518.0,518.0,41,AEEFEC,8
518.0,518.0,42,F8F184,22
518.0,518.0,46,F5CD2F,4
518.0,518.0,47,FCFCFC,7
518.0,518.0,70,582A12,77
518.0,518.0,71,A0A5A9,1088
518.0,518.0,72,6C6E68,500
518.0,518.0,73,5A93DB,78
518.0,518.0,80,A5A9B4,3
518.0,518.0,143,CFE2F7,6
518.0,518.0,179,898788,6
518.0,518.0,182,F08F1C,7
518.0,518.0,272,0A3463,60
518.0,518.0,288,184632,6
518.0,518.0,297,AA7F2E,11
518.0,518.0,308,352100,7
518.0,518.0,383,E0E0E0,4
518.0,518.0,484,A95500,4
518.0,518.0,1103,3E3C39,2
518.0,518.0,9999,05131D,14
519.0,519.0,0,05131D,572
519.0,519.0,1,0055BF,131
519.0,519.0,4,C91A09,42
519.0,519.0,14,F2CD37,38
519.0,519.0,15,FFFFFF,16
519.0,519.0,19,E4CD9E,28
519.0,519.0,25,FE8A18,11
519.0,519.0,34,84B68D,2
519.0,519.0,36,C91A09,2
519.0,519.0,46,F5CD2F,2
519.0,519.0,47,FCFCFC,3
519.0,519.0,71,A0A5A9,501
519.0,519.0,72,6C6E68,273
519.0,519.0,135,9CA3A8,4
519.0,519.0,151,E6E3E0,23
519.0,519.0,9999,05131D,7
520.0,520.0,0,05131D,2307
520.0,520.0,1,0055BF,464
520.0,520.0,2,237841,214
520.0,520.0,3,008F9B,35
520.0,520.0,4,C91A09,207
520.0,520.0,6,583927,4
520.0,520.0,7,9BA19D,2401
520.0,520.0,8,6D6E5C,240
520.0,520.0,10,4B9F4A,11
520.0,520.0,14,F2CD37,390
520.0,520.0,15,FFFFFF,252
520.0,520.0,19,E4CD9E,104
520.0,520.0,21,D4D5C9,3
520.0,520.0,22,81007B,28
520.0,520.0,25,FE8A18,21
520.0,520.0,33,0020A0,15
520.0,520.0,34,84B68D,1
520.0,520.0,36,C91A09,2
520.0,520.0,42,F8F184,10
520.0,520.0,47,FCFCFC,20
520.0,520.0,57,FF800D,10
520.0,520.0,71,A0A5A9,102
520.0,520.0,72,6C6E68,17
520.0,520.0,334,BBA53D,2
520.0,520.0,383,E0E0E0,4
520.0,520.0,9999,05131D,7
521.0,521.0,0,05131D,157
521.0,521.0,1,0055BF,14
521.0,521.0,2,237841,11
521.0,521.0,4,C91A09,143
521.0,521.0,10,4B9F4A,17
521.0,521.0,14,F2CD37,92
521.0,521.0,15,FFFFFF,171
521.0,521.0,19,E4CD9E,20
521.0,521.0,25,FE8A18,5
521.0,521.0,27,BBE90B,82
521.0,521.0,34,84B68D,4
521.0,521.0,36,C91A09,4
521.0,521.0,41,AEEFEC,19
521.0,521.0,46,F5CD2F,4
521.0,521.0,47,FCFCFC,3
521.0,521.0,70,582A12,3
521.0,521.0,71,A0A5A9,109
521.0,521.0,72,6C6E68,66
521.0,521.0,191,F8BB3D,42
521.0,521.0,308,352100,2
521.0,521.0,322,36AEBF,26
521.0,521.0,9999,05131D,8
523.0,523.0,1,0055BF,1
523.0,523.0,4,C91A09,13
523.0,523.0,7,9BA19D,8
523.0,523.0,14,F2CD37,4
523.0,523.0,15,FFFFFF,17
524.0,524.0,0,05131D,1316
524.0,524.0,1,0055BF,614
524.0,524.0,2,237841,198
524.0,524.0,3,008F9B,19
524.0,524.0,4,C91A09,1026
524.0,524.0,5,C870A0,20
524.0,524.0,7,9BA19D,667
524.0,524.0,8,6D6E5C,78
524.0,524.0,10,4B9F4A,15
524.0,524.0,14,F2CD37,769
524.0,524.0,15,FFFFFF,362
524.0,524.0,19,E4CD9E,102
524.0,524.0,21,D4D5C9,11
524.0,524.0,22,81007B,4
524.0,524.0,25,FE8A18,57
524.0,524.0,27,BBE90B,60
524.0,524.0,28,958A73,7
524.0,524.0,29,E4ADC8,30
524.0,524.0,33,0020A0,16
524.0,524.0,34,84B68D,17
524.0,524.0,36,C91A09,18
524.0,524.0,41,AEEFEC,11
524.0,524.0,42,F8F184,21
524.0,524.0,46,F5CD2F,11
524.0,524.0,47,FCFCFC,21
524.0,524.0,57,FF800D,1
524.0,524.0,70,582A12,90
524.0,524.0,71,A0A5A9,156
524.0,524.0,72,6C6E68,23
524.0,524.0,73,5A93DB,20
524.0,524.0,84,AA7D55,5
524.0,524.0,85,3F3691,10
524.0,524.0,179,898788,5
524.0,524.0,182,F08F1C,15
524.0,524.0,191,F8BB3D,15
524.0,524.0,288,184632,5
524.0,524.0,297,AA7F2E,5
524.0,524.0,383,E0E0E0,6
524.0,524.0,484,A95500,10
524.0,524.0,1103,3E3C39,5
524.0,524.0,9999,05131D,3
525.0,525.0,0,05131D,3838
525.0,525.0,1,0055BF,744
525.0,525.0,2,237841,87
525.0,525.0,4,C91A09,938
525.0,525.0,7,9BA19D,3461
525.0,525.0,8,6D6E5C,239
525.0,525.0,14,F2CD37,374
525.0,525.0,15,FFFFFF,191
525.0,525.0,19,E4CD9E,472
525.0,525.0,25,FE8A18,10
525.0,525.0,28,958A73,104
525.0,525.0,41,AEEFEC,5
525.0,525.0,47,FCFCFC,5
525.0,525.0,71,A0A5A9,1947
525.0,525.0,72,6C6E68,1187
525.0,525.0,383,E0E0E0,2
526.0,526.0,1,0055BF,58
526.0,526.0,2,237841,62
526.0,526.0,4,C91A09,114
526.0,526.0,14,F2CD37,80
528.0,528.0,0,05131D,699
528.0,528.0,1,0055BF,447
528.0,528.0,2,237841,366
528.0,528.0,4,C91A09,1188
528.0,528.0,7,9BA19D,1
528.0,528.0,8,6D6E5C,36
528.0,528.0,10,4B9F4A,4
528.0,528.0,14,F2CD37,306
528.0,528.0,15,FFFFFF,608
528.0,528.0,19,E4CD9E,2
528.0,528.0,25,FE8A18,24
528.0,528.0,27,BBE90B,24
528.0,528.0,28,958A73,4
528.0,528.0,41,AEEFEC,25
528.0,528.0,47,FCFCFC,43
528.0,528.0,70,582A12,2
528.0,528.0,71,A0A5A9,133
528.0,528.0,72,6C6E68,172
528.0,528.0,73,5A93DB,24
528.0,528.0,151,E6E3E0,1
528.0,528.0,288,184632,2
528.0,528.0,9999,05131D,4
529.0,529.0,0,05131D,2943
529.0,529.0,1,0055BF,723
529.0,529.0,2,237841,36
529.0,529.0,4,C91A09,1006
529.0,529.0,7,9BA19D,2711
529.0,529.0,8,6D6E5C,50
529.0,529.0,14,F2CD37,356
529.0,529.0,15,FFFFFF,90
529.0,529.0,19,E4CD9E,37
529.0,529.0,33,0020A0,16
529.0,529.0,34,84B68D,4
529.0,529.0,36,C91A09,4
529.0,529.0,46,F5CD2F,4
529.0,529.0,47,FCFCFC,16
529.0,529.0,71,A0A5A9,114
529.0,529.0,72,6C6E68,38
529.0,529.0,383,E0E0E0,6
529.0,529.0,9999,05131D,352
530.0,530.0,0,05131D,310
530.0,530.0,1,0055BF,21
530.0,530.0,4,C91A09,172
530.0,530.0,7,9BA19D,154
530.0,530.0,8,6D6E5C,11
530.0,530.0,14,F2CD37,76
530.0,530.0,15,FFFFFF,33
530.0,530.0,33,0020A0,1
530.0,530.0,34,84B68D,2
530.0,530.0,36,C91A09,1
530.0,530.0,46,F5CD2F,1
530.0,530.0,47,FCFCFC,10
530.0,530.0,383,E0E0E0,2
530.0,530.0,9999,05131D,14
531.0,531.0,0,05131D,1193
531.0,531.0,1,0055BF,60
531.0,531.0,2,237841,34
531.0,531.0,4,C91A09,215
531.0,531.0,7,9BA19D,718
531.0,531.0,8,6D6E5C,160
531.0,531.0,14,F2CD37,219
531.0,531.0,15,FFFFFF,41
531.0,531.0,19,E4CD9E,48
531.0,531.0,47,FCFCFC,5
531.0,531.0,71,A0A5A9,214
531.0,531.0,72,6C6E68,50
531.0,531.0,288,184632,32
533.0,533.0,0,05131D,2413
533.0,533.0,1,0055BF,997
533.0,533.0,2,237841,448
533.0,533.0,4,C91A09,2424
533.0,533.0,5,C870A0,4
533.0,533.0,6,583927,21
533.0,533.0,7,9BA19D,360
533.0,533.0,8,6D6E5C,42
533.0,533.0,10,4B9F4A,20
533.0,533.0,14,F2CD37,1588
533.0,533.0,15,FFFFFF,3745
533.0,533.0,19,E4CD9E,201
533.0,533.0,25,FE8A18,220
533.0,533.0,27,BBE90B,90
533.0,533.0,28,958A73,5
533.0,533.0,29,E4ADC8,3
533.0,533.0,33,0020A0,359
533.0,533.0,34,84B68D,18
533.0,533.0,36,C91A09,154
533.0,533.0,40,635F52,22
533.0,533.0,41,AEEFEC,72
533.0,533.0,42,F8F184,14
533.0,533.0,46,F5CD2F,251
533.0,533.0,47,FCFCFC,390
533.0,533.0,57,FF800D,27
533.0,533.0,70,582A12,226
533.0,533.0,71,A0A5A9,1253
533.0,533.0,72,6C6E68,853
533.0,533.0,73,5A93DB,277
533.0,533.0,80,A5A9B4,7
533.0,533.0,84,AA7D55,2
533.0,533.0,114,DF6695,10
533.0,533.0,179,898788,4
533.0,533.0,182,F08F1C,28
533.0,533.0,191,F8BB3D,5
533.0,533.0,272,0A3463,16
533.0,533.0,308,352100,3
533.0,533.0,320,720E0F,5
533.0,533.0,484,A95500,5
533.0,533.0,9999,05131D,37
534.0,534.0,0,05131D,924
534.0,534.0,1,0055BF,1357
534.0,534.0,2,237841,303
534.0,534.0,4,C91A09,2891
534.0,534.0,6,583927,23
534.0,534.0,7,9BA19D,747
534.0,534.0,8,6D6E5C,67
534.0,534.0,10,4B9F4A,3
534.0,534.0,13,FC97AC,34
534.0,534.0,14,F2CD37,2324
534.0,534.0,15,FFFFFF,1281
534.0,534.0,33,0020A0,60
534.0,534.0,36,C91A09,4
534.0,534.0,41,AEEFEC,11
534.0,534.0,46,F5CD2F,10
534.0,534.0,47,FCFCFC,172
534.0,534.0,79,FFFFFF,2
534.0,534.0,351,F785B1,15
534.0,534.0,9999,05131D,33
535.0,535.0,0,05131D,59
535.0,535.0,1,0055BF,1
535.0,535.0,2,237841,5
535.0,535.0,4,C91A09,8
535.0,535.0,5,C870A0,1
535.0,535.0,14,F2CD37,8
535.0,535.0,15,FFFFFF,22
535.0,535.0,19,E4CD9E,6
535.0,535.0,25,FE8A18,3
535.0,535.0,26,923978,2
535.0,535.0,27,BBE90B,4
535.0,535.0,28,958A73,2
535.0,535.0,33,0020A0,5
535.0,535.0,36,C91A09,4
535.0,535.0,41,AEEFEC,2
535.0,535.0,42,F8F184,5
535.0,535.0,46,F5CD2F,3
535.0,535.0,47,FCFCFC,2
535.0,535.0,57,FF800D,2
535.0,535.0,70,582A12,21
535.0,535.0,71,A0A5A9,24
535.0,535.0,72,6C6E68,10
535.0,535.0,73,5A93DB,2
535.0,535.0,80,A5A9B4,8
535.0,535.0,84,AA7D55,1
535.0,535.0,179,898788,13
535.0,535.0,182,F08F1C,5
535.0,535.0,191,F8BB3D,1
535.0,535.0,297,AA7F2E,14
535.0,535.0,308,352100,4
535.0,535.0,320,720E0F,3
535.0,535.0,321,078BC9,2
535.0,535.0,322,36AEBF,2
535.0,535.0,378,A0BCAC,1
535.0,535.0,484,A95500,3
535.0,535.0,1050,FF698F,1
535.0,535.0,1103,3E3C39,1
536.0,536.0,0,05131D,21
536.0,536.0,1,0055BF,1
536.0,536.0,4,C91A09,1
536.0,536.0,15,FFFFFF,5
536.0,536.0,25,FE8A18,2
536.0,536.0,40,635F52,1
536.0,536.0,41,AEEFEC,1
536.0,536.0,70,582A12,3
536.0,536.0,71,A0A5A9,2
536.0,536.0,72,6C6E68,3
536.0,536.0,135,9CA3A8,1
536.0,536.0,297,AA7F2E,3
536.0,536.0,484,A95500,1
537.0,537.0,0,05131D,23
537.0,537.0,4,C91A09,4
537.0,537.0,15,FFFFFF,9
537.0,537.0,19,E4CD9E,1
537.0,537.0,70,582A12,1
537.0,537.0,71,A0A5A9,2
537.0,537.0,72,6C6E68,2
537.0,537.0,82,DBAC34,2
537.0,537.0,84,AA7D55,1
537.0,537.0,148,575857,1
537.0,537.0,272,0A3463,1
537.0,537.0,297,AA7F2E,1
538.0,538.0,0,05131D,20
538.0,538.0,4,C91A09,1
538.0,538.0,14,F2CD37,1
538.0,538.0,15,FFFFFF,2
538.0,538.0,36,C91A09,1
538.0,538.0,40,635F52,1
538.0,538.0,52,A5A5CB,1
538.0,538.0,70,582A12,4
538.0,538.0,71,A0A5A9,1
538.0,538.0,272,0A3463,1
538.0,538.0,297,AA7F2E,1
538.0,538.0,320,720E0F,1
538.0,538.0,378,A0BCAC,1
538.0,538.0,1092,764D3B,1
538.0,538.0,1103,3E3C39,2
539.0,539.0,0,05131D,23
539.0,539.0,15,FFFFFF,5
539.0,539.0,47,FCFCFC,1
539.0,539.0,70,582A12,2
539.0,539.0,80,A5A9B4,1
539.0,539.0,84,AA7D55,1
539.0,539.0,179,898788,7
539.0,539.0,308,352100,2
539.0,539.0,320,720E0F,1
540.0,540.0,0,05131D,19
540.0,540.0,2,237841,1
540.0,540.0,14,F2CD37,1
540.0,540.0,15,FFFFFF,2
540.0,540.0,31,E1D5ED,1
540.0,540.0,70,582A12,4
540.0,540.0,72,6C6E68,2
540.0,540.0,84,AA7D55,1
540.0,540.0,308,352100,1
540.0,540.0,378,A0BCAC,1
540.0,540.0,1103,3E3C39,5
541.0,541.0,0,05131D,22
541.0,541.0,4,C91A09,1
541.0,541.0,5,C870A0,1
541.0,541.0,15,FFFFFF,3
541.0,541.0,35,D9E4A7,1
541.0,541.0,41,AEEFEC,3
541.0,541.0,70,582A12,2
541.0,541.0,71,A0A5A9,2
541.0,541.0,84,AA7D55,1
541.0,541.0,179,898788,3
541.0,541.0,182,F08F1C,1
541.0,541.0,297,AA7F2E,4
541.0,541.0,308,352100,1
541.0,541.0,320,720E0F,1
541.0,541.0,378,A0BCAC,2
541.0,541.0,1103,3E3C39,1
542.0,542.0,0,05131D,20
542.0,542.0,2,237841,2
542.0,542.0,10,4B9F4A,1
542.0,542.0,14,F2CD37,4
542.0,542.0,15,FFFFFF,3
542.0,542.0,25,FE8A18,1
542.0,542.0,29,E4ADC8,4
542.0,542.0,33,0020A0,1
542.0,542.0,72,6C6E68,3
542.0,542.0,84,AA7D55,1
542.0,542.0,179,898788,1
542.0,542.0,272,0A3463,1
542.0,542.0,297,AA7F2E,3
542.0,542.0,308,352100,1
542.0,542.0,1103,3E3C39,1
543.0,543.0,0,05131D,17
543.0,543.0,15,FFFFFF,7
543.0,543.0,26,923978,2
543.0,543.0,36,C91A09,1
543.0,543.0,45,DF6695,2
543.0,543.0,70,582A12,2
543.0,543.0,72,6C6E68,2
543.0,543.0,84,AA7D55,2
543.0,543.0,179,898788,3
543.0,543.0,297,AA7F2E,2
543.0,543.0,322,36AEBF,1
543.0,543.0,1103,3E3C39,1
544.0,544.0,0,05131D,20
544.0,544.0,4,C91A09,1
544.0,544.0,15,FFFFFF,2
544.0,544.0,19,E4CD9E,1
544.0,544.0,25,FE8A18,1
544.0,544.0,34,84B68D,1
544.0,544.0,47,FCFCFC,1
544.0,544.0,70,582A12,3
544.0,544.0,71,A0A5A9,1
544.0,544.0,72,6C6E68,1
544.0,544.0,82,DBAC34,1
544.0,544.0,179,898788,3
545.0,545.0,0,05131D,21
545.0,545.0,15,FFFFFF,3
545.0,545.0,47,FCFCFC,1
545.0,545.0,70,582A12,4
545.0,545.0,71,A0A5A9,4
545.0,545.0,84,AA7D55,1
545.0,545.0,179,898788,1
545.0,545.0,308,352100,2
545.0,545.0,322,36AEBF,1
545.0,545.0,334,BBA53D,2
546.0,546.0,0,05131D,1
546.0,546.0,1,0055BF,2
546.0,546.0,15,FFFFFF,12
546.0,546.0,19,E4CD9E,1
546.0,546.0,179,898788,2
547.0,547.0,0,05131D,17
547.0,547.0,4,C91A09,3
547.0,547.0,5,C870A0,2
547.0,547.0,15,FFFFFF,1
547.0,547.0,25,FE8A18,1
547.0,547.0,29,E4ADC8,1
547.0,547.0,42,F8F184,1
547.0,547.0,47,FCFCFC,3
547.0,547.0,70,582A12,4
547.0,547.0,71,A0A5A9,2
547.0,547.0,72,6C6E68,2
547.0,547.0,84,AA7D55,2
547.0,547.0,143,CFE2F7,1
547.0,547.0,179,898788,2
547.0,547.0,297,AA7F2E,1
548.0,548.0,0,05131D,18
548.0,548.0,2,237841,1
548.0,548.0,4,C91A09,3
548.0,548.0,10,4B9F4A,1
548.0,548.0,15,FFFFFF,5
548.0,548.0,25,FE8A18,1
548.0,548.0,27,BBE90B,1
548.0,548.0,33,0020A0,1
548.0,548.0,70,582A12,1
548.0,548.0,71,A0A5A9,1
548.0,548.0,72,6C6E68,2
548.0,548.0,84,AA7D55,1
548.0,548.0,179,898788,1
548.0,548.0,297,AA7F2E,2
548.0,548.0,308,352100,3
548.0,548.0,1103,3E3C39,1
549.0,549.0,0,05131D,20
549.0,549.0,4,C91A09,2
549.0,549.0,14,F2CD37,3
549.0,549.0,15,FFFFFF,4
549.0,549.0,19,E4CD9E,2
549.0,549.0,45,DF6695,1
549.0,549.0,70,582A12,1
549.0,549.0,71,A0A5A9,1
549.0,549.0,72,6C6E68,2
549.0,549.0,191,F8BB3D,1
549.0,549.0,484,A95500,1
550.0,550.0,0,05131D,16
550.0,550.0,4,C91A09,1
550.0,550.0,15,FFFFFF,6
550.0,550.0,27,BBE90B,2
550.0,550.0,29,E4ADC8,1
550.0,550.0,30,AC78BA,2
550.0,550.0,35,D9E4A7,1
550.0,550.0,47,FCFCFC,1
550.0,550.0,70,582A12,2
550.0,550.0,71,A0A5A9,1
550.0,550.0,72,6C6E68,2
550.0,550.0,84,AA7D55,3
550.0,550.0,297,AA7F2E,1
551.0,551.0,0,05131D,20
551.0,551.0,15,FFFFFF,3
551.0,551.0,19,E4CD9E,3
551.0,551.0,42,F8F184,1
551.0,551.0,57,FF800D,1
551.0,551.0,70,582A12,1
551.0,551.0,71,A0A5A9,1
551.0,551.0,72,6C6E68,1
551.0,551.0,179,898788,3
551.0,551.0,288,184632,1
551.0,551.0,297,AA7F2E,4
551.0,551.0,308,352100,1
551.0,551.0,484,A95500,1
551.0,551.0,1103,3E3C39,2
552.0,552.0,0,05131D,21
552.0,552.0,4,C91A09,2
552.0,552.0,15,FFFFFF,3
552.0,552.0,19,E4CD9E,1
552.0,552.0,25,FE8A18,1
552.0,552.0,27,BBE90B,2
552.0,552.0,47,FCFCFC,1
552.0,552.0,70,582A12,1
552.0,552.0,179,898788,2
553.0,553.0,0,05131D,16
553.0,553.0,2,237841,1
553.0,553.0,4,C91A09,6
553.0,553.0,5,C870A0,3
553.0,553.0,15,FFFFFF,4
553.0,553.0,27,BBE90B,1
553.0,553.0,29,E4ADC8,1
553.0,553.0,47,FCFCFC,1
553.0,553.0,70,582A12,2
553.0,553.0,72,6C6E68,1
553.0,553.0,272,0A3463,1
553.0,553.0,322,36AEBF,1
553.0,553.0,323,ADC3C0,1
553.0,553.0,484,A95500,1
554.0,554.0,0,05131D,18
554.0,554.0,15,FFFFFF,3
554.0,554.0,19,E4CD9E,2
554.0,554.0,28,958A73,1
554.0,554.0,33,0020A0,1
554.0,554.0,47,FCFCFC,1
554.0,554.0,70,582A12,3
554.0,554.0,71,A0A5A9,2
554.0,554.0,92,D09168,1
554.0,554.0,179,898788,2
554.0,554.0,297,AA7F2E,2
554.0,554.0,1103,3E3C39,3
555.0,555.0,0,05131D,18
555.0,555.0,15,FFFFFF,3
555.0,555.0,41,AEEFEC,1
555.0,555.0,45,DF6695,1
555.0,555.0,46,F5CD2F,1
555.0,555.0,272,0A3463,1
555.0,555.0,297,AA7F2E,8
556.0,556.0,0,05131D,28
556.0,556.0,4,C91A09,1
556.0,556.0,15,FFFFFF,1
556.0,556.0,19,E4CD9E,1
556.0,556.0,25,FE8A18,1
556.0,556.0,47,FCFCFC,5
556.0,556.0,70,582A12,1
556.0,556.0,72,6C6E68,1
556.0,556.0,73,5A93DB,1
556.0,556.0,84,AA7D55,1
556.0,556.0,179,898788,3
556.0,556.0,182,F08F1C,1
556.0,556.0,323,ADC3C0,1
557.0,557.0,15,FFFFFF,32
558.0,558.0,0,05131D,1330
558.0,558.0,1,0055BF,39
558.0,558.0,2,237841,20
558.0,558.0,4,C91A09,85
558.0,558.0,14,F2CD37,16
558.0,558.0,15,FFFFFF,260
558.0,558.0,19,E4CD9E,174
558.0,558.0,25,FE8A18,3
558.0,558.0,28,958A73,106
558.0,558.0,33,0020A0,16
558.0,558.0,34,84B68D,16
558.0,558.0,35,D9E4A7,5
558.0,558.0,36,C91A09,41
558.0,558.0,40,635F52,12
558.0,558.0,41,AEEFEC,8
558.0,558.0,42,F8F184,66
558.0,558.0,45,DF6695,1
558.0,558.0,46,F5CD2F,14
558.0,558.0,47,FCFCFC,52
558.0,558.0,52,A5A5CB,2
558.0,558.0,57,FF800D,18
558.0,558.0,70,582A12,474
558.0,558.0,71,A0A5A9,1633
558.0,558.0,72,6C6E68,800
558.0,558.0,73,5A93DB,74
558.0,558.0,80,A5A9B4,2
558.0,558.0,84,AA7D55,1
558.0,558.0,179,898788,54
558.0,558.0,182,F08F1C,22
558.0,558.0,288,184632,12
558.0,558.0,297,AA7F2E,63
558.0,558.0,308,352100,111
558.0,558.0,320,720E0F,73
558.0,558.0,326,9B9A5A,5
558.0,558.0,378,A0BCAC,336
558.0,558.0,383,E0E0E0,2
558.0,558.0,484,A95500,1
558.0,558.0,1000,D9D9D9,32
558.0,558.0,1103,3E3C39,4
558.0,558.0,9999,05131D,6
559.0,559.0,1,0055BF,1
560.0,560.0,0,05131D,15
560.0,560.0,15,FFFFFF,24
560.0,560.0,25,FE8A18,9
560.0,560.0,40,635F52,3
560.0,560.0,71,A0A5A9,6
560.0,560.0,182,F08F1C,1
560.0,560.0,9999,05131D,1
561.0,561.0,0,05131D,7
561.0,561.0,15,FFFFFF,4
561.0,561.0,70,582A12,46
561.0,561.0,72,6C6E68,14
561.0,561.0,84,AA7D55,10
561.0,561.0,308,352100,10
561.0,561.0,484,A95500,20
562.0,562.0,0,05131D,1015
562.0,562.0,1,0055BF,25
562.0,562.0,2,237841,334
562.0,562.0,4,C91A09,47
562.0,562.0,10,4B9F4A,31
562.0,562.0,14,F2CD37,12
562.0,562.0,15,FFFFFF,212
562.0,562.0,19,E4CD9E,394
562.0,562.0,25,FE8A18,8
562.0,562.0,27,BBE90B,3
562.0,562.0,28,958A73,193
562.0,562.0,33,0020A0,1
562.0,562.0,34,84B68D,15
562.0,562.0,36,C91A09,4
562.0,562.0,40,635F52,9
562.0,562.0,41,AEEFEC,13
562.0,562.0,42,F8F184,2
562.0,562.0,46,F5CD2F,9
562.0,562.0,47,FCFCFC,7
562.0,562.0,57,FF800D,29
562.0,562.0,70,582A12,1412
562.0,562.0,71,A0A5A9,589
562.0,562.0,72,6C6E68,1396
562.0,562.0,80,A5A9B4,1
562.0,562.0,84,AA7D55,54
562.0,562.0,132,05131D,4
562.0,562.0,179,898788,100
562.0,562.0,182,F08F1C,77
562.0,562.0,191,F8BB3D,2
562.0,562.0,288,184632,91
562.0,562.0,297,AA7F2E,158
562.0,562.0,308,352100,364
562.0,562.0,320,720E0F,129
562.0,562.0,326,9B9A5A,39
562.0,562.0,334,BBA53D,15
562.0,562.0,378,A0BCAC,181
562.0,562.0,484,A95500,7
562.0,562.0,1000,D9D9D9,18
562.0,562.0,1092,764D3B,2
562.0,562.0,1103,3E3C39,22
562.0,562.0,9999,05131D,5
566.0,566.0,0,05131D,3034
566.0,566.0,1,0055BF,73
566.0,566.0,2,237841,21
566.0,566.0,4,C91A09,88
566.0,566.0,10,4B9F4A,5
566.0,566.0,14,F2CD37,26
566.0,566.0,15,FFFFFF,76
566.0,566.0,19,E4CD9E,152
566.0,566.0,25,FE8A18,13
566.0,566.0,28,958A73,224
566.0,566.0,33,0020A0,10
566.0,566.0,34,84B68D,1
566.0,566.0,36,C91A09,6
566.0,566.0,40,635F52,8
566.0,566.0,42,F8F184,2
566.0,566.0,46,F5CD2F,4
566.0,566.0,47,FCFCFC,15
566.0,566.0,57,FF800D,57
566.0,566.0,70,582A12,979
566.0,566.0,71,A0A5A9,2142
566.0,566.0,72,6C6E68,2238
566.0,566.0,80,A5A9B4,4
566.0,566.0,82,DBAC34,2
566.0,566.0,132,05131D,1
566.0,566.0,179,898788,99
566.0,566.0,182,F08F1C,18
566.0,566.0,272,0A3463,9
566.0,566.0,288,184632,168
566.0,566.0,297,AA7F2E,36
566.0,566.0,308,352100,192
566.0,566.0,320,720E0F,16
566.0,566.0,326,9B9A5A,40
566.0,566.0,334,BBA53D,12
566.0,566.0,378,A0BCAC,190
566.0,566.0,484,A95500,6
566.0,566.0,1092,764D3B,2
566.0,566.0,1103,3E3C39,71
566.0,566.0,9999,05131D,7
570.0,570.0,0,05131D,1176
570.0,570.0,1,0055BF,103
570.0,570.0,2,237841,104
570.0,570.0,4,C91A09,356
570.0,570.0,5,C870A0,10
570.0,570.0,10,4B9F4A,2
570.0,570.0,14,F2CD37,634
570.0,570.0,15,FFFFFF,215
570.0,570.0,19,E4CD9E,179
570.0,570.0,25,FE8A18,14
570.0,570.0,26,923978,23
570.0,570.0,27,BBE90B,48
570.0,570.0,28,958A73,97
570.0,570.0,33,0020A0,5
570.0,570.0,34,84B68D,4
570.0,570.0,35,D9E4A7,5
570.0,570.0,36,C91A09,67
570.0,570.0,40,635F52,18
570.0,570.0,41,AEEFEC,50
570.0,570.0,42,F8F184,90
570.0,570.0,45,DF6695,18
570.0,570.0,46,F5CD2F,37
570.0,570.0,47,FCFCFC,118
570.0,570.0,52,A5A5CB,5
570.0,570.0,57,FF800D,7
570.0,570.0,70,582A12,355
570.0,570.0,71,A0A5A9,1451
570.0,570.0,72,6C6E68,1199
570.0,570.0,84,AA7D55,21
570.0,570.0,85,3F3691,40
570.0,570.0,179,898788,255
570.0,570.0,182,F08F1C,32
570.0,570.0,272,0A3463,22
570.0,570.0,288,184632,1
570.0,570.0,297,AA7F2E,25
570.0,570.0,308,352100,17
570.0,570.0,320,720E0F,73
570.0,570.0,326,9B9A5A,269
570.0,570.0,383,E0E0E0,6
570.0,570.0,484,A95500,19
570.0,570.0,1000,D9D9D9,17
570.0,570.0,1103,3E3C39,2
570.0,570.0,9999,05131D,15
571.0,571.0,0,05131D,5270
571.0,571.0,1,0055BF,1113
571.0,571.0,2,237841,101
571.0,571.0,4,C91A09,1680
571.0,571.0,10,4B9F4A,21
571.0,571.0,14,F2CD37,435
571.0,571.0,15,FFFFFF,2151
571.0,571.0,19,E4CD9E,865
571.0,571.0,25,FE8A18,443
571.0,571.0,27,BBE90B,141
571.0,571.0,28,958A73,474
571.0,571.0,33,0020A0,121
571.0,571.0,34,84B68D,5
571.0,571.0,35,D9E4A7,87
571.0,571.0,36,C91A09,328
571.0,571.0,40,635F52,4
571.0,571.0,41,AEEFEC,1738
571.0,571.0,46,F5CD2F,8
571.0,571.0,47,FCFCFC,62
571.0,571.0,57,FF800D,54
571.0,571.0,70,582A12,1466
571.0,571.0,71,A0A5A9,4064
571.0,571.0,72,6C6E68,4255
571.0,571.0,73,5A93DB,77
571.0,571.0,80,A5A9B4,2
571.0,571.0,84,AA7D55,76
571.0,571.0,85,3F3691,56
571.0,571.0,143,CFE2F7,5
571.0,571.0,179,898788,661
571.0,571.0,182,F08F1C,496
571.0,571.0,191,F8BB3D,832
571.0,571.0,212,9FC3E9,4
571.0,571.0,272,0A3463,208
571.0,571.0,288,184632,190
571.0,571.0,297,AA7F2E,439
571.0,571.0,308,352100,821
571.0,571.0,320,720E0F,465
571.0,571.0,321,078BC9,115
571.0,571.0,322,36AEBF,1
571.0,571.0,323,ADC3C0,54
571.0,571.0,326,9B9A5A,565
571.0,571.0,379,6074A1,12
571.0,571.0,484,A95500,187
571.0,571.0,1103,3E3C39,88
571.0,571.0,9999,05131D,77
572.0,572.0,0,05131D,399
572.0,572.0,1,0055BF,66
572.0,572.0,2,237841,115
572.0,572.0,4,C91A09,165
572.0,572.0,10,4B9F4A,10
572.0,572.0,14,F2CD37,40
572.0,572.0,15,FFFFFF,262
572.0,572.0,19,E4CD9E,84
572.0,572.0,25,FE8A18,8
572.0,572.0,27,BBE90B,61
572.0,572.0,28,958A73,27
572.0,572.0,33,0020A0,11
572.0,572.0,35,D9E4A7,5
572.0,572.0,36,C91A09,38
572.0,572.0,41,AEEFEC,326
572.0,572.0,42,F8F184,23
572.0,572.0,47,FCFCFC,1
572.0,572.0,57,FF800D,6
572.0,572.0,70,582A12,195
572.0,572.0,71,A0A5A9,238
572.0,572.0,72,6C6E68,330
572.0,572.0,85,3F3691,5
572.0,572.0,143,CFE2F7,18
572.0,572.0,158,DFEEA5,2
572.0,572.0,179,898788,41
572.0,572.0,182,F08F1C,76
572.0,572.0,191,F8BB3D,48
572.0,572.0,272,0A3463,8
572.0,572.0,288,184632,33
572.0,572.0,297,AA7F2E,87
572.0,572.0,308,352100,17
572.0,572.0,320,720E0F,33
572.0,572.0,321,078BC9,15
572.0,572.0,322,36AEBF,5
572.0,572.0,326,9B9A5A,19
572.0,572.0,484,A95500,1
572.0,572.0,1103,3E3C39,12
572.0,572.0,9999,05131D,170
573.0,573.0,0,05131D,242
573.0,573.0,1,0055BF,18
573.0,573.0,4,C91A09,40
573.0,573.0,14,F2CD37,2
573.0,573.0,15,FFFFFF,60
573.0,573.0,19,E4CD9E,1
573.0,573.0,28,958A73,5
573.0,573.0,33,0020A0,12
573.0,573.0,36,C91A09,4
573.0,573.0,41,AEEFEC,35
573.0,573.0,46,F5CD2F,1
573.0,573.0,57,FF800D,38
573.0,573.0,70,582A12,15
573.0,573.0,71,A0A5A9,39
573.0,573.0,72,6C6E68,142
573.0,573.0,85,3F3691,8
573.0,573.0,179,898788,30
573.0,573.0,182,F08F1C,5
573.0,573.0,288,184632,14
573.0,573.0,297,AA7F2E,78
573.0,573.0,308,352100,2
573.0,573.0,320,720E0F,14
573.0,573.0,326,9B9A5A,8
573.0,573.0,1103,3E3C39,54
573.0,573.0,9999,05131D,1
575.0,575.0,0,05131D,559
575.0,575.0,1,0055BF,14
575.0,575.0,2,237841,12
575.0,575.0,4,C91A09,63
575.0,575.0,14,F2CD37,14
575.0,575.0,15,FFFFFF,66
575.0,575.0,19,E4CD9E,255
575.0,575.0,25,FE8A18,3
575.0,575.0,28,958A73,132
575.0,575.0,34,84B68D,2
575.0,575.0,41,AEEFEC,4
575.0,575.0,46,F5CD2F,8
575.0,575.0,47,FCFCFC,58
575.0,575.0,57,FF800D,4
575.0,575.0,70,582A12,254
575.0,575.0,71,A0A5A9,340
575.0,575.0,72,6C6E68,368
575.0,575.0,73,5A93DB,4
575.0,575.0,80,A5A9B4,33
575.0,575.0,84,AA7D55,19
575.0,575.0,179,898788,27
575.0,575.0,182,F08F1C,4
575.0,575.0,288,184632,109
575.0,575.0,297,AA7F2E,46
575.0,575.0,308,352100,35
575.0,575.0,320,720E0F,8
575.0,575.0,383,E0E0E0,8
575.0,575.0,484,A95500,14
575.0,575.0,1103,3E3C39,12
575.0,575.0,9999,05131D,4
576.0,576.0,0,05131D,24943
576.0,576.0,1,0055BF,3048
576.0,576.0,2,237841,2384
576.0,576.0,3,008F9B,709
576.0,576.0,4,C91A09,6248
576.0,576.0,5,C870A0,278
576.0,576.0,10,4B9F4A,1064
576.0,576.0,14,F2CD37,2243
576.0,576.0,15,FFFFFF,17010
576.0,576.0,19,E4CD9E,7833
576.0,576.0,25,FE8A18,832
576.0,576.0,26,923978,143
576.0,576.0,27,BBE90B,724
576.0,576.0,28,958A73,4406
576.0,576.0,29,E4ADC8,199
576.0,576.0,30,AC78BA,193
576.0,576.0,31,E1D5ED,84
576.0,576.0,33,0020A0,87
576.0,576.0,34,84B68D,65
576.0,576.0,35,D9E4A7,72
576.0,576.0,36,C91A09,186
576.0,576.0,40,635F52,53
576.0,576.0,41,AEEFEC,1175
576.0,576.0,42,F8F184,1
576.0,576.0,45,DF6695,50
576.0,576.0,46,F5CD2F,282
576.0,576.0,47,FCFCFC,2447
576.0,576.0,52,A5A5CB,49
576.0,576.0,57,FF800D,17
576.0,576.0,70,582A12,15452
576.0,576.0,71,A0A5A9,14858
576.0,576.0,72,6C6E68,8543
576.0,576.0,73,5A93DB,401
576.0,576.0,78,F6D7B3,482
576.0,576.0,80,A5A9B4,229
576.0,576.0,82,DBAC34,127
576.0,576.0,84,AA7D55,4075
576.0,576.0,85,3F3691,111
576.0,576.0,92,D09168,61
576.0,576.0,129,A5A5CB,1
576.0,576.0,158,DFEEA5,139
576.0,576.0,179,898788,607
576.0,576.0,182,F08F1C,395
576.0,576.0,191,F8BB3D,1454
576.0,576.0,212,9FC3E9,478
576.0,576.0,226,FFF03A,513
576.0,576.0,272,0A3463,3620
576.0,576.0,288,184632,1851
576.0,576.0,297,AA7F2E,2073
576.0,576.0,308,352100,1778
576.0,576.0,320,720E0F,979
576.0,576.0,321,078BC9,851
576.0,576.0,322,36AEBF,718
576.0,576.0,323,ADC3C0,313
576.0,576.0,326,9B9A5A,807
576.0,576.0,334,BBA53D,17
576.0,576.0,378,A0BCAC,1820
576.0,576.0,379,6074A1,293
576.0,576.0,484,A95500,2201
576.0,576.0,1000,D9D9D9,12
576.0,576.0,1050,FF698F,114
576.0,576.0,1053,68BCC5,16
576.0,576.0,1054,CE1D9B,5
576.0,576.0,1055,FCFCFC,29
576.0,576.0,1059,8320B7,1
576.0,576.0,1060,84B68D,1
576.0,576.0,1061,0020A0,2
576.0,576.0,1088,755945,9
576.0,576.0,1089,CCA373,9
576.0,576.0,1095,635F52,7
576.0,576.0,1103,3E3C39,198
576.0,576.0,1136,CA4C0B,403
576.0,576.0,1139,F5CD2F,2
576.0,576.0,1146,F6B7BF,10
576.0,576.0,9999,05131D,59
577.0,577.0,0,05131D,5738
577.0,577.0,1,0055BF,901
577.0,577.0,2,237841,2672
577.0,577.0,3,008F9B,515
577.0,577.0,4,C91A09,1779
577.0,577.0,5,C870A0,161
577.0,577.0,10,4B9F4A,1396
577.0,577.0,14,F2CD37,837
577.0,577.0,15,FFFFFF,5132
577.0,577.0,19,E4CD9E,3181
577.0,577.0,25,FE8A18,1438
577.0,577.0,26,923978,226
577.0,577.0,27,BBE90B,460
577.0,577.0,28,958A73,1106
577.0,577.0,29,E4ADC8,693
577.0,577.0,30,AC78BA,271
577.0,577.0,31,E1D5ED,125
577.0,577.0,33,0020A0,532
577.0,577.0,34,84B68D,119
577.0,577.0,35,D9E4A7,72
577.0,577.0,36,C91A09,358
577.0,577.0,40,635F52,88
577.0,577.0,41,AEEFEC,117
577.0,577.0,45,DF6695,60
577.0,577.0,46,F5CD2F,406
577.0,577.0,47,FCFCFC,439
577.0,577.0,52,A5A5CB,31
577.0,577.0,70,582A12,6868
577.0,577.0,71,A0A5A9,8769
577.0,577.0,72,6C6E68,5234
577.0,577.0,73,5A93DB,313
577.0,577.0,78,F6D7B3,69
577.0,577.0,84,AA7D55,2985
577.0,577.0,85,3F3691,389
577.0,577.0,92,D09168,32
577.0,577.0,129,A5A5CB,5
577.0,577.0,143,CFE2F7,31
577.0,577.0,158,DFEEA5,11
577.0,577.0,179,898788,131
577.0,577.0,182,F08F1C,637
577.0,577.0,191,F8BB3D,392
577.0,577.0,212,9FC3E9,208
577.0,577.0,226,FFF03A,9
577.0,577.0,272,0A3463,275
577.0,577.0,288,184632,1350
577.0,577.0,297,AA7F2E,315
577.0,577.0,308,352100,964
577.0,577.0,320,720E0F,1261
577.0,577.0,321,078BC9,55
577.0,577.0,322,36AEBF,424
577.0,577.0,323,ADC3C0,75
577.0,577.0,326,9B9A5A,83
577.0,577.0,378,A0BCAC,579
577.0,577.0,379,6074A1,85
577.0,577.0,484,A95500,1110
577.0,577.0,1000,D9D9D9,19
577.0,577.0,1050,FF698F,16
577.0,577.0,1059,8320B7,16
577.0,577.0,1062,EBD800,1
577.0,577.0,1095,635F52,1
577.0,577.0,1103,3E3C39,34
577.0,577.0,1136,CA4C0B,83
577.0,577.0,9999,05131D,3
578.0,578.0,0,05131D,2511
578.0,578.0,1,0055BF,564
578.0,578.0,2,237841,113
578.0,578.0,4,C91A09,400
578.0,578.0,5,C870A0,43
578.0,578.0,10,4B9F4A,8
578.0,578.0,14,F2CD37,348
578.0,578.0,15,FFFFFF,702
578.0,578.0,19,E4CD9E,148
578.0,578.0,25,FE8A18,35
578.0,578.0,26,923978,3
578.0,578.0,27,BBE90B,48
578.0,578.0,28,958A73,63
578.0,578.0,29,E4ADC8,37
578.0,578.0,33,0020A0,58
578.0,578.0,34,84B68D,21
578.0,578.0,35,D9E4A7,3
578.0,578.0,36,C91A09,303
578.0,578.0,40,635F52,28
578.0,578.0,41,AEEFEC,34
578.0,578.0,42,F8F184,2
578.0,578.0,45,DF6695,2
578.0,578.0,46,F5CD2F,47
578.0,578.0,47,FCFCFC,118
578.0,578.0,57,FF800D,15
578.0,578.0,70,582A12,989
578.0,578.0,71,A0A5A9,1853
578.0,578.0,72,6C6E68,1870
578.0,578.0,73,5A93DB,76
578.0,578.0,84,AA7D55,1
578.0,578.0,92,D09168,1
578.0,578.0,158,DFEEA5,9
578.0,578.0,179,898788,285
578.0,578.0,182,F08F1C,84
578.0,578.0,191,F8BB3D,15
578.0,578.0,212,9FC3E9,3
578.0,578.0,226,FFF03A,3
578.0,578.0,272,0A3463,4
578.0,578.0,288,184632,20
578.0,578.0,297,AA7F2E,324
578.0,578.0,308,352100,169
578.0,578.0,320,720E0F,57
578.0,578.0,321,078BC9,1
578.0,578.0,322,36AEBF,8
578.0,578.0,323,ADC3C0,3
578.0,578.0,326,9B9A5A,2
578.0,578.0,378,A0BCAC,1
578.0,578.0,484,A95500,12
578.0,578.0,1103,3E3C39,20
578.0,578.0,9999,05131D,18
579.0,579.0,0,05131D,720
579.0,579.0,1,0055BF,245
579.0,579.0,2,237841,428
579.0,579.0,3,008F9B,504
579.0,579.0,4,C91A09,440
579.0,579.0,5,C870A0,726
579.0,579.0,10,4B9F4A,426
579.0,579.0,14,F2CD37,262
579.0,579.0,15,FFFFFF,3831
579.0,579.0,19,E4CD9E,1503
579.0,579.0,25,FE8A18,98
579.0,579.0,26,923978,654
579.0,579.0,27,BBE90B,517
579.0,579.0,28,958A73,174
579.0,579.0,29,E4ADC8,719
579.0,579.0,30,AC78BA,614
579.0,579.0,31,E1D5ED,567
579.0,579.0,33,0020A0,27
579.0,579.0,34,84B68D,18
579.0,579.0,35,D9E4A7,41
579.0,579.0,36,C91A09,14
579.0,579.0,40,635F52,12
579.0,579.0,41,AEEFEC,329
579.0,579.0,42,F8F184,12
579.0,579.0,45,DF6695,361
579.0,579.0,46,F5CD2F,89
579.0,579.0,47,FCFCFC,200
579.0,579.0,52,A5A5CB,22
579.0,579.0,57,FF800D,14
579.0,579.0,70,582A12,1113
579.0,579.0,71,A0A5A9,960
579.0,579.0,72,6C6E68,348
579.0,579.0,73,5A93DB,149
579.0,579.0,78,F6D7B3,147
579.0,579.0,82,DBAC34,45
579.0,579.0,84,AA7D55,595
579.0,579.0,85,3F3691,449
579.0,579.0,92,D09168,49
579.0,579.0,117,FFFFFF,4
579.0,579.0,129,A5A5CB,13
579.0,579.0,143,CFE2F7,3
579.0,579.0,158,DFEEA5,90
579.0,579.0,179,898788,75
579.0,579.0,182,F08F1C,127
579.0,579.0,191,F8BB3D,565
579.0,579.0,212,9FC3E9,384
579.0,579.0,226,FFF03A,499
579.0,579.0,272,0A3463,304
579.0,579.0,288,184632,28
579.0,579.0,297,AA7F2E,2773
579.0,579.0,308,352100,26
579.0,579.0,320,720E0F,320
579.0,579.0,321,078BC9,286
579.0,579.0,322,36AEBF,659
579.0,579.0,323,ADC3C0,466
579.0,579.0,326,9B9A5A,5
579.0,579.0,334,BBA53D,4
579.0,579.0,378,A0BCAC,17
579.0,579.0,379,6074A1,50
579.0,579.0,484,A95500,151
579.0,579.0,1002,C0F500,6
579.0,579.0,1003,68BCC5,1
579.0,579.0,1050,FF698F,218
579.0,579.0,1053,68BCC5,42
579.0,579.0,1054,CE1D9B,36
579.0,579.0,1055,FCFCFC,70
579.0,579.0,1059,8320B7,54
579.0,579.0,1060,84B68D,4
579.0,579.0,1061,0020A0,14
579.0,579.0,1088,755945,4
579.0,579.0,1089,CCA373,1
579.0,579.0,1103,3E3C39,5
579.0,579.0,1136,CA4C0B,6
579.0,579.0,1146,F6B7BF,34
579.0,579.0,1147,A3A9FF,60
579.0,579.0,9999,05131D,64
580.0,580.0,0,05131D,1196
580.0,580.0,1,0055BF,177
580.0,580.0,2,237841,118
580.0,580.0,4,C91A09,300
580.0,580.0,10,4B9F4A,7
580.0,580.0,14,F2CD37,332
580.0,580.0,15,FFFFFF,628
580.0,580.0,19,E4CD9E,67
580.0,580.0,25,FE8A18,108
580.0,580.0,27,BBE90B,139
580.0,580.0,28,958A73,42
580.0,580.0,30,AC78BA,27
580.0,580.0,33,0020A0,36
580.0,580.0,34,84B68D,14
580.0,580.0,35,D9E4A7,1
580.0,580.0,36,C91A09,42
580.0,580.0,40,635F52,24
580.0,580.0,41,AEEFEC,41
580.0,580.0,42,F8F184,64
580.0,580.0,46,F5CD2F,12
580.0,580.0,47,FCFCFC,15
580.0,580.0,52,A5A5CB,2
580.0,580.0,70,582A12,162
580.0,580.0,71,A0A5A9,565
580.0,580.0,72,6C6E68,394
580.0,580.0,85,3F3691,131
580.0,580.0,143,CFE2F7,24
580.0,580.0,179,898788,79
580.0,580.0,182,F08F1C,70
580.0,580.0,191,F8BB3D,66
580.0,580.0,272,0A3463,54
580.0,580.0,288,184632,15
580.0,580.0,297,AA7F2E,99
580.0,580.0,308,352100,40
580.0,580.0,320,720E0F,68
580.0,580.0,322,36AEBF,68
580.0,580.0,323,ADC3C0,29
580.0,580.0,484,A95500,9
580.0,580.0,1000,D9D9D9,5
580.0,580.0,1103,3E3C39,6
590.0,590.0,0,05131D,101
590.0,590.0,2,237841,32
590.0,590.0,4,C91A09,44
590.0,590.0,14,F2CD37,14
590.0,590.0,15,FFFFFF,69
590.0,590.0,19,E4CD9E,113
590.0,590.0,25,FE8A18,21
590.0,590.0,26,923978,28
590.0,590.0,27,BBE90B,16
590.0,590.0,29,E4ADC8,18
590.0,590.0,36,C91A09,2
590.0,590.0,40,635F52,2
590.0,590.0,70,582A12,56
590.0,590.0,71,A0A5A9,106
590.0,590.0,72,6C6E68,18
590.0,590.0,73,5A93DB,50
590.0,590.0,179,898788,29
590.0,590.0,191,F8BB3D,20
590.0,590.0,272,0A3463,23
590.0,590.0,288,184632,34
590.0,590.0,297,AA7F2E,8
590.0,590.0,320,720E0F,26
590.0,590.0,322,36AEBF,24
590.0,590.0,323,ADC3C0,24
590.0,590.0,326,9B9A5A,31
590.0,590.0,378,A0BCAC,12
590.0,590.0,379,6074A1,10
590.0,590.0,484,A95500,14
591.0,591.0,0,05131D,459
591.0,591.0,1,0055BF,142
591.0,591.0,2,237841,163
591.0,591.0,4,C91A09,302
591.0,591.0,5,C870A0,54
591.0,591.0,10,4B9F4A,43
591.0,591.0,14,F2CD37,283
591.0,591.0,15,FFFFFF,568
591.0,591.0,19,E4CD9E,121
591.0,591.0,25,FE8A18,117
591.0,591.0,26,923978,43
591.0,591.0,27,BBE90B,165
591.0,591.0,28,958A73,26
591.0,591.0,29,E4ADC8,115
591.0,591.0,30,AC78BA,11
591.0,591.0,31,E1D5ED,9
591.0,591.0,33,0020A0,36
591.0,591.0,34,84B68D,7
591.0,591.0,35,D9E4A7,3
591.0,591.0,36,C91A09,50
591.0,591.0,40,635F52,6
591.0,591.0,41,AEEFEC,57
591.0,591.0,42,F8F184,1
591.0,591.0,45,DF6695,13
591.0,591.0,46,F5CD2F,43
591.0,591.0,47,FCFCFC,38
591.0,591.0,52,A5A5CB,2
591.0,591.0,57,FF800D,1
591.0,591.0,70,582A12,131
591.0,591.0,71,A0A5A9,462
591.0,591.0,72,6C6E68,249
591.0,591.0,73,5A93DB,10
591.0,591.0,84,AA7D55,48
591.0,591.0,85,3F3691,15
591.0,591.0,179,898788,22
591.0,591.0,182,F08F1C,59
591.0,591.0,191,F8BB3D,61
591.0,591.0,226,FFF03A,30
591.0,591.0,272,0A3463,16
591.0,591.0,297,AA7F2E,39
591.0,591.0,308,352100,3
591.0,591.0,320,720E0F,8
591.0,591.0,321,078BC9,81
591.0,591.0,322,36AEBF,31
591.0,591.0,323,ADC3C0,6
591.0,591.0,326,9B9A5A,6
591.0,591.0,484,A95500,7
591.0,591.0,1003,68BCC5,4
591.0,591.0,1103,3E3C39,2
592.0,592.0,0,05131D,162
592.0,592.0,1,0055BF,58
592.0,592.0,2,237841,6
592.0,592.0,4,C91A09,28
592.0,592.0,10,4B9F4A,3
592.0,592.0,14,F2CD37,60
592.0,592.0,15,FFFFFF,24
592.0,592.0,25,FE8A18,1
592.0,592.0,27,BBE90B,26
592.0,592.0,33,0020A0,5
592.0,592.0,34,84B68D,3
592.0,592.0,35,D9E4A7,5
592.0,592.0,36,C91A09,13
592.0,592.0,40,635F52,4
592.0,592.0,41,AEEFEC,7
592.0,592.0,42,F8F184,1
592.0,592.0,46,F5CD2F,20
592.0,592.0,70,582A12,3
592.0,592.0,71,A0A5A9,84
592.0,592.0,72,6C6E68,57
592.0,592.0,73,5A93DB,6
592.0,592.0,85,3F3691,11
592.0,592.0,179,898788,4
592.0,592.0,182,F08F1C,9
592.0,592.0,212,9FC3E9,3
592.0,592.0,297,AA7F2E,1
592.0,592.0,320,720E0F,4
592.0,592.0,321,078BC9,6
592.0,592.0,1003,68BCC5,1
592.0,592.0,1103,3E3C39,4
593.0,593.0,0,05131D,5
593.0,593.0,1,0055BF,10
593.0,593.0,2,237841,7
593.0,593.0,4,C91A09,18
593.0,593.0,5,C870A0,41
593.0,593.0,10,4B9F4A,14
593.0,593.0,14,F2CD37,4
593.0,593.0,15,FFFFFF,44
593.0,593.0,19,E4CD9E,12
593.0,593.0,25,FE8A18,1
593.0,593.0,26,923978,21
593.0,593.0,27,BBE90B,4
593.0,593.0,29,E4ADC8,22
593.0,593.0,30,AC78BA,11
593.0,593.0,31,E1D5ED,8
593.0,593.0,34,84B68D,1
593.0,593.0,41,AEEFEC,19
593.0,593.0,45,DF6695,11
593.0,593.0,47,FCFCFC,5
593.0,593.0,52,A5A5CB,1
593.0,593.0,57,FF800D,2
593.0,593.0,70,582A12,16
593.0,593.0,71,A0A5A9,14
593.0,593.0,72,6C6E68,3
593.0,593.0,73,5A93DB,7
593.0,593.0,84,AA7D55,5
593.0,593.0,85,3F3691,12
593.0,593.0,129,A5A5CB,4
593.0,593.0,179,898788,1
593.0,593.0,182,F08F1C,3
593.0,593.0,191,F8BB3D,12
593.0,593.0,212,9FC3E9,15
593.0,593.0,226,FFF03A,12
593.0,593.0,297,AA7F2E,45
593.0,593.0,308,352100,2
593.0,593.0,320,720E0F,4
593.0,593.0,322,36AEBF,12
593.0,593.0,484,A95500,2
595.0,595.0,0,05131D,27
595.0,595.0,2,237841,14
595.0,595.0,4,C91A09,34
595.0,595.0,5,C870A0,25
595.0,595.0,10,4B9F4A,25
595.0,595.0,14,F2CD37,31
595.0,595.0,15,FFFFFF,253
595.0,595.0,19,E4CD9E,75
595.0,595.0,25,FE8A18,24
595.0,595.0,26,923978,66
595.0,595.0,27,BBE90B,42
595.0,595.0,29,E4ADC8,55
595.0,595.0,30,AC78BA,45
595.0,595.0,31,E1D5ED,19
595.0,595.0,33,0020A0,7
595.0,595.0,36,C91A09,10
595.0,595.0,41,AEEFEC,25
595.0,595.0,42,F8F184,5
595.0,595.0,45,DF6695,9
595.0,595.0,46,F5CD2F,5
595.0,595.0,47,FCFCFC,34
595.0,595.0,70,582A12,49
595.0,595.0,71,A0A5A9,51
595.0,595.0,72,6C6E68,10
595.0,595.0,84,AA7D55,26
595.0,595.0,85,3F3691,20
595.0,595.0,129,A5A5CB,2
595.0,595.0,179,898788,9
595.0,595.0,182,F08F1C,1
595.0,595.0,191,F8BB3D,20
595.0,595.0,212,9FC3E9,1
595.0,595.0,226,FFF03A,16
595.0,595.0,272,0A3463,12
595.0,595.0,297,AA7F2E,3
595.0,595.0,320,720E0F,1
595.0,595.0,321,078BC9,11
595.0,595.0,322,36AEBF,89
595.0,595.0,323,ADC3C0,31
595.0,595.0,379,6074A1,1
595.0,595.0,484,A95500,8
596.0,596.0,0,05131D,46
596.0,596.0,1,0055BF,56
596.0,596.0,2,237841,9
596.0,596.0,4,C91A09,33
596.0,596.0,14,F2CD37,8
596.0,596.0,15,FFFFFF,66
596.0,596.0,19,E4CD9E,4
596.0,596.0,25,FE8A18,3
596.0,596.0,27,BBE90B,9
596.0,596.0,28,958A73,1
596.0,596.0,33,0020A0,5
596.0,596.0,35,D9E4A7,2
596.0,596.0,36,C91A09,9
596.0,596.0,41,AEEFEC,7
596.0,596.0,46,F5CD2F,1
596.0,596.0,47,FCFCFC,1
596.0,596.0,71,A0A5A9,34
596.0,596.0,72,6C6E68,23
596.0,596.0,84,AA7D55,2
596.0,596.0,85,3F3691,2
596.0,596.0,179,898788,2
596.0,596.0,182,F08F1C,5
596.0,596.0,297,AA7F2E,7
596.0,596.0,320,720E0F,7
596.0,596.0,1103,3E3C39,4
597.0,597.0,0,05131D,95
597.0,597.0,1,0055BF,5
597.0,597.0,2,237841,2
597.0,597.0,4,C91A09,42
597.0,597.0,14,F2CD37,11
597.0,597.0,15,FFFFFF,31
597.0,597.0,19,E4CD9E,11
597.0,597.0,25,FE8A18,3
597.0,597.0,27,BBE90B,3
597.0,597.0,28,958A73,3
597.0,597.0,33,0020A0,4
597.0,597.0,34,84B68D,7
597.0,597.0,35,D9E4A7,1
597.0,597.0,36,C91A09,4
597.0,597.0,41,AEEFEC,5
597.0,597.0,46,F5CD2F,1
597.0,597.0,47,FCFCFC,6
597.0,597.0,57,FF800D,4
597.0,597.0,70,582A12,30
597.0,597.0,71,A0A5A9,59
597.0,597.0,72,6C6E68,23
597.0,597.0,73,5A93DB,1
597.0,597.0,84,AA7D55,3
597.0,597.0,85,3F3691,3
597.0,597.0,179,898788,16
597.0,597.0,182,F08F1C,32
597.0,597.0,212,9FC3E9,1
597.0,597.0,272,0A3463,2
597.0,597.0,288,184632,7
597.0,597.0,297,AA7F2E,39
597.0,597.0,321,078BC9,2
597.0,597.0,379,6074A1,5
597.0,597.0,1103,3E3C39,7
598.0,598.0,0,05131D,4038
598.0,598.0,1,0055BF,680
598.0,598.0,2,237841,824
598.0,598.0,3,008F9B,220
598.0,598.0,4,C91A09,2149
598.0,598.0,5,C870A0,245
598.0,598.0,7,9BA19D,17
598.0,598.0,8,6D6E5C,12
598.0,598.0,10,4B9F4A,371
598.0,598.0,14,F2CD37,1816
598.0,598.0,15,FFFFFF,3378
598.0,598.0,19,E4CD9E,1118
598.0,598.0,25,FE8A18,453
598.0,598.0,26,923978,113
598.0,598.0,27,BBE90B,319
598.0,598.0,28,958A73,596
598.0,598.0,29,E4ADC8,201
598.0,598.0,30,AC78BA,42
598.0,598.0,31,E1D5ED,18
598.0,598.0,33,0020A0,35
598.0,598.0,34,84B68D,30
598.0,598.0,35,D9E4A7,20
598.0,598.0,36,C91A09,148
598.0,598.0,40,635F52,20
598.0,598.0,41,AEEFEC,226
598.0,598.0,42,F8F184,1
598.0,598.0,45,DF6695,59
598.0,598.0,46,F5CD2F,158
598.0,598.0,47,FCFCFC,371
598.0,598.0,52,A5A5CB,9
598.0,598.0,57,FF800D,2
598.0,598.0,70,582A12,1407
598.0,598.0,71,A0A5A9,2702
598.0,598.0,72,6C6E68,1286
598.0,598.0,73,5A93DB,45
598.0,598.0,78,F6D7B3,2
598.0,598.0,80,A5A9B4,7
598.0,598.0,82,DBAC34,15
598.0,598.0,84,AA7D55,441
598.0,598.0,85,3F3691,80
598.0,598.0,158,DFEEA5,36
598.0,598.0,179,898788,98
598.0,598.0,182,F08F1C,72
598.0,598.0,191,F8BB3D,350
598.0,598.0,212,9FC3E9,145
598.0,598.0,226,FFF03A,114
598.0,598.0,272,0A3463,219
598.0,598.0,288,184632,231
598.0,598.0,297,AA7F2E,280
598.0,598.0,308,352100,138
598.0,598.0,320,720E0F,121
598.0,598.0,321,078BC9,108
598.0,598.0,322,36AEBF,278
598.0,598.0,323,ADC3C0,49
598.0,598.0,326,9B9A5A,44
598.0,598.0,334,BBA53D,3
598.0,598.0,378,A0BCAC,128
598.0,598.0,379,6074A1,13
598.0,598.0,484,A95500,289
598.0,598.0,1000,D9D9D9,5
598.0,598.0,1003,68BCC5,1
598.0,598.0,1050,FF698F,103
598.0,598.0,1053,68BCC5,9
598.0,598.0,1054,CE1D9B,3
598.0,598.0,1055,FCFCFC,8
598.0,598.0,1059,8320B7,1
598.0,598.0,1060,84B68D,13
598.0,598.0,1061,0020A0,3
598.0,598.0,1062,EBD800,4
598.0,598.0,1103,3E3C39,7
598.0,598.0,1136,CA4C0B,11
598.0,598.0,1139,F5CD2F,1
598.0,598.0,9999,05131D,36
599.0,599.0,0,05131D,6088
599.0,599.0,1,0055BF,1207
599.0,599.0,2,237841,2387
599.0,599.0,3,008F9B,93
599.0,599.0,4,C91A09,4638
599.0,599.0,5,C870A0,15
599.0,599.0,10,4B9F4A,576
599.0,599.0,14,F2CD37,2085
599.0,599.0,15,FFFFFF,4347
599.0,599.0,19,E4CD9E,1727
599.0,599.0,25,FE8A18,222
599.0,599.0,26,923978,23
599.0,599.0,27,BBE90B,901
599.0,599.0,28,958A73,483
599.0,599.0,29,E4ADC8,19
599.0,599.0,30,AC78BA,1
599.0,599.0,31,E1D5ED,88
599.0,599.0,33,0020A0,51
599.0,599.0,34,84B68D,2
599.0,599.0,35,D9E4A7,2
599.0,599.0,36,C91A09,56
599.0,599.0,40,635F52,211
599.0,599.0,41,AEEFEC,534
599.0,599.0,42,F8F184,9
599.0,599.0,45,DF6695,14
599.0,599.0,46,F5CD2F,53
599.0,599.0,47,FCFCFC,871
599.0,599.0,57,FF800D,8
599.0,599.0,70,582A12,2814
599.0,599.0,71,A0A5A9,5559
599.0,599.0,72,6C6E68,2946
599.0,599.0,73,5A93DB,282
599.0,599.0,78,F6D7B3,7
599.0,599.0,80,A5A9B4,76
599.0,599.0,82,DBAC34,7
599.0,599.0,84,AA7D55,370
599.0,599.0,85,3F3691,31
599.0,599.0,179,898788,64
599.0,599.0,182,F08F1C,38
599.0,599.0,191,F8BB3D,145
599.0,599.0,212,9FC3E9,148
599.0,599.0,226,FFF03A,13
599.0,599.0,272,0A3463,491
599.0,599.0,288,184632,459
599.0,599.0,297,AA7F2E,459
599.0,599.0,308,352100,127
599.0,599.0,320,720E0F,257
599.0,599.0,321,078BC9,54
599.0,599.0,322,36AEBF,140
599.0,599.0,323,ADC3C0,19
599.0,599.0,326,9B9A5A,28
599.0,599.0,334,BBA53D,8
599.0,599.0,378,A0BCAC,294
599.0,599.0,379,6074A1,37
599.0,599.0,484,A95500,213
599.0,599.0,1000,D9D9D9,19
599.0,599.0,1050,FF698F,1
599.0,599.0,1054,CE1D9B,1
599.0,599.0,1103,3E3C39,3
599.0,599.0,1135,A5ADB4,1
599.0,599.0,1136,CA4C0B,1
599.0,599.0,9999,05131D,16
600.0,600.0,0,05131D,1752
600.0,600.0,1,0055BF,119
600.0,600.0,2,237841,228
600.0,600.0,3,008F9B,84
600.0,600.0,4,C91A09,229
600.0,600.0,5,C870A0,143
600.0,600.0,10,4B9F4A,96
600.0,600.0,14,F2CD37,157
600.0,600.0,15,FFFFFF,1028
600.0,600.0,19,E4CD9E,841
600.0,600.0,25,FE8A18,54
600.0,600.0,26,923978,424
600.0,600.0,27,BBE90B,744
600.0,600.0,28,958A73,85
600.0,600.0,29,E4ADC8,64
600.0,600.0,30,AC78BA,288
600.0,600.0,31,E1D5ED,305
600.0,600.0,33,0020A0,109
600.0,600.0,34,84B68D,131
600.0,600.0,35,D9E4A7,144
600.0,600.0,36,C91A09,65
600.0,600.0,40,635F52,2
600.0,600.0,41,AEEFEC,278
600.0,600.0,42,F8F184,126
600.0,600.0,45,DF6695,311
600.0,600.0,46,F5CD2F,26
600.0,600.0,47,FCFCFC,246
600.0,600.0,52,A5A5CB,202
600.0,600.0,57,FF800D,2
600.0,600.0,70,582A12,1451
600.0,600.0,71,A0A5A9,1202
600.0,600.0,72,6C6E68,1059
600.0,600.0,73,5A93DB,15
600.0,600.0,84,AA7D55,150
600.0,600.0,85,3F3691,389
600.0,600.0,117,FFFFFF,2
600.0,600.0,129,A5A5CB,19
600.0,600.0,143,CFE2F7,40
600.0,600.0,158,DFEEA5,189
600.0,600.0,179,898788,84
600.0,600.0,182,F08F1C,137
600.0,600.0,191,F8BB3D,394
600.0,600.0,212,9FC3E9,31
600.0,600.0,226,FFF03A,66
600.0,600.0,272,0A3463,493
600.0,600.0,288,184632,83
600.0,600.0,297,AA7F2E,716
600.0,600.0,308,352100,94
600.0,600.0,320,720E0F,258
600.0,600.0,321,078BC9,55
600.0,600.0,322,36AEBF,230
600.0,600.0,323,ADC3C0,200
600.0,600.0,378,A0BCAC,99
600.0,600.0,379,6074A1,5
600.0,600.0,484,A95500,18
600.0,600.0,1003,68BCC5,2
600.0,600.0,1103,3E3C39,12
600.0,600.0,9999,05131D,41
601.0,601.0,0,05131D,12643
601.0,601.0,1,0055BF,1358
601.0,601.0,2,237841,396
601.0,601.0,3,008F9B,114
601.0,601.0,4,C91A09,3694
601.0,601.0,5,C870A0,135
601.0,601.0,10,4B9F4A,61
601.0,601.0,14,F2CD37,1139
601.0,601.0,15,FFFFFF,2514
601.0,601.0,19,E4CD9E,693
601.0,601.0,25,FE8A18,711
601.0,601.0,26,923978,55
601.0,601.0,27,BBE90B,495
601.0,601.0,28,958A73,95
601.0,601.0,29,E4ADC8,27
601.0,601.0,30,AC78BA,2
601.0,601.0,33,0020A0,19
601.0,601.0,34,84B68D,39
601.0,601.0,35,D9E4A7,3
601.0,601.0,36,C91A09,307
601.0,601.0,40,635F52,247
601.0,601.0,41,AEEFEC,38
601.0,601.0,45,DF6695,14
601.0,601.0,46,F5CD2F,64
601.0,601.0,47,FCFCFC,379
601.0,601.0,57,FF800D,2
601.0,601.0,70,582A12,118
601.0,601.0,71,A0A5A9,3898
601.0,601.0,72,6C6E68,2790
601.0,601.0,73,5A93DB,2
601.0,601.0,78,F6D7B3,1
601.0,601.0,80,A5A9B4,69
601.0,601.0,82,DBAC34,19
601.0,601.0,84,AA7D55,54
601.0,601.0,85,3F3691,127
601.0,601.0,179,898788,422
601.0,601.0,182,F08F1C,117
601.0,601.0,191,F8BB3D,219
601.0,601.0,212,9FC3E9,19
601.0,601.0,226,FFF03A,3
601.0,601.0,272,0A3463,341
601.0,601.0,288,184632,221
601.0,601.0,297,AA7F2E,158
601.0,601.0,308,352100,10
601.0,601.0,320,720E0F,152
601.0,601.0,321,078BC9,202
601.0,601.0,322,36AEBF,384
601.0,601.0,323,ADC3C0,20
601.0,601.0,326,9B9A5A,30
601.0,601.0,378,A0BCAC,3
601.0,601.0,379,6074A1,5
601.0,601.0,383,E0E0E0,4
601.0,601.0,484,A95500,45
601.0,601.0,1053,68BCC5,15
601.0,601.0,1095,635F52,83
601.0,601.0,1103,3E3C39,146
601.0,601.0,1136,CA4C0B,9
601.0,601.0,1147,A3A9FF,2
601.0,601.0,9999,05131D,123
602.0,602.0,0,05131D,4563
602.0,602.0,1,0055BF,1009
602.0,602.0,2,237841,493
602.0,602.0,3,008F9B,101
602.0,602.0,4,C91A09,1003
602.0,602.0,5,C870A0,13
602.0,602.0,10,4B9F4A,182
602.0,602.0,14,F2CD37,735
602.0,602.0,15,FFFFFF,1775
602.0,602.0,19,E4CD9E,4267
602.0,602.0,25,FE8A18,184
602.0,602.0,26,923978,21
602.0,602.0,27,BBE90B,494
602.0,602.0,28,958A73,2430
602.0,602.0,29,E4ADC8,22
602.0,602.0,30,AC78BA,2
602.0,602.0,31,E1D5ED,5
602.0,602.0,33,0020A0,17
602.0,602.0,34,84B68D,45
602.0,602.0,35,D9E4A7,22
602.0,602.0,36,C91A09,169
602.0,602.0,40,635F52,44
602.0,602.0,41,AEEFEC,165
602.0,602.0,42,F8F184,1
602.0,602.0,45,DF6695,3
602.0,602.0,46,F5CD2F,158
602.0,602.0,47,FCFCFC,368
602.0,602.0,52,A5A5CB,3
602.0,602.0,57,FF800D,10
602.0,602.0,70,582A12,1938
602.0,602.0,71,A0A5A9,5198
602.0,602.0,72,6C6E68,4248
602.0,602.0,73,5A93DB,9
602.0,602.0,78,F6D7B3,4
602.0,602.0,80,A5A9B4,15
602.0,602.0,84,AA7D55,593
602.0,602.0,85,3F3691,1
602.0,602.0,92,D09168,2
602.0,602.0,158,DFEEA5,7
602.0,602.0,179,898788,297
602.0,602.0,182,F08F1C,296
602.0,602.0,191,F8BB3D,79
602.0,602.0,212,9FC3E9,24
602.0,602.0,226,FFF03A,15
602.0,602.0,272,0A3463,517
602.0,602.0,288,184632,335
602.0,602.0,297,AA7F2E,72
602.0,602.0,308,352100,499
602.0,602.0,320,720E0F,436
602.0,602.0,321,078BC9,43
602.0,602.0,322,36AEBF,143
602.0,602.0,323,ADC3C0,5
602.0,602.0,326,9B9A5A,418
602.0,602.0,378,A0BCAC,240
602.0,602.0,379,6074A1,44
602.0,602.0,484,A95500,303
602.0,602.0,1050,FF698F,23
602.0,602.0,1095,635F52,6
602.0,602.0,1103,3E3C39,16
602.0,602.0,1136,CA4C0B,9
602.0,602.0,9999,05131D,45
603.0,603.0,0,05131D,235
603.0,603.0,1,0055BF,26
603.0,603.0,2,237841,21
603.0,603.0,4,C91A09,42
603.0,603.0,10,4B9F4A,4
603.0,603.0,14,F2CD37,28
603.0,603.0,15,FFFFFF,111
603.0,603.0,19,E4CD9E,33
603.0,603.0,25,FE8A18,38
603.0,603.0,27,BBE90B,107
603.0,603.0,28,958A73,25
603.0,603.0,29,E4ADC8,2
603.0,603.0,33,0020A0,1
603.0,603.0,34,84B68D,4
603.0,603.0,36,C91A09,7
603.0,603.0,42,F8F184,1
603.0,603.0,46,F5CD2F,3
603.0,603.0,47,FCFCFC,63
603.0,603.0,57,FF800D,2
603.0,603.0,70,582A12,243
603.0,603.0,71,A0A5A9,288
603.0,603.0,72,6C6E68,261
603.0,603.0,73,5A93DB,8
603.0,603.0,82,DBAC34,3
603.0,603.0,84,AA7D55,4
603.0,603.0,85,3F3691,84
603.0,603.0,179,898788,10
603.0,603.0,182,F08F1C,14
603.0,603.0,288,184632,28
603.0,603.0,297,AA7F2E,22
603.0,603.0,308,352100,3
603.0,603.0,320,720E0F,52
603.0,603.0,322,36AEBF,117
603.0,603.0,378,A0BCAC,16
603.0,603.0,1103,3E3C39,5
603.0,603.0,9999,05131D,6
604.0,604.0,0,05131D,1257
604.0,604.0,1,0055BF,104
604.0,604.0,2,237841,87
604.0,604.0,4,C91A09,236
604.0,604.0,5,C870A0,27
604.0,604.0,10,4B9F4A,2
604.0,604.0,14,F2CD37,134
604.0,604.0,15,FFFFFF,426
604.0,604.0,19,E4CD9E,75
604.0,604.0,25,FE8A18,21
604.0,604.0,26,923978,21
604.0,604.0,27,BBE90B,59
604.0,604.0,28,958A73,40
604.0,604.0,29,E4ADC8,31
604.0,604.0,30,AC78BA,47
604.0,604.0,33,0020A0,29
604.0,604.0,34,84B68D,30
604.0,604.0,36,C91A09,98
604.0,604.0,40,635F52,59
604.0,604.0,41,AEEFEC,452
604.0,604.0,45,DF6695,4
604.0,604.0,46,F5CD2F,147
604.0,604.0,47,FCFCFC,128
604.0,604.0,52,A5A5CB,47
604.0,604.0,70,582A12,180
604.0,604.0,71,A0A5A9,970
604.0,604.0,72,6C6E68,378
604.0,604.0,73,5A93DB,14
604.0,604.0,80,A5A9B4,6
604.0,604.0,84,AA7D55,4
604.0,604.0,85,3F3691,15
604.0,604.0,92,D09168,6
604.0,604.0,158,DFEEA5,1
604.0,604.0,179,898788,109
604.0,604.0,182,F08F1C,108
604.0,604.0,191,F8BB3D,11
604.0,604.0,212,9FC3E9,1
604.0,604.0,226,FFF03A,1
604.0,604.0,272,0A3463,261
604.0,604.0,288,184632,36
604.0,604.0,297,AA7F2E,196
604.0,604.0,308,352100,27
604.0,604.0,320,720E0F,33
604.0,604.0,322,36AEBF,204
604.0,604.0,323,ADC3C0,1
604.0,604.0,326,9B9A5A,12
604.0,604.0,378,A0BCAC,41
604.0,604.0,379,6074A1,3
604.0,604.0,484,A95500,2
604.0,604.0,1103,3E3C39,5
604.0,604.0,9999,05131D,11
605.0,605.0,0,05131D,3117
605.0,605.0,1,0055BF,1396
605.0,605.0,2,237841,47
605.0,605.0,4,C91A09,750
605.0,605.0,10,4B9F4A,2
605.0,605.0,14,F2CD37,170
605.0,605.0,15,FFFFFF,352
605.0,605.0,19,E4CD9E,143
605.0,605.0,25,FE8A18,351
605.0,605.0,27,BBE90B,157
605.0,605.0,28,958A73,79
605.0,605.0,29,E4ADC8,2
605.0,605.0,30,AC78BA,2
605.0,605.0,33,0020A0,37
605.0,605.0,34,84B68D,16
605.0,605.0,35,D9E4A7,172
605.0,605.0,36,C91A09,60
605.0,605.0,40,635F52,7
605.0,605.0,41,AEEFEC,294
605.0,605.0,42,F8F184,1
605.0,605.0,46,F5CD2F,29
605.0,605.0,47,FCFCFC,50
605.0,605.0,52,A5A5CB,47
605.0,605.0,57,FF800D,1177
605.0,605.0,70,582A12,289
605.0,605.0,71,A0A5A9,2600
605.0,605.0,72,6C6E68,3053
605.0,605.0,73,5A93DB,89
605.0,605.0,82,DBAC34,6
605.0,605.0,85,3F3691,316
605.0,605.0,179,898788,540
605.0,605.0,182,F08F1C,353
605.0,605.0,191,F8BB3D,85
605.0,605.0,212,9FC3E9,2
605.0,605.0,272,0A3463,1229
605.0,605.0,288,184632,3
605.0,605.0,297,AA7F2E,465
605.0,605.0,308,352100,263
605.0,605.0,320,720E0F,56
605.0,605.0,321,078BC9,140
605.0,605.0,326,9B9A5A,2
605.0,605.0,379,6074A1,70
605.0,605.0,484,A95500,6
605.0,605.0,1103,3E3C39,146
605.0,605.0,9999,05131D,50
606.0,606.0,0,05131D,253
606.0,606.0,1,0055BF,33
606.0,606.0,2,237841,23
606.0,606.0,4,C91A09,111
606.0,606.0,5,C870A0,6
606.0,606.0,10,4B9F4A,6
606.0,606.0,14,F2CD37,63
606.0,606.0,15,FFFFFF,130
606.0,606.0,19,E4CD9E,100
606.0,606.0,25,FE8A18,4
606.0,606.0,26,923978,14
606.0,606.0,27,BBE90B,21
606.0,606.0,28,958A73,58
606.0,606.0,29,E4ADC8,11
606.0,606.0,30,AC78BA,5
606.0,606.0,34,84B68D,11
606.0,606.0,36,C91A09,2
606.0,606.0,46,F5CD2F,1
606.0,606.0,47,FCFCFC,11
606.0,606.0,70,582A12,341
606.0,606.0,71,A0A5A9,568
606.0,606.0,72,6C6E68,419
606.0,606.0,73,5A93DB,3
606.0,606.0,84,AA7D55,62
606.0,606.0,85,3F3691,10
606.0,606.0,179,898788,19
606.0,606.0,182,F08F1C,6
606.0,606.0,191,F8BB3D,6
606.0,606.0,288,184632,12
606.0,606.0,297,AA7F2E,71
606.0,606.0,308,352100,17
606.0,606.0,320,720E0F,2
606.0,606.0,321,078BC9,1
606.0,606.0,322,36AEBF,40
606.0,606.0,484,A95500,6
606.0,606.0,1103,3E3C39,1
606.0,606.0,9999,05131D,3
607.0,607.0,0,05131D,612
607.0,607.0,1,0055BF,92
607.0,607.0,2,237841,10
607.0,607.0,4,C91A09,101
607.0,607.0,10,4B9F4A,2
607.0,607.0,14,F2CD37,56
607.0,607.0,15,FFFFFF,503
607.0,607.0,19,E4CD9E,191
607.0,607.0,25,FE8A18,3
607.0,607.0,27,BBE90B,3
607.0,607.0,28,958A73,36
607.0,607.0,29,E4ADC8,3
607.0,607.0,34,84B68D,2
607.0,607.0,35,D9E4A7,2
607.0,607.0,36,C91A09,16
607.0,607.0,40,635F52,2
607.0,607.0,41,AEEFEC,4
607.0,607.0,42,F8F184,7
607.0,607.0,45,DF6695,13
607.0,607.0,46,F5CD2F,1
607.0,607.0,47,FCFCFC,130
607.0,607.0,57,FF800D,3
607.0,607.0,70,582A12,300
607.0,607.0,71,A0A5A9,2054
607.0,607.0,72,6C6E68,382
607.0,607.0,73,5A93DB,17
607.0,607.0,78,F6D7B3,1
607.0,607.0,80,A5A9B4,6
607.0,607.0,82,DBAC34,1
607.0,607.0,84,AA7D55,16
607.0,607.0,85,3F3691,4
607.0,607.0,143,CFE2F7,2
607.0,607.0,179,898788,19
607.0,607.0,182,F08F1C,8
607.0,607.0,191,F8BB3D,3
607.0,607.0,272,0A3463,20
607.0,607.0,288,184632,83
607.0,607.0,297,AA7F2E,16
607.0,607.0,308,352100,4
607.0,607.0,320,720E0F,555
607.0,607.0,322,36AEBF,3
607.0,607.0,378,A0BCAC,8
607.0,607.0,484,A95500,9
607.0,607.0,1103,3E3C39,1
607.0,607.0,9999,05131D,3
608.0,608.0,0,05131D,4279
608.0,608.0,1,0055BF,1075
608.0,608.0,2,237841,791
608.0,608.0,3,008F9B,660
608.0,608.0,4,C91A09,2440
608.0,608.0,5,C870A0,616
608.0,608.0,10,4B9F4A,506
608.0,608.0,14,F2CD37,1188
608.0,608.0,15,FFFFFF,8720
608.0,608.0,19,E4CD9E,4926
608.0,608.0,25,FE8A18,877
608.0,608.0,26,923978,481
608.0,608.0,27,BBE90B,693
608.0,608.0,28,958A73,988
608.0,608.0,29,E4ADC8,918
608.0,608.0,30,AC78BA,205
608.0,608.0,31,E1D5ED,539
608.0,608.0,33,0020A0,8
608.0,608.0,34,84B68D,14
608.0,608.0,35,D9E4A7,16
608.0,608.0,36,C91A09,16
608.0,608.0,40,635F52,24
608.0,608.0,41,AEEFEC,157
608.0,608.0,42,F8F184,2
608.0,608.0,45,DF6695,36
608.0,608.0,46,F5CD2F,78
608.0,608.0,47,FCFCFC,423
608.0,608.0,52,A5A5CB,10
608.0,608.0,70,582A12,2654
608.0,608.0,71,A0A5A9,4580
608.0,608.0,72,6C6E68,2055
608.0,608.0,73,5A93DB,68
608.0,608.0,78,F6D7B3,640
608.0,608.0,80,A5A9B4,6
608.0,608.0,82,DBAC34,12
608.0,608.0,84,AA7D55,1749
608.0,608.0,85,3F3691,227
608.0,608.0,92,D09168,181
608.0,608.0,129,A5A5CB,3
608.0,608.0,158,DFEEA5,59
608.0,608.0,179,898788,129
608.0,608.0,182,F08F1C,131
608.0,608.0,191,F8BB3D,2428
608.0,608.0,212,9FC3E9,310
608.0,608.0,226,FFF03A,483
608.0,608.0,272,0A3463,696
608.0,608.0,288,184632,259
608.0,608.0,297,AA7F2E,2649
608.0,608.0,308,352100,77
608.0,608.0,320,720E0F,1047
608.0,608.0,321,078BC9,642
608.0,608.0,322,36AEBF,658
608.0,608.0,323,ADC3C0,183
608.0,608.0,326,9B9A5A,104
608.0,608.0,334,BBA53D,3
608.0,608.0,378,A0BCAC,562
608.0,608.0,379,6074A1,856
608.0,608.0,484,A95500,971
608.0,608.0,1000,D9D9D9,4
608.0,608.0,1050,FF698F,395
608.0,608.0,1053,68BCC5,18
608.0,608.0,1054,CE1D9B,3
608.0,608.0,1055,FCFCFC,21
608.0,608.0,1056,583927,51
608.0,608.0,1060,84B68D,59
608.0,608.0,1061,0020A0,33
608.0,608.0,1088,755945,1
608.0,608.0,1089,CCA373,3
608.0,608.0,1103,3E3C39,7
608.0,608.0,1136,CA4C0B,92
608.0,608.0,1137,915C3C,1
608.0,608.0,1139,F5CD2F,5
608.0,608.0,1146,F6B7BF,20
608.0,608.0,1147,A3A9FF,8
608.0,608.0,9999,05131D,50
609.0,609.0,0,05131D,26
609.0,609.0,2,237841,1
609.0,609.0,4,C91A09,1
609.0,609.0,5,C870A0,1
609.0,609.0,14,F2CD37,2
609.0,609.0,15,FFFFFF,3
609.0,609.0,25,FE8A18,2
609.0,609.0,41,AEEFEC,2
609.0,609.0,45,DF6695,1
609.0,609.0,70,582A12,1
609.0,609.0,71,A0A5A9,2
609.0,609.0,179,898788,4
609.0,609.0,272,0A3463,1
609.0,609.0,297,AA7F2E,1
609.0,609.0,379,6074A1,1
610.0,610.0,0,05131D,9045
610.0,610.0,1,0055BF,1061
610.0,610.0,2,237841,856
610.0,610.0,3,008F9B,327
610.0,610.0,4,C91A09,2229
610.0,610.0,5,C870A0,213
610.0,610.0,10,4B9F4A,316
610.0,610.0,14,F2CD37,1470
610.0,610.0,15,FFFFFF,4005
610.0,610.0,19,E4CD9E,3047
610.0,610.0,25,FE8A18,818
610.0,610.0,26,923978,419
610.0,610.0,27,BBE90B,682
610.0,610.0,28,958A73,936
610.0,610.0,29,E4ADC8,677
610.0,610.0,30,AC78BA,295
610.0,610.0,31,E1D5ED,73
610.0,610.0,33,0020A0,52
610.0,610.0,34,84B68D,6
610.0,610.0,35,D9E4A7,8
610.0,610.0,36,C91A09,85
610.0,610.0,40,635F52,20
610.0,610.0,41,AEEFEC,103
610.0,610.0,42,F8F184,1
610.0,610.0,45,DF6695,10
610.0,610.0,46,F5CD2F,10
610.0,610.0,47,FCFCFC,138
610.0,610.0,52,A5A5CB,1
610.0,610.0,57,FF800D,1
610.0,610.0,70,582A12,2981
610.0,610.0,71,A0A5A9,4914
610.0,610.0,72,6C6E68,1655
610.0,610.0,73,5A93DB,192
610.0,610.0,78,F6D7B3,107
610.0,610.0,80,A5A9B4,94
610.0,610.0,82,DBAC34,39
610.0,610.0,84,AA7D55,1004
610.0,610.0,85,3F3691,379
610.0,610.0,92,D09168,59
610.0,610.0,158,DFEEA5,52
610.0,610.0,179,898788,124
610.0,610.0,182,F08F1C,72
610.0,610.0,191,F8BB3D,774
610.0,610.0,212,9FC3E9,172
610.0,610.0,226,FFF03A,638
610.0,610.0,272,0A3463,501
610.0,610.0,288,184632,375
610.0,610.0,297,AA7F2E,355
610.0,610.0,308,352100,806
610.0,610.0,320,720E0F,700
610.0,610.0,321,078BC9,274
610.0,610.0,322,36AEBF,321
610.0,610.0,323,ADC3C0,70
610.0,610.0,326,9B9A5A,124
610.0,610.0,334,BBA53D,19
610.0,610.0,378,A0BCAC,514
610.0,610.0,379,6074A1,205
610.0,610.0,484,A95500,1062
610.0,610.0,1000,D9D9D9,12
610.0,610.0,1003,68BCC5,4
610.0,610.0,1050,FF698F,26
610.0,610.0,1053,68BCC5,50
610.0,610.0,1055,FCFCFC,7
610.0,610.0,1062,EBD800,2
610.0,610.0,1089,CCA373,21
610.0,610.0,1103,3E3C39,18
610.0,610.0,1146,F6B7BF,4
610.0,610.0,9999,05131D,15
611.0,611.0,0,05131D,18
611.0,611.0,5,C870A0,4
611.0,611.0,15,FFFFFF,5
611.0,611.0,19,E4CD9E,2
611.0,611.0,27,BBE90B,1
611.0,611.0,41,AEEFEC,1
611.0,611.0,71,A0A5A9,6
611.0,611.0,73,5A93DB,1
611.0,611.0,84,AA7D55,2
611.0,611.0,272,0A3463,1
611.0,611.0,297,AA7F2E,2
611.0,611.0,320,720E0F,1
611.0,611.0,1103,3E3C39,4
614.0,614.0,0,05131D,921
614.0,614.0,1,0055BF,163
614.0,614.0,2,237841,190
614.0,614.0,3,008F9B,5
614.0,614.0,4,C91A09,162
614.0,614.0,5,C870A0,2
614.0,614.0,10,4B9F4A,10
614.0,614.0,14,F2CD37,44
614.0,614.0,15,FFFFFF,184
614.0,614.0,19,E4CD9E,201
614.0,614.0,25,FE8A18,157
614.0,614.0,26,923978,2
614.0,614.0,27,BBE90B,26
614.0,614.0,28,958A73,107
614.0,614.0,33,0020A0,3
614.0,614.0,34,84B68D,18
614.0,614.0,36,C91A09,56
614.0,614.0,40,635F52,6
614.0,614.0,41,AEEFEC,35
614.0,614.0,46,F5CD2F,17
614.0,614.0,47,FCFCFC,91
614.0,614.0,70,582A12,205
614.0,614.0,71,A0A5A9,642
614.0,614.0,72,6C6E68,713
614.0,614.0,84,AA7D55,11
614.0,614.0,179,898788,43
614.0,614.0,182,F08F1C,41
614.0,614.0,191,F8BB3D,368
614.0,614.0,212,9FC3E9,2
614.0,614.0,226,FFF03A,4
614.0,614.0,272,0A3463,104
614.0,614.0,288,184632,38
614.0,614.0,297,AA7F2E,48
614.0,614.0,308,352100,14
614.0,614.0,320,720E0F,2
614.0,614.0,321,078BC9,4
614.0,614.0,322,36AEBF,19
614.0,614.0,323,ADC3C0,1
614.0,614.0,326,9B9A5A,110
614.0,614.0,378,A0BCAC,24
614.0,614.0,484,A95500,6
614.0,614.0,1103,3E3C39,13
614.0,614.0,1136,CA4C0B,2
614.0,614.0,9999,05131D,8
615.0,615.0,0,05131D,89
615.0,615.0,1,0055BF,17
615.0,615.0,2,237841,10
615.0,615.0,4,C91A09,75
615.0,615.0,14,F2CD37,25
615.0,615.0,15,FFFFFF,59
615.0,615.0,19,E4CD9E,14
615.0,615.0,25,FE8A18,8
615.0,615.0,27,BBE90B,4
615.0,615.0,28,958A73,1
615.0,615.0,34,84B68D,3
615.0,615.0,36,C91A09,8
615.0,615.0,41,AEEFEC,5
615.0,615.0,46,F5CD2F,3
615.0,615.0,47,FCFCFC,10
615.0,615.0,70,582A12,24
615.0,615.0,71,A0A5A9,66
615.0,615.0,72,6C6E68,39
615.0,615.0,84,AA7D55,15
615.0,615.0,179,898788,15
615.0,615.0,272,0A3463,4
615.0,615.0,297,AA7F2E,1
615.0,615.0,308,352100,2
615.0,615.0,320,720E0F,11
615.0,615.0,322,36AEBF,13
616.0,616.0,0,05131D,4355
616.0,616.0,1,0055BF,700
616.0,616.0,2,237841,249
616.0,616.0,4,C91A09,823
616.0,616.0,5,C870A0,8
616.0,616.0,10,4B9F4A,21
616.0,616.0,14,F2CD37,360
616.0,616.0,15,FFFFFF,1104
616.0,616.0,19,E4CD9E,697
616.0,616.0,25,FE8A18,76
616.0,616.0,26,923978,12
616.0,616.0,27,BBE90B,50
616.0,616.0,28,958A73,571
616.0,616.0,29,E4ADC8,99
616.0,616.0,30,AC78BA,3
616.0,616.0,33,0020A0,47
616.0,616.0,34,84B68D,39
616.0,616.0,35,D9E4A7,24
616.0,616.0,36,C91A09,165
616.0,616.0,40,635F52,20
616.0,616.0,41,AEEFEC,738
616.0,616.0,42,F8F184,19
616.0,616.0,45,DF6695,8
616.0,616.0,46,F5CD2F,16
616.0,616.0,47,FCFCFC,126
616.0,616.0,52,A5A5CB,6
616.0,616.0,57,FF800D,86
616.0,616.0,70,582A12,1728
616.0,616.0,71,A0A5A9,3229
616.0,616.0,72,6C6E68,2697
616.0,616.0,73,5A93DB,67
616.0,616.0,84,AA7D55,134
616.0,616.0,85,3F3691,5
616.0,616.0,143,CFE2F7,25
616.0,616.0,179,898788,384
616.0,616.0,182,F08F1C,107
616.0,616.0,191,F8BB3D,92
616.0,616.0,212,9FC3E9,102
616.0,616.0,226,FFF03A,82
616.0,616.0,272,0A3463,176
616.0,616.0,288,184632,119
616.0,616.0,297,AA7F2E,618
616.0,616.0,308,352100,385
616.0,616.0,320,720E0F,241
616.0,616.0,321,078BC9,23
616.0,616.0,322,36AEBF,42
616.0,616.0,323,ADC3C0,6
616.0,616.0,326,9B9A5A,139
616.0,616.0,378,A0BCAC,302
616.0,616.0,379,6074A1,207
616.0,616.0,484,A95500,43
616.0,616.0,1002,C0F500,1
616.0,616.0,1003,68BCC5,1
616.0,616.0,1063,B46A00,6
616.0,616.0,1103,3E3C39,40
616.0,616.0,9999,05131D,22
617.0,617.0,0,05131D,738
617.0,617.0,1,0055BF,147
617.0,617.0,2,237841,45
617.0,617.0,4,C91A09,197
617.0,617.0,5,C870A0,59
617.0,617.0,10,4B9F4A,22
617.0,617.0,14,F2CD37,75
617.0,617.0,15,FFFFFF,405
617.0,617.0,19,E4CD9E,44
617.0,617.0,25,FE8A18,28
617.0,617.0,26,923978,66
617.0,617.0,27,BBE90B,40
617.0,617.0,28,958A73,4
617.0,617.0,29,E4ADC8,19
617.0,617.0,30,AC78BA,40
617.0,617.0,31,E1D5ED,13
617.0,617.0,33,0020A0,9
617.0,617.0,34,84B68D,5
617.0,617.0,35,D9E4A7,52
617.0,617.0,36,C91A09,31
617.0,617.0,40,635F52,6
617.0,617.0,41,AEEFEC,135
617.0,617.0,42,F8F184,25
617.0,617.0,45,DF6695,74
617.0,617.0,46,F5CD2F,36
617.0,617.0,47,FCFCFC,82
617.0,617.0,52,A5A5CB,55
617.0,617.0,57,FF800D,8
617.0,617.0,70,582A12,15
617.0,617.0,71,A0A5A9,423
617.0,617.0,72,6C6E68,419
617.0,617.0,84,AA7D55,29
617.0,617.0,85,3F3691,106
617.0,617.0,129,A5A5CB,1
617.0,617.0,179,898788,106
617.0,617.0,182,F08F1C,55
617.0,617.0,191,F8BB3D,46
617.0,617.0,212,9FC3E9,1
617.0,617.0,272,0A3463,65
617.0,617.0,297,AA7F2E,47
617.0,617.0,320,720E0F,1
617.0,617.0,321,078BC9,30
617.0,617.0,322,36AEBF,38
617.0,617.0,1103,3E3C39,4
617.0,617.0,9999,05131D,11
618.0,618.0,0,05131D,33
618.0,618.0,1,0055BF,1
618.0,618.0,4,C91A09,2
618.0,618.0,14,F2CD37,2
618.0,618.0,15,FFFFFF,2
618.0,618.0,19,E4CD9E,1
618.0,618.0,29,E4ADC8,2
618.0,618.0,47,FCFCFC,1
618.0,618.0,70,582A12,4
618.0,618.0,71,A0A5A9,1
618.0,618.0,72,6C6E68,1
618.0,618.0,179,898788,6
618.0,618.0,182,F08F1C,4
618.0,618.0,297,AA7F2E,1
618.0,618.0,320,720E0F,1
618.0,618.0,378,A0BCAC,1
618.0,618.0,1103,3E3C39,3
619.0,619.0,0,05131D,277
619.0,619.0,1,0055BF,38
619.0,619.0,2,237841,186
619.0,619.0,4,C91A09,284
619.0,619.0,5,C870A0,2
619.0,619.0,10,4B9F4A,53
619.0,619.0,14,F2CD37,39
619.0,619.0,15,FFFFFF,371
619.0,619.0,19,E4CD9E,212
619.0,619.0,25,FE8A18,28
619.0,619.0,26,923978,6
619.0,619.0,27,BBE90B,67
619.0,619.0,28,958A73,23
619.0,619.0,31,E1D5ED,4
619.0,619.0,33,0020A0,6
619.0,619.0,36,C91A09,6
619.0,619.0,40,635F52,14
619.0,619.0,41,AEEFEC,32
619.0,619.0,46,F5CD2F,2
619.0,619.0,47,FCFCFC,22
619.0,619.0,70,582A12,215
619.0,619.0,71,A0A5A9,515
619.0,619.0,72,6C6E68,441
619.0,619.0,73,5A93DB,6
619.0,619.0,84,AA7D55,27
619.0,619.0,179,898788,8
619.0,619.0,182,F08F1C,1
619.0,619.0,191,F8BB3D,2
619.0,619.0,288,184632,14
619.0,619.0,297,AA7F2E,10
619.0,619.0,320,720E0F,191
619.0,619.0,322,36AEBF,2
619.0,619.0,326,9B9A5A,2
619.0,619.0,378,A0BCAC,8
619.0,619.0,484,A95500,69
620.0,620.0,0,05131D,42
620.0,620.0,1,0055BF,35
620.0,620.0,2,237841,15
620.0,620.0,4,C91A09,1
620.0,620.0,14,F2CD37,14
620.0,620.0,15,FFFFFF,18
620.0,620.0,19,E4CD9E,4
620.0,620.0,27,BBE90B,11
620.0,620.0,36,C91A09,6
620.0,620.0,40,635F52,1
620.0,620.0,41,AEEFEC,9
620.0,620.0,46,F5CD2F,4
620.0,620.0,47,FCFCFC,1
620.0,620.0,70,582A12,19
620.0,620.0,71,A0A5A9,34
620.0,620.0,72,6C6E68,34
620.0,620.0,84,AA7D55,7
620.0,620.0,182,F08F1C,22
620.0,620.0,272,0A3463,8
620.0,620.0,288,184632,1
620.0,620.0,320,720E0F,2
620.0,620.0,484,A95500,4
621.0,621.0,0,05131D,3829
621.0,621.0,1,0055BF,1741
621.0,621.0,2,237841,1609
621.0,621.0,3,008F9B,303
621.0,621.0,4,C91A09,3254
621.0,621.0,5,C870A0,703
621.0,621.0,10,4B9F4A,542
621.0,621.0,14,F2CD37,2870
621.0,621.0,15,FFFFFF,5993
621.0,621.0,19,E4CD9E,1204
621.0,621.0,25,FE8A18,1488
621.0,621.0,26,923978,753
621.0,621.0,27,BBE90B,1795
621.0,621.0,28,958A73,265
621.0,621.0,29,E4ADC8,982
621.0,621.0,30,AC78BA,558
621.0,621.0,31,E1D5ED,406
621.0,621.0,33,0020A0,136
621.0,621.0,34,84B68D,99
621.0,621.0,35,D9E4A7,47
621.0,621.0,36,C91A09,270
621.0,621.0,40,635F52,41
621.0,621.0,41,AEEFEC,291
621.0,621.0,42,F8F184,59
621.0,621.0,45,DF6695,193
621.0,621.0,46,F5CD2F,226
621.0,621.0,47,FCFCFC,697
621.0,621.0,52,A5A5CB,35
621.0,621.0,57,FF800D,15
621.0,621.0,70,582A12,1779
621.0,621.0,71,A0A5A9,2317
621.0,621.0,72,6C6E68,955
621.0,621.0,73,5A93DB,212
621.0,621.0,78,F6D7B3,4
621.0,621.0,80,A5A9B4,2
621.0,621.0,82,DBAC34,6
621.0,621.0,84,AA7D55,755
621.0,621.0,85,3F3691,877
621.0,621.0,129,A5A5CB,32
621.0,621.0,158,DFEEA5,172
621.0,621.0,179,898788,198
621.0,621.0,182,F08F1C,251
621.0,621.0,191,F8BB3D,1113
621.0,621.0,212,9FC3E9,188
621.0,621.0,226,FFF03A,553
621.0,621.0,272,0A3463,486
621.0,621.0,288,184632,379
621.0,621.0,297,AA7F2E,551
621.0,621.0,308,352100,87
621.0,621.0,320,720E0F,398
621.0,621.0,321,078BC9,637
621.0,621.0,322,36AEBF,1661
621.0,621.0,323,ADC3C0,563
621.0,621.0,326,9B9A5A,45
621.0,621.0,378,A0BCAC,77
621.0,621.0,484,A95500,304
621.0,621.0,1000,D9D9D9,23
621.0,621.0,1050,FF698F,442
621.0,621.0,1053,68BCC5,2
621.0,621.0,1055,FCFCFC,89
621.0,621.0,1062,EBD800,223
621.0,621.0,1103,3E3C39,5
621.0,621.0,1136,CA4C0B,28
621.0,621.0,9999,05131D,3
622.0,622.0,0,05131D,1
622.0,622.0,1,0055BF,1
622.0,622.0,4,C91A09,2
622.0,622.0,14,F2CD37,3
622.0,622.0,15,FFFFFF,4
622.0,622.0,19,E4CD9E,1
622.0,622.0,25,FE8A18,18
622.0,622.0,34,84B68D,1
622.0,622.0,45,DF6695,1
622.0,622.0,84,AA7D55,2
622.0,622.0,85,3F3691,1
622.0,622.0,191,F8BB3D,1
622.0,622.0,297,AA7F2E,1
622.0,622.0,322,36AEBF,1
625.0,625.0,0,05131D,51
625.0,625.0,1,0055BF,145
625.0,625.0,2,237841,29
625.0,625.0,3,008F9B,43
625.0,625.0,4,C91A09,49
625.0,625.0,5,C870A0,49
625.0,625.0,10,4B9F4A,16
625.0,625.0,14,F2CD37,94
625.0,625.0,15,FFFFFF,324
625.0,625.0,19,E4CD9E,37
625.0,625.0,25,FE8A18,23
625.0,625.0,26,923978,60
625.0,625.0,27,BBE90B,47
625.0,625.0,28,958A73,1
625.0,625.0,29,E4ADC8,96
625.0,625.0,30,AC78BA,39
625.0,625.0,31,E1D5ED,15
625.0,625.0,33,0020A0,1
625.0,625.0,34,84B68D,2
625.0,625.0,36,C91A09,4
625.0,625.0,41,AEEFEC,25
625.0,625.0,42,F8F184,9
625.0,625.0,45,DF6695,21
625.0,625.0,46,F5CD2F,12
625.0,625.0,47,FCFCFC,33
625.0,625.0,52,A5A5CB,15
625.0,625.0,70,582A12,10
625.0,625.0,71,A0A5A9,106
625.0,625.0,72,6C6E68,40
625.0,625.0,73,5A93DB,16
625.0,625.0,84,AA7D55,12
625.0,625.0,85,3F3691,87
625.0,625.0,92,D09168,1
625.0,625.0,158,DFEEA5,19
625.0,625.0,179,898788,4
625.0,625.0,182,F08F1C,2
625.0,625.0,191,F8BB3D,38
625.0,625.0,212,9FC3E9,12
625.0,625.0,226,FFF03A,10
625.0,625.0,272,0A3463,39
625.0,625.0,288,184632,9
625.0,625.0,297,AA7F2E,6
625.0,625.0,321,078BC9,80
625.0,625.0,322,36AEBF,74
625.0,625.0,323,ADC3C0,13
625.0,625.0,326,9B9A5A,2
625.0,625.0,484,A95500,4
625.0,625.0,9999,05131D,6
626.0,626.0,0,05131D,20
626.0,626.0,1,0055BF,55
626.0,626.0,2,237841,49
626.0,626.0,3,008F9B,5
626.0,626.0,4,C91A09,90
626.0,626.0,5,C870A0,1
626.0,626.0,6,583927,9
626.0,626.0,8,6D6E5C,9
626.0,626.0,10,4B9F4A,46
626.0,626.0,14,F2CD37,174
626.0,626.0,15,FFFFFF,2
626.0,626.0,18,FBE696,42
626.0,626.0,19,E4CD9E,14
626.0,626.0,25,FE8A18,53
626.0,626.0,27,BBE90B,17
626.0,626.0,28,958A73,2
626.0,626.0,33,0020A0,4
626.0,626.0,41,AEEFEC,5
626.0,626.0,70,582A12,4
626.0,626.0,71,A0A5A9,16
626.0,626.0,72,6C6E68,1
626.0,626.0,73,5A93DB,52
626.0,626.0,135,9CA3A8,16
626.0,626.0,151,E6E3E0,1
626.0,626.0,191,F8BB3D,9
626.0,626.0,226,FFF03A,2
626.0,626.0,320,720E0F,6
626.0,626.0,373,845E84,2
626.0,626.0,484,A95500,68
626.0,626.0,1070,0059A3,2
626.0,626.0,9999,05131D,10
627.0,627.0,0,05131D,11
627.0,627.0,1,0055BF,13
627.0,627.0,2,237841,3
627.0,627.0,4,C91A09,18
627.0,627.0,10,4B9F4A,18
627.0,627.0,14,F2CD37,9
627.0,627.0,15,FFFFFF,8
627.0,627.0,25,FE8A18,8
627.0,627.0,27,BBE90B,8
627.0,627.0,41,AEEFEC,3
627.0,627.0,71,A0A5A9,9
627.0,627.0,72,6C6E68,5
627.0,627.0,179,898788,5
627.0,627.0,182,F08F1C,2
627.0,627.0,212,9FC3E9,2
627.0,627.0,322,36AEBF,14
627.0,627.0,484,A95500,3
628.0,628.0,1,0055BF,1
628.0,628.0,2,237841,8
628.0,628.0,3,008F9B,7
628.0,628.0,5,C870A0,2
628.0,628.0,10,4B9F4A,17
628.0,628.0,14,F2CD37,4
628.0,628.0,23,2032B0,4
628.0,628.0,25,FE8A18,6
628.0,628.0,26,923978,8
628.0,628.0,27,BBE90B,10
628.0,628.0,69,CD6298,3
628.0,628.0,74,73DCA1,1
628.0,628.0,92,D09168,2
628.0,628.0,115,C7D23C,3
628.0,628.0,120,D9E4A7,1
628.0,628.0,191,F8BB3D,3
628.0,628.0,212,9FC3E9,1
628.0,628.0,226,FFF03A,7
628.0,628.0,366,FA9C1C,5
628.0,628.0,462,FFA70B,1
628.0,628.0,484,A95500,4
628.0,628.0,9999,05131D,7
629.0,629.0,0,05131D,1
629.0,629.0,1,0055BF,12
629.0,629.0,4,C91A09,5
629.0,629.0,10,4B9F4A,3
629.0,629.0,14,F2CD37,7
629.0,629.0,15,FFFFFF,6
629.0,629.0,19,E4CD9E,3
629.0,629.0,25,FE8A18,6
629.0,629.0,27,BBE90B,12
629.0,629.0,41,AEEFEC,4
629.0,629.0,46,F5CD2F,1
629.0,629.0,57,FF800D,3
629.0,629.0,71,A0A5A9,5
629.0,629.0,73,5A93DB,11
629.0,629.0,182,F08F1C,1
629.0,629.0,191,F8BB3D,5
629.0,629.0,212,9FC3E9,8
629.0,629.0,321,078BC9,7
629.0,629.0,322,36AEBF,4
630.0,630.0,0,05131D,11
630.0,630.0,1,0055BF,33
630.0,630.0,2,237841,1
630.0,630.0,4,C91A09,72
630.0,630.0,5,C870A0,2
630.0,630.0,10,4B9F4A,15
630.0,630.0,14,F2CD37,17
630.0,630.0,15,FFFFFF,51
630.0,630.0,19,E4CD9E,11
630.0,630.0,25,FE8A18,4
630.0,630.0,26,923978,1
630.0,630.0,27,BBE90B,14
630.0,630.0,30,AC78BA,2
630.0,630.0,41,AEEFEC,11
630.0,630.0,46,F5CD2F,2
630.0,630.0,71,A0A5A9,27
630.0,630.0,72,6C6E68,6
630.0,630.0,84,AA7D55,3
630.0,630.0,85,3F3691,4
630.0,630.0,179,898788,6
630.0,630.0,182,F08F1C,1
630.0,630.0,191,F8BB3D,5
630.0,630.0,226,FFF03A,1
630.0,630.0,321,078BC9,28
630.0,630.0,322,36AEBF,14
630.0,630.0,323,ADC3C0,10
630.0,630.0,1050,FF698F,1
630.0,630.0,1103,3E3C39,1
631.0,631.0,0,05131D,43
631.0,631.0,1,0055BF,25
631.0,631.0,2,237841,32
631.0,631.0,4,C91A09,60
631.0,631.0,10,4B9F4A,43
631.0,631.0,14,F2CD37,16
631.0,631.0,15,FFFFFF,12
631.0,631.0,19,E4CD9E,25
631.0,631.0,25,FE8A18,2
631.0,631.0,28,958A73,8
631.0,631.0,71,A0A5A9,37
631.0,631.0,72,6C6E68,76
631.0,631.0,73,5A93DB,1
631.0,631.0,135,9CA3A8,7
631.0,631.0,151,E6E3E0,3
631.0,631.0,191,F8BB3D,10
631.0,631.0,226,FFF03A,4
631.0,631.0,320,720E0F,20
631.0,631.0,379,6074A1,1
631.0,631.0,484,A95500,16
632.0,632.0,0,05131D,440
632.0,632.0,1,0055BF,672
632.0,632.0,2,237841,471
632.0,632.0,3,008F9B,42
632.0,632.0,4,C91A09,1689
632.0,632.0,5,C870A0,51
632.0,632.0,6,583927,168
632.0,632.0,7,9BA19D,54
632.0,632.0,8,6D6E5C,49
632.0,632.0,10,4B9F4A,342
632.0,632.0,14,F2CD37,1367
632.0,632.0,15,FFFFFF,1424
632.0,632.0,18,FBE696,1
632.0,632.0,19,E4CD9E,148
632.0,632.0,25,FE8A18,237
632.0,632.0,26,923978,4
632.0,632.0,27,BBE90B,334
632.0,632.0,28,958A73,10
632.0,632.0,29,E4ADC8,41
632.0,632.0,30,AC78BA,8
632.0,632.0,31,E1D5ED,13
632.0,632.0,33,0020A0,10
632.0,632.0,34,84B68D,12
632.0,632.0,36,C91A09,3
632.0,632.0,40,635F52,1
632.0,632.0,41,AEEFEC,78
632.0,632.0,45,DF6695,1
632.0,632.0,46,F5CD2F,7
632.0,632.0,47,FCFCFC,25
632.0,632.0,70,582A12,226
632.0,632.0,71,A0A5A9,433
632.0,632.0,72,6C6E68,141
632.0,632.0,73,5A93DB,108
632.0,632.0,74,73DCA1,2
632.0,632.0,78,F6D7B3,2
632.0,632.0,84,AA7D55,80
632.0,632.0,85,3F3691,5
632.0,632.0,92,D09168,26
632.0,632.0,135,9CA3A8,84
632.0,632.0,151,E6E3E0,1
632.0,632.0,158,DFEEA5,53
632.0,632.0,179,898788,52
632.0,632.0,182,F08F1C,24
632.0,632.0,191,F8BB3D,203
632.0,632.0,212,9FC3E9,23
632.0,632.0,226,FFF03A,94
632.0,632.0,272,0A3463,29
632.0,632.0,288,184632,2
632.0,632.0,308,352100,10
632.0,632.0,320,720E0F,16
632.0,632.0,321,078BC9,68
632.0,632.0,322,36AEBF,315
632.0,632.0,323,ADC3C0,62
632.0,632.0,351,F785B1,9
632.0,632.0,366,FA9C1C,23
632.0,632.0,378,A0BCAC,2
632.0,632.0,383,E0E0E0,1
632.0,632.0,450,B67B50,5
632.0,632.0,462,FFA70B,14
632.0,632.0,484,A95500,214
632.0,632.0,1050,FF698F,47
632.0,632.0,1055,FCFCFC,1
632.0,632.0,1062,EBD800,22
632.0,632.0,1064,FF8014,8
632.0,632.0,1089,CCA373,1
632.0,632.0,1093,9195CA,1
632.0,632.0,1136,CA4C0B,5
632.0,632.0,9999,05131D,43
633.0,633.0,0,05131D,10
633.0,633.0,1,0055BF,7
633.0,633.0,2,237841,8
633.0,633.0,4,C91A09,20
633.0,633.0,10,4B9F4A,13
633.0,633.0,14,F2CD37,13
633.0,633.0,15,FFFFFF,20
633.0,633.0,19,E4CD9E,4
633.0,633.0,25,FE8A18,1
633.0,633.0,27,BBE90B,10
633.0,633.0,28,958A73,4
633.0,633.0,41,AEEFEC,2
633.0,633.0,70,582A12,6
633.0,633.0,71,A0A5A9,4
633.0,633.0,72,6C6E68,3
633.0,633.0,84,AA7D55,6
633.0,633.0,191,F8BB3D,5
633.0,633.0,321,078BC9,1
633.0,633.0,323,ADC3C0,1
633.0,633.0,484,A95500,10
633.0,633.0,1050,FF698F,2
633.0,633.0,1053,68BCC5,1
634.0,634.0,0,05131D,194
634.0,634.0,1,0055BF,254
634.0,634.0,2,237841,71
634.0,634.0,4,C91A09,417
634.0,634.0,6,583927,3
634.0,634.0,7,9BA19D,7
634.0,634.0,8,6D6E5C,199
634.0,634.0,10,4B9F4A,122
634.0,634.0,14,F2CD37,302
634.0,634.0,15,FFFFFF,105
634.0,634.0,19,E4CD9E,27
634.0,634.0,25,FE8A18,58
634.0,634.0,26,923978,2
634.0,634.0,27,BBE90B,51
634.0,634.0,28,958A73,5
634.0,634.0,29,E4ADC8,1
634.0,634.0,30,AC78BA,5
634.0,634.0,31,E1D5ED,2
634.0,634.0,34,84B68D,2
634.0,634.0,36,C91A09,3
634.0,634.0,40,635F52,4
634.0,634.0,41,AEEFEC,16
634.0,634.0,45,DF6695,3
634.0,634.0,46,F5CD2F,3
634.0,634.0,47,FCFCFC,5
634.0,634.0,52,A5A5CB,3
634.0,634.0,57,FF800D,1
634.0,634.0,70,582A12,19
634.0,634.0,71,A0A5A9,196
634.0,634.0,72,6C6E68,323
634.0,634.0,73,5A93DB,56
634.0,634.0,84,AA7D55,2
634.0,634.0,86,7C503A,1
634.0,634.0,135,9CA3A8,13
634.0,634.0,158,DFEEA5,14
634.0,634.0,179,898788,19
634.0,634.0,191,F8BB3D,47
634.0,634.0,212,9FC3E9,1
634.0,634.0,226,FFF03A,7
634.0,634.0,272,0A3463,9
634.0,634.0,320,720E0F,9
634.0,634.0,321,078BC9,27
634.0,634.0,322,36AEBF,25
634.0,634.0,323,ADC3C0,2
634.0,634.0,351,F785B1,2
634.0,634.0,366,FA9C1C,1
634.0,634.0,378,A0BCAC,1
634.0,634.0,484,A95500,20
634.0,634.0,1050,FF698F,8
634.0,634.0,1062,EBD800,1
634.0,634.0,1136,CA4C0B,14
634.0,634.0,9999,05131D,1
635.0,635.0,1,0055BF,33
635.0,635.0,2,237841,87
635.0,635.0,4,C91A09,58
635.0,635.0,5,C870A0,6
635.0,635.0,6,583927,3
635.0,635.0,10,4B9F4A,14
635.0,635.0,11,55A5AF,3
635.0,635.0,13,FC97AC,5
635.0,635.0,14,F2CD37,69
635.0,635.0,15,FFFFFF,3
635.0,635.0,22,81007B,27
635.0,635.0,25,FE8A18,11
635.0,635.0,27,BBE90B,4
635.0,635.0,31,E1D5ED,1
635.0,635.0,33,0020A0,1
635.0,635.0,36,C91A09,1
635.0,635.0,41,AEEFEC,2
635.0,635.0,46,F5CD2F,2
635.0,635.0,70,582A12,2
635.0,635.0,73,5A93DB,1
635.0,635.0,84,AA7D55,1
635.0,635.0,85,3F3691,3
635.0,635.0,112,6874CA,5
635.0,635.0,125,F9BA61,12
635.0,635.0,158,DFEEA5,1
635.0,635.0,191,F8BB3D,6
635.0,635.0,212,9FC3E9,1
635.0,635.0,484,A95500,38
635.0,635.0,9999,05131D,2
636.0,636.0,0,05131D,3
636.0,636.0,1,0055BF,8
636.0,636.0,2,237841,3
636.0,636.0,4,C91A09,39
636.0,636.0,5,C870A0,4
636.0,636.0,10,4B9F4A,13
636.0,636.0,14,F2CD37,25
636.0,636.0,15,FFFFFF,56
636.0,636.0,19,E4CD9E,1
636.0,636.0,25,FE8A18,28
636.0,636.0,26,923978,2
636.0,636.0,27,BBE90B,26
636.0,636.0,29,E4ADC8,1
636.0,636.0,30,AC78BA,1
636.0,636.0,46,F5CD2F,1
636.0,636.0,70,582A12,4
636.0,636.0,71,A0A5A9,8
636.0,636.0,72,6C6E68,1
636.0,636.0,73,5A93DB,3
636.0,636.0,179,898788,2
636.0,636.0,191,F8BB3D,23
636.0,636.0,212,9FC3E9,3
636.0,636.0,226,FFF03A,11
636.0,636.0,320,720E0F,10
636.0,636.0,321,078BC9,6
636.0,636.0,322,36AEBF,24
636.0,636.0,484,A95500,6
638.0,638.0,0,05131D,2
638.0,638.0,1,0055BF,7
638.0,638.0,2,237841,5
638.0,638.0,4,C91A09,21
638.0,638.0,5,C870A0,1
638.0,638.0,10,4B9F4A,26
638.0,638.0,14,F2CD37,17
638.0,638.0,15,FFFFFF,5
638.0,638.0,19,E4CD9E,1
638.0,638.0,25,FE8A18,1
638.0,638.0,27,BBE90B,21
638.0,638.0,29,E4ADC8,2
638.0,638.0,41,AEEFEC,8
638.0,638.0,47,FCFCFC,2
638.0,638.0,70,582A12,17
638.0,638.0,71,A0A5A9,13
638.0,638.0,72,6C6E68,5
638.0,638.0,73,5A93DB,4
638.0,638.0,191,F8BB3D,1
638.0,638.0,212,9FC3E9,1
638.0,638.0,272,0A3463,1
638.0,638.0,297,AA7F2E,8
638.0,638.0,320,720E0F,4
638.0,638.0,322,36AEBF,17
638.0,638.0,484,A95500,26
639.0,639.0,4,C91A09,4
639.0,639.0,5,C870A0,17
639.0,639.0,10,4B9F4A,3
639.0,639.0,14,F2CD37,1
639.0,639.0,15,FFFFFF,26
639.0,639.0,29,E4ADC8,3
639.0,639.0,30,AC78BA,4
639.0,639.0,31,E1D5ED,34
639.0,639.0,41,AEEFEC,2
639.0,639.0,70,582A12,5
639.0,639.0,71,A0A5A9,3
639.0,639.0,72,6C6E68,4
639.0,639.0,73,5A93DB,1
639.0,639.0,85,3F3691,31
639.0,639.0,191,F8BB3D,2
639.0,639.0,212,9FC3E9,3
639.0,639.0,226,FFF03A,1
639.0,639.0,297,AA7F2E,3
639.0,639.0,322,36AEBF,1
639.0,639.0,484,A95500,7
640.0,640.0,1,0055BF,10
640.0,640.0,2,237841,4
640.0,640.0,3,008F9B,2
640.0,640.0,4,C91A09,19
640.0,640.0,5,C870A0,49
640.0,640.0,10,4B9F4A,24
640.0,640.0,14,F2CD37,35
640.0,640.0,15,FFFFFF,167
640.0,640.0,19,E4CD9E,2
640.0,640.0,25,FE8A18,2
640.0,640.0,26,923978,14
640.0,640.0,27,BBE90B,20
640.0,640.0,29,E4ADC8,61
640.0,640.0,30,AC78BA,31
640.0,640.0,31,E1D5ED,42
640.0,640.0,34,84B68D,1
640.0,640.0,41,AEEFEC,37
640.0,640.0,46,F5CD2F,2
640.0,640.0,47,FCFCFC,14
640.0,640.0,70,582A12,5
640.0,640.0,71,A0A5A9,14
640.0,640.0,72,6C6E68,1
640.0,640.0,73,5A93DB,7
640.0,640.0,78,F6D7B3,3
640.0,640.0,84,AA7D55,7
640.0,640.0,85,3F3691,28
640.0,640.0,158,DFEEA5,2
640.0,640.0,191,F8BB3D,3
640.0,640.0,212,9FC3E9,37
640.0,640.0,226,FFF03A,39
640.0,640.0,297,AA7F2E,10
640.0,640.0,321,078BC9,5
640.0,640.0,322,36AEBF,73
640.0,640.0,323,ADC3C0,33
640.0,640.0,484,A95500,7
640.0,640.0,1003,68BCC5,4
640.0,640.0,1050,FF698F,19
640.0,640.0,1055,FCFCFC,1
641.0,641.0,0,05131D,46
641.0,641.0,1,0055BF,54
641.0,641.0,4,C91A09,97
641.0,641.0,5,C870A0,51
641.0,641.0,10,4B9F4A,26
641.0,641.0,14,F2CD37,85
641.0,641.0,15,FFFFFF,169
641.0,641.0,19,E4CD9E,7
641.0,641.0,25,FE8A18,17
641.0,641.0,27,BBE90B,25
641.0,641.0,29,E4ADC8,50
641.0,641.0,30,AC78BA,4
641.0,641.0,31,E1D5ED,21
641.0,641.0,41,AEEFEC,7
641.0,641.0,46,F5CD2F,1
641.0,641.0,47,FCFCFC,9
641.0,641.0,70,582A12,16
641.0,641.0,71,A0A5A9,26
641.0,641.0,72,6C6E68,4
641.0,641.0,73,5A93DB,14
641.0,641.0,84,AA7D55,12
641.0,641.0,85,3F3691,3
641.0,641.0,179,898788,1
641.0,641.0,182,F08F1C,1
641.0,641.0,191,F8BB3D,9
641.0,641.0,212,9FC3E9,9
641.0,641.0,226,FFF03A,14
641.0,641.0,297,AA7F2E,1
641.0,641.0,321,078BC9,2
641.0,641.0,322,36AEBF,58
641.0,641.0,323,ADC3C0,27
641.0,641.0,484,A95500,17
641.0,641.0,1050,FF698F,10
641.0,641.0,1062,EBD800,3
641.0,641.0,1089,CCA373,1
641.0,641.0,9999,05131D,1
646.0,646.0,0,05131D,59
646.0,646.0,1,0055BF,5
646.0,646.0,2,237841,38
646.0,646.0,4,C91A09,59
646.0,646.0,5,C870A0,5
646.0,646.0,10,4B9F4A,16
646.0,646.0,14,F2CD37,22
646.0,646.0,15,FFFFFF,50
646.0,646.0,19,E4CD9E,25
646.0,646.0,25,FE8A18,11
646.0,646.0,26,923978,3
646.0,646.0,27,BBE90B,12
646.0,646.0,28,958A73,5
646.0,646.0,29,E4ADC8,3
646.0,646.0,34,84B68D,6
646.0,646.0,36,C91A09,8
646.0,646.0,40,635F52,1
646.0,646.0,41,AEEFEC,7
646.0,646.0,42,F8F184,2
646.0,646.0,46,F5CD2F,12
646.0,646.0,47,FCFCFC,11
646.0,646.0,70,582A12,31
646.0,646.0,71,A0A5A9,21
646.0,646.0,72,6C6E68,15
646.0,646.0,73,5A93DB,1
646.0,646.0,84,AA7D55,12
646.0,646.0,85,3F3691,2
646.0,646.0,158,DFEEA5,1
646.0,646.0,179,898788,5
646.0,646.0,191,F8BB3D,10
646.0,646.0,212,9FC3E9,5
646.0,646.0,272,0A3463,2
646.0,646.0,288,184632,1
646.0,646.0,297,AA7F2E,12
646.0,646.0,308,352100,7
646.0,646.0,321,078BC9,3
646.0,646.0,322,36AEBF,5
646.0,646.0,484,A95500,5
646.0,646.0,1103,3E3C39,5
646.0,646.0,9999,05131D,12
647.0,647.0,0,05131D,542
647.0,647.0,1,0055BF,42
647.0,647.0,2,237841,2
647.0,647.0,4,C91A09,86
647.0,647.0,10,4B9F4A,8
647.0,647.0,14,F2CD37,16
647.0,647.0,15,FFFFFF,31
647.0,647.0,19,E4CD9E,7
647.0,647.0,27,BBE90B,9
647.0,647.0,28,958A73,50
647.0,647.0,70,582A12,199
647.0,647.0,71,A0A5A9,49
647.0,647.0,72,6C6E68,426
647.0,647.0,73,5A93DB,40
647.0,647.0,80,A5A9B4,17
647.0,647.0,82,DBAC34,1
647.0,647.0,135,9CA3A8,72
647.0,647.0,178,B48455,1
647.0,647.0,179,898788,10
647.0,647.0,182,F08F1C,2
647.0,647.0,191,F8BB3D,12
647.0,647.0,272,0A3463,5
647.0,647.0,288,184632,3
647.0,647.0,297,AA7F2E,22
647.0,647.0,320,720E0F,36
647.0,647.0,322,36AEBF,2
647.0,647.0,484,A95500,4
648.0,648.0,5,C870A0,11
648.0,648.0,10,4B9F4A,3
648.0,648.0,14,F2CD37,8
648.0,648.0,15,FFFFFF,14
648.0,648.0,25,FE8A18,1
648.0,648.0,27,BBE90B,7
648.0,648.0,29,E4ADC8,1
648.0,648.0,30,AC78BA,2
648.0,648.0,31,E1D5ED,2
648.0,648.0,41,AEEFEC,1
648.0,648.0,46,F5CD2F,1
648.0,648.0,71,A0A5A9,1
648.0,648.0,73,5A93DB,11
648.0,648.0,84,AA7D55,1
648.0,648.0,85,3F3691,2
648.0,648.0,191,F8BB3D,2
648.0,648.0,212,9FC3E9,5
648.0,648.0,226,FFF03A,3
648.0,648.0,321,078BC9,1
648.0,648.0,322,36AEBF,7
648.0,648.0,484,A95500,1
650.0,650.0,0,05131D,130
650.0,650.0,1,0055BF,124
650.0,650.0,2,237841,90
650.0,650.0,4,C91A09,323
650.0,650.0,5,C870A0,11
650.0,650.0,6,583927,1
650.0,650.0,10,4B9F4A,81
650.0,650.0,14,F2CD37,168
650.0,650.0,15,FFFFFF,201
650.0,650.0,19,E4CD9E,71
650.0,650.0,25,FE8A18,75
650.0,650.0,26,923978,5
650.0,650.0,27,BBE90B,34
650.0,650.0,28,958A73,50
650.0,650.0,29,E4ADC8,5
650.0,650.0,33,0020A0,2
650.0,650.0,40,635F52,2
650.0,650.0,41,AEEFEC,25
650.0,650.0,46,F5CD2F,1
650.0,650.0,69,CD6298,1
650.0,650.0,70,582A12,43
650.0,650.0,71,A0A5A9,95
650.0,650.0,72,6C6E68,90
650.0,650.0,73,5A93DB,37
650.0,650.0,74,73DCA1,1
650.0,650.0,85,3F3691,2
650.0,650.0,86,7C503A,19
650.0,650.0,89,4C61DB,1
650.0,650.0,92,D09168,9
650.0,650.0,135,9CA3A8,102
650.0,650.0,151,E6E3E0,2
650.0,650.0,182,F08F1C,6
650.0,650.0,191,F8BB3D,106
650.0,650.0,212,9FC3E9,9
650.0,650.0,272,0A3463,26
650.0,650.0,288,184632,4
650.0,650.0,320,720E0F,32
650.0,650.0,366,FA9C1C,5
650.0,650.0,378,A0BCAC,5
650.0,650.0,383,E0E0E0,1
650.0,650.0,462,FFA70B,2
650.0,650.0,484,A95500,88
650.0,650.0,1001,9391E4,2
650.0,650.0,1066,DD982E,6
650.0,650.0,1093,9195CA,2
651.0,651.0,0,05131D,34
651.0,651.0,2,237841,3
651.0,651.0,4,C91A09,5
651.0,651.0,14,F2CD37,1
651.0,651.0,15,FFFFFF,2
651.0,651.0,19,E4CD9E,3
651.0,651.0,28,958A73,3
651.0,651.0,70,582A12,36
651.0,651.0,72,6C6E68,5
651.0,651.0,92,D09168,4
651.0,651.0,135,9CA3A8,9
651.0,651.0,272,0A3463,7
651.0,651.0,294,BDC6AD,1
651.0,651.0,297,AA7F2E,2
651.0,651.0,320,720E0F,2
651.0,651.0,379,6074A1,1
651.0,651.0,484,A95500,2
652.0,652.0,0,05131D,25
652.0,652.0,1,0055BF,131
652.0,652.0,2,237841,57
652.0,652.0,4,C91A09,252
652.0,652.0,5,C870A0,30
652.0,652.0,6,583927,8
652.0,652.0,7,9BA19D,16
652.0,652.0,10,4B9F4A,17
652.0,652.0,14,F2CD37,255
652.0,652.0,15,FFFFFF,588
652.0,652.0,17,C2DAB8,13
652.0,652.0,18,FBE696,1
652.0,652.0,19,E4CD9E,38
652.0,652.0,25,FE8A18,25
652.0,652.0,26,923978,9
652.0,652.0,27,BBE90B,29
652.0,652.0,28,958A73,1
652.0,652.0,29,E4ADC8,82
652.0,652.0,30,AC78BA,5
652.0,652.0,31,E1D5ED,4
652.0,652.0,41,AEEFEC,5
652.0,652.0,45,DF6695,1
652.0,652.0,47,FCFCFC,15
652.0,652.0,70,582A12,3
652.0,652.0,71,A0A5A9,3
652.0,652.0,73,5A93DB,14
652.0,652.0,74,73DCA1,65
652.0,652.0,77,FECCCF,21
652.0,652.0,84,AA7D55,15
652.0,652.0,85,3F3691,1
652.0,652.0,114,DF6695,2
652.0,652.0,115,C7D23C,8
652.0,652.0,135,9CA3A8,8
652.0,652.0,158,DFEEA5,3
652.0,652.0,179,898788,1
652.0,652.0,191,F8BB3D,14
652.0,652.0,212,9FC3E9,28
652.0,652.0,226,FFF03A,93
652.0,652.0,297,AA7F2E,4
652.0,652.0,313,3592C3,25
652.0,652.0,321,078BC9,12
652.0,652.0,322,36AEBF,17
652.0,652.0,323,ADC3C0,27
652.0,652.0,351,F785B1,77
652.0,652.0,378,A0BCAC,2
652.0,652.0,462,FFA70B,1
652.0,652.0,484,A95500,4
652.0,652.0,1050,FF698F,14
652.0,652.0,1055,FCFCFC,1
652.0,652.0,1057,C9E788,6
652.0,652.0,1076,FFF230,5
652.0,652.0,1077,78FC78,13
652.0,652.0,1087,FF879C,27
652.0,652.0,1091,FFCB78,2
652.0,652.0,1093,9195CA,2
652.0,652.0,9999,05131D,19
653.0,653.0,0,05131D,62
653.0,653.0,1,0055BF,47
653.0,653.0,4,C91A09,26
653.0,653.0,10,4B9F4A,12
653.0,653.0,14,F2CD37,46
653.0,653.0,15,FFFFFF,18
653.0,653.0,25,FE8A18,16
653.0,653.0,26,923978,1
653.0,653.0,27,BBE90B,3
653.0,653.0,35,D9E4A7,1
653.0,653.0,41,AEEFEC,11
653.0,653.0,70,582A12,2
653.0,653.0,71,A0A5A9,52
653.0,653.0,72,6C6E68,13
653.0,653.0,85,3F3691,9
653.0,653.0,179,898788,1
653.0,653.0,182,F08F1C,2
653.0,653.0,191,F8BB3D,2
653.0,653.0,212,9FC3E9,4
653.0,653.0,297,AA7F2E,1
653.0,653.0,322,36AEBF,42
653.0,653.0,484,A95500,1
654.0,654.0,0,05131D,15
654.0,654.0,1,0055BF,1
654.0,654.0,2,237841,4
654.0,654.0,3,008F9B,7
654.0,654.0,4,C91A09,29
654.0,654.0,5,C870A0,14
654.0,654.0,14,F2CD37,53
654.0,654.0,15,FFFFFF,75
654.0,654.0,19,E4CD9E,18
654.0,654.0,26,923978,2
654.0,654.0,27,BBE90B,9
654.0,654.0,29,E4ADC8,4
654.0,654.0,30,AC78BA,6
654.0,654.0,35,D9E4A7,3
654.0,654.0,36,C91A09,6
654.0,654.0,40,635F52,1
654.0,654.0,41,AEEFEC,10
654.0,654.0,42,F8F184,1
654.0,654.0,45,DF6695,22
654.0,654.0,47,FCFCFC,8
654.0,654.0,70,582A12,2
654.0,654.0,71,A0A5A9,30
654.0,654.0,72,6C6E68,14
654.0,654.0,73,5A93DB,1
654.0,654.0,85,3F3691,4
654.0,654.0,179,898788,4
654.0,654.0,297,AA7F2E,18
654.0,654.0,321,078BC9,3
654.0,654.0,322,36AEBF,13
654.0,654.0,9999,05131D,1
655.0,655.0,0,05131D,13
655.0,655.0,15,FFFFFF,9
655.0,655.0,47,FCFCFC,1
655.0,655.0,71,A0A5A9,5
655.0,655.0,72,6C6E68,4
656.0,656.0,0,05131D,26
656.0,656.0,10,4B9F4A,1
656.0,656.0,15,FFFFFF,6
656.0,656.0,19,E4CD9E,3
656.0,656.0,28,958A73,7
656.0,656.0,70,582A12,19
656.0,656.0,71,A0A5A9,1
656.0,656.0,84,AA7D55,5
656.0,656.0,85,3F3691,1
656.0,656.0,92,D09168,1
656.0,656.0,179,898788,2
656.0,656.0,212,9FC3E9,1
656.0,656.0,288,184632,1
656.0,656.0,297,AA7F2E,2
656.0,656.0,308,352100,14
656.0,656.0,320,720E0F,2
656.0,656.0,326,9B9A5A,1
656.0,656.0,484,A95500,3
657.0,657.0,0,05131D,77
657.0,657.0,1,0055BF,3
657.0,657.0,2,237841,2
657.0,657.0,4,C91A09,28
657.0,657.0,6,583927,1
657.0,657.0,7,9BA19D,13
657.0,657.0,8,6D6E5C,18
657.0,657.0,14,F2CD37,25
657.0,657.0,15,FFFFFF,1
657.0,657.0,36,C91A09,5
657.0,657.0,40,635F52,1
657.0,657.0,42,F8F184,6
657.0,657.0,46,F5CD2F,2
657.0,657.0,135,9CA3A8,3
657.0,657.0,383,E0E0E0,14
657.0,657.0,9999,05131D,9
658.0,658.0,0,05131D,2
658.0,658.0,1,0055BF,52
658.0,658.0,2,237841,133
658.0,658.0,4,C91A09,111
658.0,658.0,6,583927,30
658.0,658.0,7,9BA19D,4
658.0,658.0,10,4B9F4A,20
658.0,658.0,14,F2CD37,137
658.0,658.0,15,FFFFFF,1
658.0,658.0,19,E4CD9E,5
658.0,658.0,25,FE8A18,1
658.0,658.0,27,BBE90B,7
658.0,658.0,28,958A73,5
658.0,658.0,46,F5CD2F,1
658.0,658.0,70,582A12,11
658.0,658.0,71,A0A5A9,3
658.0,658.0,72,6C6E68,4
658.0,658.0,92,D09168,28
658.0,658.0,110,4354A3,2
658.0,658.0,135,9CA3A8,1
658.0,658.0,182,F08F1C,3
658.0,658.0,191,F8BB3D,1
658.0,658.0,288,184632,1
658.0,658.0,308,352100,2
658.0,658.0,320,720E0F,1
658.0,658.0,462,FFA70B,13
658.0,658.0,484,A95500,25
659.0,659.0,1,0055BF,14
659.0,659.0,2,237841,14
659.0,659.0,4,C91A09,20
659.0,659.0,7,9BA19D,1
659.0,659.0,14,F2CD37,19
659.0,659.0,15,FFFFFF,5
659.0,659.0,19,E4CD9E,1
659.0,659.0,47,FCFCFC,2
659.0,659.0,92,D09168,8
659.0,659.0,135,9CA3A8,2
659.0,659.0,272,0A3463,1
659.0,659.0,9999,05131D,2
660.0,660.0,0,05131D,3
660.0,660.0,1,0055BF,5
660.0,660.0,2,237841,37
660.0,660.0,4,C91A09,35
660.0,660.0,6,583927,6
660.0,660.0,10,4B9F4A,22
660.0,660.0,14,F2CD37,37
660.0,660.0,15,FFFFFF,3
660.0,660.0,17,C2DAB8,1
660.0,660.0,92,D09168,25
660.0,660.0,112,6874CA,12
660.0,660.0,117,FFFFFF,4
660.0,660.0,484,A95500,8
660.0,660.0,1143,FFFFFF,1
660.0,660.0,9999,05131D,9
661.0,661.0,1,0055BF,1
661.0,661.0,2,237841,6
661.0,661.0,4,C91A09,18
661.0,661.0,7,9BA19D,5
661.0,661.0,8,6D6E5C,10
661.0,661.0,9,B4D2E3,3
661.0,661.0,10,4B9F4A,9
661.0,661.0,11,55A5AF,4
661.0,661.0,14,F2CD37,17
661.0,661.0,17,C2DAB8,1
661.0,661.0,18,FBE696,3
661.0,661.0,19,E4CD9E,6
661.0,661.0,23,2032B0,1
661.0,661.0,25,FE8A18,3
661.0,661.0,27,BBE90B,2
661.0,661.0,28,958A73,7
661.0,661.0,47,FCFCFC,1
661.0,661.0,69,CD6298,1
661.0,661.0,71,A0A5A9,1
661.0,661.0,72,6C6E68,2
661.0,661.0,73,5A93DB,9
661.0,661.0,80,A5A9B4,1
661.0,661.0,89,4C61DB,1
661.0,661.0,112,6874CA,10
661.0,661.0,135,9CA3A8,5
661.0,661.0,137,7988A1,3
661.0,661.0,150,ABADAC,4
661.0,661.0,151,E6E3E0,1
661.0,661.0,178,B48455,11
661.0,661.0,191,F8BB3D,2
661.0,661.0,212,9FC3E9,3
661.0,661.0,320,720E0F,6
661.0,661.0,379,6074A1,6
661.0,661.0,462,FFA70B,3
661.0,661.0,503,E6E3DA,15
661.0,661.0,1001,9391E4,1
661.0,661.0,1065,AC8247,1
661.0,661.0,1074,009ECE,6
661.0,661.0,1075,3E95B6,1
661.0,661.0,1078,468A5F,1
661.0,661.0,1079,60BA76,1
661.0,661.0,1090,3FB69E,2
661.0,661.0,1093,9195CA,1
661.0,661.0,1101,5F27AA,1
661.0,661.0,9999,05131D,3
662.0,662.0,5,C870A0,14
662.0,662.0,13,FC97AC,1
662.0,662.0,14,F2CD37,2
662.0,662.0,15,FFFFFF,43
662.0,662.0,25,FE8A18,3
662.0,662.0,26,923978,16
662.0,662.0,29,E4ADC8,30
662.0,662.0,41,AEEFEC,4
662.0,662.0,45,DF6695,6
662.0,662.0,52,A5A5CB,1
662.0,662.0,73,5A93DB,2
662.0,662.0,114,DF6695,11
662.0,662.0,117,FFFFFF,9
662.0,662.0,120,D9E4A7,8
662.0,662.0,135,9CA3A8,2
662.0,662.0,182,F08F1C,3
662.0,662.0,191,F8BB3D,7
662.0,662.0,212,9FC3E9,15
662.0,662.0,297,AA7F2E,6
662.0,662.0,334,BBA53D,1
662.0,662.0,379,6074A1,2
662.0,662.0,1057,C9E788,6
662.0,662.0,1065,AC8247,7
662.0,662.0,9999,05131D,7
663.0,663.0,1,0055BF,10
663.0,663.0,2,237841,1
663.0,663.0,4,C91A09,31
663.0,663.0,14,F2CD37,25
664.0,664.0,0,05131D,161
664.0,664.0,1,0055BF,78
664.0,664.0,2,237841,10
664.0,664.0,4,C91A09,71
664.0,664.0,7,9BA19D,3
664.0,664.0,14,F2CD37,53
664.0,664.0,15,FFFFFF,3
664.0,664.0,41,AEEFEC,2
664.0,664.0,46,F5CD2F,1
665.0,665.0,0,05131D,4
665.0,665.0,1,0055BF,58
665.0,665.0,2,237841,74
665.0,665.0,4,C91A09,91
665.0,665.0,6,583927,28
665.0,665.0,14,F2CD37,94
665.0,665.0,15,FFFFFF,4
665.0,665.0,92,D09168,5
665.0,665.0,484,A95500,6
666.0,666.0,2,237841,3
666.0,666.0,4,C91A09,2
666.0,666.0,10,4B9F4A,1
666.0,666.0,14,F2CD37,2
666.0,666.0,26,923978,1
666.0,666.0,34,84B68D,6
666.0,666.0,36,C91A09,6
666.0,666.0,46,F5CD2F,4
667.0,667.0,0,05131D,138
667.0,667.0,1,0055BF,4
667.0,667.0,2,237841,3
667.0,667.0,4,C91A09,7
667.0,667.0,10,4B9F4A,6
667.0,667.0,14,F2CD37,2
667.0,667.0,15,FFFFFF,40
667.0,667.0,19,E4CD9E,41
667.0,667.0,26,923978,2
667.0,667.0,28,958A73,49
667.0,667.0,35,D9E4A7,1
667.0,667.0,41,AEEFEC,2
667.0,667.0,46,F5CD2F,4
667.0,667.0,47,FCFCFC,1
667.0,667.0,52,A5A5CB,1
667.0,667.0,70,582A12,153
667.0,667.0,71,A0A5A9,67
667.0,667.0,72,6C6E68,129
667.0,667.0,84,AA7D55,5
667.0,667.0,85,3F3691,11
667.0,667.0,92,D09168,1
667.0,667.0,129,A5A5CB,1
667.0,667.0,179,898788,1
667.0,667.0,182,F08F1C,7
667.0,667.0,191,F8BB3D,1
667.0,667.0,288,184632,15
667.0,667.0,297,AA7F2E,53
667.0,667.0,308,352100,46
667.0,667.0,321,078BC9,7
667.0,667.0,322,36AEBF,27
667.0,667.0,484,A95500,17
667.0,667.0,1002,C0F500,1
667.0,667.0,1103,3E3C39,4
667.0,667.0,9999,05131D,1
668.0,668.0,0,05131D,117
668.0,668.0,1,0055BF,40
668.0,668.0,2,237841,88
668.0,668.0,3,008F9B,8
668.0,668.0,4,C91A09,398
668.0,668.0,6,583927,23
668.0,668.0,7,9BA19D,11
668.0,668.0,8,6D6E5C,2
668.0,668.0,9,B4D2E3,2
668.0,668.0,10,4B9F4A,158
668.0,668.0,11,55A5AF,112
668.0,668.0,12,F2705E,183
668.0,668.0,14,F2CD37,448
668.0,668.0,15,FFFFFF,672
668.0,668.0,17,C2DAB8,64
668.0,668.0,18,FBE696,50
668.0,668.0,19,E4CD9E,1
668.0,668.0,20,C9CAE2,59
668.0,668.0,22,81007B,1
668.0,668.0,25,FE8A18,280
668.0,668.0,26,923978,12
668.0,668.0,27,BBE90B,4
668.0,668.0,33,0020A0,5
668.0,668.0,34,84B68D,29
668.0,668.0,36,C91A09,26
668.0,668.0,41,AEEFEC,18
668.0,668.0,42,F8F184,2
668.0,668.0,45,DF6695,4
668.0,668.0,46,F5CD2F,3
668.0,668.0,47,FCFCFC,53
668.0,668.0,52,A5A5CB,2
668.0,668.0,57,FF800D,8
668.0,668.0,68,F3CF9B,1
668.0,668.0,73,5A93DB,39
668.0,668.0,74,73DCA1,83
668.0,668.0,79,FFFFFF,8
668.0,668.0,82,DBAC34,1
668.0,668.0,92,D09168,56
668.0,668.0,100,FEBABD,171
668.0,668.0,110,4354A3,9
668.0,668.0,115,C7D23C,67
668.0,668.0,118,B3D7D1,68
668.0,668.0,120,D9E4A7,7
668.0,668.0,125,F9BA61,28
668.0,668.0,216,B31004,2
668.0,668.0,272,0A3463,4
668.0,668.0,334,BBA53D,8
668.0,668.0,351,F785B1,28
668.0,668.0,366,FA9C1C,27
668.0,668.0,383,E0E0E0,16
668.0,668.0,462,FFA70B,63
668.0,668.0,484,A95500,2
668.0,668.0,503,E6E3DA,36
668.0,668.0,9999,05131D,96
669.0,669.0,0,05131D,554
669.0,669.0,1,0055BF,76
669.0,669.0,2,237841,1
669.0,669.0,3,008F9B,1
669.0,669.0,4,C91A09,152
669.0,669.0,5,C870A0,17
669.0,669.0,10,4B9F4A,1
669.0,669.0,14,F2CD37,99
669.0,669.0,15,FFFFFF,267
669.0,669.0,19,E4CD9E,198
669.0,669.0,25,FE8A18,106
669.0,669.0,27,BBE90B,18
669.0,669.0,28,958A73,46
669.0,669.0,29,E4ADC8,61
669.0,669.0,33,0020A0,14
669.0,669.0,34,84B68D,21
669.0,669.0,35,D9E4A7,2
669.0,669.0,36,C91A09,10
669.0,669.0,40,635F52,5
669.0,669.0,41,AEEFEC,29
669.0,669.0,46,F5CD2F,22
669.0,669.0,47,FCFCFC,4
669.0,669.0,70,582A12,50
669.0,669.0,71,A0A5A9,654
669.0,669.0,72,6C6E68,603
669.0,669.0,84,AA7D55,10
669.0,669.0,179,898788,66
669.0,669.0,182,F08F1C,8
669.0,669.0,191,F8BB3D,16
669.0,669.0,226,FFF03A,16
669.0,669.0,272,0A3463,3
669.0,669.0,288,184632,1
669.0,669.0,297,AA7F2E,33
669.0,669.0,308,352100,2
669.0,669.0,320,720E0F,68
669.0,669.0,321,078BC9,56
669.0,669.0,322,36AEBF,7
669.0,669.0,326,9B9A5A,11
669.0,669.0,378,A0BCAC,118
669.0,669.0,379,6074A1,2
669.0,669.0,484,A95500,28
669.0,669.0,1103,3E3C39,4
669.0,669.0,9999,05131D,9
670.0,670.0,0,05131D,2099
670.0,670.0,1,0055BF,688
670.0,670.0,2,237841,36
670.0,670.0,3,008F9B,283
670.0,670.0,4,C91A09,480
670.0,670.0,5,C870A0,82
670.0,670.0,10,4B9F4A,16
670.0,670.0,14,F2CD37,1006
670.0,670.0,15,FFFFFF,1816
670.0,670.0,19,E4CD9E,247
670.0,670.0,25,FE8A18,176
670.0,670.0,26,923978,273
670.0,670.0,27,BBE90B,171
670.0,670.0,28,958A73,608
670.0,670.0,29,E4ADC8,46
670.0,670.0,30,AC78BA,22
670.0,670.0,31,E1D5ED,50
670.0,670.0,33,0020A0,3
670.0,670.0,34,84B68D,10
670.0,670.0,35,D9E4A7,49
670.0,670.0,36,C91A09,42
670.0,670.0,40,635F52,11
670.0,670.0,41,AEEFEC,347
670.0,670.0,42,F8F184,30
670.0,670.0,45,DF6695,132
670.0,670.0,46,F5CD2F,40
670.0,670.0,47,FCFCFC,158
670.0,670.0,52,A5A5CB,62
670.0,670.0,57,FF800D,11
670.0,670.0,70,582A12,1089
670.0,670.0,71,A0A5A9,1684
670.0,670.0,72,6C6E68,1584
670.0,670.0,73,5A93DB,45
670.0,670.0,80,A5A9B4,10
670.0,670.0,82,DBAC34,5
670.0,670.0,84,AA7D55,94
670.0,670.0,85,3F3691,177
670.0,670.0,129,A5A5CB,11
670.0,670.0,158,DFEEA5,24
670.0,670.0,179,898788,215
670.0,670.0,182,F08F1C,35
670.0,670.0,191,F8BB3D,128
670.0,670.0,212,9FC3E9,9
670.0,670.0,226,FFF03A,3
670.0,670.0,272,0A3463,1167
670.0,670.0,288,184632,2
670.0,670.0,297,AA7F2E,191
670.0,670.0,308,352100,51
670.0,670.0,320,720E0F,70
670.0,670.0,321,078BC9,66
670.0,670.0,322,36AEBF,213
670.0,670.0,323,ADC3C0,128
670.0,670.0,326,9B9A5A,209
670.0,670.0,378,A0BCAC,449
670.0,670.0,379,6074A1,107
670.0,670.0,484,A95500,83
670.0,670.0,1003,68BCC5,6
670.0,670.0,1050,FF698F,118
670.0,670.0,1103,3E3C39,133
670.0,670.0,9999,05131D,14
671.0,671.0,0,05131D,89
671.0,671.0,1,0055BF,37
671.0,671.0,4,C91A09,9
671.0,671.0,14,F2CD37,7
671.0,671.0,15,FFFFFF,183
671.0,671.0,19,E4CD9E,10
671.0,671.0,70,582A12,8
671.0,671.0,71,A0A5A9,26
671.0,671.0,72,6C6E68,22
671.0,671.0,179,898788,3
671.0,671.0,9999,05131D,8
672.0,672.0,0,05131D,16017
672.0,672.0,1,0055BF,4237
672.0,672.0,2,237841,2634
672.0,672.0,3,008F9B,552
672.0,672.0,4,C91A09,7321
672.0,672.0,5,C870A0,369
672.0,672.0,10,4B9F4A,616
672.0,672.0,14,F2CD37,5151
672.0,672.0,15,FFFFFF,15655
672.0,672.0,19,E4CD9E,5918
672.0,672.0,25,FE8A18,1443
672.0,672.0,26,923978,178
672.0,672.0,27,BBE90B,1201
672.0,672.0,28,958A73,1013
672.0,672.0,29,E4ADC8,706
672.0,672.0,30,AC78BA,117
672.0,672.0,31,E1D5ED,217
672.0,672.0,33,0020A0,107
672.0,672.0,34,84B68D,216
672.0,672.0,35,D9E4A7,41
672.0,672.0,36,C91A09,467
672.0,672.0,40,635F52,372
672.0,672.0,41,AEEFEC,272
672.0,672.0,42,F8F184,57
672.0,672.0,45,DF6695,40
672.0,672.0,46,F5CD2F,433
672.0,672.0,47,FCFCFC,1656
672.0,672.0,52,A5A5CB,7
672.0,672.0,57,FF800D,103
672.0,672.0,70,582A12,5199
672.0,672.0,71,A0A5A9,15082
672.0,672.0,72,6C6E68,9841
672.0,672.0,73,5A93DB,546
672.0,672.0,78,F6D7B3,121
672.0,672.0,80,A5A9B4,140
672.0,672.0,82,DBAC34,6
672.0,672.0,84,AA7D55,1497
672.0,672.0,85,3F3691,265
672.0,672.0,92,D09168,16
672.0,672.0,135,9CA3A8,11
672.0,672.0,143,CFE2F7,3
672.0,672.0,148,575857,2
672.0,672.0,158,DFEEA5,91
672.0,672.0,179,898788,449
672.0,672.0,182,F08F1C,647
672.0,672.0,191,F8BB3D,669
672.0,672.0,212,9FC3E9,534
672.0,672.0,226,FFF03A,403
672.0,672.0,272,0A3463,1932
672.0,672.0,288,184632,848
672.0,672.0,294,BDC6AD,11
672.0,672.0,297,AA7F2E,926
672.0,672.0,308,352100,287
672.0,672.0,320,720E0F,1342
672.0,672.0,321,078BC9,825
672.0,672.0,322,36AEBF,863
672.0,672.0,323,ADC3C0,839
672.0,672.0,326,9B9A5A,386
672.0,672.0,378,A0BCAC,478
672.0,672.0,379,6074A1,110
672.0,672.0,383,E0E0E0,8
672.0,672.0,484,A95500,856
672.0,672.0,1000,D9D9D9,9
672.0,672.0,1050,FF698F,168
672.0,672.0,1053,68BCC5,11
672.0,672.0,1054,CE1D9B,11
672.0,672.0,1055,FCFCFC,11
672.0,672.0,1056,583927,4
672.0,672.0,1059,8320B7,1
672.0,672.0,1061,0020A0,2
672.0,672.0,1062,EBD800,38
672.0,672.0,1095,635F52,1
672.0,672.0,1103,3E3C39,59
672.0,672.0,1136,CA4C0B,70
672.0,672.0,1146,F6B7BF,18
672.0,672.0,1147,A3A9FF,51
672.0,672.0,9999,05131D,12
673.0,673.0,0,05131D,14863
673.0,673.0,1,0055BF,2877
673.0,673.0,2,237841,1125
673.0,673.0,3,008F9B,3
673.0,673.0,4,C91A09,6072
673.0,673.0,5,C870A0,97
673.0,673.0,6,583927,437
673.0,673.0,7,9BA19D,418
673.0,673.0,8,6D6E5C,403
673.0,673.0,10,4B9F4A,213
673.0,673.0,14,F2CD37,1924
673.0,673.0,15,FFFFFF,23603
673.0,673.0,19,E4CD9E,12144
673.0,673.0,25,FE8A18,421
673.0,673.0,26,923978,3
673.0,673.0,27,BBE90B,115
673.0,673.0,28,958A73,3262
673.0,673.0,29,E4ADC8,36
673.0,673.0,33,0020A0,124
673.0,673.0,34,84B68D,53
673.0,673.0,36,C91A09,183
673.0,673.0,40,635F52,1434
673.0,673.0,41,AEEFEC,163
673.0,673.0,42,F8F184,10
673.0,673.0,45,DF6695,6
673.0,673.0,46,F5CD2F,358
673.0,673.0,47,FCFCFC,2078
673.0,673.0,57,FF800D,51
673.0,673.0,70,582A12,3248
673.0,673.0,71,A0A5A9,15328
673.0,673.0,72,6C6E68,11435
673.0,673.0,73,5A93DB,1367
673.0,673.0,80,A5A9B4,391
673.0,673.0,82,DBAC34,178
673.0,673.0,84,AA7D55,344
673.0,673.0,85,3F3691,41
673.0,673.0,143,CFE2F7,28
673.0,673.0,148,575857,8
673.0,673.0,179,898788,438
673.0,673.0,182,F08F1C,170
673.0,673.0,191,F8BB3D,33
673.0,673.0,212,9FC3E9,386
673.0,673.0,226,FFF03A,810
673.0,673.0,272,0A3463,2801
673.0,673.0,288,184632,1508
673.0,673.0,297,AA7F2E,534
673.0,673.0,308,352100,54
673.0,673.0,313,3592C3,170
673.0,673.0,320,720E0F,1146
673.0,673.0,321,078BC9,790
673.0,673.0,322,36AEBF,140
673.0,673.0,323,ADC3C0,3
673.0,673.0,334,BBA53D,5
673.0,673.0,378,A0BCAC,54
673.0,673.0,379,6074A1,90
673.0,673.0,383,E0E0E0,50
673.0,673.0,484,A95500,111
673.0,673.0,503,E6E3DA,200
673.0,673.0,1000,D9D9D9,120
673.0,673.0,1051,5AC4DA,895
673.0,673.0,1103,3E3C39,2
673.0,673.0,9999,05131D,93
674.0,674.0,0,05131D,1154
674.0,674.0,1,0055BF,1249
674.0,674.0,2,237841,567
674.0,674.0,3,008F9B,13
674.0,674.0,4,C91A09,1605
674.0,674.0,6,583927,171
674.0,674.0,7,9BA19D,367
674.0,674.0,8,6D6E5C,378
674.0,674.0,10,4B9F4A,1
674.0,674.0,14,F2CD37,1445
674.0,674.0,15,FFFFFF,1189
674.0,674.0,19,E4CD9E,109
674.0,674.0,22,81007B,136
674.0,674.0,25,FE8A18,219
674.0,674.0,33,0020A0,49
674.0,674.0,34,84B68D,26
674.0,674.0,36,C91A09,51
674.0,674.0,40,635F52,1
674.0,674.0,41,AEEFEC,11
674.0,674.0,42,F8F184,28
674.0,674.0,46,F5CD2F,5
674.0,674.0,47,FCFCFC,11
674.0,674.0,57,FF800D,4
674.0,674.0,143,CFE2F7,8
674.0,674.0,383,E0E0E0,45
674.0,674.0,9999,05131D,23
675.0,675.0,0,05131D,4
675.0,675.0,2,237841,2
675.0,675.0,4,C91A09,3
675.0,675.0,5,C870A0,1
675.0,675.0,10,4B9F4A,2
675.0,675.0,15,FFFFFF,26
675.0,675.0,26,923978,8
675.0,675.0,47,FCFCFC,2
675.0,675.0,70,582A12,3
675.0,675.0,71,A0A5A9,1
675.0,675.0,72,6C6E68,1
675.0,675.0,158,DFEEA5,1
675.0,675.0,179,898788,5
675.0,675.0,212,9FC3E9,1
675.0,675.0,226,FFF03A,1
675.0,675.0,272,0A3463,1
675.0,675.0,323,ADC3C0,1
675.0,675.0,484,A95500,1
676.0,676.0,0,05131D,2031
676.0,676.0,1,0055BF,164
676.0,676.0,2,237841,51
676.0,676.0,3,008F9B,31
676.0,676.0,4,C91A09,457
676.0,676.0,5,C870A0,9
676.0,676.0,10,4B9F4A,11
676.0,676.0,14,F2CD37,153
676.0,676.0,15,FFFFFF,415
676.0,676.0,19,E4CD9E,304
676.0,676.0,25,FE8A18,31
676.0,676.0,26,923978,10
676.0,676.0,27,BBE90B,17
676.0,676.0,28,958A73,358
676.0,676.0,29,E4ADC8,9
676.0,676.0,30,AC78BA,17
676.0,676.0,31,E1D5ED,4
676.0,676.0,33,0020A0,5
676.0,676.0,34,84B68D,12
676.0,676.0,35,D9E4A7,9
676.0,676.0,36,C91A09,51
676.0,676.0,40,635F52,38
676.0,676.0,41,AEEFEC,43
676.0,676.0,42,F8F184,87
676.0,676.0,45,DF6695,6
676.0,676.0,46,F5CD2F,41
676.0,676.0,47,FCFCFC,95
676.0,676.0,52,A5A5CB,105
676.0,676.0,57,FF800D,3
676.0,676.0,70,582A12,577
676.0,676.0,71,A0A5A9,1963
676.0,676.0,72,6C6E68,1270
676.0,676.0,73,5A93DB,13
676.0,676.0,80,A5A9B4,15
676.0,676.0,84,AA7D55,55
676.0,676.0,85,3F3691,29
676.0,676.0,129,A5A5CB,1
676.0,676.0,158,DFEEA5,212
676.0,676.0,179,898788,231
676.0,676.0,182,F08F1C,42
676.0,676.0,191,F8BB3D,208
676.0,676.0,272,0A3463,146
676.0,676.0,288,184632,154
676.0,676.0,297,AA7F2E,195
676.0,676.0,308,352100,61
676.0,676.0,320,720E0F,363
676.0,676.0,321,078BC9,229
676.0,676.0,322,36AEBF,94
676.0,676.0,323,ADC3C0,8
676.0,676.0,326,9B9A5A,100
676.0,676.0,378,A0BCAC,143
676.0,676.0,379,6074A1,11
676.0,676.0,484,A95500,137
676.0,676.0,1050,FF698F,41
676.0,676.0,1103,3E3C39,60
676.0,676.0,9999,05131D,27
677.0,677.0,0,05131D,23
677.0,677.0,15,FFFFFF,11
677.0,677.0,27,BBE90B,2
677.0,677.0,41,AEEFEC,1
677.0,677.0,46,F5CD2F,3
677.0,677.0,47,FCFCFC,6
677.0,677.0,57,FF800D,2
677.0,677.0,70,582A12,5
677.0,677.0,71,A0A5A9,4
677.0,677.0,84,AA7D55,1
677.0,677.0,179,898788,4
677.0,677.0,297,AA7F2E,2
677.0,677.0,308,352100,2
679.0,679.0,0,05131D,807
679.0,679.0,1,0055BF,269
679.0,679.0,2,237841,19
679.0,679.0,3,008F9B,8
679.0,679.0,4,C91A09,40
679.0,679.0,10,4B9F4A,2
679.0,679.0,14,F2CD37,28
679.0,679.0,15,FFFFFF,1122
679.0,679.0,19,E4CD9E,73
679.0,679.0,25,FE8A18,316
679.0,679.0,28,958A73,62
679.0,679.0,35,D9E4A7,4
679.0,679.0,36,C91A09,22
679.0,679.0,40,635F52,29
679.0,679.0,41,AEEFEC,92
679.0,679.0,45,DF6695,10
679.0,679.0,47,FCFCFC,30
679.0,679.0,70,582A12,13
679.0,679.0,71,A0A5A9,742
679.0,679.0,72,6C6E68,535
679.0,679.0,73,5A93DB,8
679.0,679.0,179,898788,113
679.0,679.0,182,F08F1C,76
679.0,679.0,226,FFF03A,2
679.0,679.0,272,0A3463,52
679.0,679.0,297,AA7F2E,121
679.0,679.0,308,352100,2
679.0,679.0,484,A95500,137
679.0,679.0,1103,3E3C39,10
679.0,679.0,9999,05131D,9
680.0,680.0,0,05131D,450
680.0,680.0,1,0055BF,10
680.0,680.0,2,237841,11
680.0,680.0,3,008F9B,1
680.0,680.0,4,C91A09,2
680.0,680.0,10,4B9F4A,2
680.0,680.0,14,F2CD37,8
680.0,680.0,15,FFFFFF,82
680.0,680.0,19,E4CD9E,181
680.0,680.0,25,FE8A18,4
680.0,680.0,28,958A73,71
680.0,680.0,29,E4ADC8,2
680.0,680.0,33,0020A0,4
680.0,680.0,35,D9E4A7,3
680.0,680.0,36,C91A09,4
680.0,680.0,40,635F52,62
680.0,680.0,45,DF6695,3
680.0,680.0,46,F5CD2F,2
680.0,680.0,47,FCFCFC,39
680.0,680.0,70,582A12,178
680.0,680.0,71,A0A5A9,412
680.0,680.0,72,6C6E68,255
680.0,680.0,84,AA7D55,50
680.0,680.0,85,3F3691,1
680.0,680.0,179,898788,18
680.0,680.0,182,F08F1C,3
680.0,680.0,226,FFF03A,13
680.0,680.0,272,0A3463,118
680.0,680.0,288,184632,40
680.0,680.0,297,AA7F2E,3
680.0,680.0,308,352100,142
680.0,680.0,320,720E0F,1
680.0,680.0,321,078BC9,1
680.0,680.0,322,36AEBF,1
680.0,680.0,326,9B9A5A,48
680.0,680.0,378,A0BCAC,14
680.0,680.0,379,6074A1,81
680.0,680.0,484,A95500,49
680.0,680.0,1103,3E3C39,1
680.0,680.0,9999,05131D,4
681.0,681.0,0,05131D,22
681.0,681.0,1,0055BF,1
681.0,681.0,4,C91A09,3
681.0,681.0,10,4B9F4A,5
681.0,681.0,15,FFFFFF,9
681.0,681.0,19,E4CD9E,1
681.0,681.0,28,958A73,1
681.0,681.0,36,C91A09,1
681.0,681.0,41,AEEFEC,3
681.0,681.0,70,582A12,3
681.0,681.0,191,F8BB3D,2
681.0,681.0,272,0A3463,2
681.0,681.0,297,AA7F2E,4
681.0,681.0,322,36AEBF,1
681.0,681.0,1050,FF698F,2
681.0,681.0,1103,3E3C39,1
682.0,682.0,0,05131D,183
682.0,682.0,1,0055BF,12
682.0,682.0,2,237841,58
682.0,682.0,3,008F9B,116
682.0,682.0,4,C91A09,53
682.0,682.0,5,C870A0,109
682.0,682.0,10,4B9F4A,31
682.0,682.0,14,F2CD37,139
682.0,682.0,15,FFFFFF,207
682.0,682.0,19,E4CD9E,52
682.0,682.0,25,FE8A18,31
682.0,682.0,26,923978,102
682.0,682.0,27,BBE90B,140
682.0,682.0,28,958A73,2
682.0,682.0,29,E4ADC8,25
682.0,682.0,30,AC78BA,128
682.0,682.0,31,E1D5ED,26
682.0,682.0,33,0020A0,3
682.0,682.0,34,84B68D,4
682.0,682.0,35,D9E4A7,6
682.0,682.0,36,C91A09,5
682.0,682.0,41,AEEFEC,38
682.0,682.0,42,F8F184,17
682.0,682.0,45,DF6695,73
682.0,682.0,46,F5CD2F,16
682.0,682.0,47,FCFCFC,15
682.0,682.0,52,A5A5CB,18
682.0,682.0,57,FF800D,2
682.0,682.0,70,582A12,15
682.0,682.0,71,A0A5A9,166
682.0,682.0,72,6C6E68,44
682.0,682.0,73,5A93DB,26
682.0,682.0,80,A5A9B4,3
682.0,682.0,82,DBAC34,6
682.0,682.0,84,AA7D55,16
682.0,682.0,85,3F3691,72
682.0,682.0,158,DFEEA5,1
682.0,682.0,179,898788,25
682.0,682.0,182,F08F1C,27
682.0,682.0,191,F8BB3D,107
682.0,682.0,272,0A3463,32
682.0,682.0,297,AA7F2E,69
682.0,682.0,308,352100,1
682.0,682.0,321,078BC9,17
682.0,682.0,322,36AEBF,127
682.0,682.0,323,ADC3C0,37
682.0,682.0,1050,FF698F,20
682.0,682.0,1103,3E3C39,1
682.0,682.0,9999,05131D,6
683.0,683.0,4,C91A09,7
683.0,683.0,14,F2CD37,4
683.0,683.0,15,FFFFFF,2
683.0,683.0,19,E4CD9E,5
683.0,683.0,27,BBE90B,4
683.0,683.0,29,E4ADC8,2
683.0,683.0,71,A0A5A9,1
683.0,683.0,322,36AEBF,4
683.0,683.0,9999,05131D,2
684.0,684.0,0,05131D,33
684.0,684.0,1,0055BF,2
684.0,684.0,2,237841,1
684.0,684.0,10,4B9F4A,1
684.0,684.0,14,F2CD37,1
684.0,684.0,15,FFFFFF,3
684.0,684.0,26,923978,1
684.0,684.0,29,E4ADC8,2
684.0,684.0,35,D9E4A7,2
684.0,684.0,46,F5CD2F,7
684.0,684.0,47,FCFCFC,32
684.0,684.0,71,A0A5A9,3
684.0,684.0,85,3F3691,3
684.0,684.0,158,DFEEA5,1
684.0,684.0,191,F8BB3D,1
684.0,684.0,297,AA7F2E,2
684.0,684.0,1052,F08F1C,1
684.0,684.0,1103,3E3C39,1
685.0,685.0,0,05131D,52
685.0,685.0,1,0055BF,12
685.0,685.0,4,C91A09,9
685.0,685.0,7,9BA19D,11
685.0,685.0,8,6D6E5C,42
685.0,685.0,9,B4D2E3,1
685.0,685.0,15,FFFFFF,17
685.0,685.0,22,81007B,2
685.0,685.0,25,FE8A18,1
685.0,685.0,36,C91A09,1
685.0,685.0,41,AEEFEC,1
685.0,685.0,47,FCFCFC,1
685.0,685.0,73,5A93DB,19
685.0,685.0,92,D09168,9
685.0,685.0,110,4354A3,5
685.0,685.0,112,6874CA,3
685.0,685.0,143,CFE2F7,1
685.0,685.0,272,0A3463,6
685.0,685.0,288,184632,6
685.0,685.0,320,720E0F,17
685.0,685.0,366,FA9C1C,10
685.0,685.0,379,6074A1,4
685.0,685.0,9999,05131D,1
686.0,686.0,0,05131D,1996
686.0,686.0,1,0055BF,346
686.0,686.0,2,237841,405
686.0,686.0,3,008F9B,951
686.0,686.0,4,C91A09,3825
686.0,686.0,5,C870A0,48
686.0,686.0,10,4B9F4A,272
686.0,686.0,14,F2CD37,586
686.0,686.0,15,FFFFFF,2813
686.0,686.0,19,E4CD9E,1168
686.0,686.0,25,FE8A18,676
686.0,686.0,26,923978,52
686.0,686.0,27,BBE90B,257
686.0,686.0,28,958A73,648
686.0,686.0,29,E4ADC8,131
686.0,686.0,30,AC78BA,20
686.0,686.0,31,E1D5ED,7
686.0,686.0,33,0020A0,4
686.0,686.0,34,84B68D,3
686.0,686.0,35,D9E4A7,2
686.0,686.0,36,C91A09,61
686.0,686.0,40,635F52,2
686.0,686.0,41,AEEFEC,313
686.0,686.0,42,F8F184,10
686.0,686.0,45,DF6695,7
686.0,686.0,46,F5CD2F,15
686.0,686.0,47,FCFCFC,144
686.0,686.0,57,FF800D,5
686.0,686.0,70,582A12,1540
686.0,686.0,71,A0A5A9,1891
686.0,686.0,72,6C6E68,970
686.0,686.0,73,5A93DB,2
686.0,686.0,78,F6D7B3,52
686.0,686.0,80,A5A9B4,4
686.0,686.0,82,DBAC34,262
686.0,686.0,84,AA7D55,333
686.0,686.0,85,3F3691,7
686.0,686.0,92,D09168,6
686.0,686.0,158,DFEEA5,12
686.0,686.0,179,898788,57
686.0,686.0,182,F08F1C,46
686.0,686.0,191,F8BB3D,998
686.0,686.0,212,9FC3E9,16
686.0,686.0,226,FFF03A,124
686.0,686.0,272,0A3463,230
686.0,686.0,288,184632,303
686.0,686.0,297,AA7F2E,2361
686.0,686.0,308,352100,339
686.0,686.0,320,720E0F,883
686.0,686.0,321,078BC9,73
686.0,686.0,322,36AEBF,157
686.0,686.0,323,ADC3C0,14
686.0,686.0,326,9B9A5A,71
686.0,686.0,334,BBA53D,16
686.0,686.0,378,A0BCAC,199
686.0,686.0,379,6074A1,57
686.0,686.0,484,A95500,213
686.0,686.0,1050,FF698F,26
686.0,686.0,1053,68BCC5,2
686.0,686.0,1055,FCFCFC,38
686.0,686.0,1061,0020A0,3
686.0,686.0,1095,635F52,2
686.0,686.0,1103,3E3C39,1
686.0,686.0,1136,CA4C0B,26
686.0,686.0,1146,F6B7BF,4
686.0,686.0,9999,05131D,16
687.0,687.0,0,05131D,160
687.0,687.0,1,0055BF,85
687.0,687.0,2,237841,75
687.0,687.0,3,008F9B,237
687.0,687.0,4,C91A09,43
687.0,687.0,5,C870A0,59
687.0,687.0,10,4B9F4A,41
687.0,687.0,14,F2CD37,56
687.0,687.0,15,FFFFFF,2428
687.0,687.0,19,E4CD9E,527
687.0,687.0,25,FE8A18,73
687.0,687.0,26,923978,340
687.0,687.0,27,BBE90B,54
687.0,687.0,28,958A73,47
687.0,687.0,29,E4ADC8,31
687.0,687.0,30,AC78BA,210
687.0,687.0,31,E1D5ED,246
687.0,687.0,33,0020A0,26
687.0,687.0,34,84B68D,4
687.0,687.0,41,AEEFEC,995
687.0,687.0,42,F8F184,1
687.0,687.0,45,DF6695,71
687.0,687.0,46,F5CD2F,26
687.0,687.0,47,FCFCFC,101
687.0,687.0,52,A5A5CB,14
687.0,687.0,57,FF800D,7
687.0,687.0,70,582A12,561
687.0,687.0,71,A0A5A9,389
687.0,687.0,72,6C6E68,107
687.0,687.0,73,5A93DB,35
687.0,687.0,78,F6D7B3,6
687.0,687.0,80,A5A9B4,2
687.0,687.0,82,DBAC34,1
687.0,687.0,84,AA7D55,141
687.0,687.0,85,3F3691,131
687.0,687.0,92,D09168,8
687.0,687.0,114,DF6695,4
687.0,687.0,129,A5A5CB,2
687.0,687.0,143,CFE2F7,1
687.0,687.0,179,898788,45
687.0,687.0,182,F08F1C,31
687.0,687.0,191,F8BB3D,119
687.0,687.0,212,9FC3E9,137
687.0,687.0,226,FFF03A,19
687.0,687.0,272,0A3463,167
687.0,687.0,288,184632,10
687.0,687.0,297,AA7F2E,243
687.0,687.0,308,352100,10
687.0,687.0,320,720E0F,4
687.0,687.0,321,078BC9,62
687.0,687.0,322,36AEBF,678
687.0,687.0,323,ADC3C0,718
687.0,687.0,378,A0BCAC,48
687.0,687.0,379,6074A1,2
687.0,687.0,484,A95500,21
687.0,687.0,1003,68BCC5,19
687.0,687.0,1050,FF698F,16
687.0,687.0,1053,68BCC5,233
687.0,687.0,1055,FCFCFC,24
687.0,687.0,1059,8320B7,3
687.0,687.0,1061,0020A0,2
687.0,687.0,1103,3E3C39,1
687.0,687.0,1136,CA4C0B,3
687.0,687.0,1139,F5CD2F,1
687.0,687.0,9999,05131D,19
688.0,688.0,0,05131D,1541
688.0,688.0,1,0055BF,770
688.0,688.0,2,237841,30
688.0,688.0,3,008F9B,1144
688.0,688.0,4,C91A09,525
688.0,688.0,5,C870A0,179
688.0,688.0,10,4B9F4A,459
688.0,688.0,14,F2CD37,1163
688.0,688.0,15,FFFFFF,2960
688.0,688.0,19,E4CD9E,137
688.0,688.0,25,FE8A18,381
688.0,688.0,26,923978,612
688.0,688.0,27,BBE90B,106
688.0,688.0,29,E4ADC8,1188
688.0,688.0,30,AC78BA,393
688.0,688.0,31,E1D5ED,1351
688.0,688.0,33,0020A0,5
688.0,688.0,36,C91A09,17
688.0,688.0,41,AEEFEC,129
688.0,688.0,42,F8F184,20
688.0,688.0,45,DF6695,43
688.0,688.0,46,F5CD2F,17
688.0,688.0,47,FCFCFC,44
688.0,688.0,52,A5A5CB,61
688.0,688.0,70,582A12,107
688.0,688.0,71,A0A5A9,287
688.0,688.0,72,6C6E68,100
688.0,688.0,73,5A93DB,11
688.0,688.0,78,F6D7B3,57
688.0,688.0,80,A5A9B4,37
688.0,688.0,82,DBAC34,8
688.0,688.0,84,AA7D55,87
688.0,688.0,85,3F3691,384
688.0,688.0,92,D09168,1
688.0,688.0,114,DF6695,26
688.0,688.0,117,FFFFFF,204
688.0,688.0,158,DFEEA5,437
688.0,688.0,182,F08F1C,41
688.0,688.0,191,F8BB3D,874
688.0,688.0,212,9FC3E9,304
688.0,688.0,226,FFF03A,1044
688.0,688.0,272,0A3463,339
688.0,688.0,288,184632,121
688.0,688.0,297,AA7F2E,9
688.0,688.0,320,720E0F,114
688.0,688.0,321,078BC9,657
688.0,688.0,322,36AEBF,708
688.0,688.0,323,ADC3C0,1540
688.0,688.0,378,A0BCAC,26
688.0,688.0,484,A95500,49
688.0,688.0,1000,D9D9D9,24
688.0,688.0,1003,68BCC5,21
688.0,688.0,1050,FF698F,1511
688.0,688.0,1053,68BCC5,73
688.0,688.0,1054,CE1D9B,5
688.0,688.0,1055,FCFCFC,267
688.0,688.0,1056,583927,16
688.0,688.0,1059,8320B7,43
688.0,688.0,1060,84B68D,49
688.0,688.0,1061,0020A0,48
688.0,688.0,1062,EBD800,353
688.0,688.0,9999,05131D,2
689.0,689.0,0,05131D,343
689.0,689.0,1,0055BF,383
689.0,689.0,2,237841,16
689.0,689.0,3,008F9B,29
689.0,689.0,4,C91A09,151
689.0,689.0,10,4B9F4A,6
689.0,689.0,14,F2CD37,492
689.0,689.0,15,FFFFFF,106
689.0,689.0,19,E4CD9E,51
689.0,689.0,25,FE8A18,6
689.0,689.0,27,BBE90B,19
689.0,689.0,28,958A73,24
689.0,689.0,29,E4ADC8,2
689.0,689.0,34,84B68D,3
689.0,689.0,35,D9E4A7,1
689.0,689.0,36,C91A09,12
689.0,689.0,41,AEEFEC,1
689.0,689.0,47,FCFCFC,24
689.0,689.0,57,FF800D,5
689.0,689.0,70,582A12,151
689.0,689.0,71,A0A5A9,327
689.0,689.0,72,6C6E68,136
689.0,689.0,82,DBAC34,1
689.0,689.0,84,AA7D55,43
689.0,689.0,179,898788,41
689.0,689.0,182,F08F1C,22
689.0,689.0,191,F8BB3D,25
689.0,689.0,272,0A3463,16
689.0,689.0,297,AA7F2E,33
689.0,689.0,320,720E0F,8
689.0,689.0,322,36AEBF,6
689.0,689.0,378,A0BCAC,16
689.0,689.0,484,A95500,5
689.0,689.0,1050,FF698F,4
689.0,689.0,9999,05131D,4
690.0,690.0,0,05131D,6103
690.0,690.0,1,0055BF,2300
690.0,690.0,2,237841,1903
690.0,690.0,3,008F9B,81
690.0,690.0,4,C91A09,3216
690.0,690.0,5,C870A0,360
690.0,690.0,10,4B9F4A,1432
690.0,690.0,14,F2CD37,3742
690.0,690.0,15,FFFFFF,5312
690.0,690.0,19,E4CD9E,3216
690.0,690.0,25,FE8A18,671
690.0,690.0,26,923978,94
690.0,690.0,27,BBE90B,713
690.0,690.0,28,958A73,425
690.0,690.0,29,E4ADC8,367
690.0,690.0,30,AC78BA,120
690.0,690.0,31,E1D5ED,15
690.0,690.0,34,84B68D,3
690.0,690.0,35,D9E4A7,36
690.0,690.0,36,C91A09,49
690.0,690.0,40,635F52,2
690.0,690.0,41,AEEFEC,209
690.0,690.0,45,DF6695,13
690.0,690.0,46,F5CD2F,34
690.0,690.0,47,FCFCFC,205
690.0,690.0,52,A5A5CB,15
690.0,690.0,70,582A12,3350
690.0,690.0,71,A0A5A9,6516
690.0,690.0,72,6C6E68,3800
690.0,690.0,73,5A93DB,211
690.0,690.0,78,F6D7B3,281
690.0,690.0,82,DBAC34,1
690.0,690.0,84,AA7D55,1120
690.0,690.0,85,3F3691,436
690.0,690.0,92,D09168,7
690.0,690.0,158,DFEEA5,12
690.0,690.0,179,898788,47
690.0,690.0,182,F08F1C,319
690.0,690.0,191,F8BB3D,670
690.0,690.0,212,9FC3E9,82
690.0,690.0,226,FFF03A,186
690.0,690.0,272,0A3463,321
690.0,690.0,288,184632,239
690.0,690.0,297,AA7F2E,278
690.0,690.0,308,352100,172
690.0,690.0,320,720E0F,418
690.0,690.0,321,078BC9,422
690.0,690.0,322,36AEBF,280
690.0,690.0,323,ADC3C0,57
690.0,690.0,326,9B9A5A,46
690.0,690.0,378,A0BCAC,154
690.0,690.0,379,6074A1,15
690.0,690.0,484,A95500,929
690.0,690.0,1050,FF698F,62
690.0,690.0,1053,68BCC5,12
690.0,690.0,1054,CE1D9B,2
690.0,690.0,1055,FCFCFC,2
690.0,690.0,1095,635F52,4
690.0,690.0,1103,3E3C39,43
690.0,690.0,1136,CA4C0B,6
690.0,690.0,9999,05131D,16
691.0,691.0,0,05131D,24
691.0,691.0,4,C91A09,1
691.0,691.0,10,4B9F4A,2
691.0,691.0,15,FFFFFF,1
691.0,691.0,19,E4CD9E,3
691.0,691.0,25,FE8A18,2
691.0,691.0,27,BBE90B,2
691.0,691.0,28,958A73,6
691.0,691.0,47,FCFCFC,5
691.0,691.0,70,582A12,11
691.0,691.0,72,6C6E68,4
691.0,691.0,84,AA7D55,4
691.0,691.0,179,898788,1
691.0,691.0,226,FFF03A,1
691.0,691.0,308,352100,12
691.0,691.0,379,6074A1,3
692.0,692.0,0,05131D,48
692.0,692.0,3,008F9B,2
692.0,692.0,4,C91A09,10
692.0,692.0,10,4B9F4A,6
692.0,692.0,15,FFFFFF,13
692.0,692.0,19,E4CD9E,2
692.0,692.0,25,FE8A18,3
692.0,692.0,34,84B68D,2
692.0,692.0,40,635F52,3
692.0,692.0,47,FCFCFC,6
692.0,692.0,70,582A12,5
692.0,692.0,71,A0A5A9,6
692.0,692.0,72,6C6E68,7
692.0,692.0,179,898788,2
692.0,692.0,226,FFF03A,2
692.0,692.0,320,720E0F,1
692.0,692.0,321,078BC9,2
692.0,692.0,326,9B9A5A,2
693.0,693.0,0,05131D,7111
693.0,693.0,1,0055BF,1280
693.0,693.0,2,237841,268
693.0,693.0,3,008F9B,2077
693.0,693.0,4,C91A09,5072
693.0,693.0,5,C870A0,102
693.0,693.0,10,4B9F4A,543
693.0,693.0,14,F2CD37,2448
693.0,693.0,15,FFFFFF,5901
693.0,693.0,19,E4CD9E,1641
693.0,693.0,25,FE8A18,495
693.0,693.0,26,923978,344
693.0,693.0,27,BBE90B,730
693.0,693.0,28,958A73,910
693.0,693.0,29,E4ADC8,232
693.0,693.0,30,AC78BA,109
693.0,693.0,31,E1D5ED,142
693.0,693.0,33,0020A0,54
693.0,693.0,34,84B68D,33
693.0,693.0,35,D9E4A7,243
693.0,693.0,36,C91A09,265
693.0,693.0,40,635F52,42
693.0,693.0,41,AEEFEC,427
693.0,693.0,42,F8F184,98
693.0,693.0,45,DF6695,36
693.0,693.0,46,F5CD2F,85
693.0,693.0,47,FCFCFC,319
693.0,693.0,52,A5A5CB,146
693.0,693.0,57,FF800D,334
693.0,693.0,70,582A12,1526
693.0,693.0,71,A0A5A9,6247
693.0,693.0,72,6C6E68,5734
693.0,693.0,73,5A93DB,8
693.0,693.0,80,A5A9B4,5
693.0,693.0,82,DBAC34,499
693.0,693.0,84,AA7D55,218
693.0,693.0,85,3F3691,708
693.0,693.0,129,A5A5CB,2
693.0,693.0,158,DFEEA5,14
693.0,693.0,179,898788,614
693.0,693.0,182,F08F1C,330
693.0,693.0,191,F8BB3D,673
693.0,693.0,212,9FC3E9,278
693.0,693.0,226,FFF03A,31
693.0,693.0,272,0A3463,288
693.0,693.0,288,184632,284
693.0,693.0,297,AA7F2E,3012
693.0,693.0,308,352100,134
693.0,693.0,320,720E0F,404
693.0,693.0,321,078BC9,280
693.0,693.0,322,36AEBF,178
693.0,693.0,323,ADC3C0,19
693.0,693.0,326,9B9A5A,54
693.0,693.0,378,A0BCAC,593
693.0,693.0,379,6074A1,26
693.0,693.0,484,A95500,132
693.0,693.0,1000,D9D9D9,77
693.0,693.0,1050,FF698F,7
693.0,693.0,1053,68BCC5,60
693.0,693.0,1054,CE1D9B,1
693.0,693.0,1061,0020A0,3
693.0,693.0,1062,EBD800,8
693.0,693.0,1095,635F52,1
693.0,693.0,1103,3E3C39,358
693.0,693.0,1136,CA4C0B,16
693.0,693.0,9999,05131D,79
694.0,694.0,0,05131D,197
694.0,694.0,1,0055BF,31
694.0,694.0,2,237841,34
694.0,694.0,3,008F9B,17
694.0,694.0,4,C91A09,135
694.0,694.0,14,F2CD37,97
694.0,694.0,15,FFFFFF,446
694.0,694.0,19,E4CD9E,27
694.0,694.0,25,FE8A18,22
694.0,694.0,27,BBE90B,27
694.0,694.0,41,AEEFEC,2
694.0,694.0,71,A0A5A9,108
694.0,694.0,72,6C6E68,43
694.0,694.0,84,AA7D55,1
694.0,694.0,85,3F3691,7
694.0,694.0,191,F8BB3D,5
694.0,694.0,226,FFF03A,7
694.0,694.0,320,720E0F,81
694.0,694.0,321,078BC9,8
694.0,694.0,322,36AEBF,15
695.0,695.0,0,05131D,350
695.0,695.0,1,0055BF,44
695.0,695.0,2,237841,14
695.0,695.0,4,C91A09,67
695.0,695.0,5,C870A0,3
695.0,695.0,10,4B9F4A,8
695.0,695.0,14,F2CD37,47
695.0,695.0,15,FFFFFF,247
695.0,695.0,19,E4CD9E,52
695.0,695.0,25,FE8A18,6
695.0,695.0,27,BBE90B,27
695.0,695.0,28,958A73,145
695.0,695.0,35,D9E4A7,11
695.0,695.0,36,C91A09,29
695.0,695.0,40,635F52,9
695.0,695.0,41,AEEFEC,17
695.0,695.0,45,DF6695,6
695.0,695.0,46,F5CD2F,14
695.0,695.0,47,FCFCFC,43
695.0,695.0,52,A5A5CB,3
695.0,695.0,57,FF800D,4
695.0,695.0,70,582A12,9
695.0,695.0,71,A0A5A9,282
695.0,695.0,72,6C6E68,216
695.0,695.0,73,5A93DB,28
695.0,695.0,78,F6D7B3,1
695.0,695.0,84,AA7D55,64
695.0,695.0,85,3F3691,17
695.0,695.0,143,CFE2F7,1
695.0,695.0,179,898788,43
695.0,695.0,182,F08F1C,20
695.0,695.0,191,F8BB3D,3
695.0,695.0,272,0A3463,9
695.0,695.0,288,184632,6
695.0,695.0,297,AA7F2E,43
695.0,695.0,308,352100,1
695.0,695.0,320,720E0F,3
695.0,695.0,321,078BC9,31
695.0,695.0,322,36AEBF,1
695.0,695.0,326,9B9A5A,8
695.0,695.0,378,A0BCAC,3
695.0,695.0,484,A95500,6
695.0,695.0,1103,3E3C39,12
695.0,695.0,9999,05131D,3
696.0,696.0,0,05131D,4414
696.0,696.0,1,0055BF,387
696.0,696.0,2,237841,127
696.0,696.0,3,008F9B,103
696.0,696.0,4,C91A09,534
696.0,696.0,5,C870A0,19
696.0,696.0,10,4B9F4A,9
696.0,696.0,14,F2CD37,214
696.0,696.0,15,FFFFFF,517
696.0,696.0,19,E4CD9E,255
696.0,696.0,25,FE8A18,117
696.0,696.0,26,923978,325
696.0,696.0,27,BBE90B,26
696.0,696.0,28,958A73,390
696.0,696.0,29,E4ADC8,1
696.0,696.0,30,AC78BA,15
696.0,696.0,33,0020A0,43
696.0,696.0,34,84B68D,11
696.0,696.0,35,D9E4A7,1
696.0,696.0,36,C91A09,78
696.0,696.0,40,635F52,82
696.0,696.0,41,AEEFEC,208
696.0,696.0,42,F8F184,22
696.0,696.0,45,DF6695,57
696.0,696.0,46,F5CD2F,29
696.0,696.0,47,FCFCFC,121
696.0,696.0,52,A5A5CB,222
696.0,696.0,70,582A12,271
696.0,696.0,71,A0A5A9,2051
696.0,696.0,72,6C6E68,2077
696.0,696.0,73,5A93DB,34
696.0,696.0,80,A5A9B4,84
696.0,696.0,82,DBAC34,11
696.0,696.0,84,AA7D55,27
696.0,696.0,85,3F3691,288
696.0,696.0,92,D09168,2
696.0,696.0,158,DFEEA5,16
696.0,696.0,179,898788,259
696.0,696.0,182,F08F1C,148
696.0,696.0,191,F8BB3D,61
696.0,696.0,226,FFF03A,12
696.0,696.0,272,0A3463,372
696.0,696.0,288,184632,184
696.0,696.0,297,AA7F2E,354
696.0,696.0,308,352100,16
696.0,696.0,320,720E0F,655
696.0,696.0,321,078BC9,62
696.0,696.0,322,36AEBF,37
696.0,696.0,323,ADC3C0,59
696.0,696.0,326,9B9A5A,163
696.0,696.0,334,BBA53D,11
696.0,696.0,378,A0BCAC,219
696.0,696.0,379,6074A1,146
696.0,696.0,484,A95500,28
696.0,696.0,1000,D9D9D9,3
696.0,696.0,1050,FF698F,9
696.0,696.0,1053,68BCC5,5
696.0,696.0,1055,FCFCFC,2
696.0,696.0,1056,583927,80
696.0,696.0,1059,8320B7,6
696.0,696.0,1103,3E3C39,113
696.0,696.0,1136,CA4C0B,1
696.0,696.0,9999,05131D,32
697.0,697.0,0,05131D,16044
697.0,697.0,1,0055BF,732
697.0,697.0,2,237841,368
697.0,697.0,3,008F9B,9
697.0,697.0,4,C91A09,1404
697.0,697.0,5,C870A0,9
697.0,697.0,10,4B9F4A,32
697.0,697.0,14,F2CD37,1291
697.0,697.0,15,FFFFFF,1269
697.0,697.0,19,E4CD9E,987
697.0,697.0,25,FE8A18,192
697.0,697.0,26,923978,3
697.0,697.0,27,BBE90B,177
697.0,697.0,28,958A73,1112
697.0,697.0,29,E4ADC8,19
697.0,697.0,33,0020A0,65
697.0,697.0,34,84B68D,108
697.0,697.0,35,D9E4A7,72
697.0,697.0,36,C91A09,434
697.0,697.0,40,635F52,228
697.0,697.0,41,AEEFEC,415
697.0,697.0,42,F8F184,130
697.0,697.0,46,F5CD2F,485
697.0,697.0,47,FCFCFC,394
697.0,697.0,52,A5A5CB,6
697.0,697.0,57,FF800D,49
697.0,697.0,70,582A12,1651
697.0,697.0,71,A0A5A9,6581
697.0,697.0,72,6C6E68,7156
697.0,697.0,73,5A93DB,2
697.0,697.0,78,F6D7B3,7
697.0,697.0,80,A5A9B4,40
697.0,697.0,84,AA7D55,179
697.0,697.0,85,3F3691,232
697.0,697.0,135,9CA3A8,17
697.0,697.0,143,CFE2F7,11
697.0,697.0,179,898788,821
697.0,697.0,182,F08F1C,249
697.0,697.0,191,F8BB3D,153
697.0,697.0,212,9FC3E9,70
697.0,697.0,226,FFF03A,211
697.0,697.0,272,0A3463,647
697.0,697.0,288,184632,192
697.0,697.0,297,AA7F2E,318
697.0,697.0,308,352100,344
697.0,697.0,320,720E0F,393
697.0,697.0,321,078BC9,20
697.0,697.0,322,36AEBF,66
697.0,697.0,323,ADC3C0,27
697.0,697.0,326,9B9A5A,21
697.0,697.0,378,A0BCAC,83
697.0,697.0,379,6074A1,202
697.0,697.0,484,A95500,278
697.0,697.0,1000,D9D9D9,4
697.0,697.0,1050,FF698F,4
697.0,697.0,1055,FCFCFC,5
697.0,697.0,1063,B46A00,11
697.0,697.0,1095,635F52,28
697.0,697.0,1103,3E3C39,221
697.0,697.0,1136,CA4C0B,81
697.0,697.0,9999,05131D,88
698.0,698.0,0,05131D,9807
698.0,698.0,1,0055BF,472
698.0,698.0,2,237841,26
698.0,698.0,3,008F9B,4
698.0,698.0,4,C91A09,118
698.0,698.0,5,C870A0,2
698.0,698.0,14,F2CD37,430
698.0,698.0,15,FFFFFF,115
698.0,698.0,19,E4CD9E,395
698.0,698.0,25,FE8A18,4
698.0,698.0,27,BBE90B,44
698.0,698.0,28,958A73,55
698.0,698.0,36,C91A09,33
698.0,698.0,40,635F52,29
698.0,698.0,41,AEEFEC,3
698.0,698.0,46,F5CD2F,84
698.0,698.0,47,FCFCFC,29
698.0,698.0,57,FF800D,8
698.0,698.0,70,582A12,112
698.0,698.0,71,A0A5A9,2225
698.0,698.0,72,6C6E68,3574
698.0,698.0,73,5A93DB,2
698.0,698.0,179,898788,213
698.0,698.0,182,F08F1C,8
698.0,698.0,191,F8BB3D,9
698.0,698.0,226,FFF03A,3
698.0,698.0,297,AA7F2E,80
698.0,698.0,320,720E0F,35
698.0,698.0,321,078BC9,5
698.0,698.0,322,36AEBF,8
698.0,698.0,378,A0BCAC,4
698.0,698.0,379,6074A1,30
698.0,698.0,484,A95500,4
698.0,698.0,1103,3E3C39,135
698.0,698.0,9999,05131D,8
700.0,700.0,0,05131D,1566
700.0,700.0,1,0055BF,200
700.0,700.0,2,237841,100
700.0,700.0,3,008F9B,2
700.0,700.0,4,C91A09,106
700.0,700.0,14,F2CD37,172
700.0,700.0,15,FFFFFF,243
700.0,700.0,19,E4CD9E,47
700.0,700.0,25,FE8A18,16
700.0,700.0,27,BBE90B,14
700.0,700.0,28,958A73,63
700.0,700.0,33,0020A0,25
700.0,700.0,34,84B68D,17
700.0,700.0,35,D9E4A7,85
700.0,700.0,36,C91A09,105
700.0,700.0,40,635F52,16
700.0,700.0,41,AEEFEC,76
700.0,700.0,42,F8F184,28
700.0,700.0,45,DF6695,2
700.0,700.0,46,F5CD2F,15
700.0,700.0,47,FCFCFC,103
700.0,700.0,57,FF800D,7
700.0,700.0,70,582A12,17
700.0,700.0,71,A0A5A9,778
700.0,700.0,72,6C6E68,975
700.0,700.0,78,F6D7B3,1
700.0,700.0,80,A5A9B4,8
700.0,700.0,84,AA7D55,1
700.0,700.0,85,3F3691,42
700.0,700.0,179,898788,125
700.0,700.0,182,F08F1C,93
700.0,700.0,272,0A3463,25
700.0,700.0,288,184632,33
700.0,700.0,297,AA7F2E,26
700.0,700.0,308,352100,1
700.0,700.0,320,720E0F,5
700.0,700.0,322,36AEBF,2
700.0,700.0,378,A0BCAC,142
700.0,700.0,379,6074A1,40
700.0,700.0,484,A95500,6
700.0,700.0,1000,D9D9D9,20
700.0,700.0,1103,3E3C39,12
700.0,700.0,9999,05131D,23
701.0,701.0,0,05131D,295
701.0,701.0,1,0055BF,201
701.0,701.0,2,237841,133
701.0,701.0,4,C91A09,154
701.0,701.0,14,F2CD37,81
701.0,701.0,15,FFFFFF,6
701.0,701.0,19,E4CD9E,72
701.0,701.0,27,BBE90B,4
701.0,701.0,28,958A73,28
701.0,701.0,34,84B68D,29
701.0,701.0,35,D9E4A7,41
701.0,701.0,36,C91A09,9
701.0,701.0,40,635F52,7
701.0,701.0,47,FCFCFC,36
701.0,701.0,71,A0A5A9,190
701.0,701.0,72,6C6E68,255
701.0,701.0,80,A5A9B4,25
701.0,701.0,85,3F3691,52
701.0,701.0,179,898788,11
701.0,701.0,182,F08F1C,10
701.0,701.0,288,184632,1
701.0,701.0,297,AA7F2E,3
701.0,701.0,1103,3E3C39,16
701.0,701.0,9999,05131D,7
702.0,702.0,0,05131D,4508
702.0,702.0,1,0055BF,604
702.0,702.0,2,237841,105
702.0,702.0,3,008F9B,44
702.0,702.0,4,C91A09,935
702.0,702.0,5,C870A0,1
702.0,702.0,10,4B9F4A,34
702.0,702.0,14,F2CD37,419
702.0,702.0,15,FFFFFF,1019
702.0,702.0,19,E4CD9E,402
702.0,702.0,25,FE8A18,327
702.0,702.0,26,923978,3
702.0,702.0,27,BBE90B,119
702.0,702.0,28,958A73,538
702.0,702.0,29,E4ADC8,16
702.0,702.0,30,AC78BA,10
702.0,702.0,33,0020A0,169
702.0,702.0,34,84B68D,30
702.0,702.0,35,D9E4A7,14
702.0,702.0,36,C91A09,272
702.0,702.0,40,635F52,119
702.0,702.0,41,AEEFEC,1294
702.0,702.0,42,F8F184,68
702.0,702.0,45,DF6695,11
702.0,702.0,46,F5CD2F,106
702.0,702.0,47,FCFCFC,356
702.0,702.0,52,A5A5CB,176
702.0,702.0,57,FF800D,41
702.0,702.0,70,582A12,371
702.0,702.0,71,A0A5A9,6107
702.0,702.0,72,6C6E68,5107
702.0,702.0,73,5A93DB,17
702.0,702.0,78,F6D7B3,9
702.0,702.0,80,A5A9B4,42
702.0,702.0,82,DBAC34,81
702.0,702.0,84,AA7D55,60
702.0,702.0,85,3F3691,77
702.0,702.0,143,CFE2F7,32
702.0,702.0,179,898788,614
702.0,702.0,182,F08F1C,424
702.0,702.0,191,F8BB3D,34
702.0,702.0,212,9FC3E9,1
702.0,702.0,226,FFF03A,4
702.0,702.0,272,0A3463,1222
702.0,702.0,288,184632,45
702.0,702.0,297,AA7F2E,732
702.0,702.0,308,352100,24
702.0,702.0,320,720E0F,1148
702.0,702.0,321,078BC9,342
702.0,702.0,322,36AEBF,27
702.0,702.0,326,9B9A5A,19
702.0,702.0,334,BBA53D,3
702.0,702.0,378,A0BCAC,7
702.0,702.0,379,6074A1,110
702.0,702.0,484,A95500,31
702.0,702.0,1000,D9D9D9,15
702.0,702.0,1053,68BCC5,11
702.0,702.0,1055,FCFCFC,1
702.0,702.0,1059,8320B7,1
702.0,702.0,1095,635F52,316
702.0,702.0,1103,3E3C39,150
702.0,702.0,9999,05131D,58
704.0,704.0,0,05131D,699
704.0,704.0,1,0055BF,177
704.0,704.0,2,237841,9
704.0,704.0,3,008F9B,300
704.0,704.0,4,C91A09,112
704.0,704.0,5,C870A0,9
704.0,704.0,14,F2CD37,97
704.0,704.0,15,FFFFFF,29
704.0,704.0,19,E4CD9E,32
704.0,704.0,25,FE8A18,96
704.0,704.0,26,923978,55
704.0,704.0,27,BBE90B,7
704.0,704.0,28,958A73,18
704.0,704.0,29,E4ADC8,12
704.0,704.0,33,0020A0,15
704.0,704.0,34,84B68D,6
704.0,704.0,36,C91A09,27
704.0,704.0,40,635F52,9
704.0,704.0,41,AEEFEC,78
704.0,704.0,45,DF6695,6
704.0,704.0,46,F5CD2F,46
704.0,704.0,47,FCFCFC,13
704.0,704.0,52,A5A5CB,15
704.0,704.0,57,FF800D,20
704.0,704.0,70,582A12,60
704.0,704.0,71,A0A5A9,602
704.0,704.0,72,6C6E68,913
704.0,704.0,73,5A93DB,1
704.0,704.0,80,A5A9B4,3
704.0,704.0,82,DBAC34,1
704.0,704.0,84,AA7D55,24
704.0,704.0,85,3F3691,5
704.0,704.0,179,898788,134
704.0,704.0,182,F08F1C,48
704.0,704.0,191,F8BB3D,128
704.0,704.0,272,0A3463,57
704.0,704.0,288,184632,8
704.0,704.0,297,AA7F2E,60
704.0,704.0,308,352100,13
704.0,704.0,320,720E0F,74
704.0,704.0,321,078BC9,16
704.0,704.0,322,36AEBF,13
704.0,704.0,326,9B9A5A,1
704.0,704.0,484,A95500,1
704.0,704.0,1054,CE1D9B,11
704.0,704.0,1103,3E3C39,17
704.0,704.0,9999,05131D,15
705.0,705.0,0,05131D,513
705.0,705.0,1,0055BF,14
705.0,705.0,2,237841,3
705.0,705.0,4,C91A09,241
705.0,705.0,14,F2CD37,311
705.0,705.0,15,FFFFFF,178
705.0,705.0,19,E4CD9E,113
705.0,705.0,25,FE8A18,390
705.0,705.0,27,BBE90B,4
705.0,705.0,35,D9E4A7,6
705.0,705.0,36,C91A09,32
705.0,705.0,40,635F52,4
705.0,705.0,41,AEEFEC,28
705.0,705.0,46,F5CD2F,15
705.0,705.0,47,FCFCFC,5
705.0,705.0,71,A0A5A9,118
705.0,705.0,72,6C6E68,104
705.0,705.0,73,5A93DB,35
705.0,705.0,179,898788,8
705.0,705.0,182,F08F1C,3
705.0,705.0,288,184632,32
705.0,705.0,320,720E0F,849
705.0,705.0,9999,05131D,4
706.0,706.0,0,05131D,6317
706.0,706.0,1,0055BF,974
706.0,706.0,2,237841,567
706.0,706.0,3,008F9B,44
706.0,706.0,4,C91A09,2892
706.0,706.0,5,C870A0,63
706.0,706.0,6,583927,2
706.0,706.0,7,9BA19D,286
706.0,706.0,8,6D6E5C,252
706.0,706.0,10,4B9F4A,276
706.0,706.0,14,F2CD37,646
706.0,706.0,15,FFFFFF,2674
706.0,706.0,19,E4CD9E,1569
706.0,706.0,22,81007B,6
706.0,706.0,25,FE8A18,92
706.0,706.0,26,923978,32
706.0,706.0,27,BBE90B,143
706.0,706.0,28,958A73,556
706.0,706.0,29,E4ADC8,59
706.0,706.0,30,AC78BA,4
706.0,706.0,31,E1D5ED,1
706.0,706.0,33,0020A0,75
706.0,706.0,34,84B68D,59
706.0,706.0,35,D9E4A7,39
706.0,706.0,36,C91A09,289
706.0,706.0,40,635F52,100
706.0,706.0,41,AEEFEC,322
706.0,706.0,42,F8F184,85
706.0,706.0,45,DF6695,6
706.0,706.0,46,F5CD2F,167
706.0,706.0,47,FCFCFC,1238
706.0,706.0,52,A5A5CB,46
706.0,706.0,57,FF800D,23
706.0,706.0,70,582A12,395
706.0,706.0,71,A0A5A9,6548
706.0,706.0,72,6C6E68,3762
706.0,706.0,73,5A93DB,25
706.0,706.0,78,F6D7B3,6
706.0,706.0,80,A5A9B4,20
706.0,706.0,82,DBAC34,4
706.0,706.0,84,AA7D55,615
706.0,706.0,85,3F3691,83
706.0,706.0,135,9CA3A8,3
706.0,706.0,158,DFEEA5,4
706.0,706.0,179,898788,580
706.0,706.0,182,F08F1C,312
706.0,706.0,191,F8BB3D,183
706.0,706.0,212,9FC3E9,22
706.0,706.0,226,FFF03A,13
706.0,706.0,272,0A3463,594
706.0,706.0,288,184632,212
706.0,706.0,297,AA7F2E,243
706.0,706.0,308,352100,19
706.0,706.0,320,720E0F,317
706.0,706.0,321,078BC9,86
706.0,706.0,322,36AEBF,40
706.0,706.0,323,ADC3C0,9
706.0,706.0,326,9B9A5A,23
706.0,706.0,378,A0BCAC,97
706.0,706.0,379,6074A1,19
706.0,706.0,383,E0E0E0,7
706.0,706.0,484,A95500,118
706.0,706.0,1053,68BCC5,4
706.0,706.0,1055,FCFCFC,2
706.0,706.0,1088,755945,1
706.0,706.0,1095,635F52,3
706.0,706.0,1103,3E3C39,98
706.0,706.0,1136,CA4C0B,7
706.0,706.0,9999,05131D,70
707.0,707.0,0,05131D,630
707.0,707.0,1,0055BF,128
707.0,707.0,2,237841,56
707.0,707.0,3,008F9B,8
707.0,707.0,4,C91A09,119
707.0,707.0,5,C870A0,10
707.0,707.0,10,4B9F4A,4
707.0,707.0,14,F2CD37,154
707.0,707.0,15,FFFFFF,196
707.0,707.0,19,E4CD9E,45
707.0,707.0,25,FE8A18,3
707.0,707.0,26,923978,61
707.0,707.0,27,BBE90B,3
707.0,707.0,28,958A73,27
707.0,707.0,29,E4ADC8,14
707.0,707.0,30,AC78BA,8
707.0,707.0,31,E1D5ED,2
707.0,707.0,33,0020A0,24
707.0,707.0,34,84B68D,3
707.0,707.0,35,D9E4A7,2
707.0,707.0,36,C91A09,36
707.0,707.0,40,635F52,3
707.0,707.0,41,AEEFEC,20
707.0,707.0,45,DF6695,6
707.0,707.0,46,F5CD2F,13
707.0,707.0,47,FCFCFC,138
707.0,707.0,52,A5A5CB,2
707.0,707.0,57,FF800D,9
707.0,707.0,70,582A12,177
707.0,707.0,71,A0A5A9,1107
707.0,707.0,72,6C6E68,573
707.0,707.0,73,5A93DB,3
707.0,707.0,78,F6D7B3,31
707.0,707.0,80,A5A9B4,19
707.0,707.0,84,AA7D55,11
707.0,707.0,85,3F3691,101
707.0,707.0,179,898788,120
707.0,707.0,182,F08F1C,8
707.0,707.0,191,F8BB3D,76
707.0,707.0,212,9FC3E9,15
707.0,707.0,272,0A3463,667
707.0,707.0,288,184632,53
707.0,707.0,297,AA7F2E,2
707.0,707.0,308,352100,35
707.0,707.0,320,720E0F,111
707.0,707.0,321,078BC9,12
707.0,707.0,322,36AEBF,18
707.0,707.0,323,ADC3C0,40
707.0,707.0,326,9B9A5A,7
707.0,707.0,378,A0BCAC,13
707.0,707.0,379,6074A1,54
707.0,707.0,484,A95500,461
707.0,707.0,1095,635F52,1
707.0,707.0,9999,05131D,7
708.0,708.0,0,05131D,4218
708.0,708.0,1,0055BF,359
708.0,708.0,2,237841,231
708.0,708.0,4,C91A09,793
708.0,708.0,10,4B9F4A,5
708.0,708.0,14,F2CD37,450
708.0,708.0,15,FFFFFF,777
708.0,708.0,19,E4CD9E,210
708.0,708.0,25,FE8A18,80
708.0,708.0,26,923978,84
708.0,708.0,27,BBE90B,178
708.0,708.0,28,958A73,156
708.0,708.0,29,E4ADC8,19
708.0,708.0,30,AC78BA,1
708.0,708.0,31,E1D5ED,3
708.0,708.0,33,0020A0,17
708.0,708.0,34,84B68D,27
708.0,708.0,35,D9E4A7,21
708.0,708.0,36,C91A09,102
708.0,708.0,40,635F52,25
708.0,708.0,41,AEEFEC,111
708.0,708.0,42,F8F184,40
708.0,708.0,45,DF6695,20
708.0,708.0,46,F5CD2F,234
708.0,708.0,47,FCFCFC,253
708.0,708.0,52,A5A5CB,56
708.0,708.0,57,FF800D,6
708.0,708.0,70,582A12,679
708.0,708.0,71,A0A5A9,3134
708.0,708.0,72,6C6E68,2377
708.0,708.0,73,5A93DB,89
708.0,708.0,80,A5A9B4,6
708.0,708.0,82,DBAC34,2
708.0,708.0,84,AA7D55,295
708.0,708.0,85,3F3691,152
708.0,708.0,143,CFE2F7,1
708.0,708.0,158,DFEEA5,32
708.0,708.0,179,898788,334
708.0,708.0,182,F08F1C,76
708.0,708.0,191,F8BB3D,69
708.0,708.0,212,9FC3E9,2
708.0,708.0,226,FFF03A,7
708.0,708.0,272,0A3463,5
708.0,708.0,288,184632,72
708.0,708.0,297,AA7F2E,85
708.0,708.0,308,352100,52
708.0,708.0,320,720E0F,136
708.0,708.0,321,078BC9,21
708.0,708.0,322,36AEBF,1
708.0,708.0,378,A0BCAC,55
708.0,708.0,379,6074A1,1
708.0,708.0,484,A95500,23
708.0,708.0,1103,3E3C39,10
708.0,708.0,9999,05131D,29
709.0,709.0,0,05131D,10413
709.0,709.0,1,0055BF,1873
709.0,709.0,2,237841,1115
709.0,709.0,3,008F9B,2779
709.0,709.0,4,C91A09,3302
709.0,709.0,5,C870A0,1219
709.0,709.0,10,4B9F4A,1689
709.0,709.0,14,F2CD37,1675
709.0,709.0,15,FFFFFF,9405
709.0,709.0,19,E4CD9E,3336
709.0,709.0,25,FE8A18,1248
709.0,709.0,26,923978,145
709.0,709.0,27,BBE90B,1834
709.0,709.0,28,958A73,472
709.0,709.0,29,E4ADC8,1419
709.0,709.0,30,AC78BA,351
709.0,709.0,31,E1D5ED,80
709.0,709.0,33,0020A0,1
709.0,709.0,35,D9E4A7,6
709.0,709.0,36,C91A09,4
709.0,709.0,41,AEEFEC,11
709.0,709.0,45,DF6695,42
709.0,709.0,47,FCFCFC,92
709.0,709.0,52,A5A5CB,588
709.0,709.0,70,582A12,2023
709.0,709.0,71,A0A5A9,1317
709.0,709.0,72,6C6E68,1341
709.0,709.0,73,5A93DB,239
709.0,709.0,78,F6D7B3,1167
709.0,709.0,80,A5A9B4,2
709.0,709.0,82,DBAC34,316
709.0,709.0,84,AA7D55,745
709.0,709.0,85,3F3691,181
709.0,709.0,92,D09168,435
709.0,709.0,129,A5A5CB,18
709.0,709.0,158,DFEEA5,155
709.0,709.0,179,898788,645
709.0,709.0,191,F8BB3D,1386
709.0,709.0,212,9FC3E9,485
709.0,709.0,226,FFF03A,1021
709.0,709.0,272,0A3463,4022
709.0,709.0,288,184632,384
709.0,709.0,297,AA7F2E,1466
709.0,709.0,308,352100,1450
709.0,709.0,320,720E0F,1611
709.0,709.0,321,078BC9,343
709.0,709.0,322,36AEBF,2599
709.0,709.0,323,ADC3C0,889
709.0,709.0,326,9B9A5A,251
709.0,709.0,378,A0BCAC,74
709.0,709.0,379,6074A1,470
709.0,709.0,484,A95500,606
709.0,709.0,1000,D9D9D9,2
709.0,709.0,1050,FF698F,775
709.0,709.0,1055,FCFCFC,55
709.0,709.0,1061,0020A0,58
709.0,709.0,1089,CCA373,40
709.0,709.0,1103,3E3C39,871
709.0,709.0,1136,CA4C0B,13
709.0,709.0,1146,F6B7BF,28
709.0,709.0,1147,A3A9FF,17
710.0,710.0,0,05131D,286
710.0,710.0,1,0055BF,7
710.0,710.0,2,237841,42
710.0,710.0,3,008F9B,1
710.0,710.0,4,C91A09,98
710.0,710.0,5,C870A0,3
710.0,710.0,10,4B9F4A,6
710.0,710.0,14,F2CD37,16
710.0,710.0,15,FFFFFF,193
710.0,710.0,19,E4CD9E,115
710.0,710.0,25,FE8A18,5
710.0,710.0,26,923978,6
710.0,710.0,27,BBE90B,6
710.0,710.0,28,958A73,65
710.0,710.0,29,E4ADC8,14
710.0,710.0,30,AC78BA,3
710.0,710.0,31,E1D5ED,1
710.0,710.0,33,0020A0,2
710.0,710.0,35,D9E4A7,2
710.0,710.0,40,635F52,3
710.0,710.0,41,AEEFEC,58
710.0,710.0,45,DF6695,2
710.0,710.0,46,F5CD2F,6
710.0,710.0,47,FCFCFC,71
710.0,710.0,70,582A12,240
710.0,710.0,71,A0A5A9,198
710.0,710.0,72,6C6E68,104
710.0,710.0,73,5A93DB,12
710.0,710.0,82,DBAC34,1
710.0,710.0,84,AA7D55,68
710.0,710.0,85,3F3691,13
710.0,710.0,129,A5A5CB,1
710.0,710.0,179,898788,17
710.0,710.0,182,F08F1C,34
710.0,710.0,191,F8BB3D,15
710.0,710.0,212,9FC3E9,5
710.0,710.0,226,FFF03A,1
710.0,710.0,272,0A3463,15
710.0,710.0,288,184632,61
710.0,710.0,297,AA7F2E,156
710.0,710.0,308,352100,88
710.0,710.0,320,720E0F,35
710.0,710.0,321,078BC9,1
710.0,710.0,322,36AEBF,1
710.0,710.0,323,ADC3C0,4
710.0,710.0,326,9B9A5A,4
710.0,710.0,378,A0BCAC,20
710.0,710.0,379,6074A1,2
710.0,710.0,484,A95500,47
710.0,710.0,1003,68BCC5,1
710.0,710.0,1061,0020A0,1
711.0,711.0,0,05131D,32
711.0,711.0,4,C91A09,3
711.0,711.0,14,F2CD37,2
711.0,711.0,15,FFFFFF,3
711.0,711.0,19,E4CD9E,1
711.0,711.0,41,AEEFEC,1
711.0,711.0,42,F8F184,3
711.0,711.0,46,F5CD2F,2
711.0,711.0,47,FCFCFC,4
711.0,711.0,71,A0A5A9,1
711.0,711.0,72,6C6E68,1
711.0,711.0,73,5A93DB,1
711.0,711.0,143,CFE2F7,1
711.0,711.0,179,898788,1
711.0,711.0,297,AA7F2E,2
712.0,712.0,0,05131D,25
712.0,712.0,3,008F9B,2
712.0,712.0,4,C91A09,3
712.0,712.0,10,4B9F4A,1
712.0,712.0,15,FFFFFF,7
712.0,712.0,25,FE8A18,1
712.0,712.0,28,958A73,3
712.0,712.0,33,0020A0,2
712.0,712.0,34,84B68D,1
712.0,712.0,36,C91A09,1
712.0,712.0,41,AEEFEC,1
712.0,712.0,70,582A12,2
712.0,712.0,71,A0A5A9,2
712.0,712.0,84,AA7D55,1
712.0,712.0,179,898788,1
712.0,712.0,297,AA7F2E,1
712.0,712.0,308,352100,2
712.0,712.0,379,6074A1,1
712.0,712.0,484,A95500,1
712.0,712.0,1103,3E3C39,1
713.0,713.0,0,05131D,997
713.0,713.0,1,0055BF,47
713.0,713.0,2,237841,7
713.0,713.0,3,008F9B,171
713.0,713.0,4,C91A09,36
713.0,713.0,5,C870A0,68
713.0,713.0,10,4B9F4A,11
713.0,713.0,14,F2CD37,141
713.0,713.0,15,FFFFFF,401
713.0,713.0,19,E4CD9E,64
713.0,713.0,25,FE8A18,34
713.0,713.0,26,923978,48
713.0,713.0,27,BBE90B,89
713.0,713.0,29,E4ADC8,33
713.0,713.0,30,AC78BA,20
713.0,713.0,31,E1D5ED,16
713.0,713.0,33,0020A0,9
713.0,713.0,34,84B68D,8
713.0,713.0,35,D9E4A7,5
713.0,713.0,36,C91A09,4
713.0,713.0,41,AEEFEC,16
713.0,713.0,45,DF6695,45
713.0,713.0,46,F5CD2F,27
713.0,713.0,47,FCFCFC,24
713.0,713.0,52,A5A5CB,1
713.0,713.0,70,582A12,155
713.0,713.0,71,A0A5A9,230
713.0,713.0,72,6C6E68,51
713.0,713.0,82,DBAC34,2
713.0,713.0,84,AA7D55,53
713.0,713.0,85,3F3691,72
713.0,713.0,158,DFEEA5,20
713.0,713.0,179,898788,54
713.0,713.0,182,F08F1C,11
713.0,713.0,191,F8BB3D,2
713.0,713.0,226,FFF03A,40
713.0,713.0,272,0A3463,44
713.0,713.0,297,AA7F2E,79
713.0,713.0,308,352100,2
713.0,713.0,321,078BC9,21
713.0,713.0,322,36AEBF,67
713.0,713.0,323,ADC3C0,123
713.0,713.0,484,A95500,2
713.0,713.0,1050,FF698F,163
713.0,713.0,1053,68BCC5,4
713.0,713.0,1054,CE1D9B,2
714.0,714.0,0,05131D,12
714.0,714.0,1,0055BF,1
714.0,714.0,4,C91A09,4
714.0,714.0,10,4B9F4A,2
714.0,714.0,14,F2CD37,6
714.0,714.0,15,FFFFFF,6
714.0,714.0,25,FE8A18,2
714.0,714.0,27,BBE90B,1
714.0,714.0,70,582A12,5
714.0,714.0,71,A0A5A9,4
714.0,714.0,72,6C6E68,7
714.0,714.0,84,AA7D55,1
714.0,714.0,308,352100,1
714.0,714.0,378,A0BCAC,1
714.0,714.0,484,A95500,1
715.0,715.0,0,05131D,30
715.0,715.0,2,237841,1
715.0,715.0,4,C91A09,2
715.0,715.0,10,4B9F4A,2
715.0,715.0,15,FFFFFF,3
715.0,715.0,27,BBE90B,1
715.0,715.0,36,C91A09,2
715.0,715.0,41,AEEFEC,2
715.0,715.0,47,FCFCFC,16
715.0,715.0,70,582A12,1
715.0,715.0,71,A0A5A9,2
715.0,715.0,72,6C6E68,5
715.0,715.0,78,F6D7B3,1
715.0,715.0,179,898788,2
715.0,715.0,272,0A3463,1
715.0,715.0,297,AA7F2E,2
715.0,715.0,1053,68BCC5,3
715.0,715.0,1103,3E3C39,1
716.0,716.0,1013,F4F4F4,2210
716.0,716.0,1015,9C9C9C,2210
716.0,716.0,1018,4D4C52,2210
716.0,716.0,1020,5C5030,1600
716.0,716.0,1021,907450,2210
716.0,716.0,1022,DEC69C,1600
716.0,716.0,1028,FED557,1100
716.0,716.0,1031,7C9051,1100
716.0,716.0,1033,467083,1100
716.0,716.0,1039,FFFFFF,1360
717.0,717.0,0,05131D,502
717.0,717.0,1,0055BF,1
717.0,717.0,4,C91A09,192
717.0,717.0,14,F2CD37,129
717.0,717.0,15,FFFFFF,230
717.0,717.0,19,E4CD9E,11
717.0,717.0,25,FE8A18,42
717.0,717.0,27,BBE90B,5
717.0,717.0,36,C91A09,3
717.0,717.0,47,FCFCFC,17
717.0,717.0,70,582A12,6
717.0,717.0,71,A0A5A9,138
717.0,717.0,72,6C6E68,118
717.0,717.0,135,9CA3A8,20
717.0,717.0,9999,05131D,5
718.0,718.0,0,05131D,20
718.0,718.0,2,237841,1
718.0,718.0,3,008F9B,1
718.0,718.0,4,C91A09,10
718.0,718.0,5,C870A0,1
718.0,718.0,10,4B9F4A,2
718.0,718.0,15,FFFFFF,6
718.0,718.0,25,FE8A18,1
718.0,718.0,26,923978,2
718.0,718.0,27,BBE90B,1
718.0,718.0,35,D9E4A7,3
718.0,718.0,41,AEEFEC,1
718.0,718.0,47,FCFCFC,3
718.0,718.0,52,A5A5CB,3
718.0,718.0,70,582A12,2
718.0,718.0,71,A0A5A9,2
718.0,718.0,73,5A93DB,1
718.0,718.0,84,AA7D55,1
718.0,718.0,179,898788,6
718.0,718.0,288,184632,2
718.0,718.0,297,AA7F2E,4
718.0,718.0,484,A95500,1
719.0,719.0,0,05131D,17908
719.0,719.0,1,0055BF,659
719.0,719.0,2,237841,3037
719.0,719.0,3,008F9B,697
719.0,719.0,4,C91A09,2798
719.0,719.0,5,C870A0,270
719.0,719.0,10,4B9F4A,1214
719.0,719.0,14,F2CD37,1691
719.0,719.0,15,FFFFFF,11145
719.0,719.0,19,E4CD9E,7048
719.0,719.0,25,FE8A18,660
719.0,719.0,26,923978,112
719.0,719.0,27,BBE90B,1279
719.0,719.0,28,958A73,5860
719.0,719.0,29,E4ADC8,134
719.0,719.0,30,AC78BA,72
719.0,719.0,31,E1D5ED,46
719.0,719.0,33,0020A0,155
719.0,719.0,34,84B68D,95
719.0,719.0,35,D9E4A7,24
719.0,719.0,36,C91A09,102
719.0,719.0,40,635F52,169
719.0,719.0,41,AEEFEC,415
719.0,719.0,42,F8F184,3
719.0,719.0,45,DF6695,4
719.0,719.0,46,F5CD2F,237
719.0,719.0,47,FCFCFC,1679
719.0,719.0,52,A5A5CB,1
719.0,719.0,70,582A12,16736
719.0,719.0,71,A0A5A9,18060
719.0,719.0,72,6C6E68,12235
719.0,719.0,73,5A93DB,104
719.0,719.0,78,F6D7B3,4
719.0,719.0,80,A5A9B4,186
719.0,719.0,82,DBAC34,48
719.0,719.0,84,AA7D55,2205
719.0,719.0,85,3F3691,116
719.0,719.0,92,D09168,88
719.0,719.0,158,DFEEA5,11
719.0,719.0,179,898788,414
719.0,719.0,182,F08F1C,319
719.0,719.0,191,F8BB3D,680
719.0,719.0,212,9FC3E9,275
719.0,719.0,226,FFF03A,108
719.0,719.0,272,0A3463,1268
719.0,719.0,288,184632,1874
719.0,719.0,297,AA7F2E,1366
719.0,719.0,308,352100,2120
719.0,719.0,320,720E0F,2654
719.0,719.0,321,078BC9,622
719.0,719.0,322,36AEBF,383
719.0,719.0,323,ADC3C0,57
719.0,719.0,326,9B9A5A,872
719.0,719.0,334,BBA53D,6
719.0,719.0,378,A0BCAC,1244
719.0,719.0,379,6074A1,746
719.0,719.0,484,A95500,2120
719.0,719.0,1000,D9D9D9,12
719.0,719.0,1050,FF698F,129
719.0,719.0,1053,68BCC5,9
719.0,719.0,1054,CE1D9B,1
719.0,719.0,1055,FCFCFC,2
719.0,719.0,1059,8320B7,1
719.0,719.0,1095,635F52,9
719.0,719.0,1103,3E3C39,70
719.0,719.0,1136,CA4C0B,68
719.0,719.0,9999,05131D,27
720.0,720.0,0,05131D,18
720.0,720.0,4,C91A09,3
720.0,720.0,10,4B9F4A,1
720.0,720.0,14,F2CD37,1
720.0,720.0,15,FFFFFF,17
720.0,720.0,28,958A73,2
720.0,720.0,47,FCFCFC,1
720.0,720.0,71,A0A5A9,12
720.0,720.0,82,DBAC34,1
720.0,720.0,179,898788,1
720.0,720.0,484,A95500,1
721.0,721.0,0,05131D,31342
721.0,721.0,1,0055BF,4825
721.0,721.0,2,237841,2025
721.0,721.0,3,008F9B,221
721.0,721.0,4,C91A09,6670
721.0,721.0,5,C870A0,207
721.0,721.0,10,4B9F4A,832
721.0,721.0,14,F2CD37,4037
721.0,721.0,15,FFFFFF,22092
721.0,721.0,19,E4CD9E,17000
721.0,721.0,25,FE8A18,1265
721.0,721.0,26,923978,26
721.0,721.0,27,BBE90B,486
721.0,721.0,28,958A73,5770
721.0,721.0,29,E4ADC8,255
721.0,721.0,30,AC78BA,101
721.0,721.0,31,E1D5ED,292
721.0,721.0,33,0020A0,173
721.0,721.0,34,84B68D,96
721.0,721.0,35,D9E4A7,9
721.0,721.0,36,C91A09,315
721.0,721.0,40,635F52,182
721.0,721.0,41,AEEFEC,831
721.0,721.0,45,DF6695,16
721.0,721.0,46,F5CD2F,158
721.0,721.0,47,FCFCFC,1345
721.0,721.0,52,A5A5CB,1
721.0,721.0,70,582A12,7650
721.0,721.0,71,A0A5A9,25263
721.0,721.0,72,6C6E68,22244
721.0,721.0,73,5A93DB,38
721.0,721.0,78,F6D7B3,324
721.0,721.0,80,A5A9B4,384
721.0,721.0,82,DBAC34,18
721.0,721.0,84,AA7D55,2067
721.0,721.0,85,3F3691,84
721.0,721.0,92,D09168,219
721.0,721.0,158,DFEEA5,80
721.0,721.0,179,898788,1220
721.0,721.0,182,F08F1C,597
721.0,721.0,191,F8BB3D,896
721.0,721.0,212,9FC3E9,1005
721.0,721.0,226,FFF03A,194
721.0,721.0,272,0A3463,3573
721.0,721.0,288,184632,1101
721.0,721.0,297,AA7F2E,1127
721.0,721.0,308,352100,1039
721.0,721.0,320,720E0F,2217
721.0,721.0,321,078BC9,252
721.0,721.0,322,36AEBF,1062
721.0,721.0,323,ADC3C0,324
721.0,721.0,326,9B9A5A,1272
721.0,721.0,334,BBA53D,21
721.0,721.0,378,A0BCAC,1552
721.0,721.0,379,6074A1,264
721.0,721.0,484,A95500,1498
721.0,721.0,1000,D9D9D9,14
721.0,721.0,1053,68BCC5,36
721.0,721.0,1054,CE1D9B,53
721.0,721.0,1055,FCFCFC,10
721.0,721.0,1088,755945,7
721.0,721.0,1089,CCA373,7
721.0,721.0,1095,635F52,21
721.0,721.0,1103,3E3C39,183
721.0,721.0,1136,CA4C0B,157
721.0,721.0,9999,05131D,62
722.0,722.0,0,05131D,1
722.0,722.0,2,237841,1
722.0,722.0,4,C91A09,3
722.0,722.0,10,4B9F4A,11
722.0,722.0,14,F2CD37,4
722.0,722.0,15,FFFFFF,9
722.0,722.0,25,FE8A18,2
722.0,722.0,27,BBE90B,13
722.0,722.0,31,E1D5ED,1
722.0,722.0,46,F5CD2F,1
722.0,722.0,70,582A12,4
722.0,722.0,71,A0A5A9,26
722.0,722.0,72,6C6E68,6
722.0,722.0,84,AA7D55,1
722.0,722.0,158,DFEEA5,3
722.0,722.0,182,F08F1C,2
722.0,722.0,191,F8BB3D,1
722.0,722.0,226,FFF03A,1
722.0,722.0,321,078BC9,7
722.0,722.0,322,36AEBF,4
722.0,722.0,326,9B9A5A,1
722.0,722.0,484,A95500,6
722.0,722.0,1050,FF698F,2
724.0,724.0,0,05131D,698
724.0,724.0,1,0055BF,55
724.0,724.0,2,237841,76
724.0,724.0,3,008F9B,103
724.0,724.0,4,C91A09,161
724.0,724.0,5,C870A0,32
724.0,724.0,10,4B9F4A,17
724.0,724.0,14,F2CD37,260
724.0,724.0,15,FFFFFF,332
724.0,724.0,19,E4CD9E,231
724.0,724.0,25,FE8A18,100
724.0,724.0,26,923978,56
724.0,724.0,27,BBE90B,66
724.0,724.0,28,958A73,190
724.0,724.0,29,E4ADC8,20
724.0,724.0,30,AC78BA,26
724.0,724.0,31,E1D5ED,28
724.0,724.0,33,0020A0,3
724.0,724.0,35,D9E4A7,12
724.0,724.0,36,C91A09,5
724.0,724.0,40,635F52,12
724.0,724.0,41,AEEFEC,27
724.0,724.0,45,DF6695,137
724.0,724.0,46,F5CD2F,18
724.0,724.0,47,FCFCFC,66
724.0,724.0,52,A5A5CB,3
724.0,724.0,70,582A12,300
724.0,724.0,71,A0A5A9,538
724.0,724.0,72,6C6E68,782
724.0,724.0,73,5A93DB,22
724.0,724.0,84,AA7D55,35
724.0,724.0,85,3F3691,24
724.0,724.0,158,DFEEA5,22
724.0,724.0,179,898788,9
724.0,724.0,182,F08F1C,24
724.0,724.0,191,F8BB3D,78
724.0,724.0,212,9FC3E9,29
724.0,724.0,226,FFF03A,7
724.0,724.0,272,0A3463,265
724.0,724.0,288,184632,29
724.0,724.0,297,AA7F2E,2
724.0,724.0,308,352100,46
724.0,724.0,320,720E0F,72
724.0,724.0,321,078BC9,19
724.0,724.0,322,36AEBF,45
724.0,724.0,323,ADC3C0,67
724.0,724.0,326,9B9A5A,70
724.0,724.0,378,A0BCAC,288
724.0,724.0,379,6074A1,60
724.0,724.0,484,A95500,11
724.0,724.0,1000,D9D9D9,35
724.0,724.0,1050,FF698F,3
724.0,724.0,1061,0020A0,5
724.0,724.0,1103,3E3C39,5
724.0,724.0,9999,05131D,4
725.0,725.0,0,05131D,12
725.0,725.0,4,C91A09,3
725.0,725.0,5,C870A0,1
725.0,725.0,10,4B9F4A,2
725.0,725.0,15,FFFFFF,9
725.0,725.0,25,FE8A18,2
725.0,725.0,47,FCFCFC,1
725.0,725.0,70,582A12,3
725.0,725.0,71,A0A5A9,1
725.0,725.0,84,AA7D55,3
725.0,725.0,179,898788,2
725.0,725.0,297,AA7F2E,5
725.0,725.0,308,352100,1
725.0,725.0,322,36AEBF,3
725.0,725.0,484,A95500,2
728.0,728.0,0,05131D,86
728.0,728.0,1,0055BF,66
728.0,728.0,2,237841,3
728.0,728.0,4,C91A09,94
728.0,728.0,7,9BA19D,18
728.0,728.0,14,F2CD37,76
728.0,728.0,15,FFFFFF,57
728.0,728.0,36,C91A09,2
728.0,728.0,41,AEEFEC,1
728.0,728.0,46,F5CD2F,2
728.0,728.0,47,FCFCFC,24
728.0,728.0,9999,05131D,1
729.0,729.0,0,05131D,81
729.0,729.0,1,0055BF,84
729.0,729.0,2,237841,10
729.0,729.0,4,C91A09,124
729.0,729.0,6,583927,1
729.0,729.0,7,9BA19D,150
729.0,729.0,8,6D6E5C,3
729.0,729.0,14,F2CD37,31
729.0,729.0,15,FFFFFF,362
729.0,729.0,33,0020A0,2
729.0,729.0,34,84B68D,7
729.0,729.0,36,C91A09,16
729.0,729.0,40,635F52,1
729.0,729.0,41,AEEFEC,21
729.0,729.0,46,F5CD2F,4
729.0,729.0,47,FCFCFC,29
729.0,729.0,71,A0A5A9,13
729.0,729.0,80,A5A9B4,4
729.0,729.0,179,898788,4
729.0,729.0,9999,05131D,9
730.0,730.0,70,582A12,1
730.0,730.0,9999,05131D,7
732.0,732.0,-1,0033B2,17
732.0,732.0,0,05131D,715
732.0,732.0,1,0055BF,239
732.0,732.0,2,237841,70
732.0,732.0,3,008F9B,1
732.0,732.0,4,C91A09,260
732.0,732.0,5,C870A0,38
732.0,732.0,6,583927,7
732.0,732.0,7,9BA19D,66
732.0,732.0,8,6D6E5C,36
732.0,732.0,10,4B9F4A,13
732.0,732.0,13,FC97AC,4
732.0,732.0,14,F2CD37,143
732.0,732.0,15,FFFFFF,180
732.0,732.0,19,E4CD9E,15
732.0,732.0,21,D4D5C9,2
732.0,732.0,25,FE8A18,48
732.0,732.0,26,923978,10
732.0,732.0,27,BBE90B,30
732.0,732.0,28,958A73,12
732.0,732.0,29,E4ADC8,90
732.0,732.0,30,AC78BA,35
732.0,732.0,33,0020A0,42
732.0,732.0,34,84B68D,9
732.0,732.0,35,D9E4A7,1
732.0,732.0,36,C91A09,25
732.0,732.0,41,AEEFEC,43
732.0,732.0,42,F8F184,32
732.0,732.0,43,C1DFF0,4
732.0,732.0,45,DF6695,66
732.0,732.0,46,F5CD2F,1
732.0,732.0,47,FCFCFC,43
732.0,732.0,52,A5A5CB,2
732.0,732.0,54,DAB000,1
732.0,732.0,57,FF800D,18
732.0,732.0,68,F3CF9B,1
732.0,732.0,70,582A12,50
732.0,732.0,71,A0A5A9,34
732.0,732.0,72,6C6E68,21
732.0,732.0,73,5A93DB,82
732.0,732.0,80,A5A9B4,12
732.0,732.0,85,3F3691,9
732.0,732.0,89,4C61DB,4
732.0,732.0,118,B3D7D1,14
732.0,732.0,135,9CA3A8,60
732.0,732.0,137,7988A1,17
732.0,732.0,143,CFE2F7,5
732.0,732.0,150,ABADAC,9
732.0,732.0,151,E6E3E0,1
732.0,732.0,158,DFEEA5,2
732.0,732.0,179,898788,117
732.0,732.0,182,F08F1C,14
732.0,732.0,191,F8BB3D,4
732.0,732.0,212,9FC3E9,4
732.0,732.0,230,E4ADC8,8
732.0,732.0,232,7DBFDD,2
732.0,732.0,272,0A3463,21
732.0,732.0,288,184632,9
732.0,732.0,297,AA7F2E,12
732.0,732.0,320,720E0F,10
732.0,732.0,321,078BC9,4
732.0,732.0,326,9B9A5A,7
732.0,732.0,351,F785B1,9
732.0,732.0,378,A0BCAC,34
732.0,732.0,379,6074A1,12
732.0,732.0,383,E0E0E0,6
732.0,732.0,462,FFA70B,3
732.0,732.0,503,E6E3DA,4
732.0,732.0,1000,D9D9D9,4
732.0,732.0,1004,FCB76D,2
732.0,732.0,1057,C9E788,4
732.0,732.0,1065,AC8247,2
732.0,732.0,1071,008E3C,1
732.0,732.0,1073,0A1327,5
732.0,732.0,1102,FF0040,1
732.0,732.0,1103,3E3C39,2
732.0,732.0,1140,EC4612,14
732.0,732.0,1141,D2FC43,25
732.0,732.0,1142,5d5c36,10
732.0,732.0,9999,05131D,79
733.0,733.0,1,0055BF,2
733.0,733.0,2,237841,3
733.0,733.0,4,C91A09,2
733.0,733.0,14,F2CD37,2
733.0,733.0,15,FFFFFF,2
733.0,733.0,47,FCFCFC,6
734.0,734.0,0,05131D,76
734.0,734.0,1,0055BF,57
734.0,734.0,2,237841,26
734.0,734.0,4,C91A09,74
734.0,734.0,5,C870A0,4
734.0,734.0,7,9BA19D,4
734.0,734.0,8,6D6E5C,1
734.0,734.0,10,4B9F4A,2
734.0,734.0,14,F2CD37,34
734.0,734.0,15,FFFFFF,55
734.0,734.0,19,E4CD9E,36
734.0,734.0,25,FE8A18,5
734.0,734.0,26,923978,1
734.0,734.0,27,BBE90B,11
734.0,734.0,29,E4ADC8,5
734.0,734.0,35,D9E4A7,1
734.0,734.0,36,C91A09,9
734.0,734.0,41,AEEFEC,22
734.0,734.0,42,F8F184,4
734.0,734.0,45,DF6695,2
734.0,734.0,47,FCFCFC,9
734.0,734.0,52,A5A5CB,1
734.0,734.0,70,582A12,19
734.0,734.0,71,A0A5A9,41
734.0,734.0,72,6C6E68,115
734.0,734.0,73,5A93DB,6
734.0,734.0,80,A5A9B4,17
734.0,734.0,82,DBAC34,1
734.0,734.0,84,AA7D55,7
734.0,734.0,86,7C503A,1
734.0,734.0,135,9CA3A8,3
734.0,734.0,137,7988A1,1
734.0,734.0,151,E6E3E0,3
734.0,734.0,179,898788,10
734.0,734.0,182,F08F1C,4
734.0,734.0,191,F8BB3D,7
734.0,734.0,226,FFF03A,1
734.0,734.0,272,0A3463,2
734.0,734.0,288,184632,4
734.0,734.0,297,AA7F2E,8
734.0,734.0,308,352100,1
734.0,734.0,320,720E0F,5
734.0,734.0,321,078BC9,1
734.0,734.0,322,36AEBF,2
734.0,734.0,334,BBA53D,3
734.0,734.0,378,A0BCAC,7
734.0,734.0,383,E0E0E0,6
734.0,734.0,1001,9391E4,1
734.0,734.0,1065,AC8247,1
734.0,734.0,1103,3E3C39,6
734.0,734.0,9999,05131D,8
738.0,738.0,14,F2CD37,2
738.0,738.0,9999,05131D,1
739.0,739.0,0,05131D,240
739.0,739.0,1,0055BF,152
739.0,739.0,2,237841,116
739.0,739.0,3,008F9B,3
739.0,739.0,4,C91A09,166
739.0,739.0,5,C870A0,3
739.0,739.0,6,583927,23
739.0,739.0,7,9BA19D,72
739.0,739.0,8,6D6E5C,9
739.0,739.0,9,B4D2E3,14
739.0,739.0,10,4B9F4A,12
739.0,739.0,14,F2CD37,193
739.0,739.0,15,FFFFFF,352
739.0,739.0,18,FBE696,2
739.0,739.0,19,E4CD9E,32
739.0,739.0,22,81007B,4
739.0,739.0,25,FE8A18,50
739.0,739.0,27,BBE90B,77
739.0,739.0,28,958A73,5
739.0,739.0,29,E4ADC8,2
739.0,739.0,30,AC78BA,12
739.0,739.0,31,E1D5ED,2
739.0,739.0,33,0020A0,22
739.0,739.0,34,84B68D,5
739.0,739.0,36,C91A09,21
739.0,739.0,40,635F52,11
739.0,739.0,41,AEEFEC,8
739.0,739.0,42,F8F184,11
739.0,739.0,45,DF6695,15
739.0,739.0,46,F5CD2F,7
739.0,739.0,47,FCFCFC,40
739.0,739.0,52,A5A5CB,14
739.0,739.0,57,FF800D,4
739.0,739.0,60,645A4C,1
739.0,739.0,70,582A12,12
739.0,739.0,71,A0A5A9,21
739.0,739.0,72,6C6E68,3
739.0,739.0,73,5A93DB,11
739.0,739.0,78,F6D7B3,4
739.0,739.0,80,A5A9B4,1
739.0,739.0,85,3F3691,11
739.0,739.0,110,4354A3,10
739.0,739.0,112,6874CA,2
739.0,739.0,118,B3D7D1,2
739.0,739.0,135,9CA3A8,5
739.0,739.0,142,DCBC81,5
739.0,739.0,143,CFE2F7,1
739.0,739.0,148,575857,1
739.0,739.0,178,B48455,10
739.0,739.0,179,898788,1
739.0,739.0,182,F08F1C,4
739.0,739.0,191,F8BB3D,3
739.0,739.0,212,9FC3E9,2
739.0,739.0,216,B31004,3
739.0,739.0,226,FFF03A,3
739.0,739.0,236,96709F,4
739.0,739.0,272,0A3463,13
739.0,739.0,288,184632,28
739.0,739.0,297,AA7F2E,10
739.0,739.0,308,352100,2
739.0,739.0,320,720E0F,1
739.0,739.0,322,36AEBF,8
739.0,739.0,334,BBA53D,6
739.0,739.0,351,F785B1,4
739.0,739.0,366,FA9C1C,1
739.0,739.0,378,A0BCAC,4
739.0,739.0,379,6074A1,3
739.0,739.0,383,E0E0E0,25
739.0,739.0,462,FFA70B,2
739.0,739.0,484,A95500,5
739.0,739.0,1001,9391E4,3
739.0,739.0,1004,FCB76D,6
739.0,739.0,1057,C9E788,3
739.0,739.0,1058,94E5AB,1
739.0,739.0,1144,CE3021,4
739.0,739.0,9999,05131D,35
740.0,740.0,0,05131D,71
740.0,740.0,1,0055BF,1
740.0,740.0,2,237841,14
740.0,740.0,15,FFFFFF,153
740.0,740.0,19,E4CD9E,1
740.0,740.0,35,D9E4A7,2
740.0,740.0,71,A0A5A9,170
740.0,740.0,72,6C6E68,9
740.0,740.0,9999,05131D,2
741.0,741.0,0,05131D,127
741.0,741.0,1,0055BF,45
741.0,741.0,2,237841,57
741.0,741.0,3,008F9B,6
741.0,741.0,4,C91A09,70
741.0,741.0,5,C870A0,5
741.0,741.0,6,583927,3
741.0,741.0,7,9BA19D,17
741.0,741.0,8,6D6E5C,3
741.0,741.0,10,4B9F4A,1
741.0,741.0,14,F2CD37,38
741.0,741.0,15,FFFFFF,103
741.0,741.0,19,E4CD9E,52
741.0,741.0,25,FE8A18,16
741.0,741.0,26,923978,13
741.0,741.0,27,BBE90B,30
741.0,741.0,28,958A73,46
741.0,741.0,29,E4ADC8,3
741.0,741.0,30,AC78BA,1
741.0,741.0,31,E1D5ED,1
741.0,741.0,33,0020A0,6
741.0,741.0,35,D9E4A7,3
741.0,741.0,36,C91A09,6
741.0,741.0,41,AEEFEC,9
741.0,741.0,42,F8F184,3
741.0,741.0,45,DF6695,5
741.0,741.0,46,F5CD2F,2
741.0,741.0,47,FCFCFC,5
741.0,741.0,57,FF800D,4
741.0,741.0,70,582A12,50
741.0,741.0,71,A0A5A9,13
741.0,741.0,72,6C6E68,13
741.0,741.0,85,3F3691,13
741.0,741.0,114,DF6695,1
741.0,741.0,158,DFEEA5,4
741.0,741.0,179,898788,1
741.0,741.0,191,F8BB3D,4
741.0,741.0,212,9FC3E9,1
741.0,741.0,226,FFF03A,7
741.0,741.0,272,0A3463,4
741.0,741.0,297,AA7F2E,20
741.0,741.0,320,720E0F,3
741.0,741.0,321,078BC9,1
741.0,741.0,322,36AEBF,20
741.0,741.0,323,ADC3C0,3
741.0,741.0,326,9B9A5A,2
741.0,741.0,334,BBA53D,1
741.0,741.0,383,E0E0E0,6
741.0,741.0,484,A95500,45
741.0,741.0,1050,FF698F,3
741.0,741.0,9999,05131D,15
742.0,742.0,0,05131D,31
742.0,742.0,1,0055BF,13
742.0,742.0,2,237841,2
742.0,742.0,4,C91A09,25
742.0,742.0,14,F2CD37,6
742.0,742.0,15,FFFFFF,208
742.0,742.0,27,BBE90B,6
742.0,742.0,41,AEEFEC,3
742.0,742.0,70,582A12,6
742.0,742.0,71,A0A5A9,1
742.0,742.0,73,5A93DB,20
742.0,742.0,272,0A3463,8
743.0,743.0,0,05131D,14
743.0,743.0,4,C91A09,1
743.0,743.0,5,C870A0,4
743.0,743.0,14,F2CD37,1
743.0,743.0,15,FFFFFF,3
743.0,743.0,19,E4CD9E,2
743.0,743.0,25,FE8A18,1
743.0,743.0,27,BBE90B,2
743.0,743.0,28,958A73,1
743.0,743.0,70,582A12,2
743.0,743.0,71,A0A5A9,5
743.0,743.0,72,6C6E68,6
743.0,743.0,84,AA7D55,1
743.0,743.0,179,898788,1
743.0,743.0,308,352100,2
743.0,743.0,378,A0BCAC,5
743.0,743.0,484,A95500,3
744.0,744.0,0,05131D,1075
744.0,744.0,1,0055BF,80
744.0,744.0,2,237841,12
744.0,744.0,3,008F9B,27
744.0,744.0,4,C91A09,230
744.0,744.0,5,C870A0,3
744.0,744.0,10,4B9F4A,2
744.0,744.0,14,F2CD37,127
744.0,744.0,15,FFFFFF,150
744.0,744.0,19,E4CD9E,55
744.0,744.0,25,FE8A18,397
744.0,744.0,26,923978,72
744.0,744.0,27,BBE90B,219
744.0,744.0,28,958A73,26
744.0,744.0,29,E4ADC8,1
744.0,744.0,31,E1D5ED,2
744.0,744.0,33,0020A0,8
744.0,744.0,34,84B68D,5
744.0,744.0,35,D9E4A7,19
744.0,744.0,36,C91A09,53
744.0,744.0,40,635F52,5
744.0,744.0,41,AEEFEC,39
744.0,744.0,45,DF6695,17
744.0,744.0,46,F5CD2F,12
744.0,744.0,47,FCFCFC,15
744.0,744.0,52,A5A5CB,9
744.0,744.0,57,FF800D,2
744.0,744.0,70,582A12,46
744.0,744.0,71,A0A5A9,460
744.0,744.0,72,6C6E68,209
744.0,744.0,80,A5A9B4,13
744.0,744.0,84,AA7D55,3
744.0,744.0,85,3F3691,85
744.0,744.0,158,DFEEA5,8
744.0,744.0,179,898788,41
744.0,744.0,182,F08F1C,73
744.0,744.0,191,F8BB3D,18
744.0,744.0,226,FFF03A,5
744.0,744.0,272,0A3463,5
744.0,744.0,297,AA7F2E,6
744.0,744.0,308,352100,14
744.0,744.0,320,720E0F,10
744.0,744.0,321,078BC9,25
744.0,744.0,322,36AEBF,58
744.0,744.0,323,ADC3C0,2
744.0,744.0,1000,D9D9D9,15
744.0,744.0,1050,FF698F,2
744.0,744.0,1059,8320B7,15
744.0,744.0,1062,EBD800,2
744.0,744.0,1103,3E3C39,3
744.0,744.0,9999,05131D,6
745.0,745.0,0,05131D,21
745.0,745.0,4,C91A09,13
745.0,745.0,14,F2CD37,2
745.0,745.0,15,FFFFFF,3
745.0,745.0,19,E4CD9E,1
745.0,745.0,25,FE8A18,1
745.0,745.0,26,923978,2
745.0,745.0,27,BBE90B,1
745.0,745.0,28,958A73,1
745.0,745.0,47,FCFCFC,2
745.0,745.0,52,A5A5CB,2
745.0,745.0,70,582A12,5
745.0,745.0,71,A0A5A9,2
745.0,745.0,72,6C6E68,2
745.0,745.0,84,AA7D55,2
745.0,745.0,92,D09168,1
745.0,745.0,158,DFEEA5,1
745.0,745.0,179,898788,2
745.0,745.0,226,FFF03A,2
745.0,745.0,297,AA7F2E,10
745.0,745.0,308,352100,1
745.0,745.0,320,720E0F,2
745.0,745.0,484,A95500,1
745.0,745.0,1050,FF698F,1
746.0,746.0,0,05131D,220
746.0,746.0,1,0055BF,131
746.0,746.0,2,237841,125
746.0,746.0,3,008F9B,68
746.0,746.0,4,C91A09,191
746.0,746.0,5,C870A0,27
746.0,746.0,6,583927,40
746.0,746.0,7,9BA19D,63
746.0,746.0,8,6D6E5C,76
746.0,746.0,10,4B9F4A,23
746.0,746.0,13,FC97AC,8
746.0,746.0,14,F2CD37,554
746.0,746.0,15,FFFFFF,943
746.0,746.0,18,FBE696,3
746.0,746.0,19,E4CD9E,84
746.0,746.0,20,C9CAE2,1
746.0,746.0,21,D4D5C9,67
746.0,746.0,22,81007B,34
746.0,746.0,25,FE8A18,113
746.0,746.0,26,923978,29
746.0,746.0,27,BBE90B,88
746.0,746.0,28,958A73,15
746.0,746.0,29,E4ADC8,10
746.0,746.0,30,AC78BA,6
746.0,746.0,31,E1D5ED,8
746.0,746.0,33,0020A0,18
746.0,746.0,34,84B68D,6
746.0,746.0,35,D9E4A7,14
746.0,746.0,36,C91A09,22
746.0,746.0,40,635F52,5
746.0,746.0,41,AEEFEC,28
746.0,746.0,42,F8F184,5
746.0,746.0,45,DF6695,3
746.0,746.0,46,F5CD2F,16
746.0,746.0,47,FCFCFC,31
746.0,746.0,52,A5A5CB,1
746.0,746.0,54,DAB000,2
746.0,746.0,57,FF800D,26
746.0,746.0,64,1B2A34,3
746.0,746.0,68,F3CF9B,13
746.0,746.0,69,CD6298,5
746.0,746.0,70,582A12,35
746.0,746.0,71,A0A5A9,28
746.0,746.0,72,6C6E68,29
746.0,746.0,73,5A93DB,54
746.0,746.0,74,73DCA1,2
746.0,746.0,78,F6D7B3,16
746.0,746.0,79,FFFFFF,1
746.0,746.0,80,A5A9B4,2
746.0,746.0,82,DBAC34,16
746.0,746.0,84,AA7D55,8
746.0,746.0,85,3F3691,37
746.0,746.0,86,7C503A,15
746.0,746.0,92,D09168,15
746.0,746.0,110,4354A3,2
746.0,746.0,112,6874CA,12
746.0,746.0,115,C7D23C,1
746.0,746.0,117,FFFFFF,1
746.0,746.0,120,D9E4A7,1
746.0,746.0,125,F9BA61,9
746.0,746.0,135,9CA3A8,39
746.0,746.0,137,7988A1,32
746.0,746.0,142,DCBC81,3
746.0,746.0,143,CFE2F7,4
746.0,746.0,148,575857,32
746.0,746.0,150,ABADAC,20
746.0,746.0,151,E6E3E0,9
746.0,746.0,158,DFEEA5,11
746.0,746.0,178,B48455,33
746.0,746.0,179,898788,16
746.0,746.0,182,F08F1C,5
746.0,746.0,191,F8BB3D,24
746.0,746.0,212,9FC3E9,19
746.0,746.0,216,B31004,1
746.0,746.0,226,FFF03A,15
746.0,746.0,232,7DBFDD,2
746.0,746.0,272,0A3463,27
746.0,746.0,288,184632,16
746.0,746.0,297,AA7F2E,25
746.0,746.0,308,352100,9
746.0,746.0,320,720E0F,25
746.0,746.0,321,078BC9,13
746.0,746.0,322,36AEBF,17
746.0,746.0,323,ADC3C0,8
746.0,746.0,326,9B9A5A,10
746.0,746.0,334,BBA53D,3
746.0,746.0,335,D67572,3
746.0,746.0,351,F785B1,2
746.0,746.0,373,845E84,1
746.0,746.0,378,A0BCAC,23
746.0,746.0,379,6074A1,19
746.0,746.0,383,E0E0E0,2
746.0,746.0,462,FFA70B,10
746.0,746.0,484,A95500,30
746.0,746.0,1000,D9D9D9,1
746.0,746.0,1001,9391E4,1
746.0,746.0,1003,68BCC5,1
746.0,746.0,1013,F4F4F4,788
746.0,746.0,1014,AfB5C7,10
746.0,746.0,1015,9C9C9C,39
746.0,746.0,1016,595D60,2
746.0,746.0,1017,6B5A5A,222
746.0,746.0,1018,4D4C52,293
746.0,746.0,1019,330000,161
746.0,746.0,1020,5C5030,22
746.0,746.0,1021,907450,13
746.0,746.0,1022,DEC69C,26
746.0,746.0,1023,B52C20,26
746.0,746.0,1024,F45C40,7
746.0,746.0,1025,F47B30,26
746.0,746.0,1026,F7AD63,7
746.0,746.0,1027,FFE371,8
746.0,746.0,1028,FED557,7
746.0,746.0,1029,BDC618,23
746.0,746.0,1030,7DB538,35
746.0,746.0,1031,7C9051,11
746.0,746.0,1032,27867E,16
746.0,746.0,1033,467083,4
746.0,746.0,1034,0057A6,80
746.0,746.0,1035,61AFFF,9
746.0,746.0,1036,68AECE,19
746.0,746.0,1037,BD7D85,7
746.0,746.0,1038,F785B1,20
746.0,746.0,1039,FFFFFF,34
746.0,746.0,1040,595D60,1
746.0,746.0,1041,9C9C9C,1
746.0,746.0,1042,006400,1
746.0,746.0,1043,7DB538,1
746.0,746.0,1044,0057A6,1
746.0,746.0,1045,68AECE,1
746.0,746.0,1046,4B0082,1
746.0,746.0,1047,8B0000,1
746.0,746.0,1048,FED557,1
746.0,746.0,1049,F7AD63,1
746.0,746.0,1050,FF698F,6
746.0,746.0,1051,5AC4DA,7
746.0,746.0,1065,AC8247,32
746.0,746.0,1084,AB673A,6
746.0,746.0,1085,737271,6
746.0,746.0,1086,6A7944,38
746.0,746.0,1091,FFCB78,18
746.0,746.0,1098,84B68D,1
746.0,746.0,1102,FF0040,1
746.0,746.0,1103,3E3C39,9
746.0,746.0,1104,B3D7D1,1
746.0,746.0,1105,1591cb,1
746.0,746.0,1106,354e5a,1
746.0,746.0,1107,5b98b3,1
746.0,746.0,1108,a7dccf,1
746.0,746.0,1109,0A3463,2
746.0,746.0,1110,6D6E5C,2
746.0,746.0,1111,184632,1
746.0,746.0,1112,b2b955,1
746.0,746.0,1113,631314,1
746.0,746.0,1114,627a62,1
746.0,746.0,1116,bb771b,2
746.0,746.0,1117,b4a774,1
746.0,746.0,1118,a3d1c0,1
746.0,746.0,1119,965336,1
746.0,746.0,1120,cdc298,2
746.0,746.0,1121,f9f1c7,2
746.0,746.0,1122,f5fab7,1
746.0,746.0,1123,7396c8,2
746.0,746.0,1124,c01111,4
746.0,746.0,1125,0d4763,2
746.0,746.0,1126,5e5e5e,2
746.0,746.0,1127,879867,1
746.0,746.0,1128,5f7d8c,1
746.0,746.0,1129,9B9A5A,6
746.0,746.0,1130,d06262,1
746.0,746.0,1131,6e8aa6,2
746.0,746.0,1132,A0BCAC,1
746.0,746.0,1133,E4CD9E,2
746.0,746.0,1134,616161,1
746.0,746.0,1135,A5ADB4,6
746.0,746.0,1136,CA4C0B,5
746.0,746.0,1137,915C3C,1
746.0,746.0,1142,5d5c36,1
746.0,746.0,1143,FFFFFF,2
746.0,746.0,1145,DD9E47,1
746.0,746.0,9999,05131D,2723
747.0,747.0,0,05131D,1693
747.0,747.0,1,0055BF,361
747.0,747.0,2,237841,80
747.0,747.0,3,008F9B,12
747.0,747.0,4,C91A09,968
747.0,747.0,5,C870A0,24
747.0,747.0,10,4B9F4A,75
747.0,747.0,14,F2CD37,408
747.0,747.0,15,FFFFFF,636
747.0,747.0,19,E4CD9E,150
747.0,747.0,25,FE8A18,152
747.0,747.0,26,923978,16
747.0,747.0,27,BBE90B,303
747.0,747.0,28,958A73,38
747.0,747.0,29,E4ADC8,10
747.0,747.0,30,AC78BA,12
747.0,747.0,31,E1D5ED,8
747.0,747.0,33,0020A0,7
747.0,747.0,34,84B68D,32
747.0,747.0,35,D9E4A7,6
747.0,747.0,36,C91A09,24
747.0,747.0,41,AEEFEC,74
747.0,747.0,45,DF6695,6
747.0,747.0,46,F5CD2F,28
747.0,747.0,47,FCFCFC,74
747.0,747.0,70,582A12,281
747.0,747.0,71,A0A5A9,1079
747.0,747.0,72,6C6E68,744
747.0,747.0,78,F6D7B3,2
747.0,747.0,80,A5A9B4,5
747.0,747.0,84,AA7D55,141
747.0,747.0,85,3F3691,9
747.0,747.0,158,DFEEA5,1
747.0,747.0,179,898788,33
747.0,747.0,182,F08F1C,51
747.0,747.0,191,F8BB3D,109
747.0,747.0,212,9FC3E9,3
747.0,747.0,226,FFF03A,2
747.0,747.0,272,0A3463,173
747.0,747.0,288,184632,6
747.0,747.0,297,AA7F2E,10
747.0,747.0,308,352100,19
747.0,747.0,320,720E0F,7
747.0,747.0,321,078BC9,24
747.0,747.0,322,36AEBF,70
747.0,747.0,323,ADC3C0,7
747.0,747.0,326,9B9A5A,1
747.0,747.0,334,BBA53D,4
747.0,747.0,378,A0BCAC,11
747.0,747.0,484,A95500,35
747.0,747.0,1050,FF698F,2
747.0,747.0,1053,68BCC5,1
747.0,747.0,1060,84B68D,2
747.0,747.0,1062,EBD800,6
747.0,747.0,1089,CCA373,27
747.0,747.0,1095,635F52,4
747.0,747.0,1103,3E3C39,9
747.0,747.0,1136,CA4C0B,21
747.0,747.0,9999,05131D,1
748.0,748.0,0,05131D,26
748.0,748.0,1,0055BF,29
748.0,748.0,2,237841,16
748.0,748.0,3,008F9B,40
748.0,748.0,4,C91A09,32
748.0,748.0,5,C870A0,95
748.0,748.0,10,4B9F4A,25
748.0,748.0,14,F2CD37,70
748.0,748.0,15,FFFFFF,428
748.0,748.0,19,E4CD9E,129
748.0,748.0,25,FE8A18,41
748.0,748.0,26,923978,61
748.0,748.0,27,BBE90B,84
748.0,748.0,29,E4ADC8,168
748.0,748.0,30,AC78BA,71
748.0,748.0,31,E1D5ED,25
748.0,748.0,33,0020A0,4
748.0,748.0,35,D9E4A7,2
748.0,748.0,41,AEEFEC,27
748.0,748.0,45,DF6695,15
748.0,748.0,46,F5CD2F,17
748.0,748.0,47,FCFCFC,10
748.0,748.0,52,A5A5CB,8
748.0,748.0,70,582A12,17
748.0,748.0,71,A0A5A9,41
748.0,748.0,72,6C6E68,19
748.0,748.0,84,AA7D55,19
748.0,748.0,85,3F3691,42
748.0,748.0,129,A5A5CB,1
748.0,748.0,158,DFEEA5,6
748.0,748.0,179,898788,18
748.0,748.0,182,F08F1C,1
748.0,748.0,191,F8BB3D,51
748.0,748.0,212,9FC3E9,22
748.0,748.0,226,FFF03A,35
748.0,748.0,272,0A3463,8
748.0,748.0,297,AA7F2E,11
748.0,748.0,321,078BC9,15
748.0,748.0,322,36AEBF,75
748.0,748.0,323,ADC3C0,92
748.0,748.0,1050,FF698F,17
748.0,748.0,1054,CE1D9B,7
748.0,748.0,1055,FCFCFC,8
748.0,748.0,1059,8320B7,3
748.0,748.0,1061,0020A0,2
748.0,748.0,1062,EBD800,12
748.0,748.0,1089,CCA373,4
748.0,748.0,9999,05131D,3
749.0,749.0,0,05131D,4409
749.0,749.0,1,0055BF,858
749.0,749.0,2,237841,196
749.0,749.0,3,008F9B,150
749.0,749.0,4,C91A09,1235
749.0,749.0,5,C870A0,103
749.0,749.0,10,4B9F4A,91
749.0,749.0,14,F2CD37,367
749.0,749.0,15,FFFFFF,2818
749.0,749.0,19,E4CD9E,940
749.0,749.0,25,FE8A18,370
749.0,749.0,26,923978,404
749.0,749.0,27,BBE90B,485
749.0,749.0,28,958A73,270
749.0,749.0,29,E4ADC8,30
749.0,749.0,30,AC78BA,134
749.0,749.0,31,E1D5ED,37
749.0,749.0,33,0020A0,153
749.0,749.0,34,84B68D,18
749.0,749.0,35,D9E4A7,415
749.0,749.0,36,C91A09,71
749.0,749.0,41,AEEFEC,237
749.0,749.0,45,DF6695,297
749.0,749.0,46,F5CD2F,47
749.0,749.0,47,FCFCFC,109
749.0,749.0,52,A5A5CB,20
749.0,749.0,70,582A12,972
749.0,749.0,71,A0A5A9,2469
749.0,749.0,72,6C6E68,2823
749.0,749.0,73,5A93DB,4
749.0,749.0,84,AA7D55,169
749.0,749.0,85,3F3691,230
749.0,749.0,158,DFEEA5,232
749.0,749.0,179,898788,350
749.0,749.0,182,F08F1C,147
749.0,749.0,191,F8BB3D,672
749.0,749.0,212,9FC3E9,6
749.0,749.0,226,FFF03A,15
749.0,749.0,272,0A3463,584
749.0,749.0,288,184632,75
749.0,749.0,297,AA7F2E,965
749.0,749.0,308,352100,25
749.0,749.0,320,720E0F,24
749.0,749.0,321,078BC9,484
749.0,749.0,322,36AEBF,867
749.0,749.0,323,ADC3C0,119
749.0,749.0,326,9B9A5A,4
749.0,749.0,378,A0BCAC,97
749.0,749.0,379,6074A1,74
749.0,749.0,484,A95500,145
749.0,749.0,1050,FF698F,354
749.0,749.0,1053,68BCC5,36
749.0,749.0,1054,CE1D9B,7
749.0,749.0,1055,FCFCFC,4
749.0,749.0,1056,583927,4
749.0,749.0,1059,8320B7,3
749.0,749.0,1060,84B68D,6
749.0,749.0,1061,0020A0,15
749.0,749.0,1062,EBD800,122
749.0,749.0,1095,635F52,2
749.0,749.0,1103,3E3C39,148
749.0,749.0,1136,CA4C0B,54
749.0,749.0,1139,F5CD2F,2
749.0,749.0,9999,05131D,35
750.0,750.0,0,05131D,34
750.0,750.0,14,F2CD37,1
750.0,750.0,15,FFFFFF,3
750.0,750.0,19,E4CD9E,5
750.0,750.0,26,923978,1
750.0,750.0,35,D9E4A7,2
750.0,750.0,46,F5CD2F,2
750.0,750.0,47,FCFCFC,22
750.0,750.0,52,A5A5CB,2
750.0,750.0,70,582A12,7
750.0,750.0,84,AA7D55,1
750.0,750.0,179,898788,8
750.0,750.0,297,AA7F2E,4
750.0,750.0,379,6074A1,1
751.0,751.0,0,05131D,88
751.0,751.0,1,0055BF,32
751.0,751.0,2,237841,28
751.0,751.0,3,008F9B,13
751.0,751.0,4,C91A09,100
751.0,751.0,10,4B9F4A,13
751.0,751.0,14,F2CD37,16
751.0,751.0,15,FFFFFF,98
751.0,751.0,19,E4CD9E,9
751.0,751.0,25,FE8A18,17
751.0,751.0,26,923978,6
751.0,751.0,27,BBE90B,5
751.0,751.0,28,958A73,13
751.0,751.0,29,E4ADC8,2
751.0,751.0,30,AC78BA,4
751.0,751.0,33,0020A0,4
751.0,751.0,34,84B68D,12
751.0,751.0,35,D9E4A7,4
751.0,751.0,36,C91A09,10
751.0,751.0,40,635F52,11
751.0,751.0,41,AEEFEC,74
751.0,751.0,45,DF6695,10
751.0,751.0,46,F5CD2F,13
751.0,751.0,47,FCFCFC,17
751.0,751.0,52,A5A5CB,10
751.0,751.0,70,582A12,34
751.0,751.0,71,A0A5A9,121
751.0,751.0,72,6C6E68,76
751.0,751.0,84,AA7D55,6
751.0,751.0,85,3F3691,1
751.0,751.0,179,898788,52
751.0,751.0,182,F08F1C,32
751.0,751.0,191,F8BB3D,18
751.0,751.0,226,FFF03A,2
751.0,751.0,272,0A3463,15
751.0,751.0,288,184632,22
751.0,751.0,297,AA7F2E,97
751.0,751.0,308,352100,3
751.0,751.0,320,720E0F,34
751.0,751.0,321,078BC9,3
751.0,751.0,323,ADC3C0,4
751.0,751.0,379,6074A1,14
751.0,751.0,484,A95500,17
752.0,752.0,0,05131D,181
752.0,752.0,1,0055BF,52
752.0,752.0,2,237841,402
752.0,752.0,3,008F9B,38
752.0,752.0,4,C91A09,207
752.0,752.0,5,C870A0,46
752.0,752.0,10,4B9F4A,205
752.0,752.0,14,F2CD37,80
752.0,752.0,15,FFFFFF,1047
752.0,752.0,19,E4CD9E,442
752.0,752.0,25,FE8A18,185
752.0,752.0,26,923978,74
752.0,752.0,27,BBE90B,108
752.0,752.0,28,958A73,20
752.0,752.0,29,E4ADC8,182
752.0,752.0,30,AC78BA,14
752.0,752.0,31,E1D5ED,15
752.0,752.0,33,0020A0,2
752.0,752.0,34,84B68D,2
752.0,752.0,36,C91A09,15
752.0,752.0,41,AEEFEC,23
752.0,752.0,45,DF6695,3
752.0,752.0,46,F5CD2F,13
752.0,752.0,47,FCFCFC,56
752.0,752.0,52,A5A5CB,5
752.0,752.0,70,582A12,270
752.0,752.0,71,A0A5A9,350
752.0,752.0,72,6C6E68,63
752.0,752.0,80,A5A9B4,1
752.0,752.0,84,AA7D55,170
752.0,752.0,85,3F3691,55
752.0,752.0,92,D09168,10
752.0,752.0,158,DFEEA5,6
752.0,752.0,179,898788,20
752.0,752.0,182,F08F1C,9
752.0,752.0,191,F8BB3D,221
752.0,752.0,212,9FC3E9,9
752.0,752.0,226,FFF03A,95
752.0,752.0,272,0A3463,1
752.0,752.0,288,184632,11
752.0,752.0,297,AA7F2E,26
752.0,752.0,308,352100,6
752.0,752.0,320,720E0F,9
752.0,752.0,321,078BC9,50
752.0,752.0,322,36AEBF,89
752.0,752.0,323,ADC3C0,6
752.0,752.0,326,9B9A5A,5
752.0,752.0,378,A0BCAC,3
752.0,752.0,484,A95500,131
752.0,752.0,1050,FF698F,14
752.0,752.0,1054,CE1D9B,1
752.0,752.0,1095,635F52,1
752.0,752.0,1136,CA4C0B,9
753.0,753.0,0,05131D,25
753.0,753.0,4,C91A09,2
753.0,753.0,15,FFFFFF,7
753.0,753.0,19,E4CD9E,1
753.0,753.0,27,BBE90B,1
753.0,753.0,36,C91A09,2
753.0,753.0,47,FCFCFC,1
753.0,753.0,70,582A12,2
753.0,753.0,71,A0A5A9,1
753.0,753.0,179,898788,3
753.0,753.0,297,AA7F2E,4
753.0,753.0,321,078BC9,1
755.0,755.0,0,05131D,219
755.0,755.0,1,0055BF,129
755.0,755.0,2,237841,30
755.0,755.0,3,008F9B,3
755.0,755.0,4,C91A09,254
755.0,755.0,5,C870A0,21
755.0,755.0,10,4B9F4A,44
755.0,755.0,14,F2CD37,109
755.0,755.0,15,FFFFFF,125
755.0,755.0,19,E4CD9E,59
755.0,755.0,25,FE8A18,22
755.0,755.0,26,923978,8
755.0,755.0,27,BBE90B,68
755.0,755.0,28,958A73,6
755.0,755.0,29,E4ADC8,2
755.0,755.0,31,E1D5ED,10
755.0,755.0,33,0020A0,3
755.0,755.0,34,84B68D,1
755.0,755.0,35,D9E4A7,7
755.0,755.0,36,C91A09,20
755.0,755.0,41,AEEFEC,26
755.0,755.0,45,DF6695,5
755.0,755.0,46,F5CD2F,10
755.0,755.0,47,FCFCFC,16
755.0,755.0,52,A5A5CB,1
755.0,755.0,70,582A12,74
755.0,755.0,71,A0A5A9,195
755.0,755.0,72,6C6E68,84
755.0,755.0,73,5A93DB,1
755.0,755.0,82,DBAC34,3
755.0,755.0,84,AA7D55,26
755.0,755.0,85,3F3691,68
755.0,755.0,179,898788,17
755.0,755.0,182,F08F1C,8
755.0,755.0,191,F8BB3D,43
755.0,755.0,212,9FC3E9,2
755.0,755.0,226,FFF03A,6
755.0,755.0,272,0A3463,6
755.0,755.0,288,184632,2
755.0,755.0,297,AA7F2E,23
755.0,755.0,308,352100,2
755.0,755.0,321,078BC9,2
755.0,755.0,322,36AEBF,50
755.0,755.0,484,A95500,5
755.0,755.0,1000,D9D9D9,5
755.0,755.0,1103,3E3C39,3
756.0,756.0,0,05131D,1699
756.0,756.0,1,0055BF,1789
756.0,756.0,2,237841,119
756.0,756.0,4,C91A09,5443
756.0,756.0,7,9BA19D,554
756.0,756.0,14,F2CD37,1360
756.0,756.0,15,FFFFFF,5018
756.0,756.0,47,FCFCFC,899
756.0,756.0,79,FFFFFF,18
756.0,756.0,1106,354e5a,1
756.0,756.0,1111,184632,1
756.0,756.0,1113,631314,1
756.0,756.0,1135,A5ADB4,1
756.0,756.0,9999,05131D,2
757.0,757.0,0,05131D,270
757.0,757.0,1,0055BF,73
757.0,757.0,2,237841,48
757.0,757.0,3,008F9B,18
757.0,757.0,4,C91A09,116
757.0,757.0,5,C870A0,15
757.0,757.0,7,9BA19D,26
757.0,757.0,8,6D6E5C,10
757.0,757.0,10,4B9F4A,47
757.0,757.0,14,F2CD37,151
757.0,757.0,15,FFFFFF,337
757.0,757.0,19,E4CD9E,64
757.0,757.0,25,FE8A18,45
757.0,757.0,26,923978,12
757.0,757.0,27,BBE90B,50
757.0,757.0,28,958A73,13
757.0,757.0,29,E4ADC8,17
757.0,757.0,30,AC78BA,13
757.0,757.0,31,E1D5ED,7
757.0,757.0,33,0020A0,5
757.0,757.0,34,84B68D,4
757.0,757.0,35,D9E4A7,11
757.0,757.0,36,C91A09,18
757.0,757.0,40,635F52,2
757.0,757.0,41,AEEFEC,19
757.0,757.0,45,DF6695,8
757.0,757.0,46,F5CD2F,10
757.0,757.0,47,FCFCFC,25
757.0,757.0,52,A5A5CB,2
757.0,757.0,57,FF800D,2
757.0,757.0,70,582A12,58
757.0,757.0,71,A0A5A9,173
757.0,757.0,72,6C6E68,100
757.0,757.0,73,5A93DB,6
757.0,757.0,84,AA7D55,7
757.0,757.0,85,3F3691,10
757.0,757.0,129,A5A5CB,1
757.0,757.0,158,DFEEA5,11
757.0,757.0,179,898788,21
757.0,757.0,182,F08F1C,17
757.0,757.0,191,F8BB3D,27
757.0,757.0,212,9FC3E9,26
757.0,757.0,226,FFF03A,13
757.0,757.0,272,0A3463,51
757.0,757.0,288,184632,9
757.0,757.0,297,AA7F2E,27
757.0,757.0,308,352100,5
757.0,757.0,320,720E0F,10
757.0,757.0,321,078BC9,28
757.0,757.0,322,36AEBF,48
757.0,757.0,323,ADC3C0,16
757.0,757.0,326,9B9A5A,2
757.0,757.0,484,A95500,10
757.0,757.0,1000,D9D9D9,8
757.0,757.0,1050,FF698F,3
757.0,757.0,1053,68BCC5,2
757.0,757.0,1055,FCFCFC,4
757.0,757.0,1061,0020A0,1
757.0,757.0,9999,05131D,18
758.0,758.0,0,05131D,20
758.0,758.0,1,0055BF,2
758.0,758.0,2,237841,1
758.0,758.0,4,C91A09,11
758.0,758.0,14,F2CD37,2
758.0,758.0,15,FFFFFF,28
758.0,758.0,19,E4CD9E,1
758.0,758.0,28,958A73,2
758.0,758.0,30,AC78BA,1
758.0,758.0,33,0020A0,1
758.0,758.0,35,D9E4A7,1
758.0,758.0,36,C91A09,4
758.0,758.0,40,635F52,2
758.0,758.0,41,AEEFEC,3
758.0,758.0,47,FCFCFC,4
758.0,758.0,57,FF800D,1
758.0,758.0,70,582A12,4
758.0,758.0,71,A0A5A9,2
758.0,758.0,72,6C6E68,3
758.0,758.0,73,5A93DB,1
758.0,758.0,80,A5A9B4,2
758.0,758.0,92,D09168,1
758.0,758.0,179,898788,5
758.0,758.0,182,F08F1C,4
758.0,758.0,226,FFF03A,1
758.0,758.0,272,0A3463,1
758.0,758.0,297,AA7F2E,3
758.0,758.0,322,36AEBF,1
758.0,758.0,323,ADC3C0,1
758.0,758.0,334,BBA53D,1
758.0,758.0,378,A0BCAC,3
758.0,758.0,484,A95500,3
758.0,758.0,1103,3E3C39,1
759.0,759.0,0,05131D,56
759.0,759.0,1,0055BF,3
759.0,759.0,2,237841,10
759.0,759.0,4,C91A09,15
759.0,759.0,14,F2CD37,2
759.0,759.0,15,FFFFFF,59
759.0,759.0,19,E4CD9E,5
759.0,759.0,27,BBE90B,2
759.0,759.0,28,958A73,2
759.0,759.0,29,E4ADC8,2
759.0,759.0,33,0020A0,2
759.0,759.0,35,D9E4A7,1
759.0,759.0,41,AEEFEC,5
759.0,759.0,46,F5CD2F,1
759.0,759.0,47,FCFCFC,3
759.0,759.0,52,A5A5CB,1
759.0,759.0,70,582A12,19
759.0,759.0,71,A0A5A9,31
759.0,759.0,72,6C6E68,16
759.0,759.0,80,A5A9B4,2
759.0,759.0,84,AA7D55,5
759.0,759.0,85,3F3691,1
759.0,759.0,158,DFEEA5,1
759.0,759.0,179,898788,9
759.0,759.0,182,F08F1C,1
759.0,759.0,191,F8BB3D,1
759.0,759.0,212,9FC3E9,2
759.0,759.0,272,0A3463,5
759.0,759.0,297,AA7F2E,22
759.0,759.0,308,352100,2
759.0,759.0,321,078BC9,2
759.0,759.0,322,36AEBF,5
759.0,759.0,323,ADC3C0,1
759.0,759.0,484,A95500,28
759.0,759.0,1050,FF698F,1
759.0,759.0,1059,8320B7,1
759.0,759.0,1103,3E3C39,1
760.0,760.0,0,05131D,1
760.0,760.0,15,FFFFFF,2
760.0,760.0,322,36AEBF,1
760.0,760.0,378,A0BCAC,1
761.0,761.0,0,05131D,947
761.0,761.0,1,0055BF,88
761.0,761.0,2,237841,162
761.0,761.0,3,008F9B,15
761.0,761.0,4,C91A09,388
761.0,761.0,5,C870A0,31
761.0,761.0,10,4B9F4A,25
761.0,761.0,14,F2CD37,163
761.0,761.0,15,FFFFFF,563
761.0,761.0,19,E4CD9E,213
761.0,761.0,25,FE8A18,68
761.0,761.0,26,923978,44
761.0,761.0,27,BBE90B,105
761.0,761.0,28,958A73,89
761.0,761.0,29,E4ADC8,20
761.0,761.0,30,AC78BA,37
761.0,761.0,31,E1D5ED,11
761.0,761.0,33,0020A0,37
761.0,761.0,34,84B68D,11
761.0,761.0,35,D9E4A7,36
761.0,761.0,36,C91A09,53
761.0,761.0,40,635F52,13
761.0,761.0,41,AEEFEC,66
761.0,761.0,42,F8F184,9
761.0,761.0,45,DF6695,22
761.0,761.0,46,F5CD2F,28
761.0,761.0,47,FCFCFC,54
761.0,761.0,52,A5A5CB,2
761.0,761.0,57,FF800D,39
761.0,761.0,70,582A12,315
761.0,761.0,71,A0A5A9,569
761.0,761.0,72,6C6E68,532
761.0,761.0,80,A5A9B4,9
761.0,761.0,82,DBAC34,6
761.0,761.0,84,AA7D55,44
761.0,761.0,85,3F3691,27
761.0,761.0,114,DF6695,1
761.0,761.0,132,05131D,1
761.0,761.0,135,9CA3A8,7
761.0,761.0,143,CFE2F7,1
761.0,761.0,158,DFEEA5,2
761.0,761.0,179,898788,90
761.0,761.0,182,F08F1C,85
761.0,761.0,191,F8BB3D,62
761.0,761.0,212,9FC3E9,7
761.0,761.0,226,FFF03A,6
761.0,761.0,272,0A3463,87
761.0,761.0,288,184632,64
761.0,761.0,297,AA7F2E,198
761.0,761.0,308,352100,63
761.0,761.0,320,720E0F,58
761.0,761.0,321,078BC9,18
761.0,761.0,322,36AEBF,54
761.0,761.0,323,ADC3C0,2
761.0,761.0,326,9B9A5A,12
761.0,761.0,378,A0BCAC,7
761.0,761.0,484,A95500,20
761.0,761.0,1050,FF698F,1
761.0,761.0,1059,8320B7,2
761.0,761.0,1062,EBD800,2
761.0,761.0,1103,3E3C39,26
761.0,761.0,9999,05131D,16
762.0,762.0,0,05131D,20
762.0,762.0,1,0055BF,1
762.0,762.0,4,C91A09,5
762.0,762.0,15,FFFFFF,11
762.0,762.0,27,BBE90B,3
762.0,762.0,30,AC78BA,1
762.0,762.0,46,F5CD2F,2
762.0,762.0,47,FCFCFC,2
762.0,762.0,52,A5A5CB,2
762.0,762.0,71,A0A5A9,8
762.0,762.0,72,6C6E68,1
762.0,762.0,85,3F3691,1
762.0,762.0,179,898788,2
762.0,762.0,182,F08F1C,1
762.0,762.0,297,AA7F2E,1
762.0,762.0,323,ADC3C0,1
763.0,763.0,0,05131D,540
763.0,763.0,1,0055BF,52
763.0,763.0,2,237841,7
763.0,763.0,3,008F9B,1
763.0,763.0,4,C91A09,87
763.0,763.0,5,C870A0,28
763.0,763.0,10,4B9F4A,22
763.0,763.0,14,F2CD37,189
763.0,763.0,15,FFFFFF,212
763.0,763.0,19,E4CD9E,87
763.0,763.0,25,FE8A18,5
763.0,763.0,26,923978,6
763.0,763.0,27,BBE90B,83
763.0,763.0,28,958A73,13
763.0,763.0,29,E4ADC8,7
763.0,763.0,31,E1D5ED,2
763.0,763.0,33,0020A0,4
763.0,763.0,35,D9E4A7,15
763.0,763.0,36,C91A09,15
763.0,763.0,41,AEEFEC,38
763.0,763.0,45,DF6695,12
763.0,763.0,46,F5CD2F,9
763.0,763.0,47,FCFCFC,15
763.0,763.0,70,582A12,88
763.0,763.0,71,A0A5A9,210
763.0,763.0,72,6C6E68,174
763.0,763.0,78,F6D7B3,39
763.0,763.0,84,AA7D55,72
763.0,763.0,85,3F3691,12
763.0,763.0,158,DFEEA5,21
763.0,763.0,179,898788,14
763.0,763.0,182,F08F1C,19
763.0,763.0,191,F8BB3D,23
763.0,763.0,226,FFF03A,1
763.0,763.0,272,0A3463,180
763.0,763.0,297,AA7F2E,4
763.0,763.0,308,352100,4
763.0,763.0,320,720E0F,8
763.0,763.0,321,078BC9,115
763.0,763.0,322,36AEBF,50
763.0,763.0,326,9B9A5A,4
763.0,763.0,379,6074A1,8
763.0,763.0,484,A95500,18
763.0,763.0,1050,FF698F,5
763.0,763.0,1095,635F52,9
763.0,763.0,1136,CA4C0B,8
763.0,763.0,9999,05131D,4
764.0,764.0,0,05131D,365
764.0,764.0,1,0055BF,23
764.0,764.0,2,237841,157
764.0,764.0,3,008F9B,38
764.0,764.0,4,C91A09,78
764.0,764.0,5,C870A0,5
764.0,764.0,10,4B9F4A,240
764.0,764.0,14,F2CD37,39
764.0,764.0,15,FFFFFF,55
764.0,764.0,19,E4CD9E,258
764.0,764.0,25,FE8A18,15
764.0,764.0,26,923978,2
764.0,764.0,27,BBE90B,109
764.0,764.0,28,958A73,413
764.0,764.0,29,E4ADC8,92
764.0,764.0,33,0020A0,4
764.0,764.0,34,84B68D,8
764.0,764.0,36,C91A09,3
764.0,764.0,41,AEEFEC,2
764.0,764.0,45,DF6695,4
764.0,764.0,46,F5CD2F,22
764.0,764.0,47,FCFCFC,24
764.0,764.0,52,A5A5CB,5
764.0,764.0,70,582A12,261
764.0,764.0,71,A0A5A9,148
764.0,764.0,72,6C6E68,235
764.0,764.0,78,F6D7B3,64
764.0,764.0,84,AA7D55,158
764.0,764.0,179,898788,7
764.0,764.0,182,F08F1C,46
764.0,764.0,191,F8BB3D,11
764.0,764.0,226,FFF03A,4
764.0,764.0,272,0A3463,1
764.0,764.0,288,184632,153
764.0,764.0,297,AA7F2E,54
764.0,764.0,308,352100,23
764.0,764.0,320,720E0F,26
764.0,764.0,323,ADC3C0,9
764.0,764.0,326,9B9A5A,349
764.0,764.0,378,A0BCAC,24
764.0,764.0,484,A95500,36
764.0,764.0,1053,68BCC5,6
764.0,764.0,1103,3E3C39,26
764.0,764.0,1136,CA4C0B,18
765.0,765.0,0,05131D,469
765.0,765.0,1,0055BF,48
765.0,765.0,2,237841,802
765.0,765.0,3,008F9B,185
765.0,765.0,4,C91A09,117
765.0,765.0,5,C870A0,242
765.0,765.0,10,4B9F4A,297
765.0,765.0,14,F2CD37,171
765.0,765.0,15,FFFFFF,376
765.0,765.0,19,E4CD9E,653
765.0,765.0,25,FE8A18,44
765.0,765.0,26,923978,80
765.0,765.0,27,BBE90B,52
765.0,765.0,28,958A73,86
765.0,765.0,29,E4ADC8,404
765.0,765.0,30,AC78BA,34
765.0,765.0,31,E1D5ED,47
765.0,765.0,33,0020A0,1
765.0,765.0,34,84B68D,76
765.0,765.0,35,D9E4A7,184
765.0,765.0,41,AEEFEC,13
765.0,765.0,45,DF6695,15
765.0,765.0,46,F5CD2F,15
765.0,765.0,47,FCFCFC,75
765.0,765.0,52,A5A5CB,3
765.0,765.0,70,582A12,298
765.0,765.0,71,A0A5A9,438
765.0,765.0,72,6C6E68,146
765.0,765.0,78,F6D7B3,272
765.0,765.0,82,DBAC34,69
765.0,765.0,84,AA7D55,211
765.0,765.0,85,3F3691,3
765.0,765.0,92,D09168,9
765.0,765.0,158,DFEEA5,76
765.0,765.0,179,898788,7
765.0,765.0,182,F08F1C,12
765.0,765.0,191,F8BB3D,70
765.0,765.0,212,9FC3E9,30
765.0,765.0,226,FFF03A,35
765.0,765.0,272,0A3463,212
765.0,765.0,288,184632,349
765.0,765.0,297,AA7F2E,541
765.0,765.0,308,352100,42
765.0,765.0,320,720E0F,111
765.0,765.0,321,078BC9,36
765.0,765.0,322,36AEBF,73
765.0,765.0,323,ADC3C0,6
765.0,765.0,378,A0BCAC,18
765.0,765.0,379,6074A1,22
765.0,765.0,484,A95500,142
765.0,765.0,1050,FF698F,28
765.0,765.0,1053,68BCC5,1
765.0,765.0,1054,CE1D9B,2
765.0,765.0,1055,FCFCFC,15
765.0,765.0,1059,8320B7,5
765.0,765.0,1103,3E3C39,2
765.0,765.0,1136,CA4C0B,42
765.0,765.0,1139,F5CD2F,2
765.0,765.0,9999,05131D,13
766.0,766.0,0,05131D,2051
766.0,766.0,1,0055BF,817
766.0,766.0,2,237841,150
766.0,766.0,3,008F9B,33
766.0,766.0,4,C91A09,531
766.0,766.0,5,C870A0,507
766.0,766.0,10,4B9F4A,84
766.0,766.0,14,F2CD37,508
766.0,766.0,15,FFFFFF,862
766.0,766.0,19,E4CD9E,270
766.0,766.0,25,FE8A18,207
766.0,766.0,26,923978,147
766.0,766.0,27,BBE90B,338
766.0,766.0,28,958A73,140
766.0,766.0,29,E4ADC8,108
766.0,766.0,30,AC78BA,484
766.0,766.0,31,E1D5ED,21
766.0,766.0,34,84B68D,1
766.0,766.0,36,C91A09,20
766.0,766.0,41,AEEFEC,40
766.0,766.0,45,DF6695,31
766.0,766.0,46,F5CD2F,5
766.0,766.0,47,FCFCFC,67
766.0,766.0,70,582A12,494
766.0,766.0,71,A0A5A9,1290
766.0,766.0,72,6C6E68,1426
766.0,766.0,82,DBAC34,12
766.0,766.0,84,AA7D55,36
766.0,766.0,85,3F3691,152
766.0,766.0,179,898788,19
766.0,766.0,182,F08F1C,25
766.0,766.0,191,F8BB3D,47
766.0,766.0,212,9FC3E9,13
766.0,766.0,226,FFF03A,22
766.0,766.0,272,0A3463,41
766.0,766.0,288,184632,6
766.0,766.0,297,AA7F2E,58
766.0,766.0,308,352100,10
766.0,766.0,320,720E0F,35
766.0,766.0,321,078BC9,18
766.0,766.0,322,36AEBF,345
766.0,766.0,326,9B9A5A,6
766.0,766.0,378,A0BCAC,21
766.0,766.0,379,6074A1,255
766.0,766.0,484,A95500,60
766.0,766.0,1050,FF698F,24
766.0,766.0,1053,68BCC5,3
766.0,766.0,1103,3E3C39,37
766.0,766.0,1136,CA4C0B,2
766.0,766.0,1147,A3A9FF,16
766.0,766.0,9999,05131D,9
767.0,767.0,0,05131D,16
767.0,767.0,1,0055BF,1
767.0,767.0,4,C91A09,3
767.0,767.0,10,4B9F4A,1
767.0,767.0,14,F2CD37,1
767.0,767.0,15,FFFFFF,1
767.0,767.0,19,E4CD9E,1
767.0,767.0,25,FE8A18,1
767.0,767.0,27,BBE90B,1
767.0,767.0,28,958A73,2
767.0,767.0,29,E4ADC8,1
767.0,767.0,36,C91A09,1
767.0,767.0,40,635F52,4
767.0,767.0,45,DF6695,3
767.0,767.0,47,FCFCFC,2
767.0,767.0,70,582A12,7
767.0,767.0,71,A0A5A9,1
767.0,767.0,72,6C6E68,1
767.0,767.0,84,AA7D55,1
767.0,767.0,92,D09168,1
767.0,767.0,179,898788,1
767.0,767.0,182,F08F1C,3
767.0,767.0,297,AA7F2E,6
767.0,767.0,308,352100,2
767.0,767.0,1055,FCFCFC,1
767.0,767.0,1089,CCA373,1
767.0,767.0,1103,3E3C39,4
768.0,768.0,0,05131D,1174
768.0,768.0,1,0055BF,39
768.0,768.0,2,237841,18
768.0,768.0,3,008F9B,4
768.0,768.0,4,C91A09,87
768.0,768.0,5,C870A0,20
768.0,768.0,10,4B9F4A,4
768.0,768.0,14,F2CD37,27
768.0,768.0,15,FFFFFF,95
768.0,768.0,19,E4CD9E,136
768.0,768.0,25,FE8A18,12
768.0,768.0,26,923978,6
768.0,768.0,27,BBE90B,18
768.0,768.0,28,958A73,33
768.0,768.0,29,E4ADC8,1
768.0,768.0,30,AC78BA,14
768.0,768.0,31,E1D5ED,30
768.0,768.0,34,84B68D,1
768.0,768.0,35,D9E4A7,3
768.0,768.0,36,C91A09,10
768.0,768.0,41,AEEFEC,10
768.0,768.0,45,DF6695,7
768.0,768.0,46,F5CD2F,5
768.0,768.0,47,FCFCFC,63
768.0,768.0,52,A5A5CB,16
768.0,768.0,70,582A12,395
768.0,768.0,71,A0A5A9,464
768.0,768.0,72,6C6E68,410
768.0,768.0,78,F6D7B3,6
768.0,768.0,80,A5A9B4,1
768.0,768.0,82,DBAC34,2
768.0,768.0,84,AA7D55,18
768.0,768.0,85,3F3691,29
768.0,768.0,179,898788,11
768.0,768.0,182,F08F1C,20
768.0,768.0,191,F8BB3D,5
768.0,768.0,212,9FC3E9,6
768.0,768.0,226,FFF03A,10
768.0,768.0,272,0A3463,80
768.0,768.0,288,184632,17
768.0,768.0,297,AA7F2E,53
768.0,768.0,308,352100,98
768.0,768.0,320,720E0F,21
768.0,768.0,321,078BC9,5
768.0,768.0,322,36AEBF,11
768.0,768.0,323,ADC3C0,2
768.0,768.0,326,9B9A5A,11
768.0,768.0,378,A0BCAC,38
768.0,768.0,379,6074A1,125
768.0,768.0,484,A95500,7
768.0,768.0,1050,FF698F,1
768.0,768.0,1053,68BCC5,1
768.0,768.0,1055,FCFCFC,1
768.0,768.0,1059,8320B7,14
768.0,768.0,1089,CCA373,13
768.0,768.0,1095,635F52,9
768.0,768.0,1103,3E3C39,10
768.0,768.0,1136,CA4C0B,3
768.0,768.0,9999,05131D,7
769.0,769.0,0,05131D,2411
769.0,769.0,1,0055BF,358
769.0,769.0,2,237841,1683
769.0,769.0,3,008F9B,35
769.0,769.0,4,C91A09,1551
769.0,769.0,5,C870A0,537
769.0,769.0,10,4B9F4A,840
769.0,769.0,14,F2CD37,956
769.0,769.0,15,FFFFFF,1870
769.0,769.0,19,E4CD9E,916
769.0,769.0,25,FE8A18,567
769.0,769.0,26,923978,403
769.0,769.0,27,BBE90B,744
769.0,769.0,28,958A73,663
769.0,769.0,29,E4ADC8,852
769.0,769.0,30,AC78BA,280
769.0,769.0,31,E1D5ED,404
769.0,769.0,41,AEEFEC,8
769.0,769.0,47,FCFCFC,99
769.0,769.0,70,582A12,2372
769.0,769.0,71,A0A5A9,569
769.0,769.0,72,6C6E68,560
769.0,769.0,78,F6D7B3,581
769.0,769.0,82,DBAC34,53
769.0,769.0,84,AA7D55,860
769.0,769.0,85,3F3691,289
769.0,769.0,92,D09168,53
769.0,769.0,158,DFEEA5,276
769.0,769.0,191,F8BB3D,348
769.0,769.0,212,9FC3E9,241
769.0,769.0,226,FFF03A,397
769.0,769.0,272,0A3463,150
769.0,769.0,288,184632,1907
769.0,769.0,297,AA7F2E,248
769.0,769.0,308,352100,467
769.0,769.0,320,720E0F,498
769.0,769.0,321,078BC9,5
769.0,769.0,322,36AEBF,26
769.0,769.0,323,ADC3C0,25
769.0,769.0,326,9B9A5A,326
769.0,769.0,334,BBA53D,20
769.0,769.0,378,A0BCAC,854
769.0,769.0,379,6074A1,131
769.0,769.0,484,A95500,340
769.0,769.0,1050,FF698F,47
769.0,769.0,1054,CE1D9B,12
769.0,769.0,1136,CA4C0B,167
769.0,769.0,1139,F5CD2F,4
769.0,769.0,1146,F6B7BF,24
769.0,769.0,1147,A3A9FF,53
770.0,770.0,0,05131D,172
770.0,770.0,1,0055BF,11
770.0,770.0,2,237841,12
770.0,770.0,4,C91A09,7
770.0,770.0,5,C870A0,2
770.0,770.0,14,F2CD37,54
770.0,770.0,15,FFFFFF,142
770.0,770.0,19,E4CD9E,61
770.0,770.0,25,FE8A18,45
770.0,770.0,27,BBE90B,3
770.0,770.0,28,958A73,17
770.0,770.0,33,0020A0,4
770.0,770.0,41,AEEFEC,12
770.0,770.0,46,F5CD2F,1
770.0,770.0,47,FCFCFC,1
770.0,770.0,70,582A12,9
770.0,770.0,71,A0A5A9,78
770.0,770.0,72,6C6E68,76
770.0,770.0,84,AA7D55,7
770.0,770.0,179,898788,12
770.0,770.0,182,F08F1C,7
770.0,770.0,191,F8BB3D,2
770.0,770.0,212,9FC3E9,2
770.0,770.0,297,AA7F2E,7
770.0,770.0,308,352100,1
770.0,770.0,321,078BC9,13
770.0,770.0,322,36AEBF,10
770.0,770.0,379,6074A1,32
770.0,770.0,1103,3E3C39,8
770.0,770.0,1136,CA4C0B,5
771.0,771.0,0,05131D,20
771.0,771.0,2,237841,2
771.0,771.0,4,C91A09,5
771.0,771.0,5,C870A0,1
771.0,771.0,10,4B9F4A,2
771.0,771.0,15,FFFFFF,8
771.0,771.0,19,E4CD9E,1
771.0,771.0,27,BBE90B,1
771.0,771.0,41,AEEFEC,1
771.0,771.0,70,582A12,2
771.0,771.0,71,A0A5A9,2
771.0,771.0,72,6C6E68,3
771.0,771.0,84,AA7D55,1
771.0,771.0,179,898788,1
771.0,771.0,297,AA7F2E,3
771.0,771.0,320,720E0F,2
771.0,771.0,321,078BC9,3
771.0,771.0,379,6074A1,1
772.0,772.0,0,05131D,68
772.0,772.0,1,0055BF,29
772.0,772.0,2,237841,12
772.0,772.0,3,008F9B,29
772.0,772.0,4,C91A09,50
772.0,772.0,5,C870A0,5
772.0,772.0,10,4B9F4A,30
772.0,772.0,14,F2CD37,69
772.0,772.0,15,FFFFFF,115
772.0,772.0,19,E4CD9E,103
772.0,772.0,25,FE8A18,75
772.0,772.0,26,923978,1
772.0,772.0,27,BBE90B,35
772.0,772.0,29,E4ADC8,15
772.0,772.0,30,AC78BA,28
772.0,772.0,31,E1D5ED,18
772.0,772.0,33,0020A0,1
772.0,772.0,41,AEEFEC,6
772.0,772.0,45,DF6695,5
772.0,772.0,47,FCFCFC,19
772.0,772.0,52,A5A5CB,2
772.0,772.0,70,582A12,114
772.0,772.0,71,A0A5A9,36
772.0,772.0,72,6C6E68,2
772.0,772.0,73,5A93DB,51
772.0,772.0,78,F6D7B3,2
772.0,772.0,84,AA7D55,74
772.0,772.0,85,3F3691,2
772.0,772.0,158,DFEEA5,2
772.0,772.0,179,898788,12
772.0,772.0,182,F08F1C,1
772.0,772.0,191,F8BB3D,18
772.0,772.0,212,9FC3E9,3
772.0,772.0,226,FFF03A,85
772.0,772.0,272,0A3463,36
772.0,772.0,288,184632,4
772.0,772.0,297,AA7F2E,10
772.0,772.0,320,720E0F,1
772.0,772.0,321,078BC9,1
772.0,772.0,322,36AEBF,23
772.0,772.0,323,ADC3C0,26
772.0,772.0,484,A95500,50
772.0,772.0,1053,68BCC5,3
772.0,772.0,1054,CE1D9B,1
772.0,772.0,1136,CA4C0B,70
772.0,772.0,1146,F6B7BF,5
774.0,774.0,0,05131D,144
774.0,774.0,1,0055BF,14
774.0,774.0,2,237841,14
774.0,774.0,3,008F9B,5
774.0,774.0,4,C91A09,34
774.0,774.0,5,C870A0,6
774.0,774.0,10,4B9F4A,10
774.0,774.0,14,F2CD37,10
774.0,774.0,15,FFFFFF,85
774.0,774.0,25,FE8A18,11
774.0,774.0,26,923978,6
774.0,774.0,71,A0A5A9,16
774.0,774.0,85,3F3691,12
774.0,774.0,272,0A3463,18
774.0,774.0,322,36AEBF,2
775.0,775.0,0,05131D,651
775.0,775.0,1,0055BF,57
775.0,775.0,2,237841,40
775.0,775.0,3,008F9B,56
775.0,775.0,4,C91A09,491
775.0,775.0,10,4B9F4A,24
775.0,775.0,14,F2CD37,49
775.0,775.0,15,FFFFFF,788
775.0,775.0,19,E4CD9E,411
775.0,775.0,25,FE8A18,34
775.0,775.0,26,923978,3
775.0,775.0,27,BBE90B,30
775.0,775.0,28,958A73,390
775.0,775.0,29,E4ADC8,1
775.0,775.0,34,84B68D,6
775.0,775.0,35,D9E4A7,1
775.0,775.0,36,C91A09,8
775.0,775.0,41,AEEFEC,13
775.0,775.0,45,DF6695,4
775.0,775.0,46,F5CD2F,47
775.0,775.0,47,FCFCFC,30
775.0,775.0,52,A5A5CB,1
775.0,775.0,70,582A12,1557
775.0,775.0,71,A0A5A9,239
775.0,775.0,72,6C6E68,269
775.0,775.0,78,F6D7B3,5
775.0,775.0,80,A5A9B4,2
775.0,775.0,84,AA7D55,187
775.0,775.0,85,3F3691,38
775.0,775.0,92,D09168,2
775.0,775.0,158,DFEEA5,3
775.0,775.0,179,898788,25
775.0,775.0,182,F08F1C,15
775.0,775.0,191,F8BB3D,16
775.0,775.0,212,9FC3E9,3
775.0,775.0,272,0A3463,29
775.0,775.0,288,184632,11
775.0,775.0,297,AA7F2E,409
775.0,775.0,308,352100,128
775.0,775.0,320,720E0F,130
775.0,775.0,321,078BC9,7
775.0,775.0,322,36AEBF,79
775.0,775.0,323,ADC3C0,2
775.0,775.0,326,9B9A5A,1
775.0,775.0,378,A0BCAC,192
775.0,775.0,484,A95500,139
775.0,775.0,1053,68BCC5,1
775.0,775.0,1054,CE1D9B,1
775.0,775.0,1061,0020A0,1
775.0,775.0,1103,3E3C39,8
775.0,775.0,1136,CA4C0B,2
775.0,775.0,9999,05131D,6
776.0,776.0,0,05131D,1178
776.0,776.0,1,0055BF,329
776.0,776.0,2,237841,100
776.0,776.0,3,008F9B,65
776.0,776.0,4,C91A09,362
776.0,776.0,5,C870A0,174
776.0,776.0,10,4B9F4A,211
776.0,776.0,14,F2CD37,1042
776.0,776.0,15,FFFFFF,623
776.0,776.0,19,E4CD9E,497
776.0,776.0,25,FE8A18,642
776.0,776.0,26,923978,107
776.0,776.0,27,BBE90B,130
776.0,776.0,28,958A73,241
776.0,776.0,29,E4ADC8,74
776.0,776.0,30,AC78BA,61
776.0,776.0,31,E1D5ED,4
776.0,776.0,34,84B68D,3
776.0,776.0,36,C91A09,10
776.0,776.0,41,AEEFEC,136
776.0,776.0,46,F5CD2F,16
776.0,776.0,47,FCFCFC,13
776.0,776.0,70,582A12,354
776.0,776.0,71,A0A5A9,494
776.0,776.0,72,6C6E68,633
776.0,776.0,84,AA7D55,584
776.0,776.0,85,3F3691,7
776.0,776.0,158,DFEEA5,6
776.0,776.0,182,F08F1C,4
776.0,776.0,191,F8BB3D,41
776.0,776.0,212,9FC3E9,61
776.0,776.0,226,FFF03A,102
776.0,776.0,272,0A3463,102
776.0,776.0,288,184632,93
776.0,776.0,297,AA7F2E,46
776.0,776.0,308,352100,19
776.0,776.0,320,720E0F,4
776.0,776.0,321,078BC9,267
776.0,776.0,322,36AEBF,895
776.0,776.0,326,9B9A5A,12
776.0,776.0,334,BBA53D,6
776.0,776.0,378,A0BCAC,71
776.0,776.0,484,A95500,135
776.0,776.0,1050,FF698F,6
776.0,776.0,1053,68BCC5,7
776.0,776.0,1060,84B68D,31
776.0,776.0,1136,CA4C0B,189
776.0,776.0,9999,05131D,2
778.0,778.0,0,05131D,100
778.0,778.0,1,0055BF,18
778.0,778.0,2,237841,56
778.0,778.0,3,008F9B,8
778.0,778.0,4,C91A09,104
778.0,778.0,5,C870A0,10
778.0,778.0,10,4B9F4A,37
778.0,778.0,14,F2CD37,60
778.0,778.0,15,FFFFFF,163
778.0,778.0,19,E4CD9E,38
778.0,778.0,25,FE8A18,60
778.0,778.0,26,923978,12
778.0,778.0,27,BBE90B,37
778.0,778.0,28,958A73,12
778.0,778.0,29,E4ADC8,20
778.0,778.0,30,AC78BA,11
778.0,778.0,33,0020A0,8
778.0,778.0,34,84B68D,2
778.0,778.0,36,C91A09,12
778.0,778.0,41,AEEFEC,46
778.0,778.0,42,F8F184,25
778.0,778.0,45,DF6695,1
778.0,778.0,46,F5CD2F,10
778.0,778.0,47,FCFCFC,19
778.0,778.0,70,582A12,120
778.0,778.0,71,A0A5A9,20
778.0,778.0,72,6C6E68,33
778.0,778.0,80,A5A9B4,4
778.0,778.0,82,DBAC34,12
778.0,778.0,84,AA7D55,70
778.0,778.0,85,3F3691,9
778.0,778.0,158,DFEEA5,2
778.0,778.0,179,898788,24
778.0,778.0,182,F08F1C,26
778.0,778.0,191,F8BB3D,50
778.0,778.0,226,FFF03A,6
778.0,778.0,272,0A3463,1
778.0,778.0,288,184632,26
778.0,778.0,297,AA7F2E,98
778.0,778.0,308,352100,9
778.0,778.0,320,720E0F,12
778.0,778.0,321,078BC9,1
778.0,778.0,322,36AEBF,10
778.0,778.0,323,ADC3C0,11
778.0,778.0,326,9B9A5A,17
778.0,778.0,378,A0BCAC,16
778.0,778.0,484,A95500,10
778.0,778.0,1000,D9D9D9,10
778.0,778.0,1003,68BCC5,4
778.0,778.0,1050,FF698F,13
778.0,778.0,1053,68BCC5,24
778.0,778.0,1055,FCFCFC,7
778.0,778.0,1056,583927,4
778.0,778.0,1103,3E3C39,13
779.0,779.0,0,05131D,294
779.0,779.0,1,0055BF,30
779.0,779.0,2,237841,116
779.0,779.0,3,008F9B,57
779.0,779.0,4,C91A09,479
779.0,779.0,5,C870A0,1
779.0,779.0,10,4B9F4A,32
779.0,779.0,14,F2CD37,419
779.0,779.0,15,FFFFFF,628
779.0,779.0,19,E4CD9E,180
779.0,779.0,25,FE8A18,134
779.0,779.0,26,923978,1
779.0,779.0,27,BBE90B,69
779.0,779.0,28,958A73,46
779.0,779.0,29,E4ADC8,626
779.0,779.0,31,E1D5ED,5
779.0,779.0,42,F8F184,5
779.0,779.0,47,FCFCFC,13
779.0,779.0,70,582A12,225
779.0,779.0,71,A0A5A9,567
779.0,779.0,72,6C6E68,547
779.0,779.0,73,5A93DB,2
779.0,779.0,82,DBAC34,5
779.0,779.0,84,AA7D55,26
779.0,779.0,158,DFEEA5,1
779.0,779.0,179,898788,5
779.0,779.0,191,F8BB3D,90
779.0,779.0,212,9FC3E9,17
779.0,779.0,272,0A3463,6
779.0,779.0,288,184632,46
779.0,779.0,297,AA7F2E,180
779.0,779.0,308,352100,13
779.0,779.0,320,720E0F,96
779.0,779.0,322,36AEBF,10
779.0,779.0,326,9B9A5A,15
779.0,779.0,378,A0BCAC,6
779.0,779.0,484,A95500,54
779.0,779.0,1050,FF698F,1
779.0,779.0,9999,05131D,10
780.0,780.0,0,05131D,3
780.0,780.0,1,0055BF,4
780.0,780.0,2,237841,26
780.0,780.0,3,008F9B,17
780.0,780.0,4,C91A09,20
780.0,780.0,10,4B9F4A,23
780.0,780.0,14,F2CD37,3
780.0,780.0,15,FFFFFF,98
780.0,780.0,19,E4CD9E,22
780.0,780.0,25,FE8A18,2
780.0,780.0,26,923978,17
780.0,780.0,27,BBE90B,9
780.0,780.0,28,958A73,8
780.0,780.0,29,E4ADC8,12
780.0,780.0,30,AC78BA,7
780.0,780.0,31,E1D5ED,1
780.0,780.0,41,AEEFEC,16
780.0,780.0,45,DF6695,5
780.0,780.0,46,F5CD2F,2
780.0,780.0,47,FCFCFC,2
780.0,780.0,70,582A12,19
780.0,780.0,71,A0A5A9,19
780.0,780.0,72,6C6E68,4
780.0,780.0,84,AA7D55,22
780.0,780.0,85,3F3691,3
780.0,780.0,158,DFEEA5,5
780.0,780.0,179,898788,2
780.0,780.0,182,F08F1C,13
780.0,780.0,191,F8BB3D,14
780.0,780.0,212,9FC3E9,5
780.0,780.0,226,FFF03A,11
780.0,780.0,272,0A3463,3
780.0,780.0,288,184632,7
780.0,780.0,297,AA7F2E,30
780.0,780.0,320,720E0F,6
780.0,780.0,321,078BC9,5
780.0,780.0,322,36AEBF,19
780.0,780.0,323,ADC3C0,20
780.0,780.0,484,A95500,17
780.0,780.0,1050,FF698F,4
780.0,780.0,1053,68BCC5,8
780.0,780.0,1060,84B68D,2
780.0,780.0,1061,0020A0,2
781.0,781.0,0,05131D,5366
781.0,781.0,1,0055BF,975
781.0,781.0,2,237841,48
781.0,781.0,3,008F9B,60
781.0,781.0,4,C91A09,1290
781.0,781.0,5,C870A0,6
781.0,781.0,10,4B9F4A,46
781.0,781.0,14,F2CD37,238
781.0,781.0,15,FFFFFF,1848
781.0,781.0,19,E4CD9E,672
781.0,781.0,25,FE8A18,584
781.0,781.0,26,923978,13
781.0,781.0,27,BBE90B,51
781.0,781.0,28,958A73,1624
781.0,781.0,29,E4ADC8,8
781.0,781.0,30,AC78BA,2
781.0,781.0,33,0020A0,17
781.0,781.0,34,84B68D,20
781.0,781.0,35,D9E4A7,19
781.0,781.0,36,C91A09,179
781.0,781.0,40,635F52,58
781.0,781.0,41,AEEFEC,540
781.0,781.0,45,DF6695,26
781.0,781.0,46,F5CD2F,52
781.0,781.0,47,FCFCFC,257
781.0,781.0,52,A5A5CB,112
781.0,781.0,70,582A12,1020
781.0,781.0,71,A0A5A9,7219
781.0,781.0,72,6C6E68,6470
781.0,781.0,73,5A93DB,1
781.0,781.0,78,F6D7B3,9
781.0,781.0,80,A5A9B4,71
781.0,781.0,82,DBAC34,559
781.0,781.0,84,AA7D55,397
781.0,781.0,85,3F3691,11
781.0,781.0,92,D09168,1
781.0,781.0,158,DFEEA5,4
781.0,781.0,179,898788,406
781.0,781.0,182,F08F1C,314
781.0,781.0,191,F8BB3D,118
781.0,781.0,212,9FC3E9,6
781.0,781.0,226,FFF03A,6
781.0,781.0,272,0A3463,523
781.0,781.0,288,184632,57
781.0,781.0,297,AA7F2E,634
781.0,781.0,308,352100,127
781.0,781.0,320,720E0F,3012
781.0,781.0,321,078BC9,32
781.0,781.0,322,36AEBF,148
781.0,781.0,326,9B9A5A,126
781.0,781.0,378,A0BCAC,224
781.0,781.0,379,6074A1,153
781.0,781.0,484,A95500,185
781.0,781.0,1000,D9D9D9,6
781.0,781.0,1050,FF698F,15
781.0,781.0,1053,68BCC5,34
781.0,781.0,1062,EBD800,10
781.0,781.0,1095,635F52,56
781.0,781.0,1103,3E3C39,170
781.0,781.0,1136,CA4C0B,22
781.0,781.0,9999,05131D,29
782.0,782.0,0,05131D,526
782.0,782.0,1,0055BF,141
782.0,782.0,2,237841,2
782.0,782.0,4,C91A09,266
782.0,782.0,14,F2CD37,36
782.0,782.0,15,FFFFFF,164
782.0,782.0,19,E4CD9E,37
782.0,782.0,25,FE8A18,20
782.0,782.0,27,BBE90B,18
782.0,782.0,28,958A73,2
782.0,782.0,33,0020A0,2
782.0,782.0,34,84B68D,3
782.0,782.0,35,D9E4A7,5
782.0,782.0,36,C91A09,48
782.0,782.0,40,635F52,8
782.0,782.0,41,AEEFEC,11
782.0,782.0,45,DF6695,4
782.0,782.0,46,F5CD2F,28
782.0,782.0,47,FCFCFC,35
782.0,782.0,57,FF800D,1
782.0,782.0,70,582A12,56
782.0,782.0,71,A0A5A9,348
782.0,782.0,72,6C6E68,388
782.0,782.0,85,3F3691,29
782.0,782.0,179,898788,17
782.0,782.0,182,F08F1C,28
782.0,782.0,191,F8BB3D,53
782.0,782.0,212,9FC3E9,1
782.0,782.0,272,0A3463,164
782.0,782.0,288,184632,4
782.0,782.0,297,AA7F2E,3
782.0,782.0,320,720E0F,4
782.0,782.0,326,9B9A5A,3
782.0,782.0,484,A95500,18
782.0,782.0,1095,635F52,1
782.0,782.0,1103,3E3C39,2
782.0,782.0,9999,05131D,8
783.0,783.0,0,05131D,62
783.0,783.0,1,0055BF,1
783.0,783.0,2,237841,10
783.0,783.0,4,C91A09,23
783.0,783.0,14,F2CD37,11
783.0,783.0,15,FFFFFF,45
783.0,783.0,19,E4CD9E,5
783.0,783.0,25,FE8A18,5
783.0,783.0,27,BBE90B,2
783.0,783.0,28,958A73,17
783.0,783.0,36,C91A09,7
783.0,783.0,40,635F52,1
783.0,783.0,41,AEEFEC,18
783.0,783.0,46,F5CD2F,3
783.0,783.0,47,FCFCFC,1
783.0,783.0,52,A5A5CB,1
783.0,783.0,70,582A12,7
783.0,783.0,71,A0A5A9,49
783.0,783.0,72,6C6E68,41
783.0,783.0,84,AA7D55,7
783.0,783.0,158,DFEEA5,1
783.0,783.0,179,898788,10
783.0,783.0,182,F08F1C,7
783.0,783.0,191,F8BB3D,1
783.0,783.0,272,0A3463,10
783.0,783.0,297,AA7F2E,5
783.0,783.0,308,352100,4
783.0,783.0,320,720E0F,4
783.0,783.0,321,078BC9,4
783.0,783.0,322,36AEBF,8
783.0,783.0,378,A0BCAC,8
783.0,783.0,484,A95500,4
783.0,783.0,1103,3E3C39,4
784.0,784.0,0,05131D,6
784.0,784.0,4,C91A09,3
784.0,784.0,15,FFFFFF,5
784.0,784.0,19,E4CD9E,1
784.0,784.0,45,DF6695,1
784.0,784.0,71,A0A5A9,3
784.0,784.0,84,AA7D55,1
784.0,784.0,85,3F3691,1
784.0,784.0,179,898788,1
784.0,784.0,182,F08F1C,14
784.0,784.0,191,F8BB3D,1
784.0,784.0,272,0A3463,1
784.0,784.0,484,A95500,1
784.0,784.0,1103,3E3C39,2
785.0,785.0,0,05131D,681
785.0,785.0,1,0055BF,339
785.0,785.0,2,237841,19
785.0,785.0,3,008F9B,1
785.0,785.0,4,C91A09,174
785.0,785.0,14,F2CD37,71
785.0,785.0,15,FFFFFF,629
785.0,785.0,19,E4CD9E,74
785.0,785.0,25,FE8A18,197
785.0,785.0,27,BBE90B,51
785.0,785.0,29,E4ADC8,2
785.0,785.0,41,AEEFEC,21
785.0,785.0,47,FCFCFC,45
785.0,785.0,70,582A12,89
785.0,785.0,71,A0A5A9,317
785.0,785.0,72,6C6E68,178
785.0,785.0,78,F6D7B3,4
785.0,785.0,85,3F3691,39
785.0,785.0,92,D09168,4
785.0,785.0,158,DFEEA5,176
785.0,785.0,212,9FC3E9,91
785.0,785.0,226,FFF03A,2
785.0,785.0,272,0A3463,220
785.0,785.0,308,352100,4
785.0,785.0,321,078BC9,97
785.0,785.0,322,36AEBF,47
785.0,785.0,323,ADC3C0,6
785.0,785.0,379,6074A1,18
785.0,785.0,1050,FF698F,25
785.0,785.0,1055,FCFCFC,52
785.0,785.0,1062,EBD800,32
785.0,785.0,1103,3E3C39,18
785.0,785.0,1136,CA4C0B,1
785.0,785.0,1147,A3A9FF,17
785.0,785.0,9999,05131D,8
786.0,786.0,5,C870A0,1
786.0,786.0,10,4B9F4A,3
786.0,786.0,14,F2CD37,4
786.0,786.0,15,FFFFFF,8
786.0,786.0,27,BBE90B,12
786.0,786.0,28,958A73,1
786.0,786.0,70,582A12,2
786.0,786.0,84,AA7D55,2
786.0,786.0,212,9FC3E9,1
786.0,786.0,321,078BC9,1
786.0,786.0,322,36AEBF,2
786.0,786.0,484,A95500,1
786.0,786.0,1053,68BCC5,2
786.0,786.0,1055,FCFCFC,2
787.0,787.0,0,05131D,2345
787.0,787.0,1,0055BF,375
787.0,787.0,2,237841,632
787.0,787.0,3,008F9B,40
787.0,787.0,4,C91A09,697
787.0,787.0,5,C870A0,20
787.0,787.0,10,4B9F4A,236
787.0,787.0,14,F2CD37,588
787.0,787.0,15,FFFFFF,1615
787.0,787.0,19,E4CD9E,584
787.0,787.0,25,FE8A18,243
787.0,787.0,26,923978,19
787.0,787.0,27,BBE90B,185
787.0,787.0,28,958A73,291
787.0,787.0,29,E4ADC8,40
787.0,787.0,30,AC78BA,4
787.0,787.0,33,0020A0,2
787.0,787.0,35,D9E4A7,3
787.0,787.0,36,C91A09,1
787.0,787.0,41,AEEFEC,3
787.0,787.0,46,F5CD2F,5
787.0,787.0,47,FCFCFC,21
787.0,787.0,70,582A12,165
787.0,787.0,71,A0A5A9,857
787.0,787.0,72,6C6E68,760
787.0,787.0,78,F6D7B3,2
787.0,787.0,80,A5A9B4,42
787.0,787.0,82,DBAC34,390
787.0,787.0,84,AA7D55,76
787.0,787.0,85,3F3691,10
787.0,787.0,92,D09168,49
787.0,787.0,158,DFEEA5,4
787.0,787.0,179,898788,1
787.0,787.0,182,F08F1C,25
787.0,787.0,191,F8BB3D,33
787.0,787.0,212,9FC3E9,256
787.0,787.0,272,0A3463,100
787.0,787.0,288,184632,128
787.0,787.0,297,AA7F2E,1346
787.0,787.0,308,352100,42
787.0,787.0,320,720E0F,33
787.0,787.0,321,078BC9,196
787.0,787.0,322,36AEBF,488
787.0,787.0,326,9B9A5A,12
787.0,787.0,334,BBA53D,13
787.0,787.0,378,A0BCAC,52
787.0,787.0,379,6074A1,6
787.0,787.0,484,A95500,54
787.0,787.0,1050,FF698F,56
787.0,787.0,1062,EBD800,102
787.0,787.0,1089,CCA373,138
787.0,787.0,1095,635F52,2
787.0,787.0,1136,CA4C0B,7
787.0,787.0,9999,05131D,10
788.0,788.0,0,05131D,2
788.0,788.0,4,C91A09,4
788.0,788.0,10,4B9F4A,7
788.0,788.0,14,F2CD37,2
788.0,788.0,15,FFFFFF,23
788.0,788.0,19,E4CD9E,2
788.0,788.0,25,FE8A18,5
788.0,788.0,27,BBE90B,10
788.0,788.0,29,E4ADC8,4
788.0,788.0,30,AC78BA,1
788.0,788.0,31,E1D5ED,3
788.0,788.0,70,582A12,13
788.0,788.0,71,A0A5A9,2
788.0,788.0,73,5A93DB,4
788.0,788.0,84,AA7D55,3
788.0,788.0,158,DFEEA5,2
788.0,788.0,182,F08F1C,1
788.0,788.0,191,F8BB3D,2
788.0,788.0,212,9FC3E9,12
788.0,788.0,226,FFF03A,19
788.0,788.0,323,ADC3C0,4
788.0,788.0,1136,CA4C0B,24
789.0,789.0,1,0055BF,1
789.0,789.0,2,237841,10
789.0,789.0,3,008F9B,8
789.0,789.0,4,C91A09,72
789.0,789.0,5,C870A0,2
789.0,789.0,10,4B9F4A,39
789.0,789.0,14,F2CD37,12
789.0,789.0,15,FFFFFF,61
789.0,789.0,19,E4CD9E,10
789.0,789.0,25,FE8A18,11
789.0,789.0,27,BBE90B,34
789.0,789.0,30,AC78BA,13
789.0,789.0,31,E1D5ED,9
789.0,789.0,41,AEEFEC,3
789.0,789.0,47,FCFCFC,13
789.0,789.0,70,582A12,12
789.0,789.0,71,A0A5A9,1
789.0,789.0,84,AA7D55,21
789.0,789.0,85,3F3691,5
789.0,789.0,158,DFEEA5,2
789.0,789.0,182,F08F1C,1
789.0,789.0,191,F8BB3D,8
789.0,789.0,226,FFF03A,77
789.0,789.0,321,078BC9,7
789.0,789.0,322,36AEBF,27
789.0,789.0,323,ADC3C0,25
789.0,789.0,484,A95500,3
789.0,789.0,1050,FF698F,11
790.0,790.0,0,05131D,25
790.0,790.0,2,237841,2
790.0,790.0,4,C91A09,33
790.0,790.0,10,4B9F4A,13
790.0,790.0,14,F2CD37,8
790.0,790.0,15,FFFFFF,157
790.0,790.0,19,E4CD9E,22
790.0,790.0,25,FE8A18,2
790.0,790.0,27,BBE90B,5
790.0,790.0,29,E4ADC8,4
790.0,790.0,36,C91A09,2
790.0,790.0,41,AEEFEC,12
790.0,790.0,46,F5CD2F,1
790.0,790.0,70,582A12,36
790.0,790.0,71,A0A5A9,23
790.0,790.0,72,6C6E68,2
790.0,790.0,84,AA7D55,5
790.0,790.0,158,DFEEA5,2
790.0,790.0,191,F8BB3D,4
790.0,790.0,212,9FC3E9,4
790.0,790.0,226,FFF03A,5
790.0,790.0,297,AA7F2E,1
790.0,790.0,321,078BC9,1
790.0,790.0,322,36AEBF,30
790.0,790.0,323,ADC3C0,33
790.0,790.0,484,A95500,2
790.0,790.0,1050,FF698F,15
790.0,790.0,1055,FCFCFC,1
791.0,791.0,0,05131D,284
791.0,791.0,1,0055BF,26
791.0,791.0,2,237841,49
791.0,791.0,3,008F9B,238
791.0,791.0,4,C91A09,26
791.0,791.0,10,4B9F4A,9
791.0,791.0,14,F2CD37,14
791.0,791.0,15,FFFFFF,935
791.0,791.0,19,E4CD9E,87
791.0,791.0,25,FE8A18,5
791.0,791.0,28,958A73,67
791.0,791.0,34,84B68D,6
791.0,791.0,36,C91A09,1
791.0,791.0,41,AEEFEC,160
791.0,791.0,46,F5CD2F,6
791.0,791.0,47,FCFCFC,32
791.0,791.0,70,582A12,60
791.0,791.0,71,A0A5A9,176
791.0,791.0,72,6C6E68,157
791.0,791.0,84,AA7D55,51
791.0,791.0,179,898788,9
791.0,791.0,182,F08F1C,7
791.0,791.0,191,F8BB3D,8
791.0,791.0,272,0A3463,400
791.0,791.0,308,352100,2
791.0,791.0,321,078BC9,16
791.0,791.0,484,A95500,11
791.0,791.0,1050,FF698F,147
793.0,793.0,0,05131D,1147
793.0,793.0,1,0055BF,31
793.0,793.0,2,237841,6
793.0,793.0,3,008F9B,10
793.0,793.0,4,C91A09,70
793.0,793.0,10,4B9F4A,13
793.0,793.0,14,F2CD37,41
793.0,793.0,15,FFFFFF,1461
793.0,793.0,19,E4CD9E,85
793.0,793.0,25,FE8A18,17
793.0,793.0,26,923978,9
793.0,793.0,27,BBE90B,11
793.0,793.0,28,958A73,76
793.0,793.0,30,AC78BA,7
793.0,793.0,33,0020A0,5
793.0,793.0,36,C91A09,4
793.0,793.0,41,AEEFEC,157
793.0,793.0,45,DF6695,14
793.0,793.0,47,FCFCFC,38
793.0,793.0,52,A5A5CB,10
793.0,793.0,70,582A12,21
793.0,793.0,71,A0A5A9,720
793.0,793.0,72,6C6E68,622
793.0,793.0,84,AA7D55,2
793.0,793.0,85,3F3691,8
793.0,793.0,179,898788,64
793.0,793.0,182,F08F1C,195
793.0,793.0,191,F8BB3D,35
793.0,793.0,226,FFF03A,7
793.0,793.0,272,0A3463,5
793.0,793.0,297,AA7F2E,150
793.0,793.0,308,352100,1
793.0,793.0,321,078BC9,20
793.0,793.0,322,36AEBF,16
793.0,793.0,323,ADC3C0,10
793.0,793.0,379,6074A1,268
793.0,793.0,484,A95500,74
793.0,793.0,1054,CE1D9B,7
793.0,793.0,1059,8320B7,85
793.0,793.0,1095,635F52,86
793.0,793.0,1103,3E3C39,7
793.0,793.0,1136,CA4C0B,283
793.0,793.0,9999,05131D,7
794.0,794.0,0,05131D,180
794.0,794.0,1,0055BF,4
794.0,794.0,2,237841,1
794.0,794.0,3,008F9B,3
794.0,794.0,4,C91A09,45
794.0,794.0,14,F2CD37,26
794.0,794.0,15,FFFFFF,153
794.0,794.0,19,E4CD9E,7
794.0,794.0,25,FE8A18,2
794.0,794.0,28,958A73,3
794.0,794.0,34,84B68D,4
794.0,794.0,36,C91A09,11
794.0,794.0,41,AEEFEC,2
794.0,794.0,46,F5CD2F,18
794.0,794.0,47,FCFCFC,3
794.0,794.0,70,582A12,8
794.0,794.0,71,A0A5A9,108
794.0,794.0,72,6C6E68,124
794.0,794.0,78,F6D7B3,2
794.0,794.0,84,AA7D55,1
794.0,794.0,85,3F3691,73
794.0,794.0,179,898788,1
794.0,794.0,182,F08F1C,1
794.0,794.0,191,F8BB3D,4
794.0,794.0,226,FFF03A,7
794.0,794.0,288,184632,1
794.0,794.0,308,352100,2
794.0,794.0,321,078BC9,46
794.0,794.0,322,36AEBF,1
794.0,794.0,378,A0BCAC,5
794.0,794.0,1103,3E3C39,1
794.0,794.0,9999,05131D,2
795.0,795.0,0,05131D,12
795.0,795.0,4,C91A09,2
795.0,795.0,15,FFFFFF,10
795.0,795.0,19,E4CD9E,2
795.0,795.0,25,FE8A18,2
795.0,795.0,26,923978,2
795.0,795.0,45,DF6695,2
795.0,795.0,47,FCFCFC,6
795.0,795.0,70,582A12,3
795.0,795.0,71,A0A5A9,2
795.0,795.0,179,898788,2
795.0,795.0,182,F08F1C,3
795.0,795.0,272,0A3463,2
795.0,795.0,297,AA7F2E,8
795.0,795.0,484,A95500,2
795.0,795.0,1054,CE1D9B,1
795.0,795.0,1055,FCFCFC,3
796.0,796.0,0,05131D,52
796.0,796.0,1,0055BF,4
796.0,796.0,2,237841,41
796.0,796.0,3,008F9B,15
796.0,796.0,4,C91A09,35
796.0,796.0,5,C870A0,1
796.0,796.0,10,4B9F4A,24
796.0,796.0,14,F2CD37,27
796.0,796.0,15,FFFFFF,73
796.0,796.0,19,E4CD9E,236
796.0,796.0,25,FE8A18,1
796.0,796.0,27,BBE90B,156
796.0,796.0,28,958A73,131
796.0,796.0,29,E4ADC8,5
796.0,796.0,47,FCFCFC,2
796.0,796.0,70,582A12,62
796.0,796.0,71,A0A5A9,269
796.0,796.0,72,6C6E68,76
796.0,796.0,179,898788,1
796.0,796.0,212,9FC3E9,1
796.0,796.0,308,352100,131
796.0,796.0,484,A95500,55
797.0,797.0,0,05131D,18
797.0,797.0,2,237841,6
797.0,797.0,4,C91A09,52
797.0,797.0,5,C870A0,2
797.0,797.0,10,4B9F4A,9
797.0,797.0,14,F2CD37,9
797.0,797.0,15,FFFFFF,2
797.0,797.0,19,E4CD9E,6
797.0,797.0,26,923978,4
797.0,797.0,27,BBE90B,2
797.0,797.0,28,958A73,1
797.0,797.0,35,D9E4A7,1
797.0,797.0,41,AEEFEC,8
797.0,797.0,45,DF6695,5
797.0,797.0,47,FCFCFC,1
797.0,797.0,71,A0A5A9,21
797.0,797.0,72,6C6E68,20
797.0,797.0,85,3F3691,17
797.0,797.0,179,898788,1
797.0,797.0,182,F08F1C,1
797.0,797.0,288,184632,1
797.0,797.0,297,AA7F2E,58
797.0,797.0,320,720E0F,8
797.0,797.0,321,078BC9,4
797.0,797.0,322,36AEBF,18
,,0,05131D,13735
,,1,0055BF,3471
,,2,237841,1237
,,3,008F9B,376
,,4,C91A09,5373
,,5,C870A0,385
,,6,583927,428
,,7,9BA19D,366
,,8,6D6E5C,304
,,9,B4D2E3,4
,,10,4B9F4A,521
,,11,55A5AF,2
,,13,FC97AC,22
,,14,F2CD37,10426
,,15,FFFFFF,9647
,,18,FBE696,4
,,19,E4CD9E,2092
,,20,C9CAE2,12
,,21,D4D5C9,7
,,22,81007B,8
,,25,FE8A18,1379
,,26,923978,342
,,27,BBE90B,558
,,28,958A73,1270
,,29,E4ADC8,519
,,30,AC78BA,392
,,31,E1D5ED,145
,,33,0020A0,63
,,34,84B68D,28
,,35,D9E4A7,45
,,36,C91A09,208
,,40,635F52,298
,,41,AEEFEC,401
,,42,F8F184,140
,,45,DF6695,81
,,46,F5CD2F,103
,,47,FCFCFC,617
,,52,A5A5CB,56
,,57,FF800D,67
,,61,6C96BF,12
,,63,AA4D8E,8
,,64,1B2A34,3
,,69,CD6298,4
,,70,582A12,3013
,,71,A0A5A9,3721
,,72,6C6E68,3400
,,73,5A93DB,580
,,74,73DCA1,9
,,75,05131D,3
,,76,6C6E68,2
,,77,FECCCF,7
,,78,F6D7B3,4160
,,80,A5A9B4,140
,,82,DBAC34,72
,,84,AA7D55,1117
,,85,3F3691,832
,,86,7C503A,5
,,89,4C61DB,2
,,92,D09168,517
,,110,4354A3,29
,,112,6874CA,2
,,115,C7D23C,1
,,117,FFFFFF,1
,,118,B3D7D1,1
,,120,D9E4A7,1
,,129,A5A5CB,2
,,132,05131D,54
,,133,05131D,3
,,134,AE7A59,15
,,135,9CA3A8,95
,,137,7988A1,4
,,142,DCBC81,5
,,143,CFE2F7,9
,,148,575857,46
,,151,E6E3E0,5
,,158,DFEEA5,131
,,179,898788,891
,,182,F08F1C,167
,,191,F8BB3D,868
,,212,9FC3E9,418
,,226,FFF03A,689
,,232,7DBFDD,1
,,272,0A3463,2680
,,288,184632,654
,,294,BDC6AD,3
,,297,AA7F2E,1019
,,308,352100,1685
,,313,3592C3,2
,,320,720E0F,1335
,,321,078BC9,688
,,322,36AEBF,343
,,323,ADC3C0,334
,,326,9B9A5A,437
,,334,BBA53D,56
,,335,D67572,9
,,351,F785B1,38
,,366,FA9C1C,15
,,373,845E84,4
,,378,A0BCAC,520
,,379,6074A1,741
,,383,E0E0E0,17
,,462,FFA70B,8
,,484,A95500,1123
,,1000,D9D9D9,30
,,1001,9391E4,1
,,1003,68BCC5,3
,,1050,FF698F,93
,,1051,5AC4DA,3
,,1053,68BCC5,19
,,1054,CE1D9B,7
,,1055,FCFCFC,11
,,1059,8320B7,8
,,1060,84B68D,2
,,1061,0020A0,2
,,1062,EBD800,93
,,1063,B46A00,3
,,1067,AD6140,3
,,1088,755945,137
,,1089,CCA373,286
,,1092,764D3B,13
,,1095,635F52,4
,,1103,3E3C39,814
,,1136,CA4C0B,55
,,1137,915C3C,46
,,1138,5E3F33,16
,,1145,DD9E47,4
,,1146,F6B7BF,4
,,1147,A3A9FF,6
,,9999,05131D,93
