year,color,total_quantity,year_total,share
1949.0,Blue,72,790,0.09113924050632911
1949.0,Bright Green,6,790,0.007594936708860759
1949.0,Green,140,790,0.17721518987341772
1949.0,Red,151,790,0.1911392405063291
1949.0,Vintage Blue,24,790,0.030379746835443037
1949.0,Vintage Green,32,790,0.04050632911392405
1949.0,Vintage Red,31,790,0.039240506329113925
1949.0,Vintage Yellow,24,790,0.030379746835443037
1949.0,White,199,790,0.2518987341772152
1949.0,Yellow,111,790,0.14050632911392405
1950.0,Blue,10,22,0.45454545454545453
1950.0,Green,9,22,0.4090909090909091
1950.0,Red,3,22,0.13636363636363635
1953.0,Blue,2,106,0.018867924528301886
1953.0,Green,26,106,0.24528301886792453
1953.0,Red,26,106,0.24528301886792453
1953.0,White,26,106,0.24528301886792453
1953.0,Yellow,26,106,0.24528301886792453
1954.0,Blue,18,178,0.10112359550561797
1954.0,Green,6,178,0.033707865168539325
1954.0,Light Gray,1,178,0.0056179775280898875
1954.0,Red,70,178,0.39325842696629215
1954.0,Trans-Clear,2,178,0.011235955056179775
1954.0,White,63,178,0.3539325842696629
1954.0,Yellow,18,178,0.10112359550561797
1955.0,Blue,189,1253,0.15083798882681565
1955.0,Green,12,1253,0.009577015163607342
1955.0,Red,332,1253,0.2649640861931365
1955.0,Trans-Clear,43,1253,0.034317637669592976
1955.0,White,488,1253,0.38946528332003194
1955.0,Yellow,188,1253,0.15003990422984836
1955.0,[No Color/Any Color],1,1253,0.0007980845969672786
1956.0,Blue,6,501,0.011976047904191617
1956.0,Red,166,501,0.3313373253493014
1956.0,Trans-Clear,19,501,0.03792415169660679
1956.0,White,297,501,0.592814371257485
1956.0,Yellow,6,501,0.011976047904191617
1956.0,[No Color/Any Color],7,501,0.013972055888223553
1957.0,Black,1,1488,0.0006720430107526882
1957.0,Blue,88,1488,0.05913978494623656
1957.0,Green,15,1488,0.010080645161290322
1957.0,HO Earth Orange,1,1488,0.0006720430107526882
1957.0,HO Light Brown,1,1488,0.0006720430107526882
1957.0,HO Light Gold,1,1488,0.0006720430107526882
1957.0,HO Medium Red,1,1488,0.0006720430107526882
1957.0,HO Olive Green,1,1488,0.0006720430107526882
1957.0,HO Sand Blue,1,1488,0.0006720430107526882
1957.0,HO Tan,1,1488,0.0006720430107526882
1957.0,Light Gray,3,1488,0.0020161290322580645
1957.0,Metal,2,1488,0.0013440860215053765
1957.0,Red,300,1488,0.20161290322580644
1957.0,Trans-Clear,61,1488,0.04099462365591398
1957.0,White,987,1488,0.6633064516129032
1957.0,Yellow,20,1488,0.013440860215053764
1957.0,[No Color/Any Color],4,1488,0.002688172043010753
1958.0,Black,198,2918,0.067854694996573
1958.0,Blue,336,2918,0.11514736120630568
1958.0,Green,28,2918,0.009595613433858808
1958.0,HO Aqua,1,2918,0.0003427004797806717
1958.0,HO Blue-gray,2,2918,0.0006854009595613434
1958.0,HO Cyan,1,2918,0.0003427004797806717
1958.0,HO Dark Aqua,1,2918,0.0003427004797806717
1958.0,HO Dark Blue,1,2918,0.0003427004797806717
1958.0,HO Dark Green,1,2918,0.0003427004797806717
1958.0,HO Dark Lime,1,2918,0.0003427004797806717
1958.0,HO Dark Red,1,2918,0.0003427004797806717
1958.0,HO Dark Sand Green,1,2918,0.0003427004797806717
1958.0,HO Earth Orange,1,2918,0.0003427004797806717
1958.0,HO Gold,1,2918,0.0003427004797806717
1958.0,HO Light Aqua,1,2918,0.0003427004797806717
1958.0,HO Light Gold,1,2918,0.0003427004797806717
1958.0,HO Light Tan,1,2918,0.0003427004797806717
1958.0,HO Light Yellow,1,2918,0.0003427004797806717
1958.0,HO Medium Blue,2,2918,0.0006854009595613434
1958.0,HO Medium Red,3,2918,0.001028101439342015
1958.0,HO Metallic Blue,2,2918,0.0006854009595613434
1958.0,HO Metallic Dark Gray,1,2918,0.0003427004797806717
1958.0,HO Metallic Green,1,2918,0.0003427004797806717
1958.0,HO Metallic Sand Blue,1,2918,0.0003427004797806717
1958.0,HO Olive Green,1,2918,0.0003427004797806717
1958.0,HO Rose,1,2918,0.0003427004797806717
1958.0,HO Sand Blue,1,2918,0.0003427004797806717
1958.0,HO Sand Green,2,2918,0.0006854009595613434
1958.0,HO Tan,1,2918,0.0003427004797806717
1958.0,HO Titanium,1,2918,0.0003427004797806717
1958.0,Light Gray,2,2918,0.0006854009595613434
1958.0,Metal,10,2918,0.003427004797806717
1958.0,Red,401,2918,0.13742289239204936
1958.0,Trans-Clear,218,2918,0.07470870459218643
1958.0,White,1461,2918,0.5006854009595614
1958.0,Yellow,225,2918,0.07710760795065114
1958.0,[No Color/Any Color],6,2918,0.00205620287868403
1959.0,Black,1,57,0.017543859649122806
1959.0,Blue,21,57,0.3684210526315789
1959.0,HO Dark Blue,1,57,0.017543859649122806
1959.0,HO Light Tan,1,57,0.017543859649122806
1959.0,HO Metallic Dark Gray,1,57,0.017543859649122806
1959.0,Light Gray,1,57,0.017543859649122806
1959.0,Red,22,57,0.38596491228070173
1959.0,White,8,57,0.14035087719298245
1959.0,[No Color/Any Color],1,57,0.017543859649122806
1960.0,Black,20,576,0.034722222222222224
1960.0,Blue,50,576,0.08680555555555555
1960.0,Green,2,576,0.003472222222222222
1960.0,Red,160,576,0.2777777777777778
1960.0,Trans-Clear,26,576,0.04513888888888889
1960.0,White,287,576,0.4982638888888889
1960.0,Yellow,30,576,0.052083333333333336
1960.0,[No Color/Any Color],1,576,0.001736111111111111
1961.0,Black,15,2629,0.005705591479650057
1961.0,Blue,167,2629,0.06352225180677064
1961.0,Green,15,2629,0.005705591479650057
1961.0,HO Dark Blue,4,2629,0.0015214910612400153
1961.0,HO Dark Gray,3,2629,0.0011411182959300114
1961.0,HO Dark Green,2,2629,0.0007607455306200076
1961.0,HO Dark Red,3,2629,0.0011411182959300114
1961.0,HO Light Tan,1,2629,0.0003803727653100038
1961.0,HO Metallic Blue,1,2629,0.0003803727653100038
1961.0,HO Olive Green,1,2629,0.0003803727653100038
1961.0,Light Gray,82,2629,0.031190566755420313
1961.0,Metal,2,2629,0.0007607455306200076
1961.0,Red,665,2629,0.25294788893115255
1961.0,Trans-Clear,315,2629,0.1198174210726512
1961.0,White,1150,2629,0.4374286801065044
1961.0,Yellow,199,2629,0.07569418029669076
1961.0,[No Color/Any Color],4,2629,0.0015214910612400153
1962.0,Black,349,3426,0.10186806771745475
1962.0,Blue,376,3426,0.10974897840046702
1962.0,Green,184,3426,0.053706946876824285
1962.0,Light Gray,377,3426,0.11004086398131932
1962.0,Metal,1,3426,0.0002918855808523059
1962.0,Red,488,3426,0.14244016345592528
1962.0,Trans-Clear,503,3426,0.14681844716870987
1962.0,White,797,3426,0.2326328079392878
1962.0,Yellow,349,3426,0.10186806771745475
1962.0,[No Color/Any Color],2,3426,0.0005837711617046118
1963.0,Black,236,20650,0.011428571428571429
1963.0,Blue,226,20650,0.010944309927360774
1963.0,Green,3,20650,0.00014527845036319613
1963.0,HO Azure,1,20650,4.842615012106537e-05
1963.0,HO Dark Gray,4,20650,0.0001937046004842615
1963.0,HO Dark Red,2,20650,9.685230024213075e-05
1963.0,Light Gray,97,20650,0.004697336561743342
1963.0,Milky White,10,20650,0.00048426150121065375
1963.0,Modulex Aqua Green,16,20650,0.000774818401937046
1963.0,Modulex Black,2503,20650,0.12121065375302663
1963.0,Modulex Brown,2223,20650,0.10765133171912833
1963.0,Modulex Buff,1626,20650,0.0787409200968523
1963.0,Modulex Charcoal Gray,2,20650,9.685230024213075e-05
1963.0,Modulex Clear,1394,20650,0.06750605326876513
1963.0,Modulex Foil Dark Blue,1,20650,4.842615012106537e-05
1963.0,Modulex Foil Dark Gray,1,20650,4.842615012106537e-05
1963.0,Modulex Foil Dark Green,1,20650,4.842615012106537e-05
1963.0,Modulex Foil Light Blue,1,20650,4.842615012106537e-05
1963.0,Modulex Foil Light Gray,1,20650,4.842615012106537e-05
1963.0,Modulex Foil Light Green,1,20650,4.842615012106537e-05
1963.0,Modulex Foil Orange,1,20650,4.842615012106537e-05
1963.0,Modulex Foil Red,1,20650,4.842615012106537e-05
1963.0,Modulex Foil Violet,1,20650,4.842615012106537e-05
1963.0,Modulex Foil Yellow,1,20650,4.842615012106537e-05
1963.0,Modulex Lemon,23,20650,0.0011138014527845037
1963.0,Modulex Light Bluish Gray,10,20650,0.00048426150121065375
1963.0,Modulex Light Gray,2249,20650,0.10891041162227603
1963.0,Modulex Light Orange,7,20650,0.00033898305084745765
1963.0,Modulex Light Yellow,8,20650,0.000387409200968523
1963.0,Modulex Medium Blue,9,20650,0.00043583535108958837
1963.0,Modulex Ochre Yellow,1107,20650,0.05360774818401937
1963.0,Modulex Olive Green,1111,20650,0.053801452784503635
1963.0,Modulex Orange,26,20650,0.0012590799031476998
1963.0,Modulex Pastel Blue,19,20650,0.0009200968523002421
1963.0,Modulex Pastel Green,35,20650,0.001694915254237288
1963.0,Modulex Pink,20,20650,0.0009685230024213075
1963.0,Modulex Pink Red,7,20650,0.00033898305084745765
1963.0,Modulex Red,26,20650,0.0012590799031476998
1963.0,Modulex Teal Blue,1104,20650,0.053462469733656176
1963.0,Modulex Terracotta,1622,20650,0.07854721549636803
1963.0,Modulex Tile Blue,80,20650,0.00387409200968523
1963.0,Modulex Tile Brown,161,20650,0.007796610169491526
1963.0,Modulex Tile Gray,222,20650,0.010750605326876514
1963.0,Modulex Violet,7,20650,0.00033898305084745765
1963.0,Modulex White,2998,20650,0.145181598062954
1963.0,Red,689,20650,0.03336561743341404
1963.0,Trans-Clear,57,20650,0.0027602905569007264
1963.0,White,549,20650,0.02658595641646489
1963.0,Yellow,140,20650,0.006779661016949152
1963.0,[No Color/Any Color],11,20650,0.0005326876513317191
1964.0,Black,321,1994,0.16098294884653963
1964.0,Blue,400,1994,0.20060180541624875
1964.0,Green,12,1994,0.006018054162487462
1964.0,HO Dark Blue,2,1994,0.0010030090270812437
1964.0,HO Dark Gray,4,1994,0.0020060180541624875
1964.0,HO Dark Green,1,1994,0.0005015045135406219
1964.0,HO Dark Red,4,1994,0.0020060180541624875
1964.0,HO Light Tan,1,1994,0.0005015045135406219
1964.0,HO Olive Green,7,1994,0.003510531594784353
1964.0,HO Sand Green,2,1994,0.0010030090270812437
1964.0,HO Tan,1,1994,0.0005015045135406219
1964.0,Light Gray,142,1994,0.0712136409227683
1964.0,Milky White,3,1994,0.0015045135406218655
1964.0,Red,521,1994,0.261283851554664
1964.0,Trans-Clear,69,1994,0.03460381143430291
1964.0,White,434,1994,0.2176529588766299
1964.0,Yellow,70,1994,0.03510531594784353
1965.0,Black,252,1800,0.14
1965.0,Blue,278,1800,0.15444444444444444
1965.0,Green,6,1800,0.0033333333333333335
1965.0,HO Dark Blue,1,1800,0.0005555555555555556
1965.0,HO Dark Turquoise,1,1800,0.0005555555555555556
1965.0,HO Olive Green,4,1800,0.0022222222222222222
1965.0,Light Gray,145,1800,0.08055555555555556
1965.0,Milky White,1,1800,0.0005555555555555556
1965.0,Red,374,1800,0.20777777777777778
1965.0,Trans-Clear,108,1800,0.06
1965.0,Trans-Dark Blue,1,1800,0.0005555555555555556
1965.0,White,501,1800,0.2783333333333333
1965.0,Yellow,127,1800,0.07055555555555555
1965.0,[No Color/Any Color],1,1800,0.0005555555555555556
1966.0,Black,396,7723,0.05127541110967241
1966.0,Blue,1169,7723,0.15136604946264404
1966.0,Green,46,7723,0.005956234623850835
1966.0,Light Gray,351,7723,0.04544865984720963
1966.0,Milky White,11,7723,0.001424316975268678
1966.0,Red,2367,7723,0.3064871164055419
1966.0,Trans-Clear,430,7723,0.0556778453968665
1966.0,White,2411,7723,0.3121843843066166
1966.0,Yellow,541,7723,0.07005049851094135
1966.0,[No Color/Any Color],1,7723,0.00012948336138806163
1967.0,Black,700,4172,0.16778523489932887
1967.0,Blue,685,4172,0.16418983700862896
1967.0,Green,36,4172,0.00862895493767977
1967.0,Light Gray,359,4172,0.08604985618408437
1967.0,Milky White,1,4172,0.00023969319271332693
1967.0,Red,1101,4172,0.26390220517737295
1967.0,Trans-Clear,147,4172,0.03523489932885906
1967.0,White,666,4172,0.15963566634707574
1967.0,Yellow,475,4172,0.1138542665388303
1967.0,[No Color/Any Color],2,4172,0.00047938638542665386
1968.0,Black,814,5935,0.13715248525695029
1968.0,Blue,473,5935,0.07969671440606571
1968.0,Green,13,5935,0.0021903959561920807
1968.0,Light Gray,305,5935,0.051390058972198824
1968.0,Milky White,4,5935,0.0006739679865206403
1968.0,Red,2068,5935,0.348441449031171
1968.0,Trans-Clear,244,5935,0.041112047177759056
1968.0,White,1388,5935,0.23386689132266217
1968.0,Yellow,626,5935,0.1054759898904802
1969.0,Black,1023,6885,0.1485838779956427
1969.0,Blue,1066,6885,0.15482933914306463
1969.0,Green,51,6885,0.007407407407407408
1969.0,Light Gray,314,6885,0.04560639070442992
1969.0,Metal,2,6885,0.00029048656499636893
1969.0,Milky White,6,6885,0.0008714596949891067
1969.0,Red,1928,6885,0.28002904865649964
1969.0,Trans-Clear,454,6885,0.06594045025417575
1969.0,Trans-Green,4,6885,0.0005809731299927379
1969.0,Trans-Red,4,6885,0.0005809731299927379
1969.0,Trans-Yellow,4,6885,0.0005809731299927379
1969.0,White,1411,6885,0.20493827160493827
1969.0,Yellow,618,6885,0.08976034858387799
1970.0,Black,615,3935,0.156289707750953
1970.0,Blue,316,3935,0.08030495552731894
1970.0,Green,133,3935,0.033799237611181705
1970.0,HO Blue-gray,1,3935,0.00025412960609911054
1970.0,Light Gray,173,3935,0.043964421855146124
1970.0,Metal,12,3935,0.0030495552731893264
1970.0,Milky White,33,3935,0.008386277001270648
1970.0,Red,1145,3935,0.2909783989834816
1970.0,Trans-Clear,193,3935,0.04904701397712834
1970.0,White,865,3935,0.21982210927573062
1970.0,Yellow,449,3935,0.11410419313850063
1971.0,Black,740,5380,0.137546468401487
1971.0,Blue,592,5380,0.1100371747211896
1971.0,Green,119,5380,0.02211895910780669
1971.0,Light Gray,101,5380,0.018773234200743494
1971.0,Red,1837,5380,0.341449814126394
1971.0,Trans-Clear,186,5380,0.0345724907063197
1971.0,White,1417,5380,0.2633828996282528
1971.0,Yellow,386,5380,0.07174721189591078
1971.0,[No Color/Any Color],2,5380,0.0003717472118959108
1972.0,Black,750,4604,0.16290182450043442
1972.0,Blue,838,4604,0.18201563857515204
1972.0,Green,22,4604,0.0047784535186794095
1972.0,Light Gray,203,4604,0.044092093831450914
1972.0,Milky White,18,4604,0.003909643788010426
1972.0,Red,1267,4604,0.27519548218940054
1972.0,Trans-Clear,97,4604,0.02106863596872285
1972.0,White,743,4604,0.1613814074717637
1972.0,Yellow,647,4604,0.14052997393570807
1972.0,[No Color/Any Color],19,4604,0.0041268462206776714
1973.0,Black,1106,8044,0.13749378418697167
1973.0,Blue,1218,8044,0.15141720537046247
1973.0,Green,59,8044,0.007334659373446047
1973.0,Light Gray,151,8044,0.018771755345599203
1973.0,Milky White,2,8044,0.0002486325211337643
1973.0,Red,2434,8044,0.30258577821979116
1973.0,Trans-Clear,239,8044,0.029711586275484834
1973.0,White,1901,8044,0.23632521133764298
1973.0,Yellow,914,8044,0.11362506215813029
1973.0,[No Color/Any Color],20,8044,0.002486325211337643
1974.0,Black,810,4383,0.18480492813141683
1974.0,Blue,579,4383,0.13210130047912388
1974.0,Brown,6,4383,0.0013689253935660506
1974.0,Green,9,4383,0.002053388090349076
1974.0,Light Gray,217,4383,0.04950946840063883
1974.0,Maersk Blue,7,4383,0.0015970796258270592
1974.0,Metal,16,4383,0.003650467716176135
1974.0,Milky White,29,4383,0.006616472735569244
1974.0,Red,1076,4383,0.2454939539128451
1974.0,Trans-Clear,160,4383,0.036504677161761354
1974.0,White,862,4383,0.19666894820898928
1974.0,Yellow,592,4383,0.135067305498517
1974.0,[No Color/Any Color],20,4383,0.004563084645220169
1975.0,Black,1222,5475,0.22319634703196348
1975.0,Blue,1034,5475,0.18885844748858446
1975.0,Brown,7,5475,0.0012785388127853881
1975.0,Green,37,5475,0.006757990867579908
1975.0,Light Gray,129,5475,0.023561643835616437
1975.0,Milky White,10,5475,0.0018264840182648401
1975.0,Red,1538,5475,0.2809132420091324
1975.0,Trans-Clear,165,5475,0.030136986301369864
1975.0,White,492,5475,0.08986301369863013
1975.0,Yellow,826,5475,0.1508675799086758
1975.0,[No Color/Any Color],15,5475,0.0027397260273972603
1976.0,Black,2900,11852,0.24468444144448195
1976.0,Blue,1916,11852,0.16166047924400945
1976.0,Brown,11,11852,0.0009281133985825177
1976.0,Green,79,11852,0.006665541680728991
1976.0,Light Gray,369,11852,0.031133985825177186
1976.0,Milky White,41,11852,0.0034593317583530205
1976.0,Red,2499,11852,0.2108504893688829
1976.0,Trans-Clear,284,11852,0.023962200472494095
1976.0,Trans-Red,4,11852,0.0003374957813027337
1976.0,White,1946,11852,0.16419169760377994
1976.0,Yellow,1778,11852,0.15001687478906514
1976.0,[No Color/Any Color],25,11852,0.0021093486331420857
1977.0,Black,2195,10020,0.21906187624750498
1977.0,Blue,1301,10020,0.12984031936127743
1977.0,Brown,6,10020,0.0005988023952095808
1977.0,Chrome Silver,2,10020,0.0001996007984031936
1977.0,Green,48,10020,0.004790419161676647
1977.0,Light Gray,916,10020,0.09141716566866268
1977.0,Milky White,20,10020,0.001996007984031936
1977.0,Red,2115,10020,0.21107784431137724
1977.0,Trans-Clear,430,10020,0.04291417165668663
1977.0,White,1127,10020,0.1124750499001996
1977.0,Yellow,1843,10020,0.18393213572854292
1977.0,[No Color/Any Color],17,10020,0.0016966067864271457
1978.0,Black,2953,12499,0.23625890071205696
1978.0,Blue,840,12499,0.06720537643011441
1978.0,Brown,37,12499,0.0029602368189455158
1978.0,Dark Gray,8,12499,0.0006400512040963277
1978.0,Green,113,12499,0.00904072325786063
1978.0,Light Gray,1487,12499,0.1189695175614049
1978.0,Milky White,5,12499,0.0004000320025602048
1978.0,Red,2631,12499,0.21049683974717978
1978.0,Trans-Clear,244,12499,0.019521561724937995
1978.0,Trans-Dark Blue,20,12499,0.0016001280102408192
1978.0,Trans-Green,11,12499,0.0008800704056324506
1978.0,Trans-Red,11,12499,0.0008800704056324506
1978.0,Trans-Yellow,4,12499,0.00032002560204816386
1978.0,White,1711,12499,0.1368909512761021
1978.0,Yellow,2368,12499,0.189455156412513
1978.0,[No Color/Any Color],56,12499,0.004480358428674294
1979.0,Black,1691,10809,0.1564437043204737
1979.0,Blue,1817,10809,0.16810065686002407
1979.0,Brown,26,10809,0.0024054029049865853
1979.0,Dark Gray,8,10809,0.0007401239707651032
1979.0,Fabuland Brown,1,10809,9.25154963456379e-05
1979.0,Fabuland Red,1,10809,9.25154963456379e-05
1979.0,Green,96,10809,0.008881487649181239
1979.0,Light Gray,2334,10809,0.21593116847071883
1979.0,Nougat,2,10809,0.0001850309926912758
1979.0,Red,1179,10809,0.10907577019150708
1979.0,Trans-Clear,109,10809,0.01008418910167453
1979.0,Trans-Dark Blue,46,10809,0.004255712831899343
1979.0,Trans-Green,55,10809,0.005088352299010084
1979.0,Trans-Red,128,10809,0.01184198353224165
1979.0,Trans-Yellow,144,10809,0.013322231473771857
1979.0,White,1480,10809,0.1369229345915441
1979.0,Yellow,1656,10809,0.15320566194837634
1979.0,[No Color/Any Color],36,10809,0.0033305578684429643
1980.0,Black,3478,13427,0.259030312057794
1980.0,Blue,1505,13427,0.11208758471736054
1980.0,Brown,14,13427,0.0010426752066731214
1980.0,Dark Gray,361,13427,0.0268861249720712
1980.0,Fabuland Red,1,13427,7.447680047665153e-05
1980.0,Green,88,13427,0.006553958441945334
1980.0,Light Gray,2797,13427,0.2083116109331943
1980.0,Maersk Blue,115,13427,0.008564832054814925
1980.0,Nougat,1,13427,7.447680047665153e-05
1980.0,Red,2172,13427,0.1617636106352871
1980.0,Trans-Clear,231,13427,0.0172041409101065
1980.0,Trans-Dark Blue,18,13427,0.0013405824085797274
1980.0,Trans-Green,25,13427,0.001861920011916288
1980.0,Trans-Red,84,13427,0.006256051240038728
1980.0,Trans-Yellow,96,13427,0.007149772845758546
1980.0,White,845,13427,0.06293289640277054
1980.0,Yellow,1563,13427,0.11640723914500634
1980.0,[No Color/Any Color],33,13427,0.0024577344157295004
1981.0,Black,2148,9959,0.21568430565317803
1981.0,Blue,867,9959,0.08705693342705091
1981.0,Brown,10,9959,0.0010041168792047394
1981.0,Dark Gray,42,9959,0.0042172908926599055
1981.0,Green,145,9959,0.014559694748468723
1981.0,Light Gray,1892,9959,0.1899789135455367
1981.0,Milky White,2,9959,0.0002008233758409479
1981.0,Red,1637,9959,0.16437393312581586
1981.0,Trans-Clear,159,9959,0.015965458379355358
1981.0,Trans-Dark Blue,45,9959,0.004518525956421327
1981.0,Trans-Green,24,9959,0.0024098805100913746
1981.0,Trans-Red,113,9959,0.011346520735013556
1981.0,Trans-Yellow,61,9959,0.006125112963148911
1981.0,White,1229,9959,0.12340596445426248
1981.0,Yellow,1559,9959,0.15654182146801887
1981.0,[No Color/Any Color],26,9959,0.0026107038859323225
1982.0,Black,1114,5951,0.18719542933960678
1982.0,Blue,643,5951,0.108049067383633
1982.0,Brown,20,5951,0.0033607797008906068
1982.0,Dark Gray,11,5951,0.0018484288354898336
1982.0,Earth Orange,14,5951,0.0023525457906234245
1982.0,Fabuland Brown,15,5951,0.002520584775667955
1982.0,Fabuland Lime,2,5951,0.0003360779700890607
1982.0,Green,74,5951,0.012434884893295245
1982.0,Light Gray,852,5951,0.14316921525793985
1982.0,Milky White,1,5951,0.00016803898504453034
1982.0,Nougat,1,5951,0.00016803898504453034
1982.0,Red,1052,5951,0.17677701226684592
1982.0,Tan,9,5951,0.001512350865400773
1982.0,Trans-Clear,54,5951,0.009074105192404638
1982.0,Trans-Dark Blue,8,5951,0.0013443118803562427
1982.0,Trans-Green,13,5951,0.0021845068055788945
1982.0,Trans-Red,50,5951,0.008401949252226516
1982.0,Trans-Yellow,43,5951,0.0072256763569148045
1982.0,White,1022,5951,0.17173584271551
1982.0,Yellow,932,5951,0.15661233406150227
1982.0,[No Color/Any Color],21,5951,0.003528818685935137
1983.0,Black,1863,7481,0.24903087822483624
1983.0,Blue,786,7481,0.10506616762464911
1983.0,Brown,10,7481,0.001336719689881032
1983.0,Dark Gray,78,7481,0.010426413581072049
1983.0,Earth Orange,1,7481,0.0001336719689881032
1983.0,Fabuland Brown,2,7481,0.0002673439379762064
1983.0,Fabuland Orange,1,7481,0.0001336719689881032
1983.0,Green,67,7481,0.008956021922202915
1983.0,Light Gray,1239,7481,0.16561956957625987
1983.0,Red,1066,7481,0.142494318941318
1983.0,Trans-Clear,141,7481,0.01884774762732255
1983.0,Trans-Dark Blue,33,7481,0.0044111749766074055
1983.0,Trans-Green,23,7481,0.0030744552867263734
1983.0,Trans-Red,99,7481,0.013233524929822216
1983.0,Trans-Yellow,46,7481,0.006148910573452747
1983.0,White,1341,7481,0.1792541104130464
1983.0,Yellow,649,7481,0.08675310787327897
1983.0,[No Color/Any Color],36,7481,0.004812190883571715
1984.0,Black,1990,8167,0.24366352393779847
1984.0,Blue,1536,8167,0.18807395616505448
1984.0,Brown,54,8167,0.006611975021427697
1984.0,Dark Gray,37,8167,0.0045304273294967555
1984.0,Earth Orange,1,8167,0.0001224439818782907
1984.0,Fabuland Brown,4,8167,0.0004897759275131628
1984.0,Green,82,8167,0.010040406514019835
1984.0,Light Gray,1678,8167,0.20546100159177177
1984.0,Red,749,8167,0.09171054242683972
1984.0,Trans-Clear,92,8167,0.011264846332802742
1984.0,Trans-Dark Blue,8,8167,0.0009795518550263255
1984.0,Trans-Green,36,8167,0.004407983347618464
1984.0,Trans-Red,180,8167,0.022039916738092323
1984.0,Trans-Yellow,125,8167,0.015305497734786335
1984.0,White,660,8167,0.08081302803967184
1984.0,Yellow,923,8167,0.1130157952736623
1984.0,[No Color/Any Color],12,8167,0.0014693277825394882
1985.0,Black,4583,20930,0.21896798853320593
1985.0,Blue,2494,20930,0.11915910176779743
1985.0,Brown,88,20930,0.0042044911610129
1985.0,Dark Gray,254,20930,0.012135690396559961
1985.0,Earth Orange,3,20930,0.0001433349259436216
1985.0,Fabuland Brown,9,20930,0.00043000477783086477
1985.0,Fabuland Lime,1,20930,4.777830864787386e-05
1985.0,Fabuland Red,6,20930,0.0002866698518872432
1985.0,Green,287,20930,0.0137123745819398
1985.0,Light Gray,3058,20930,0.14610606784519828
1985.0,Maersk Blue,132,20930,0.0063067367415193505
1985.0,Milky White,3,20930,0.0001433349259436216
1985.0,Nougat,6,20930,0.0002866698518872432
1985.0,Red,4081,20930,0.19498327759197323
1985.0,Royal Blue,1,20930,4.777830864787386e-05
1985.0,Trans-Clear,491,20930,0.02345914954610607
1985.0,Trans-Dark Blue,48,20930,0.0022933588150979454
1985.0,Trans-Green,43,20930,0.0020544672718585764
1985.0,Trans-Light Blue,62,20930,0.0029622551361681796
1985.0,Trans-Red,270,20930,0.012900143334925944
1985.0,Trans-Yellow,137,20930,0.00654562828475872
1985.0,White,2520,20930,0.12040133779264214
1985.0,Yellow,2226,20930,0.10635451505016723
1985.0,[No Color/Any Color],127,20930,0.006067845198279981
1986.0,Black,4060,18005,0.22549291863371285
1986.0,Blue,1697,18005,0.09425159677867259
1986.0,Brown,80,18005,0.004443210219383505
1986.0,Dark Gray,28,18005,0.0015551235767842266
1986.0,Earth Orange,1,18005,5.554012774229381e-05
1986.0,Fabuland Brown,6,18005,0.0003332407664537628
1986.0,Fabuland Lime,13,18005,0.0007220216606498195
1986.0,Fabuland Red,7,18005,0.00038878089419605664
1986.0,Green,206,18005,0.011441266314912525
1986.0,Light Gray,3546,18005,0.19694529297417385
1986.0,Maersk Blue,18,18005,0.0009997222993612886
1986.0,Nougat,5,18005,0.00027770063871146905
1986.0,Red,2487,18005,0.1381282976950847
1986.0,Tan,19,18005,0.0010552624271035823
1986.0,Trans-Clear,162,18005,0.008997500694251597
1986.0,Trans-Dark Blue,38,18005,0.0021105248542071645
1986.0,Trans-Green,61,18005,0.0033879477922799223
1986.0,Trans-Light Blue,26,18005,0.001444043321299639
1986.0,Trans-Red,277,18005,0.015384615384615385
1986.0,Trans-Yellow,171,18005,0.009497361843932241
1986.0,White,3096,18005,0.17195223549014163
1986.0,Yellow,1949,18005,0.10824770896973063
1986.0,[No Color/Any Color],52,18005,0.002888086642599278
1987.0,Black,3828,15964,0.23978952643447757
1987.0,Blue,1677,15964,0.10504885993485343
1987.0,Brown,63,15964,0.0039463793535454775
1987.0,Dark Gray,21,15964,0.0013154597845151592
1987.0,Earth Orange,3,15964,0.00018792282635930844
1987.0,Fabuland Brown,12,15964,0.0007516913054372337
1987.0,Fabuland Orange,4,15964,0.00025056376847907793
1987.0,Green,236,15964,0.014783262340265597
1987.0,Light Gray,1713,15964,0.10730393385116511
1987.0,Milky White,5,15964,0.00031320471059884743
1987.0,Red,2680,15964,0.1678777248809822
1987.0,Trans-Clear,208,15964,0.013029315960912053
1987.0,Trans-Dark Blue,61,15964,0.003821097469305938
1987.0,Trans-Green,37,15964,0.0023177148584314707
1987.0,Trans-Light Blue,36,15964,0.0022550739163117012
1987.0,Trans-Red,236,15964,0.014783262340265597
1987.0,Trans-Yellow,103,15964,0.006452017038336257
1987.0,White,3029,15964,0.18973941368078176
1987.0,Yellow,1976,15964,0.1237785016286645
1987.0,[No Color/Any Color],36,15964,0.0022550739163117012
1988.0,Black,3259,11061,0.2946388210830847
1988.0,Blue,558,11061,0.05044751830756713
1988.0,Brown,56,11061,0.0050628333785372025
1988.0,Dark Gray,47,11061,0.004249163728415152
1988.0,Earth Orange,2,11061,0.0001808154778049001
1988.0,Fabuland Brown,3,11061,0.00027122321670735016
1988.0,Green,177,11061,0.01600216978573366
1988.0,Light Gray,1453,11061,0.13136244462525992
1988.0,Red,1117,11061,0.10098544435403671
1988.0,Tan,1,11061,9.040773890245005e-05
1988.0,Trans-Clear,72,11061,0.006509357200976403
1988.0,Trans-Dark Blue,92,11061,0.008317511979025404
1988.0,Trans-Green,18,11061,0.0016273393002441008
1988.0,Trans-Light Blue,35,11061,0.003164270861585752
1988.0,Trans-Red,274,11061,0.024771720459271312
1988.0,Trans-Yellow,76,11061,0.006870988156586204
1988.0,White,2315,11061,0.20929391555917187
1988.0,Yellow,1474,11061,0.13326100714221137
1988.0,[No Color/Any Color],32,11061,0.0028930476448784017
1989.0,Black,5210,17083,0.3049815606158169
1989.0,Blue,1371,17083,0.08025522449218521
1989.0,Brown,578,17083,0.033834806532810395
1989.0,Chrome Gold,176,17083,0.0103026400515132
1989.0,Dark Gray,222,17083,0.012995375519522331
1989.0,Fabuland Red,1,17083,5.853772756541591e-05
1989.0,Green,300,17083,0.017561318269624773
1989.0,Light Gray,2324,17083,0.1360416788620266
1989.0,Milky White,2,17083,0.00011707545513083183
1989.0,Nougat,1,17083,5.853772756541591e-05
1989.0,Red,1739,17083,0.10179710823625827
1989.0,Rust,9,17083,0.0005268395480887432
1989.0,Trans-Clear,119,17083,0.006965989580284494
1989.0,Trans-Dark Blue,38,17083,0.0022244336474858046
1989.0,Trans-Green,15,17083,0.0008780659134812387
1989.0,Trans-Light Blue,52,17083,0.003043961833401627
1989.0,Trans-Red,223,17083,0.013053913247087748
1989.0,Trans-Yellow,149,17083,0.00872212140724697
1989.0,White,2236,17083,0.13089035883626998
1989.0,Yellow,2295,17083,0.13434408476262952
1989.0,[No Color/Any Color],23,17083,0.001346367734004566
1990.0,Black,4324,21005,0.20585574863127826
1990.0,Blue,1658,21005,0.07893358724113306
1990.0,Brown,129,21005,0.006141394905974768
1990.0,Chrome Gold,8,21005,0.00038086169959533443
1990.0,Dark Gray,73,21005,0.003475363008807427
1990.0,Earth Orange,12,21005,0.0005712925493930016
1990.0,Fabuland Brown,1,21005,4.7607712449416804e-05
1990.0,Green,276,21005,0.013139728636039039
1990.0,Light Gray,2890,21005,0.13758628897881456
1990.0,Nougat,1,21005,4.7607712449416804e-05
1990.0,Red,4335,21005,0.20637943346822185
1990.0,Trans-Clear,179,21005,0.008521780528445608
1990.0,Trans-Dark Blue,64,21005,0.0030468935967626755
1990.0,Trans-Green,30,21005,0.0014282313734825041
1990.0,Trans-Light Blue,177,21005,0.008426565103546774
1990.0,Trans-Neon Green,112,21005,0.005332063794334682
1990.0,Trans-Red,153,21005,0.007283980004760771
1990.0,Trans-Yellow,153,21005,0.007283980004760771
1990.0,White,4312,21005,0.20528445608188525
1990.0,Yellow,1955,21005,0.09307307783860985
1990.0,[No Color/Any Color],163,21005,0.007760057129254939
1991.0,Black,5705,23280,0.24506013745704466
1991.0,Blue,1304,23280,0.056013745704467356
1991.0,Brown,181,23280,0.007774914089347079
1991.0,Chrome Gold,12,23280,0.0005154639175257732
1991.0,Dark Gray,241,23280,0.010352233676975945
1991.0,Earth Orange,2,23280,8.59106529209622e-05
1991.0,Fabuland Brown,3,23280,0.0001288659793814433
1991.0,Fabuland Red,4,23280,0.0001718213058419244
1991.0,Green,263,23280,0.011297250859106529
1991.0,Light Gray,3193,23280,0.13715635738831616
1991.0,Light Pink,9,23280,0.0003865979381443299
1991.0,Nougat,5,23280,0.0002147766323024055
1991.0,Red,4159,23280,0.1786512027491409
1991.0,Rust,4,23280,0.0001718213058419244
1991.0,Trans-Clear,327,23280,0.01404639175257732
1991.0,Trans-Dark Blue,92,23280,0.003951890034364261
1991.0,Trans-Green,43,23280,0.0018470790378006872
1991.0,Trans-Light Blue,189,23280,0.008118556701030928
1991.0,Trans-Neon Green,218,23280,0.00936426116838488
1991.0,Trans-Red,205,23280,0.008805841924398625
1991.0,Trans-Yellow,222,23280,0.009536082474226805
1991.0,White,3906,23280,0.16778350515463916
1991.0,Yellow,2938,23280,0.12620274914089347
1991.0,[No Color/Any Color],55,23280,0.0023625429553264603
1992.0,Black,4668,16610,0.2810355207706201
1992.0,Blue,877,16610,0.05279951836243227
1992.0,Brown,239,16610,0.014388922335942203
1992.0,Chrome Gold,44,16610,0.0026490066225165563
1992.0,Dark Gray,144,16610,0.008669476219145093
1992.0,Duplo Lime,5,16610,0.00030102347983142685
1992.0,Duplo Pink,14,16610,0.0008428657435279952
1992.0,Green,286,16610,0.017218543046357615
1992.0,Light Gray,3360,16610,0.20228777844671886
1992.0,Light Green,13,16610,0.0007826610475617098
1992.0,Light Pink,125,16610,0.007525586995785672
1992.0,Maersk Blue,4,16610,0.00024081878386514148
1992.0,Milky White,16,16610,0.0009632751354605659
1992.0,Red,2025,16610,0.12191450933172787
1992.0,Tan,10,16610,0.0006020469596628537
1992.0,Trans-Clear,128,16610,0.007706201083684527
1992.0,Trans-Dark Blue,97,16610,0.005839855508729681
1992.0,Trans-Green,69,16610,0.004154124021673691
1992.0,Trans-Light Blue,85,16610,0.005117399157134257
1992.0,Trans-Neon Green,10,16610,0.0006020469596628537
1992.0,Trans-Red,101,16610,0.006080674292594823
1992.0,Trans-Yellow,185,16610,0.011137868753762794
1992.0,Violet,1,16610,6.020469596628537e-05
1992.0,White,2721,16610,0.16381697772426249
1992.0,Yellow,1349,16610,0.08121613485851896
1992.0,[No Color/Any Color],34,16610,0.0020469596628537026
1993.0,Black,5684,19127,0.29717153761698123
1993.0,Blue,1228,19127,0.06420243634652585
1993.0,Brown,264,19127,0.013802478172217284
1993.0,Chrome Gold,60,19127,0.00313692685732211
1993.0,Chrome Silver,1,19127,5.228211428870183e-05
1993.0,Dark Gray,200,19127,0.010456422857740367
1993.0,Duplo Pink,33,19127,0.0017253097715271605
1993.0,Earth Orange,2,19127,0.00010456422857740367
1993.0,Glow In Dark Opaque,6,19127,0.000313692685732211
1993.0,Green,320,19127,0.016730276572384586
1993.0,Light Gray,3348,19127,0.17504051863857376
1993.0,Light Green,16,19127,0.0008365138286192293
1993.0,Light Pink,93,19127,0.004862236628849271
1993.0,Maersk Blue,3,19127,0.0001568463428661055
1993.0,Nougat,1,19127,5.228211428870183e-05
1993.0,Red,2232,19127,0.1166936790923825
1993.0,Trans-Clear,193,19127,0.010090448057719454
1993.0,Trans-Dark Blue,52,19127,0.0027186699430124953
1993.0,Trans-Green,61,19127,0.003189208971610812
1993.0,Trans-Light Blue,100,19127,0.005228211428870183
1993.0,Trans-Neon Green,34,19127,0.0017775918858158623
1993.0,Trans-Neon Orange,172,19127,0.008992523657656716
1993.0,Trans-Red,156,19127,0.008156009829037487
1993.0,Trans-Yellow,159,19127,0.008312856171903592
1993.0,White,3087,19127,0.16139488680922257
1993.0,Yellow,1577,19127,0.08244889423328279
1993.0,[No Color/Any Color],45,19127,0.0023526951429915827
1994.0,Black,6199,20553,0.3016104704909259
1994.0,Blue,1062,20553,0.051671288862939715
1994.0,Brown,185,20553,0.009001119058045055
1994.0,Chrome Gold,36,20553,0.0017515691139979566
1994.0,Chrome Silver,25,20553,0.0012163674402763587
1994.0,Dark Gray,237,20553,0.01153116333381988
1994.0,Dark Orange,2,20553,9.730939522210869e-05
1994.0,Earth Orange,4,20553,0.00019461879044421738
1994.0,Fabuland Red,2,20553,9.730939522210869e-05
1994.0,Glow In Dark Opaque,2,20553,9.730939522210869e-05
1994.0,Green,387,20553,0.01882936797547803
1994.0,Light Gray,3858,20553,0.18770982338344766
1994.0,Light Green,10,20553,0.0004865469761105435
1994.0,Light Violet,30,20553,0.0014596409283316304
1994.0,Light Yellow,23,20553,0.00111905804505425
1994.0,Medium Dark Pink,169,20553,0.008222643896268185
1994.0,Medium Green,81,20553,0.003941030506495402
1994.0,Nougat,2,20553,9.730939522210869e-05
1994.0,Pink,72,20553,0.003503138227995913
1994.0,Red,3006,20553,0.14625602101882937
1994.0,Tan,6,20553,0.00029192818566632606
1994.0,Trans-Clear,108,20553,0.00525470734199387
1994.0,Trans-Dark Blue,176,20553,0.008563226779545565
1994.0,Trans-Green,28,20553,0.0013623315331095216
1994.0,Trans-Light Blue,131,20553,0.006373765387048119
1994.0,Trans-Neon Green,86,20553,0.004184303994550674
1994.0,Trans-Neon Orange,22,20553,0.0010704033474431957
1994.0,Trans-Red,131,20553,0.006373765387048119
1994.0,Trans-Yellow,131,20553,0.006373765387048119
1994.0,White,2571,20553,0.12509122755802074
1994.0,Yellow,1685,20553,0.08198316547462657
1994.0,[No Color/Any Color],86,20553,0.004184303994550674
1995.0,Black,6642,26344,0.25212572122684485
1995.0,Blue,2599,26344,0.09865624051017309
1995.0,Bright Green,3,26344,0.00011387792286668691
1995.0,Brown,210,26344,0.007971454600668084
1995.0,Chrome Gold,26,26344,0.0009869419981779531
1995.0,Chrome Silver,63,26344,0.0023914363802004252
1995.0,Dark Gray,324,26344,0.012298815669602186
1995.0,Dark Orange,2,26344,7.591861524445795e-05
1995.0,Earth Orange,6,26344,0.00022775584573337383
1995.0,Glow In Dark Opaque,3,26344,0.00011387792286668691
1995.0,Green,501,26344,0.019017613118736714
1995.0,Light Blue,2,26344,7.591861524445795e-05
1995.0,Light Gray,4777,26344,0.1813316125113878
1995.0,Light Green,3,26344,0.00011387792286668691
1995.0,Light Violet,23,26344,0.0008730640753112663
1995.0,Light Yellow,3,26344,0.00011387792286668691
1995.0,Maersk Blue,18,26344,0.0006832675372001215
1995.0,Medium Dark Pink,89,26344,0.0033783783783783786
1995.0,Medium Green,54,26344,0.0020498026116003644
1995.0,Pink,89,26344,0.0033783783783783786
1995.0,Red,3456,26344,0.13118736714242332
1995.0,Tan,1,26344,3.795930762222897e-05
1995.0,Trans-Clear,85,26344,0.0032265411478894627
1995.0,Trans-Dark Blue,114,26344,0.004327361068934102
1995.0,Trans-Green,28,26344,0.0010628606134224113
1995.0,Trans-Light Blue,56,26344,0.0021257212268448226
1995.0,Trans-Neon Green,97,26344,0.0036820528393562103
1995.0,Trans-Neon Orange,80,26344,0.0030367446097783178
1995.0,Trans-Red,144,26344,0.005466140297600972
1995.0,Trans-Yellow,152,26344,0.005769814758578804
1995.0,White,3230,26344,0.12260856361979958
1995.0,Yellow,3401,26344,0.12909960522320074
1995.0,[No Color/Any Color],63,26344,0.0023914363802004252
1996.0,Black,9742,35726,0.27268655880871073
1996.0,Blue,2906,35726,0.08134132004702457
1996.0,Bright Green,4,35726,0.0001119632760454571
1996.0,Brown,1063,35726,0.02975424060908022
1996.0,Chrome Gold,92,35726,0.002575155349045513
1996.0,Chrome Silver,88,35726,0.002463192073000056
1996.0,Dark Gray,687,35726,0.019229692660807256
1996.0,Dark Orange,3,35726,8.397245703409282e-05
1996.0,Glow In Dark Opaque,3,35726,8.397245703409282e-05
1996.0,Green,912,35726,0.025527626938364217
1996.0,Light Blue,2,35726,5.598163802272855e-05
1996.0,Light Gray,4631,35726,0.12962548284162795
1996.0,Light Violet,39,35726,0.0010916419414432066
1996.0,Light Yellow,19,35726,0.0005318255612159212
1996.0,Medium Dark Pink,198,35726,0.005542182164250126
1996.0,Medium Green,41,35726,0.0011476235794659353
1996.0,Nougat,16,35726,0.0004478531041818284
1996.0,Pink,113,35726,0.003162962548284163
1996.0,Red,3975,35726,0.11126350557017298
1996.0,Tan,15,35726,0.0004198622851704641
1996.0,Trans-Clear,173,35726,0.004842411688966019
1996.0,Trans-Dark Blue,103,35726,0.00288305435817052
1996.0,Trans-Green,65,35726,0.0018194032357386777
1996.0,Trans-Light Blue,165,35726,0.004618485136875105
1996.0,Trans-Neon Green,187,35726,0.005234283155125119
1996.0,Trans-Neon Orange,164,35726,0.004590494317863741
1996.0,Trans-Red,186,35726,0.005206292336113754
1996.0,Trans-Yellow,217,35726,0.006074007725466047
1996.0,White,6122,35726,0.1713597939875721
1996.0,Yellow,3709,35726,0.10381794771315009
1996.0,[No Color/Any Color],86,35726,0.0024072104349773275
1997.0,Black,7345,31265,0.23492723492723494
1997.0,Blue,2601,31265,0.08319206780745242
1997.0,Bright Green,33,31265,0.0010554933631856708
1997.0,Brown,472,31265,0.01509675355829202
1997.0,Chrome Gold,88,31265,0.0028146489684951225
1997.0,Chrome Silver,114,31265,0.0036462498000959537
1997.0,Dark Gray,583,31265,0.018647049416280186
1997.0,Dark Orange,26,31265,0.0008316008316008316
1997.0,Earth Orange,20,31265,0.0006396929473852551
1997.0,Green,1530,31265,0.048936510474972016
1997.0,Light Gray,5202,31265,0.16638413561490484
1997.0,Light Green,50,31265,0.0015992323684631377
1997.0,Light Salmon,157,31265,0.005021589636974253
1997.0,Light Violet,50,31265,0.0015992323684631377
1997.0,Light Yellow,43,31265,0.0013753398368782984
1997.0,Medium Blue,23,31265,0.0007356468894930433
1997.0,Medium Dark Pink,70,31265,0.0022389253158483927
1997.0,Medium Green,88,31265,0.0028146489684951225
1997.0,Medium Orange,14,31265,0.00044778506316967855
1997.0,Metallic Gold,1,31265,3.1984647369262754e-05
1997.0,Milky White,6,31265,0.00019190788421557652
1997.0,Neon Green,12,31265,0.00038381576843115304
1997.0,Neon Orange,6,31265,0.00019190788421557652
1997.0,Nougat,51,31265,0.0016312170158324004
1997.0,Pink,40,31265,0.0012793858947705101
1997.0,Purple,1,31265,3.1984647369262754e-05
1997.0,Red,4093,31265,0.13091316168239245
1997.0,Rust,6,31265,0.00019190788421557652
1997.0,Salmon,106,31265,0.003390372621141852
1997.0,Tan,30,31265,0.0009595394210778827
1997.0,Trans-Clear,169,31265,0.005405405405405406
1997.0,Trans-Dark Blue,52,31265,0.0016632016632016633
1997.0,Trans-Green,73,31265,0.002334879257956181
1997.0,Trans-Light Blue,84,31265,0.0026867103790180714
1997.0,Trans-Neon Green,367,31265,0.01173836558451943
1997.0,Trans-Neon Orange,141,31265,0.004509835279066048
1997.0,Trans-Red,126,31265,0.004030065568527107
1997.0,Trans-Yellow,93,31265,0.002974572205341436
1997.0,Very Light Gray,27,31265,0.0008635854789700943
1997.0,White,3138,31265,0.10036782344474653
1997.0,Yellow,3927,31265,0.12560371021909483
1997.0,[No Color/Any Color],207,31265,0.00662082200543739
1998.0,Aqua,17,52285,0.00032514105383953335
1998.0,Black,12086,52285,0.23115616333556468
1998.0,Blue,6032,52285,0.11536769628000383
1998.0,Bright Green,75,52285,0.001434445825762647
1998.0,Brown,524,52285,0.010021994835995028
1998.0,Chrome Blue,1,52285,1.912594434350196e-05
1998.0,Chrome Gold,55,52285,0.0010519269388926079
1998.0,Chrome Silver,155,52285,0.0029645213732428038
1998.0,Dark Gray,1815,52285,0.034713588983456056
1998.0,Dark Orange,17,52285,0.00032514105383953335
1998.0,Dark Turquoise,445,52285,0.008511045232858372
1998.0,Earth Orange,14,52285,0.00026776322080902744
1998.0,Glow In Dark Opaque,5,52285,9.56297217175098e-05
1998.0,Green,2656,52285,0.050798508176341205
1998.0,Light Blue,1,52285,1.912594434350196e-05
1998.0,Light Gray,5195,52285,0.09935928086449268
1998.0,Light Green,27,52285,0.0005164004972745529
1998.0,Light Lime,5,52285,9.56297217175098e-05
1998.0,Light Orange,20,52285,0.0003825188868700392
1998.0,Light Salmon,17,52285,0.00032514105383953335
1998.0,Light Turquoise,9,52285,0.00017213349909151764
1998.0,Light Violet,18,52285,0.0003442669981830353
1998.0,Light Yellow,27,52285,0.0005164004972745529
1998.0,Medium Blue,16,52285,0.00030601510949603136
1998.0,Medium Dark Pink,104,52285,0.001989098211724204
1998.0,Medium Green,43,52285,0.0008224156067705842
1998.0,Medium Lime,44,52285,0.0008415415511140862
1998.0,Medium Orange,73,52285,0.0013961939370756432
1998.0,Metallic Gold,3,52285,5.737783303050588e-05
1998.0,Metallic Silver,16,52285,0.00030601510949603136
1998.0,Milky White,6,52285,0.00011475566606101176
1998.0,Nougat,39,52285,0.0007459118293965764
1998.0,Orange,130,52285,0.002486372764655255
1998.0,Pink,3,52285,5.737783303050588e-05
1998.0,Purple,299,52285,0.005718657358707086
1998.0,Red,7330,52285,0.14019317203786938
1998.0,Salmon,76,52285,0.001453571770106149
1998.0,Tan,383,52285,0.007325236683561251
1998.0,Trans-Clear,214,52285,0.004092952089509419
1998.0,Trans-Dark Blue,132,52285,0.002524624653342259
1998.0,Trans-Dark Pink,1,52285,1.912594434350196e-05
1998.0,Trans-Green,192,52285,0.0036721813139523763
1998.0,Trans-Light Blue,87,52285,0.0016639571578846706
1998.0,Trans-Neon Green,434,52285,0.00830065984507985
1998.0,Trans-Neon Orange,94,52285,0.0017978387682891842
1998.0,Trans-Red,217,52285,0.004150329922539925
1998.0,Trans-Yellow,160,52285,0.0030601510949603136
1998.0,Very Light Gray,5,52285,9.56297217175098e-05
1998.0,Violet,1,52285,1.912594434350196e-05
1998.0,White,5975,52285,0.11427751745242422
1998.0,Yellow,6827,52285,0.13057282203308787
1998.0,[No Color/Any Color],165,52285,0.0031557808166778234
1999.0,Aqua,5,34968,0.00014298787462823154
1999.0,Black,8332,34968,0.23827499428048501
1999.0,Blue,3089,34968,0.08833790894532144
1999.0,Bright Green,112,34968,0.003202928391672386
1999.0,Brown,320,34968,0.009151223976206819
1999.0,Chrome Gold,67,34968,0.0019160375200183025
1999.0,Chrome Green,2,34968,5.719514985129261e-05
1999.0,Chrome Silver,90,34968,0.0025737817433081674
1999.0,Dark Blue,2,34968,5.719514985129261e-05
1999.0,Dark Bluish Gray,1,34968,2.8597574925646306e-05
1999.0,Dark Gray,1682,34968,0.048101121024937084
1999.0,Dark Green,32,34968,0.0009151223976206818
1999.0,Dark Orange,23,34968,0.000657744223289865
1999.0,Dark Turquoise,238,34968,0.00680622283230382
1999.0,Earth Orange,11,34968,0.00031457332418210934
1999.0,Glitter Milky White,3,34968,8.579272477693891e-05
1999.0,Glitter Trans-Clear,9,34968,0.00025737817433081676
1999.0,Glitter Trans-Dark Pink,7,34968,0.00020018302447952414
1999.0,Glow In Dark Opaque,17,34968,0.00048615877373598716
1999.0,Green,1439,34968,0.04115191031800503
1999.0,Light Gray,5654,34968,0.1616906886296042
1999.0,Light Green,7,34968,0.00020018302447952414
1999.0,Light Lime,2,34968,5.719514985129261e-05
1999.0,Light Orange,9,34968,0.00025737817433081676
1999.0,Light Salmon,4,34968,0.00011439029970258523
1999.0,Light Turquoise,10,34968,0.0002859757492564631
1999.0,Light Violet,21,34968,0.0006005490734385724
1999.0,Light Yellow,38,34968,0.0010867078471745596
1999.0,Medium Blue,31,34968,0.0008865248226950354
1999.0,Medium Bluish Violet,24,34968,0.0006863417982155113
1999.0,Medium Dark Pink,90,34968,0.0025737817433081674
1999.0,Medium Green,7,34968,0.00020018302447952414
1999.0,Medium Lime,19,34968,0.0005433539235872798
1999.0,Medium Orange,11,34968,0.00031457332418210934
1999.0,Metallic Gold,16,34968,0.0004575611988103409
1999.0,Metallic Silver,18,34968,0.0005147563486616335
1999.0,Milky White,2,34968,5.719514985129261e-05
1999.0,Neon Green,13,34968,0.00037176847403340196
1999.0,Neon Orange,8,34968,0.00022878059940517045
1999.0,Nougat,52,34968,0.0014870738961336079
1999.0,Orange,173,34968,0.004947380462136811
1999.0,Pink,48,34968,0.0013726835964310226
1999.0,Purple,198,34968,0.005662319835277968
1999.0,Red,3578,34968,0.10232212308396248
1999.0,Rust,6,34968,0.00017158544955387783
1999.0,Salmon,2,34968,5.719514985129261e-05
1999.0,Tan,421,34968,0.012039579043697094
1999.0,Trans-Brown,7,34968,0.00020018302447952414
1999.0,Trans-Clear,163,34968,0.004661404712880348
1999.0,Trans-Dark Blue,179,34968,0.005118965911690689
1999.0,Trans-Dark Pink,7,34968,0.00020018302447952414
1999.0,Trans-Green,93,34968,0.0026595744680851063
1999.0,Trans-Light Blue,208,34968,0.005948295584534431
1999.0,Trans-Neon Green,260,34968,0.007435369480668039
1999.0,Trans-Neon Orange,179,34968,0.005118965911690689
1999.0,Trans-Red,245,34968,0.007006405856783345
1999.0,Trans-Yellow,199,34968,0.005690917410203614
1999.0,Very Light Gray,1,34968,2.8597574925646306e-05
1999.0,Violet,12,34968,0.00034317089910775565
1999.0,White,3903,34968,0.11161633493479753
1999.0,Yellow,3438,34968,0.09831846259437199
1999.0,[No Color/Any Color],131,34968,0.003746282315259666
2000.0,Aqua,44,39280,0.001120162932790224
2000.0,Black,9095,39280,0.2315427698574338
2000.0,Blue,2423,39280,0.06168533604887984
2000.0,Bright Green,113,39280,0.0028767820773930755
2000.0,Brown,719,39280,0.01830448065173116
2000.0,Chrome Gold,16,39280,0.0004073319755600815
2000.0,Chrome Silver,42,39280,0.001069246435845214
2000.0,Dark Gray,2852,39280,0.07260692464358452
2000.0,Dark Olive Green,10,39280,0.0002545824847250509
2000.0,Dark Orange,29,39280,0.0007382892057026477
2000.0,Dark Purple,1,39280,2.5458248472505093e-05
2000.0,Dark Tan,6,39280,0.00015274949083503056
2000.0,Dark Turquoise,79,39280,0.002011201629327902
2000.0,Earth Orange,12,39280,0.0003054989816700611
2000.0,Glitter Trans-Clear,1,39280,2.5458248472505093e-05
2000.0,Glitter Trans-Dark Pink,1,39280,2.5458248472505093e-05
2000.0,Glitter Trans-Green,1,39280,2.5458248472505093e-05
2000.0,Glitter Trans-Purple,1,39280,2.5458248472505093e-05
2000.0,Glow In Dark Opaque,7,39280,0.00017820773930753565
2000.0,Green,2040,39280,0.051934826883910386
2000.0,Light Blue,8,39280,0.00020366598778004074
2000.0,Light Gray,5530,39280,0.14078411405295316
2000.0,Light Green,1,39280,2.5458248472505093e-05
2000.0,Light Orange,17,39280,0.00043279022403258654
2000.0,Light Turquoise,84,39280,0.002138492871690428
2000.0,Light Violet,4,39280,0.00010183299389002037
2000.0,Light Yellow,31,39280,0.0007892057026476578
2000.0,Lime,68,39280,0.0017311608961303462
2000.0,Magenta,10,39280,0.0002545824847250509
2000.0,Medium Blue,54,39280,0.0013747454175152749
2000.0,Medium Bluish Violet,16,39280,0.0004073319755600815
2000.0,Medium Dark Pink,35,39280,0.0008910386965376783
2000.0,Medium Green,29,39280,0.0007382892057026477
2000.0,Medium Lime,8,39280,0.00020366598778004074
2000.0,Medium Orange,24,39280,0.0006109979633401223
2000.0,Medium Violet,2,39280,5.0916496945010185e-05
2000.0,Metal,3,39280,7.637474541751528e-05
2000.0,Metallic Gold,2,39280,5.0916496945010185e-05
2000.0,Metallic Silver,46,39280,0.0011710794297352342
2000.0,Nougat,21,39280,0.000534623217922607
2000.0,Orange,431,39280,0.010972505091649695
2000.0,Pearl Black,4,39280,0.00010183299389002037
2000.0,Pearl Light Gold,2,39280,5.0916496945010185e-05
2000.0,Pearl Light Gray,134,39280,0.0034114052953156822
2000.0,Pearl Sand Blue,17,39280,0.00043279022403258654
2000.0,Pearl Very Light Gray,9,39280,0.00022912423625254583
2000.0,Pink,20,39280,0.0005091649694501018
2000.0,Purple,92,39280,0.0023421588594704683
2000.0,Red,3476,39280,0.0884928716904277
2000.0,Rust,2,39280,5.0916496945010185e-05
2000.0,Salmon,2,39280,5.0916496945010185e-05
2000.0,Sand Green,2867,39280,0.0729887983706721
2000.0,Tan,896,39280,0.022810590631364563
2000.0,Trans-Brown,16,39280,0.0004073319755600815
2000.0,Trans-Clear,295,39280,0.0075101832993890024
2000.0,Trans-Dark Blue,121,39280,0.003080448065173116
2000.0,Trans-Dark Pink,30,39280,0.0007637474541751527
2000.0,Trans-Green,84,39280,0.002138492871690428
2000.0,Trans-Light Blue,169,39280,0.00430244399185336
2000.0,Trans-Light Purple,4,39280,0.00010183299389002037
2000.0,Trans-Neon Green,218,39280,0.00554989816700611
2000.0,Trans-Neon Orange,209,39280,0.0053207739307535645
2000.0,Trans-Purple,14,39280,0.0003564154786150713
2000.0,Trans-Red,190,39280,0.004837067209775967
2000.0,Trans-Yellow,108,39280,0.0027494908350305497
2000.0,Very Light Gray,207,39280,0.005269857433808554
2000.0,Very Light Orange,15,39280,0.00038187372708757637
2000.0,Violet,12,39280,0.0003054989816700611
2000.0,White,3193,39280,0.08128818737270876
2000.0,Yellow,2772,39280,0.07057026476578411
2000.0,[No Color/Any Color],169,39280,0.00430244399185336
2000.0,[Unknown],17,39280,0.00043279022403258654
2001.0,Aqua,3,42768,7.014590347923682e-05
2001.0,Black,11306,42768,0.2643565282454171
2001.0,Blue,2601,42768,0.06081649831649832
2001.0,Bright Green,79,42768,0.0018471754582865694
2001.0,Brown,972,42768,0.022727272727272728
2001.0,Chrome Antique Brass,8,42768,0.00018705574261129816
2001.0,Chrome Blue,2,42768,4.676393565282454e-05
2001.0,Chrome Gold,35,42768,0.0008183688739244294
2001.0,Chrome Pink,1,42768,2.338196782641227e-05
2001.0,Chrome Silver,81,42768,0.001893939393939394
2001.0,Dark Blue,9,42768,0.00021043771043771043
2001.0,Dark Gray,3266,42768,0.07636550692106248
2001.0,Dark Green,1,42768,2.338196782641227e-05
2001.0,Dark Nougat,4,42768,9.352787130564908e-05
2001.0,Dark Olive Green,1,42768,2.338196782641227e-05
2001.0,Dark Orange,59,42768,0.001379536101758324
2001.0,Dark Purple,6,42768,0.00014029180695847364
2001.0,Dark Red,78,42768,0.001823793490460157
2001.0,Dark Tan,1,42768,2.338196782641227e-05
2001.0,Dark Turquoise,78,42768,0.001823793490460157
2001.0,Earth Orange,3,42768,7.014590347923682e-05
2001.0,Glitter Trans-Dark Pink,2,42768,4.676393565282454e-05
2001.0,Glow In Dark Opaque,4,42768,9.352787130564908e-05
2001.0,Green,2972,42768,0.06949120838009727
2001.0,Light Blue,6,42768,0.00014029180695847364
2001.0,Light Gray,6276,42768,0.1467452300785634
2001.0,Light Green,2,42768,4.676393565282454e-05
2001.0,Light Orange,3,42768,7.014590347923682e-05
2001.0,Light Turquoise,17,42768,0.0003974934530490086
2001.0,Light Violet,5,42768,0.00011690983913206135
2001.0,Light Yellow,53,42768,0.0012392442947998504
2001.0,Lime,61,42768,0.0014263000374111485
2001.0,Magenta,3,42768,7.014590347923682e-05
2001.0,Medium Blue,114,42768,0.002665544332210999
2001.0,Medium Bluish Violet,2,42768,4.676393565282454e-05
2001.0,Medium Dark Pink,61,42768,0.0014263000374111485
2001.0,Medium Green,13,42768,0.00030396558174335955
2001.0,Medium Lime,18,42768,0.00042087542087542086
2001.0,Medium Orange,29,42768,0.0006780770669659558
2001.0,Medium Violet,1,42768,2.338196782641227e-05
2001.0,Metal,1,42768,2.338196782641227e-05
2001.0,Metallic Gold,14,42768,0.00032734754956977177
2001.0,Metallic Green,23,42768,0.0005377852600074823
2001.0,Metallic Silver,9,42768,0.00021043771043771043
2001.0,Milky White,1,42768,2.338196782641227e-05
2001.0,Nougat,23,42768,0.0005377852600074823
2001.0,Orange,242,42768,0.00565843621399177
2001.0,Pearl Dark Gray,1,42768,2.338196782641227e-05
2001.0,Pearl Light Gold,1,42768,2.338196782641227e-05
2001.0,Pearl Light Gray,89,42768,0.002080995136550692
2001.0,Pink,5,42768,0.00011690983913206135
2001.0,Purple,46,42768,0.0010755705200149646
2001.0,Red,3544,42768,0.08286569397680509
2001.0,Rust,5,42768,0.00011690983913206135
2001.0,Sand Blue,155,42768,0.003624205013093902
2001.0,Sand Green,136,42768,0.0031799476243920687
2001.0,Sand Purple,94,42768,0.0021979049756827534
2001.0,Sand Red,538,42768,0.012579498690609802
2001.0,Tan,910,42768,0.021277590722035167
2001.0,Trans-Brown,38,42768,0.0008885147774036663
2001.0,Trans-Clear,239,42768,0.0055882903105125325
2001.0,Trans-Dark Blue,104,42768,0.0024317246539468764
2001.0,Trans-Dark Pink,48,42768,0.001122334455667789
2001.0,Trans-Green,86,42768,0.0020108492330714552
2001.0,Trans-Light Blue,150,42768,0.0035072951739618407
2001.0,Trans-Medium Blue,15,42768,0.00035072951739618404
2001.0,Trans-Neon Green,309,42768,0.007225028058361392
2001.0,Trans-Neon Orange,283,42768,0.006617096894874673
2001.0,Trans-Neon Red,5,42768,0.00011690983913206135
2001.0,Trans-Neon Yellow,10,42768,0.0002338196782641227
2001.0,Trans-Purple,9,42768,0.00021043771043771043
2001.0,Trans-Red,258,42768,0.006032547699214366
2001.0,Trans-Yellow,62,42768,0.0014496820052375607
2001.0,Two-tone Copper,2,42768,4.676393565282454e-05
2001.0,Violet,6,42768,0.00014029180695847364
2001.0,White,3857,42768,0.09018424990647213
2001.0,Yellow,2786,42768,0.06514216236438458
2001.0,[No Color/Any Color],428,42768,0.010007482229704451
2002.0,Aqua,17,59020,0.00028803795323619115
2002.0,Black,15478,59020,0.2622500847170451
2002.0,Blue,3127,59020,0.052982039986445274
2002.0,Bright Green,186,59020,0.0031514740765842086
2002.0,Brown,1355,59020,0.022958319213825823
2002.0,Chrome Antique Brass,6,59020,0.00010166045408336157
2002.0,Chrome Gold,54,59020,0.0009149440867502541
2002.0,Chrome Silver,113,59020,0.0019146052185699764
2002.0,Copper,2,59020,3.388681802778719e-05
2002.0,Dark Blue,66,59020,0.0011182649949169773
2002.0,Dark Bluish Gray,542,59020,0.009183327685530328
2002.0,Dark Gray,4162,59020,0.07051846831582514
2002.0,Dark Green,6,59020,0.00010166045408336157
2002.0,Dark Nougat,1,59020,1.6943409013893596e-05
2002.0,Dark Orange,118,59020,0.0019993222636394445
2002.0,Dark Purple,1,59020,1.6943409013893596e-05
2002.0,Dark Red,90,59020,0.0015249068112504235
2002.0,Dark Tan,17,59020,0.00028803795323619115
2002.0,Dark Turquoise,68,59020,0.0011521518129447646
2002.0,Earth Orange,11,59020,0.00018637749915282955
2002.0,Flat Dark Gold,28,59020,0.00047441545238902067
2002.0,Glitter Trans-Clear,2,59020,3.388681802778719e-05
2002.0,Glitter Trans-Dark Pink,5,59020,8.471704506946798e-05
2002.0,Glow In Dark Opaque,16,59020,0.00027109454422229753
2002.0,Green,2081,59020,0.03525923415791257
2002.0,Light Blue,15,59020,0.0002541511352084039
2002.0,Light Bluish Gray,1715,59020,0.029057946458827515
2002.0,Light Gray,10772,59020,0.1825144018976618
2002.0,Light Green,5,59020,8.471704506946798e-05
2002.0,Light Orange,8,59020,0.00013554727211114877
2002.0,Light Salmon,2,59020,3.388681802778719e-05
2002.0,Light Turquoise,4,59020,6.777363605557438e-05
2002.0,Light Violet,3,59020,5.0830227041680784e-05
2002.0,Light Yellow,87,59020,0.0014740765842087427
2002.0,Lime,197,59020,0.003337851575737038
2002.0,Magenta,5,59020,8.471704506946798e-05
2002.0,Medium Blue,252,59020,0.004269739071501186
2002.0,Medium Bluish Violet,3,59020,5.0830227041680784e-05
2002.0,Medium Dark Pink,62,59020,0.001050491358861403
2002.0,Medium Green,7,59020,0.00011860386309725517
2002.0,Medium Lime,3,59020,5.0830227041680784e-05
2002.0,Medium Orange,95,59020,0.0016096238563198916
2002.0,Metallic Green,2,59020,3.388681802778719e-05
2002.0,Metallic Silver,10,59020,0.00016943409013893597
2002.0,Nougat,20,59020,0.00033886818027787193
2002.0,Orange,718,59020,0.012165367671975602
2002.0,Pearl Dark Gray,88,59020,0.0014910199932226364
2002.0,Pearl Light Gold,7,59020,0.00011860386309725517
2002.0,Pearl Light Gray,423,59020,0.007167062012876991
2002.0,Pearl Lime,8,59020,0.00013554727211114877
2002.0,Pearl Sand Blue,91,59020,0.0015418502202643172
2002.0,Pearl Very Light Gray,11,59020,0.00018637749915282955
2002.0,Pink,19,59020,0.0003219247712639783
2002.0,Purple,182,59020,0.0030837004405286344
2002.0,Red,4929,59020,0.08351406302948153
2002.0,Reddish Gold,8,59020,0.00013554727211114877
2002.0,Sand Blue,130,59020,0.0022026431718061676
2002.0,Sand Green,613,59020,0.010386309725516773
2002.0,Sand Purple,2,59020,3.388681802778719e-05
2002.0,Sand Red,4,59020,6.777363605557438e-05
2002.0,Tan,1316,59020,0.02229752626228397
2002.0,Trans-Brown,79,59020,0.001338529312097594
2002.0,Trans-Clear,325,59020,0.005506607929515419
2002.0,Trans-Dark Blue,145,59020,0.0024567943070145713
2002.0,Trans-Dark Pink,74,59020,0.0012538122670281262
2002.0,Trans-Green,121,59020,0.002050152490681125
2002.0,Trans-Light Blue,194,59020,0.0032870213486953575
2002.0,Trans-Medium Blue,40,59020,0.0006777363605557439
2002.0,Trans-Neon Green,275,59020,0.004659437478820739
2002.0,Trans-Neon Orange,212,59020,0.0035920027109454422
2002.0,Trans-Neon Red,1,59020,1.6943409013893596e-05
2002.0,Trans-Neon Yellow,2,59020,3.388681802778719e-05
2002.0,Trans-Orange,2,59020,3.388681802778719e-05
2002.0,Trans-Purple,22,59020,0.0003727549983056591
2002.0,Trans-Red,282,59020,0.004778041341917994
2002.0,Trans-Yellow,124,59020,0.002100982717722806
2002.0,Two-tone Gold,6,59020,0.00010166045408336157
2002.0,Two-tone Silver,6,59020,0.00010166045408336157
2002.0,Very Light Orange,1,59020,1.6943409013893596e-05
2002.0,Violet,48,59020,0.0008132836326668925
2002.0,White,4369,59020,0.07402575398170112
2002.0,Yellow,3178,59020,0.05384615384615385
2002.0,[No Color/Any Color],146,59020,0.002473737716028465
2003.0,Aqua,52,77524,0.0006707600227026469
2003.0,Black,17697,77524,0.2282776946493989
2003.0,Blue,4282,77524,0.05523450802332181
2003.0,Bright Green,195,77524,0.002515350085134926
2003.0,Bright Light Orange,4,77524,5.159692482328053e-05
2003.0,Bright Pink,8,77524,0.00010319384964656106
2003.0,Bright Reddish Orange,14,77524,0.00018058923688148187
2003.0,Brown,1401,77524,0.018071822919354007
2003.0,Chrome Antique Brass,4,77524,5.159692482328053e-05
2003.0,Chrome Gold,439,77524,0.005662762499355038
2003.0,Chrome Red,2,77524,2.5798462411640265e-05
2003.0,Chrome Silver,119,77524,0.001535008513492596
2003.0,Clikits Yellow,6,77524,7.739538723492079e-05
2003.0,Dark Blue,220,77524,0.0028378308652804293
2003.0,Dark Bluish Gray,1781,77524,0.022973530777565657
2003.0,Dark Gray,5697,77524,0.0734869201795573
2003.0,Dark Orange,214,77524,0.0027604354780455084
2003.0,Dark Pink,64,77524,0.0008255507971724885
2003.0,Dark Red,146,77524,0.0018832877560497395
2003.0,Dark Tan,11,77524,0.00014189154326402147
2003.0,Dark Turquoise,434,77524,0.005598266343325938
2003.0,Duplo Blue,4,77524,5.159692482328053e-05
2003.0,Duplo Dark Purple,1,77524,1.2899231205820133e-05
2003.0,Duplo Medium Green,1,77524,1.2899231205820133e-05
2003.0,Duplo Turquoise,2,77524,2.5798462411640265e-05
2003.0,Earth Orange,6,77524,7.739538723492079e-05
2003.0,Flat Dark Gold,42,77524,0.0005417677106444456
2003.0,Glitter Trans-Dark Pink,1,77524,1.2899231205820133e-05
2003.0,Glow In Dark Opaque,6,77524,7.739538723492079e-05
2003.0,Green,2150,77524,0.027733347092513287
2003.0,Light Blue,4,77524,5.159692482328053e-05
2003.0,Light Bluish Gray,2076,77524,0.026778803983282598
2003.0,Light Gray,10408,77524,0.13425519839017594
2003.0,Light Green,9,77524,0.0001160930808523812
2003.0,Light Lilac,12,77524,0.00015479077446984158
2003.0,Light Orange,6,77524,7.739538723492079e-05
2003.0,Light Purple,3,77524,3.8697693617460396e-05
2003.0,Light Turquoise,45,77524,0.000580465404261906
2003.0,Light Yellow,16,77524,0.00020638769929312212
2003.0,Lime,238,77524,0.003070017026985192
2003.0,Magenta,74,77524,0.0009545431092306899
2003.0,Medium Blue,267,77524,0.0034440947319539757
2003.0,Medium Bluish Violet,9,77524,0.0001160930808523812
2003.0,Medium Dark Pink,164,77524,0.002115473917754502
2003.0,Medium Green,81,77524,0.0010448377276714308
2003.0,Medium Lime,51,77524,0.0006578607914968268
2003.0,Medium Orange,150,77524,0.00193488468087302
2003.0,Metal,6,77524,7.739538723492079e-05
2003.0,Metallic Silver,13,77524,0.00016769000567566172
2003.0,Milky White,20,77524,0.00025798462411640266
2003.0,Nougat,5,77524,6.449615602910066e-05
2003.0,Orange,1370,77524,0.01767194675197358
2003.0,Pearl Black,14,77524,0.00018058923688148187
2003.0,Pearl Blue,12,77524,0.00015479077446984158
2003.0,Pearl Brown,12,77524,0.00015479077446984158
2003.0,Pearl Dark Gray,73,77524,0.0009416438780248698
2003.0,Pearl Green,13,77524,0.00016769000567566172
2003.0,Pearl Light Gray,645,77524,0.008320004127753985
2003.0,Pearl Lime,30,77524,0.000386976936174604
2003.0,Pearl Red,12,77524,0.00015479077446984158
2003.0,Pearl Sand Blue,26,77524,0.00033538001135132345
2003.0,Pearl Very Light Gray,15,77524,0.000193488468087302
2003.0,Pearl White,12,77524,0.00015479077446984158
2003.0,Pink,43,77524,0.0005546669418502657
2003.0,Purple,123,77524,0.0015866054383158765
2003.0,Red,5455,77524,0.07036530622774882
2003.0,Reddish Brown,29,77524,0.0003740777049687839
2003.0,Reddish Gold,25,77524,0.0003224807801455033
2003.0,Sand Blue,148,77524,0.0019090862184613798
2003.0,Sand Green,205,77524,0.0026443423971931274
2003.0,Sand Purple,1,77524,1.2899231205820133e-05
2003.0,Sand Red,4,77524,5.159692482328053e-05
2003.0,Sky Blue,31,77524,0.0003998761673804241
2003.0,Tan,2231,77524,0.028778184820184717
2003.0,Trans-Brown,264,77524,0.003405397038336515
2003.0,Trans-Clear,426,77524,0.005495072493679377
2003.0,Trans-Dark Blue,436,77524,0.005624064805737578
2003.0,Trans-Dark Pink,437,77524,0.005636964036943398
2003.0,Trans-Fire Yellow,3,77524,3.8697693617460396e-05
2003.0,Trans-Flame Yellowish Orange,89,77524,0.001148031577317992
2003.0,Trans-Green,212,77524,0.002734637015633868
2003.0,Trans-Light Blue,204,77524,0.002631443165987307
2003.0,Trans-Light Bright Green,44,77524,0.0005675661730560859
2003.0,Trans-Medium Blue,42,77524,0.0005417677106444456
2003.0,Trans-Medium Purple,41,77524,0.0005288684794386255
2003.0,Trans-Neon Green,251,77524,0.0032377070326608534
2003.0,Trans-Neon Orange,277,77524,0.0035730870440121767
2003.0,Trans-Neon Red,2,77524,2.5798462411640265e-05
2003.0,Trans-Neon Yellow,63,77524,0.0008126515659666683
2003.0,Trans-Orange,65,77524,0.0008384500283783086
2003.0,Trans-Pink,129,77524,0.0016640008255507971
2003.0,Trans-Purple,10,77524,0.00012899231205820133
2003.0,Trans-Red,487,77524,0.006281925597234405
2003.0,Trans-Very Lt Blue,94,77524,0.0012125277333470926
2003.0,Trans-Yellow,277,77524,0.0035730870440121767
2003.0,Very Light Gray,17,77524,0.00021928693049894226
2003.0,Violet,59,77524,0.0007610546411433879
2003.0,White,10025,77524,0.12931479283834685
2003.0,Yellow,4041,77524,0.05212579330271916
2003.0,[No Color/Any Color],340,77524,0.004385738609978845
2004.0,Aqua,81,71965,0.0011255471409713056
2004.0,Black,12297,71965,0.17087473077190302
2004.0,Blue,4839,71965,0.06724101994024873
2004.0,Bright Green,421,71965,0.00585006600430765
2004.0,Bright Light Blue,23,71965,0.000319599805460988
2004.0,Bright Light Orange,28,71965,0.0003890780240394636
2004.0,Bright Light Yellow,31,71965,0.00043076495518654904
2004.0,Bright Pink,86,71965,0.0011950253595497812
2004.0,Bright Reddish Orange,2,71965,2.779128743139026e-05
2004.0,Brown,384,71965,0.00533592718682693
2004.0,Chrome Antique Brass,6,71965,8.337386229417078e-05
2004.0,Chrome Gold,329,71965,0.004571666782463697
2004.0,Chrome Silver,132,71965,0.0018342249704717572
2004.0,Clikits Yellow,16,71965,0.00022233029945112207
2004.0,Copper,20,71965,0.0002779128743139026
2004.0,Curry,9,71965,0.00012506079344125616
2004.0,Dark Blue,342,71965,0.004752310150767734
2004.0,Dark Blue-Violet,5,71965,6.947821857847565e-05
2004.0,Dark Bluish Gray,5310,71965,0.07378586813034113
2004.0,Dark Gray,785,71965,0.010908080316820676
2004.0,Dark Green,168,71965,0.002334468144236782
2004.0,Dark Nougat,5,71965,6.947821857847565e-05
2004.0,Dark Orange,276,71965,0.0038351976655318556
2004.0,Dark Pink,134,71965,0.0018620162579031474
2004.0,Dark Purple,250,71965,0.0034739109289237823
2004.0,Dark Red,893,71965,0.01240880983811575
2004.0,Dark Tan,66,71965,0.0009171124852358786
2004.0,Dark Turquoise,396,71965,0.005502674911415271
2004.0,Duplo Blue,2,71965,2.779128743139026e-05
2004.0,Duplo Light Green,1,71965,1.389564371569513e-05
2004.0,Duplo Medium Blue,1,71965,1.389564371569513e-05
2004.0,Earth Orange,15,71965,0.00020843465573542694
2004.0,Flat Dark Gold,38,71965,0.000528034461196415
2004.0,Glitter Trans-Clear,5,71965,6.947821857847565e-05
2004.0,Glitter Trans-Dark Pink,17,71965,0.0002362259431668172
2004.0,Glitter Trans-Purple,4,71965,5.558257486278052e-05
2004.0,Glow In Dark Opaque,118,71965,0.0016396859584520253
2004.0,Green,2200,71965,0.030570416174529286
2004.0,Light Bluish Gray,8143,71965,0.11315222677690544
2004.0,Light Brown,46,71965,0.000639199610921976
2004.0,Light Gray,1336,71965,0.018564580004168694
2004.0,Light Green,1,71965,1.389564371569513e-05
2004.0,Light Lilac,25,71965,0.00034739109289237826
2004.0,Light Lime,4,71965,5.558257486278052e-05
2004.0,Light Nougat,3,71965,4.168693114708539e-05
2004.0,Light Orange,3,71965,4.168693114708539e-05
2004.0,Light Purple,38,71965,0.000528034461196415
2004.0,Light Turquoise,1,71965,1.389564371569513e-05
2004.0,Light Yellow,4,71965,5.558257486278052e-05
2004.0,Lime,334,71965,0.0046411450010421735
2004.0,Maersk Blue,166,71965,0.0023066768568053915
2004.0,Magenta,77,71965,0.001069964566108525
2004.0,Medium Blue,587,71965,0.008156742861113042
2004.0,Medium Bluish Violet,9,71965,0.00012506079344125616
2004.0,Medium Dark Pink,102,71965,0.0014173556590009032
2004.0,Medium Green,117,71965,0.00162579031473633
2004.0,Medium Lime,54,71965,0.000750364760647537
2004.0,Medium Orange,64,71965,0.0008893211978044883
2004.0,Medium Violet,4,71965,5.558257486278052e-05
2004.0,Metal,2,71965,2.779128743139026e-05
2004.0,Metallic Silver,11,71965,0.00015285208087264642
2004.0,Nougat,18,71965,0.00025012158688251233
2004.0,Orange,1594,71965,0.022149656082818037
2004.0,Pearl Black,2,71965,2.779128743139026e-05
2004.0,Pearl Brown,1,71965,1.389564371569513e-05
2004.0,Pearl Dark Gray,46,71965,0.000639199610921976
2004.0,Pearl Gold,4,71965,5.558257486278052e-05
2004.0,Pearl Light Gray,536,71965,0.0074480650316125895
2004.0,Pearl Lime,3,71965,4.168693114708539e-05
2004.0,Pearl Red,3,71965,4.168693114708539e-05
2004.0,Pearl Sand Blue,24,71965,0.0003334954491766831
2004.0,Pearl Very Light Gray,5,71965,6.947821857847565e-05
2004.0,Pearl White,1,71965,1.389564371569513e-05
2004.0,Pink,22,71965,0.00030570416174529284
2004.0,Purple,45,71965,0.0006253039672062808
2004.0,Red,5940,71965,0.08254012367122907
2004.0,Reddish Brown,1228,71965,0.017063850482873618
2004.0,Reddish Gold,16,71965,0.00022233029945112207
2004.0,Reddish Lilac,3,71965,4.168693114708539e-05
2004.0,Royal Blue,224,71965,0.003112624192315709
2004.0,Rust Orange,1,71965,1.389564371569513e-05
2004.0,Sand Blue,571,71965,0.007934412561661918
2004.0,Sand Green,335,71965,0.004655040644757869
2004.0,Sand Red,25,71965,0.00034739109289237826
2004.0,Sky Blue,65,71965,0.0009032168415201834
2004.0,Tan,2147,71965,0.029833947057597444
2004.0,Trans-Brown,264,71965,0.0036684499409435144
2004.0,Trans-Clear,573,71965,0.007962203849093309
2004.0,Trans-Dark Blue,598,71965,0.008309594941985687
2004.0,Trans-Dark Pink,476,71965,0.006614326408670882
2004.0,Trans-Flame Yellowish Orange,67,71965,0.0009310081289515737
2004.0,Trans-Green,317,71965,0.004404919057875356
2004.0,Trans-Light Blue,459,71965,0.006378100465504064
2004.0,Trans-Light Bright Green,41,71965,0.0005697213923435003
2004.0,Trans-Medium Blue,92,71965,0.001278399221843952
2004.0,Trans-Medium Purple,97,71965,0.0013478774404224276
2004.0,Trans-Neon Green,222,71965,0.003084832904884319
2004.0,Trans-Neon Orange,286,71965,0.003974154102688807
2004.0,Trans-Neon Red,14,71965,0.0001945390120197318
2004.0,Trans-Neon Yellow,91,71965,0.0012645035781282568
2004.0,Trans-Orange,241,71965,0.0033488501354825262
2004.0,Trans-Pink,82,71965,0.0011394427846870005
2004.0,Trans-Purple,28,71965,0.0003890780240394636
2004.0,Trans-Red,636,71965,0.008837629403182102
2004.0,Trans-Very Lt Blue,77,71965,0.001069964566108525
2004.0,Trans-Yellow,201,71965,0.002793024386854721
2004.0,Very Light Bluish Gray,35,71965,0.00048634753004932955
2004.0,Very Light Gray,4,71965,5.558257486278052e-05
2004.0,Violet,6,71965,8.337386229417078e-05
2004.0,Warm Yellowish Orange,20,71965,0.0002779128743139026
2004.0,White,8382,71965,0.11647328562495658
2004.0,Yellow,4609,71965,0.06404502188563885
2004.0,[No Color/Any Color],322,71965,0.004474397276453832
2005.0,Aqua,80,87603,0.0009132107347921875
2005.0,Black,18729,87603,0.213794048149036
2005.0,Blue,4537,87603,0.051790463796901935
2005.0,Bright Green,283,87603,0.0032304829743273634
2005.0,Bright Light Blue,72,87603,0.0008218896613129687
2005.0,Bright Light Orange,213,87603,0.0024314235813841993
2005.0,Bright Light Yellow,14,87603,0.0001598118785886328
2005.0,Bright Pink,92,87603,0.0010501923450110156
2005.0,Brown,233,87603,0.002659726265082246
2005.0,Chrome Antique Brass,18,87603,0.00020547241532824218
2005.0,Chrome Gold,38,87603,0.0004337750990262891
2005.0,Chrome Silver,34,87603,0.0003881145622866797
2005.0,Copper,16,87603,0.0001826421469584375
2005.0,Curry,1,87603,1.1415134184902344e-05
2005.0,Dark Blue,1208,87603,0.013789482095362031
2005.0,Dark Blue-Violet,4,87603,4.5660536739609376e-05
2005.0,Dark Bluish Gray,10158,87603,0.115954933050238
2005.0,Dark Gray,173,87603,0.0019748182139881056
2005.0,Dark Green,234,87603,0.0026711413992671486
2005.0,Dark Orange,388,87603,0.004429072063742109
2005.0,Dark Pink,111,87603,0.0012670798945241602
2005.0,Dark Purple,62,87603,0.0007077383194639453
2005.0,Dark Red,1813,87603,0.020695638277227948
2005.0,Dark Tan,102,87603,0.001164343686860039
2005.0,Dark Turquoise,12,87603,0.00013698161021882813
2005.0,Earth Orange,12,87603,0.00013698161021882813
2005.0,Flat Dark Gold,32,87603,0.000365284293916875
2005.0,Glitter Milky White,2,87603,2.2830268369804688e-05
2005.0,Glitter Trans-Clear,12,87603,0.00013698161021882813
2005.0,Glitter Trans-Dark Pink,21,87603,0.00023971781788294921
2005.0,Glitter Trans-Medium Purple,6,87603,6.849080510941406e-05
2005.0,Glitter Trans-Pink,2,87603,2.2830268369804688e-05
2005.0,Glow In Dark Opaque,22,87603,0.0002511329520678516
2005.0,Glow In Dark Trans,22,87603,0.0002511329520678516
2005.0,Green,2193,87603,0.025033389267490838
2005.0,Light Bluish Gray,10422,87603,0.11896852847505222
2005.0,Light Brown,73,87603,0.0008333047954978711
2005.0,Light Gray,230,87603,0.002625480862527539
2005.0,Light Green,23,87603,0.0002625480862527539
2005.0,Light Lilac,9,87603,0.00010273620766412109
2005.0,Light Lime,22,87603,0.0002511329520678516
2005.0,Light Nougat,10,87603,0.00011415134184902344
2005.0,Light Purple,47,87603,0.0005365113066904102
2005.0,Light Yellow,3,87603,3.424540255470703e-05
2005.0,Lime,445,87603,0.005079734712281543
2005.0,Magenta,49,87603,0.0005593415750602148
2005.0,Medium Blue,763,87603,0.008709747383080488
2005.0,Medium Dark Pink,3,87603,3.424540255470703e-05
2005.0,Medium Green,9,87603,0.00010273620766412109
2005.0,Medium Lime,12,87603,0.00013698161021882813
2005.0,Medium Orange,16,87603,0.0001826421469584375
2005.0,Medium Violet,3,87603,3.424540255470703e-05
2005.0,Metal,1,87603,1.1415134184902344e-05
2005.0,Metallic Gold,16,87603,0.0001826421469584375
2005.0,Metallic Silver,65,87603,0.0007419837220186523
2005.0,Nougat,25,87603,0.00028537835462255856
2005.0,Orange,1331,87603,0.01519354360010502
2005.0,Pastel Blue,173,87603,0.0019748182139881056
2005.0,Pearl Black,6,87603,6.849080510941406e-05
2005.0,Pearl Blue,4,87603,4.5660536739609376e-05
2005.0,Pearl Brown,13,87603,0.00014839674440373046
2005.0,Pearl Dark Gray,51,87603,0.0005821718434300195
2005.0,Pearl Gold,51,87603,0.0005821718434300195
2005.0,Pearl Green,5,87603,5.707567092451172e-05
2005.0,Pearl Light Gray,968,87603,0.011049849890985468
2005.0,Pearl Red,3,87603,3.424540255470703e-05
2005.0,Pearl Sand Blue,9,87603,0.00010273620766412109
2005.0,Pearl White,13,87603,0.00014839674440373046
2005.0,Pink,9,87603,0.00010273620766412109
2005.0,Purple,14,87603,0.0001598118785886328
2005.0,Red,6867,87603,0.07838772644772439
2005.0,Reddish Brown,4035,87603,0.04606006643608095
2005.0,Reddish Gold,38,87603,0.0004337750990262891
2005.0,Reddish Lilac,46,87603,0.0005250961725055078
2005.0,Royal Blue,63,87603,0.0007191534536488476
2005.0,Rust Orange,2,87603,2.2830268369804688e-05
2005.0,Sand Blue,188,87603,0.002146045226761641
2005.0,Sand Green,79,87603,0.0009017956006072851
2005.0,Sky Blue,32,87603,0.000365284293916875
2005.0,Speckle Black-Silver,42,87603,0.00047943563576589843
2005.0,Tan,3169,87603,0.036174560231955526
2005.0,Trans-Brown,269,87603,0.0030706710957387304
2005.0,Trans-Clear,466,87603,0.005319452530164492
2005.0,Trans-Dark Blue,752,87603,0.008584180907046563
2005.0,Trans-Dark Pink,246,87603,0.0028081230094859767
2005.0,Trans-Fire Yellow,4,87603,4.5660536739609376e-05
2005.0,Trans-Flame Yellowish Orange,29,87603,0.00033103889136216797
2005.0,Trans-Green,98,87603,0.0011186831501204296
2005.0,Trans-Light Blue,215,87603,0.0024542538497540037
2005.0,Trans-Light Bright Green,27,87603,0.0003082086229923633
2005.0,Trans-Light Green,33,87603,0.0003766994281017773
2005.0,Trans-Light Purple,59,87603,0.0006734929169092382
2005.0,Trans-Light Royal Blue,90,87603,0.001027362076641211
2005.0,Trans-Medium Blue,38,87603,0.0004337750990262891
2005.0,Trans-Medium Purple,113,87603,0.0012899101628939648
2005.0,Trans-Neon Green,154,87603,0.001757930664474961
2005.0,Trans-Neon Orange,333,87603,0.0038012396835724804
2005.0,Trans-Neon Yellow,22,87603,0.0002511329520678516
2005.0,Trans-Orange,171,87603,0.0019519879456183008
2005.0,Trans-Pink,128,87603,0.0014611371756675
2005.0,Trans-Purple,36,87603,0.00041094483065648435
2005.0,Trans-Red,365,87603,0.004166523977489355
2005.0,Trans-Very Lt Blue,48,87603,0.0005479264408753125
2005.0,Trans-Yellow,210,87603,0.0023971781788294923
2005.0,Very Light Bluish Gray,37,87603,0.0004223599648413867
2005.0,White,7229,87603,0.08252000502265903
2005.0,Yellow,5750,87603,0.06563702156318847
2005.0,[No Color/Any Color],275,87603,0.0031391619008481445
2006.0,Aqua,31,89022,0.00034822852777964997
2006.0,Black,21962,89022,0.2467030621644088
2006.0,Blue,5648,89022,0.06344499112578914
2006.0,Bright Green,281,89022,0.003156523106647795
2006.0,Bright Light Blue,17,89022,0.00019096403136303384
2006.0,Bright Light Orange,119,89022,0.001336748219541237
2006.0,Bright Light Yellow,27,89022,0.00030329581451775964
2006.0,Bright Pink,62,89022,0.0006964570555592999
2006.0,Brown,60,89022,0.0006739906989283548
2006.0,Chrome Blue,1,89022,1.123317831547258e-05
2006.0,Chrome Gold,21,89022,0.00023589674462492417
2006.0,Chrome Pink,3,89022,3.369953494641774e-05
2006.0,Chrome Silver,92,89022,0.0010334524050234772
2006.0,Clikits Pink,32,89022,0.0003594617060951226
2006.0,Copper,5,89022,5.61658915773629e-05
2006.0,Dark Blue,267,89022,0.002999258610231179
2006.0,Dark Blue-Violet,1,89022,1.123317831547258e-05
2006.0,Dark Bluish Gray,10365,89022,0.1164318932398733
2006.0,Dark Gray,61,89022,0.0006852238772438274
2006.0,Dark Green,307,89022,0.003448585742850082
2006.0,Dark Orange,88,89022,0.000988519691761587
2006.0,Dark Pink,53,89022,0.0005953584507200467
2006.0,Dark Purple,39,89022,0.0004380939543034306
2006.0,Dark Red,662,89022,0.007436364044842848
2006.0,Dark Tan,44,89022,0.0004942598458807935
2006.0,Flat Dark Gold,15,89022,0.0001684976747320887
2006.0,Glitter Trans-Dark Pink,21,89022,0.00023589674462492417
2006.0,Glitter Trans-Purple,7,89022,7.863224820830806e-05
2006.0,Glow In Dark Opaque,7,89022,7.863224820830806e-05
2006.0,Glow In Dark Trans,7,89022,7.863224820830806e-05
2006.0,Green,2095,89022,0.023533508570915056
2006.0,Light Bluish Gray,13636,89022,0.1531756195097841
2006.0,Light Brown,50,89022,0.000561658915773629
2006.0,Light Gray,80,89022,0.0008986542652378064
2006.0,Light Lilac,3,89022,3.369953494641774e-05
2006.0,Light Lime,1,89022,1.123317831547258e-05
2006.0,Light Purple,6,89022,6.739906989283548e-05
2006.0,Light Tan,1,89022,1.123317831547258e-05
2006.0,Lime,549,89022,0.0061670148951944465
2006.0,Maersk Blue,4,89022,4.493271326189032e-05
2006.0,Magenta,62,89022,0.0006964570555592999
2006.0,Medium Blue,220,89022,0.0024712992294039678
2006.0,Medium Orange,6,89022,6.739906989283548e-05
2006.0,Metal,1,89022,1.123317831547258e-05
2006.0,Metallic Gold,4,89022,4.493271326189032e-05
2006.0,Metallic Silver,222,89022,0.0024937655860349127
2006.0,Nougat,4,89022,4.493271326189032e-05
2006.0,Orange,846,89022,0.009503268854889802
2006.0,Pastel Blue,328,89022,0.0036844824874750063
2006.0,Pearl Black,10,89022,0.0001123317831547258
2006.0,Pearl Blue,4,89022,4.493271326189032e-05
2006.0,Pearl Brown,9,89022,0.00010109860483925321
2006.0,Pearl Dark Gray,75,89022,0.0008424883736604435
2006.0,Pearl Gold,206,89022,0.0023140347329873513
2006.0,Pearl Green,3,89022,3.369953494641774e-05
2006.0,Pearl Light Gray,900,89022,0.010109860483925322
2006.0,Pearl Red,6,89022,6.739906989283548e-05
2006.0,Pearl Sand Blue,2,89022,2.246635663094516e-05
2006.0,Pearl White,19,89022,0.000213430387993979
2006.0,Red,8485,89022,0.09531351800678484
2006.0,Reddish Brown,1883,89022,0.021152074768034868
2006.0,Reddish Gold,2,89022,2.246635663094516e-05
2006.0,Sand Blue,59,89022,0.0006627575206128822
2006.0,Sand Green,50,89022,0.000561658915773629
2006.0,Speckle Black-Copper,6,89022,6.739906989283548e-05
2006.0,Speckle Black-Silver,34,89022,0.0003819280627260677
2006.0,Speckle DBGray-Silver,8,89022,8.986542652378064e-05
2006.0,Tan,1110,89022,0.012468827930174564
2006.0,Trans-Brown,536,89022,0.0060209835770933025
2006.0,Trans-Clear,672,89022,0.0075486958279975735
2006.0,Trans-Dark Blue,385,89022,0.004324773651456944
2006.0,Trans-Dark Pink,107,89022,0.001201950079755566
2006.0,Trans-Fire Yellow,34,89022,0.0003819280627260677
2006.0,Trans-Flame Yellowish Orange,29,89022,0.0003257621711487048
2006.0,Trans-Green,72,89022,0.0008087888387140257
2006.0,Trans-Light Blue,164,89022,0.0018422412437375032
2006.0,Trans-Light Bright Green,17,89022,0.00019096403136303384
2006.0,Trans-Light Green,9,89022,0.00010109860483925321
2006.0,Trans-Light Purple,8,89022,8.986542652378064e-05
2006.0,Trans-Medium Blue,61,89022,0.0006852238772438274
2006.0,Trans-Medium Purple,7,89022,7.863224820830806e-05
2006.0,Trans-Neon Green,452,89022,0.005077396598593606
2006.0,Trans-Neon Orange,262,89022,0.0029430927186538157
2006.0,Trans-Orange,170,89022,0.0019096403136303385
2006.0,Trans-Pink,95,89022,0.001067151939969895
2006.0,Trans-Purple,19,89022,0.000213430387993979
2006.0,Trans-Red,626,89022,0.007031969625485835
2006.0,Trans-Very Lt Blue,13,89022,0.00014603131810114354
2006.0,Trans-Yellow,385,89022,0.004324773651456944
2006.0,Very Light Bluish Gray,95,89022,0.001067151939969895
2006.0,White,8702,89022,0.0977511177012424
2006.0,Yellow,4651,89022,0.05224551234526297
2006.0,[No Color/Any Color],157,89022,0.001763608995529195
2007.0,Black,17930,93609,0.1915414116164044
2007.0,Blue,4226,93609,0.045145231761903236
2007.0,Bright Green,281,93609,0.003001848112895128
2007.0,Bright Light Blue,15,93609,0.00016024100246771143
2007.0,Bright Light Orange,70,93609,0.00074779134484932
2007.0,Bright Light Yellow,12,93609,0.00012819280197416916
2007.0,Bright Pink,30,93609,0.00032048200493542286
2007.0,Chrome Gold,91,93609,0.0009721287483041161
2007.0,Chrome Pink,2,93609,2.1365466995694857e-05
2007.0,Chrome Silver,30,93609,0.00032048200493542286
2007.0,Copper,2,93609,2.1365466995694857e-05
2007.0,Dark Blue,918,93609,0.00980674935102394
2007.0,Dark Bluish Gray,15475,93609,0.16531530087918897
2007.0,Dark Green,140,93609,0.00149558268969864
2007.0,Dark Orange,90,93609,0.0009614460148062686
2007.0,Dark Pink,115,93609,0.0012285143522524544
2007.0,Dark Purple,9,93609,9.614460148062687e-05
2007.0,Dark Red,1197,93609,0.012787231996923373
2007.0,Dark Tan,43,93609,0.0004593575404074395
2007.0,Glitter Trans-Clear,2,93609,2.1365466995694857e-05
2007.0,Glitter Trans-Dark Pink,70,93609,0.00074779134484932
2007.0,Glow In Dark Trans,56,93609,0.000598233075879456
2007.0,Green,1526,93609,0.016301851317715176
2007.0,Light Bluish Gray,16366,93609,0.17483361642577103
2007.0,Light Gray,1,93609,1.0682733497847429e-05
2007.0,Light Lime,2,93609,2.1365466995694857e-05
2007.0,Lime,688,93609,0.007349720646519032
2007.0,Magenta,22,93609,0.00023502013695264344
2007.0,Medium Blue,714,93609,0.007627471717463064
2007.0,Medium Orange,4,93609,4.2730933991389714e-05
2007.0,Medium Violet,3,93609,3.204820049354229e-05
2007.0,Metallic Gold,15,93609,0.00016024100246771143
2007.0,Metallic Silver,100,93609,0.0010682733497847428
2007.0,Milky White,2,93609,2.1365466995694857e-05
2007.0,Nougat,10,93609,0.00010682733497847429
2007.0,Orange,687,93609,0.0073390379130211835
2007.0,Pearl Dark Gray,34,93609,0.0003632129389268126
2007.0,Pearl Gold,196,93609,0.0020938157655780963
2007.0,Pearl Light Gray,764,93609,0.008161608392355435
2007.0,Red,9042,93609,0.09659327628753646
2007.0,Reddish Brown,1839,93609,0.019645546902541423
2007.0,Reddish Lilac,1,93609,1.0682733497847429e-05
2007.0,Sand Blue,1,93609,1.0682733497847429e-05
2007.0,Sand Green,75,93609,0.0008012050123385572
2007.0,Sky Blue,4,93609,4.2730933991389714e-05
2007.0,Speckle Black-Silver,8,93609,8.546186798277943e-05
2007.0,Tan,2475,93609,0.026439765407172387
2007.0,Trans-Brown,255,93609,0.0027240970419510945
2007.0,Trans-Clear,611,93609,0.006527150167184779
2007.0,Trans-Dark Blue,704,93609,0.00752064438248459
2007.0,Trans-Dark Pink,98,93609,0.0010469078827890482
2007.0,Trans-Green,197,93609,0.0021044984990759436
2007.0,Trans-Light Blue,273,93609,0.002916386244912348
2007.0,Trans-Medium Blue,56,93609,0.000598233075879456
2007.0,Trans-Neon Green,298,93609,0.003183454582358534
2007.0,Trans-Neon Orange,160,93609,0.0017092373596555887
2007.0,Trans-Orange,295,93609,0.0031514063818649917
2007.0,Trans-Purple,4,93609,4.2730933991389714e-05
2007.0,Trans-Red,588,93609,0.006281447296734288
2007.0,Trans-Yellow,413,93609,0.004411968934610988
2007.0,Very Light Bluish Gray,3,93609,3.204820049354229e-05
2007.0,White,9175,93609,0.09801407984275017
2007.0,Yellow,4995,93609,0.05336025382174791
2007.0,[No Color/Any Color],101,93609,0.0010789560832825903
2008.0,Black,19501,101972,0.19123877142745066
2008.0,Blue,5326,101972,0.05223002392813714
2008.0,Bright Green,337,101972,0.0033048287765268898
2008.0,Bright Light Blue,11,101972,0.00010787274938218334
2008.0,Bright Light Orange,96,101972,0.0009414349036990546
2008.0,Bright Pink,88,101972,0.0008629819950574667
2008.0,Chrome Black,2,101972,1.9613227160396972e-05
2008.0,Chrome Gold,28,101972,0.0002745851802455576
2008.0,Chrome Silver,19,101972,0.00018632565802377123
2008.0,Copper,13,101972,0.00012748597654258032
2008.0,Dark Blue,1593,101972,0.015621935433256188
2008.0,Dark Bluish Gray,12824,101972,0.12576001255246538
2008.0,Dark Brown,266,101972,0.002608559212332797
2008.0,Dark Green,634,101972,0.00621739300984584
2008.0,Dark Orange,59,101972,0.0005785902012317107
2008.0,Dark Pink,126,101972,0.0012356333111050092
2008.0,Dark Purple,32,101972,0.00031381163456635155
2008.0,Dark Red,1335,101972,0.013091829129564978
2008.0,Dark Tan,339,101972,0.0033244420036872865
2008.0,Glitter Trans-Clear,1,101972,9.806613580198486e-06
2008.0,Glitter Trans-Dark Pink,21,101972,0.0002059388851841682
2008.0,Glow In Dark Trans,27,101972,0.00026477856666535913
2008.0,Green,1560,101972,0.015298317185109638
2008.0,Light Bluish Gray,16683,101972,0.16360373435845135
2008.0,Light Nougat,1,101972,9.806613580198486e-06
2008.0,Lime,790,101972,0.007747224728356804
2008.0,Magenta,73,101972,0.0007158827913544895
2008.0,Medium Blue,693,101972,0.006795983211077551
2008.0,Metallic Copper,32,101972,0.00031381163456635155
2008.0,Metallic Gold,51,101972,0.0005001372925901228
2008.0,Metallic Silver,328,101972,0.0032165692543051033
2008.0,Milky White,7,101972,6.86462950613894e-05
2008.0,Nougat,9,101972,8.825952222178637e-05
2008.0,Orange,1285,101972,0.012601498450555054
2008.0,Pearl Dark Gray,44,101972,0.00043149099752873337
2008.0,Pearl Gold,173,101972,0.0016965441493743381
2008.0,Pearl Light Gray,803,101972,0.007874710704899384
2008.0,Red,6969,101972,0.06834229004040325
2008.0,Reddish Brown,2393,101972,0.023467226297414975
2008.0,Sand Green,524,101972,0.005138665516024006
2008.0,Speckle Black-Silver,24,101972,0.00023535872592476365
2008.0,Tan,2812,101972,0.027576197387518143
2008.0,Trans-Brown,310,101972,0.003040050209861531
2008.0,Trans-Clear,1072,101972,0.010512689757972777
2008.0,Trans-Dark Blue,422,101972,0.004138390930843761
2008.0,Trans-Dark Pink,28,101972,0.0002745851802455576
2008.0,Trans-Green,185,101972,0.00181422351233672
2008.0,Trans-Light Blue,292,101972,0.002863531165417958
2008.0,Trans-Medium Blue,7,101972,6.86462950613894e-05
2008.0,Trans-Neon Green,481,101972,0.0047169811320754715
2008.0,Trans-Neon Orange,232,101972,0.002275134350606049
2008.0,Trans-Orange,297,101972,0.0029125642333189504
2008.0,Trans-Purple,4,101972,3.9226454320793944e-05
2008.0,Trans-Red,841,101972,0.008247362020946926
2008.0,Trans-Yellow,348,101972,0.003412701525909073
2008.0,Very Light Bluish Gray,9,101972,8.825952222178637e-05
2008.0,Violet,5,101972,4.903306790099243e-05
2008.0,White,15037,101972,0.14746204840544463
2008.0,Yellow,4298,101972,0.04214882516769309
2008.0,[No Color/Any Color],172,101972,0.0016867375357941395
2009.0,Black,18543,95765,0.19363024069336396
2009.0,Blue,5582,95765,0.0582885187699055
2009.0,Bright Green,293,95765,0.0030595729128596043
2009.0,Bright Light Blue,6,95765,6.265337022920691e-05
2009.0,Bright Light Orange,122,95765,0.0012739518613272072
2009.0,Bright Light Yellow,5,95765,5.2211141857672424e-05
2009.0,Bright Pink,85,95765,0.0008875894115804312
2009.0,Chrome Black,1,95765,1.0442228371534485e-05
2009.0,Chrome Gold,39,95765,0.00040724690648984494
2009.0,Chrome Red,2,95765,2.088445674306897e-05
2009.0,Chrome Silver,29,95765,0.0003028246227745001
2009.0,Dark Blue,947,95765,0.009888790267843157
2009.0,Dark Bluish Gray,10263,95765,0.10716858977705843
2009.0,Dark Brown,330,95765,0.00344593536260638
2009.0,Dark Green,671,95765,0.00700673523729964
2009.0,Dark Orange,76,95765,0.0007936093562366208
2009.0,Dark Pink,61,95765,0.0006369759306636036
2009.0,Dark Purple,3,95765,3.1326685114603454e-05
2009.0,Dark Red,1240,95765,0.012948363180702763
2009.0,Dark Tan,580,95765,0.006056492455490002
2009.0,Flat Silver,24,95765,0.00025061348091682764
2009.0,Glow In Dark Trans,2,95765,2.088445674306897e-05
2009.0,Green,1808,95765,0.01887954889573435
2009.0,Light Bluish Gray,14347,95765,0.14981465044640527
2009.0,Light Lilac,1,95765,1.0442228371534485e-05
2009.0,Lime,1882,95765,0.019652273795227902
2009.0,Magenta,20,95765,0.0002088445674306897
2009.0,Medium Blue,518,95765,0.005409074296454863
2009.0,Metallic Copper,6,95765,6.265337022920691e-05
2009.0,Metallic Gold,55,95765,0.0005743225604343967
2009.0,Metallic Silver,154,95765,0.0016081031692163107
2009.0,Nougat,1,95765,1.0442228371534485e-05
2009.0,Orange,1570,95765,0.016394298543309142
2009.0,Pearl Blue,1,95765,1.0442228371534485e-05
2009.0,Pearl Dark Gray,29,95765,0.0003028246227745001
2009.0,Pearl Gold,475,95765,0.0049600584764788805
2009.0,Pearl Light Gray,471,95765,0.004918289562992743
2009.0,Red,7653,95765,0.07991437372735341
2009.0,Reddish Brown,3894,95765,0.04066203727875529
2009.0,Sand Green,10,95765,0.00010442228371534485
2009.0,Speckle Black-Silver,2,95765,2.088445674306897e-05
2009.0,Tan,3951,95765,0.04125724429593275
2009.0,Trans-Brown,232,95765,0.0024225969821960007
2009.0,Trans-Clear,1148,95765,0.01198767817052159
2009.0,Trans-Dark Blue,395,95765,0.004124680206756122
2009.0,Trans-Dark Pink,21,95765,0.00021928679580222418
2009.0,Trans-Green,227,95765,0.002370385840338328
2009.0,Trans-Light Blue,180,95765,0.0018796011068762074
2009.0,Trans-Medium Blue,13,95765,0.0001357489688299483
2009.0,Trans-Neon Green,158,95765,0.0016498720827024488
2009.0,Trans-Neon Orange,233,95765,0.0024330392105675353
2009.0,Trans-Orange,476,95765,0.004970500704850415
2009.0,Trans-Purple,34,95765,0.0003550357646321725
2009.0,Trans-Red,707,95765,0.007382655458674881
2009.0,Trans-Yellow,414,95765,0.004323082545815277
2009.0,Very Light Bluish Gray,78,95765,0.0008144938129796899
2009.0,White,9812,95765,0.10245914478149637
2009.0,Yellow,5733,95765,0.0598652952540072
2009.0,[No Color/Any Color],152,95765,0.0015872187124732417
2010.0,Black,19370,117598,0.16471368560689809
2010.0,Blue,6411,117598,0.05451623326927329
2010.0,Bright Green,292,117598,0.002483035425772547
2010.0,Bright Light Blue,16,117598,0.0001360567356587697
2010.0,Bright Light Orange,112,117598,0.000952397149611388
2010.0,Bright Light Yellow,7,117598,5.952482185071175e-05
2010.0,Bright Pink,175,117598,0.0014881205462677937
2010.0,Chrome Gold,14,117598,0.0001190496437014235
2010.0,Chrome Silver,65,117598,0.000552730488613752
2010.0,Dark Blue,728,117598,0.006190581472474021
2010.0,Dark Bluish Gray,12366,117598,0.10515484957227164
2010.0,Dark Brown,662,117598,0.005629347437881596
2010.0,Dark Green,543,117598,0.004617425466419497
2010.0,Dark Orange,153,117598,0.0013010425347369852
2010.0,Dark Pink,367,117598,0.00312080137417303
2010.0,Dark Purple,102,117598,0.0008673616898246569
2010.0,Dark Red,948,117598,0.008061361587782106
2010.0,Dark Tan,682,117598,0.005799418357455058
2010.0,Flat Silver,188,117598,0.0015986666439905442
2010.0,Glitter Trans-Dark Pink,30,117598,0.0002551063793601932
2010.0,Glow In Dark Trans,4,117598,3.4014183914692425e-05
2010.0,Green,2740,117598,0.02329971598156431
2010.0,Light Bluish Gray,16560,117598,0.14081872140682664
2010.0,Light Lilac,1,117598,8.503545978673106e-06
2010.0,Light Nougat,4,117598,3.4014183914692425e-05
2010.0,Lime,1966,117598,0.01671797139407133
2010.0,Magenta,141,117598,0.001198999982992908
2010.0,Medium Blue,1273,117598,0.010825014030850864
2010.0,Medium Nougat,345,117598,0.002933723362642222
2010.0,Metallic Gold,16,117598,0.0001360567356587697
2010.0,Metallic Silver,132,117598,0.00112246806918485
2010.0,Nougat,13,117598,0.00011054609772275039
2010.0,Olive Green,1,117598,8.503545978673106e-06
2010.0,Orange,1760,117598,0.014966240922464668
2010.0,Pastel Blue,166,117598,0.0014115886324597357
2010.0,Pearl Dark Gray,40,117598,0.0003401418391469243
2010.0,Pearl Gold,894,117598,0.007602170104933757
2010.0,Pearl Light Gray,284,117598,0.0024150070579431623
2010.0,Pearl Titanium,12,117598,0.00010204255174407728
2010.0,Red,9277,117598,0.0788873960441504
2010.0,Reddish Brown,3938,117598,0.0334869640640147
2010.0,Sand Blue,1,117598,8.503545978673106e-06
2010.0,Sand Green,177,117598,0.0015051276382251398
2010.0,Speckle Black-Silver,3,117598,2.551063793601932e-05
2010.0,Tan,8091,117598,0.0688021905134441
2010.0,Trans-Bright Green,60,117598,0.0005102127587203864
2010.0,Trans-Brown,370,117598,0.0031463120121090495
2010.0,Trans-Clear,1369,117598,0.011641354444803484
2010.0,Trans-Dark Blue,365,117598,0.003103794282215684
2010.0,Trans-Dark Pink,110,117598,0.0009353900576540417
2010.0,Trans-Green,241,117598,0.0020493545808602186
2010.0,Trans-Light Blue,375,117598,0.003188829742002415
2010.0,Trans-Medium Blue,9,117598,7.653191380805797e-05
2010.0,Trans-Neon Green,62,117598,0.0005272198506777326
2010.0,Trans-Neon Orange,251,117598,0.0021343900406469497
2010.0,Trans-Orange,452,117598,0.003843602782360244
2010.0,Trans-Purple,82,117598,0.0006972907702511948
2010.0,Trans-Red,979,117598,0.008324971513120972
2010.0,Trans-Yellow,474,117598,0.004030680793891053
2010.0,Very Light Bluish Gray,5,117598,4.2517729893365535e-05
2010.0,White,15166,117598,0.12896477831255634
2010.0,Yellow,5978,117598,0.05083419786050783
2010.0,[No Color/Any Color],180,117598,0.0015306382761611592
2011.0,Black,20087,103733,0.19364136774218427
2011.0,Blue,4621,103733,0.04454705831316939
2011.0,Bright Green,222,103733,0.0021401097047227015
2011.0,Bright Light Blue,16,103733,0.00015424214088091543
2011.0,Bright Light Orange,113,103733,0.0010893351199714651
2011.0,Bright Light Yellow,2,103733,1.928026761011443e-05
2011.0,Bright Pink,149,103733,0.001436379936953525
2011.0,Chrome Gold,62,103733,0.0005976882959135473
2011.0,Chrome Silver,32,103733,0.00030848428176183086
2011.0,Dark Azure,8,103733,7.712107044045772e-05
2011.0,Dark Blue,564,103733,0.005437035466052269
2011.0,Dark Bluish Gray,11845,103733,0.1141873849209027
2011.0,Dark Brown,441,103733,0.004251299008030231
2011.0,Dark Green,618,103733,0.005957602691525358
2011.0,Dark Orange,246,103733,0.0023714729160440747
2011.0,Dark Pink,43,103733,0.0004145257536174602
2011.0,Dark Purple,525,103733,0.005061070247655037
2011.0,Dark Red,2146,103733,0.02068772714565278
2011.0,Dark Tan,1380,103733,0.013303384650978956
2011.0,Flat Silver,373,103733,0.003595769909286341
2011.0,Glow In Dark Trans,26,103733,0.00025064347893148756
2011.0,Glow in Dark White,25,103733,0.00024100334512643036
2011.0,Green,1554,103733,0.01498076793305891
2011.0,Lavender,1,103733,9.640133805057214e-06
2011.0,Light Aqua,5,103733,4.820066902528607e-05
2011.0,Light Bluish Gray,17184,103733,0.16565605930610316
2011.0,Light Lilac,1,103733,9.640133805057214e-06
2011.0,Light Nougat,1,103733,9.640133805057214e-06
2011.0,Lime,866,103733,0.008348355875179547
2011.0,Magenta,2,103733,1.928026761011443e-05
2011.0,Medium Blue,494,103733,0.004762226099698264
2011.0,Medium Lavender,6,103733,5.7840802830343284e-05
2011.0,Medium Nougat,35,103733,0.0003374046831770025
2011.0,Metallic Copper,2,103733,1.928026761011443e-05
2011.0,Metallic Gold,40,103733,0.00038560535220228857
2011.0,Metallic Silver,164,103733,0.001580981944029383
2011.0,Nougat,2,103733,1.928026761011443e-05
2011.0,Orange,926,103733,0.00892676390348298
2011.0,Pastel Blue,235,103733,0.002265431444188445
2011.0,Pearl Gold,1068,103733,0.010295662903801104
2011.0,Pearl Light Gray,16,103733,0.00015424214088091543
2011.0,Pearl Titanium,176,103733,0.0016966635496900697
2011.0,Red,7772,103733,0.07492311993290467
2011.0,Reddish Brown,4975,103733,0.04795966568015964
2011.0,Sand Blue,418,103733,0.004029575930513916
2011.0,Sand Green,365,103733,0.003518648838845883
2011.0,Speckle Black-Gold,4,103733,3.856053522022886e-05
2011.0,Speckle Black-Silver,28,103733,0.000269923746541602
2011.0,Tan,4250,103733,0.04097056867149316
2011.0,Trans-Bright Green,10,103733,9.640133805057214e-05
2011.0,Trans-Brown,202,103733,0.0019473070286215573
2011.0,Trans-Clear,1383,103733,0.013332305052394126
2011.0,Trans-Dark Blue,421,103733,0.0040584963319290875
2011.0,Trans-Dark Pink,7,103733,6.74809366354005e-05
2011.0,Trans-Green,181,103733,0.0017448642187153558
2011.0,Trans-Light Blue,380,103733,0.0036632508459217413
2011.0,Trans-Medium Blue,56,103733,0.000539847493083204
2011.0,Trans-Neon Green,144,103733,0.0013881792679282389
2011.0,Trans-Neon Orange,225,103733,0.0021690301061378734
2011.0,Trans-Orange,386,103733,0.0037210916487520848
2011.0,Trans-Purple,12,103733,0.00011568160566068657
2011.0,Trans-Red,682,103733,0.0065745712550490205
2011.0,Trans-Yellow,455,103733,0.0043862608813010325
2011.0,White,10569,103733,0.1018865741856497
2011.0,Yellow,4173,103733,0.040228278368503755
2011.0,[No Color/Any Color],313,103733,0.0030173618809829082
2012.0,Black,17799,111466,0.15968097895322342
2012.0,Blue,4758,111466,0.0426856619955861
2012.0,Bright Green,549,111466,0.004925268691798396
2012.0,Bright Light Blue,58,111466,0.0005203380402992841
2012.0,Bright Light Orange,253,111466,0.0022697504171675666
2012.0,Bright Light Yellow,22,111466,0.0001973696014928319
2012.0,Bright Pink,576,111466,0.005167495020903235
2012.0,Chrome Gold,69,111466,0.0006190228410457
2012.0,Chrome Silver,3,111466,2.691403656720435e-05
2012.0,Dark Azure,18,111466,0.0001614842194032261
2012.0,Dark Blue,805,111466,0.007221933145533167
2012.0,Dark Bluish Gray,12890,111466,0.11564064378375469
2012.0,Dark Brown,792,111466,0.007105305653741948
2012.0,Dark Green,1082,111466,0.00970699585523837
2012.0,Dark Orange,648,111466,0.005813431898516139
2012.0,Dark Pink,398,111466,0.003570595517915777
2012.0,Dark Purple,396,111466,0.003552652826870974
2012.0,Dark Red,1573,111466,0.01411192650673748
2012.0,Dark Tan,1759,111466,0.01578059677390415
2012.0,Flat Silver,639,111466,0.005732689788814527
2012.0,Glitter Trans-Dark Pink,1,111466,8.97134552240145e-06
2012.0,Glow in Dark White,54,111466,0.0004844526582096783
2012.0,Green,2495,111466,0.022383507078391617
2012.0,Lavender,25,111466,0.00022428363806003624
2012.0,Light Aqua,79,111466,0.0007087362962697146
2012.0,Light Bluish Gray,19516,111466,0.1750847792151867
2012.0,Light Nougat,5,111466,4.485672761200725e-05
2012.0,Lime,1812,111466,0.01625607808659143
2012.0,Magenta,120,111466,0.001076561462688174
2012.0,Medium Azure,250,111466,0.0022428363806003626
2012.0,Medium Blue,1065,111466,0.009554482981357543
2012.0,Medium Lavender,255,111466,0.0022876931082123696
2012.0,Medium Nougat,237,111466,0.0021262088888091436
2012.0,Metallic Copper,4,111466,3.58853820896058e-05
2012.0,Metallic Gold,19,111466,0.00017045556492562754
2012.0,Metallic Silver,217,111466,0.0019467819783611146
2012.0,Nougat,1,111466,8.97134552240145e-06
2012.0,Olive Green,73,111466,0.0006549082231353059
2012.0,Orange,1547,111466,0.013878671523155042
2012.0,Pearl Gold,1199,111466,0.010756643281359338
2012.0,Pearl Titanium,305,111466,0.002736260384332442
2012.0,Red,6805,111466,0.061050006279941865
2012.0,Reddish Brown,5361,111466,0.04809538334559417
2012.0,Sand Blue,28,111466,0.0002511976746272406
2012.0,Sand Green,592,111466,0.005311036549261659
2012.0,Speckle Black-Silver,8,111466,7.17707641792116e-05
2012.0,Tan,4032,111466,0.03617246514632264
2012.0,Trans-Bright Green,80,111466,0.000717707641792116
2012.0,Trans-Brown,389,111466,0.003489853408214164
2012.0,Trans-Clear,1305,111466,0.011707605906733892
2012.0,Trans-Dark Blue,348,111466,0.0031220282417957043
2012.0,Trans-Dark Pink,56,111466,0.0005023953492544812
2012.0,Trans-Green,265,111466,0.0023774065634363842
2012.0,Trans-Light Blue,580,111466,0.005203380402992841
2012.0,Trans-Medium Blue,68,111466,0.0006100514955232986
2012.0,Trans-Neon Green,289,111466,0.002592718855974019
2012.0,Trans-Neon Orange,202,111466,0.0018122117955250928
2012.0,Trans-Orange,669,111466,0.00600183015448657
2012.0,Trans-Purple,41,111466,0.0003678251664184594
2012.0,Trans-Red,737,111466,0.006611881650009869
2012.0,Trans-Yellow,404,111466,0.0036244235910501857
2012.0,White,10088,111466,0.09050293362998582
2012.0,Yellow,4331,111466,0.03885489745752068
2012.0,Yellowish Green,9,111466,8.074210970161305e-05
2012.0,[No Color/Any Color],413,111466,0.003705165700751799
2013.0,Black,23549,128122,0.18380137681272538
2013.0,Blue,5764,128122,0.04498837045940588
2013.0,Bright Green,441,128122,0.0034420318134278267
2013.0,Bright Light Blue,40,128122,0.0003122024320569457
2013.0,Bright Light Orange,971,128122,0.007578714038182358
2013.0,Bright Light Yellow,49,128122,0.0003824479792697585
2013.0,Bright Pink,457,128122,0.0035669127862506048
2013.0,Chrome Gold,328,128122,0.002560059942866955
2013.0,Chrome Silver,27,128122,0.00021073664163843837
2013.0,Dark Azure,316,128122,0.002466399213249871
2013.0,Dark Blue,832,128122,0.006493810586784471
2013.0,Dark Bluish Gray,12908,128122,0.10074772482477638
2013.0,Dark Brown,865,128122,0.006751377593231451
2013.0,Dark Green,771,128122,0.006017701877897629
2013.0,Dark Orange,218,128122,0.0017015032547103542
2013.0,Dark Pink,405,128122,0.0031610496245765753
2013.0,Dark Purple,285,128122,0.0022244423284057385
2013.0,Dark Red,1739,128122,0.013573000733675716
2013.0,Dark Tan,4277,128122,0.03338224504768892
2013.0,Flat Silver,902,128122,0.007040164842884126
2013.0,Glow in Dark White,19,128122,0.00014829615522704922
2013.0,Green,2470,128122,0.0192785001795164
2013.0,Lavender,29,128122,0.00022634676324128565
2013.0,Light Aqua,18,128122,0.00014049109442562557
2013.0,Light Bluish Gray,18679,128122,0.14579073070979223
2013.0,Light Nougat,21,128122,0.0001639062768298965
2013.0,Lime,1601,128122,0.012495902343079252
2013.0,Magenta,184,128122,0.0014361311874619503
2013.0,Medium Azure,279,128122,0.0021776119635971963
2013.0,Medium Blue,519,128122,0.004050826555938871
2013.0,Medium Lavender,164,128122,0.0012800299714334775
2013.0,Medium Nougat,193,128122,0.0015063767346747631
2013.0,Metallic Gold,37,128122,0.0002887872496526748
2013.0,Metallic Silver,224,128122,0.001748333619518896
2013.0,Nougat,1,128122,7.805060801423643e-06
2013.0,Olive Green,506,128122,0.003949360765520363
2013.0,Orange,1523,128122,0.011887107600568209
2013.0,Pearl Gold,1112,128122,0.008679227611183091
2013.0,Pearl Titanium,265,128122,0.0020683411123772655
2013.0,Red,8207,128122,0.06405613399728384
2013.0,Reddish Brown,5633,128122,0.04396590749441938
2013.0,Sand Blue,1,128122,7.805060801423643e-06
2013.0,Sand Green,48,128122,0.00037464291846833487
2013.0,Speckle Black-Silver,1,128122,7.805060801423643e-06
2013.0,Tan,5420,128122,0.042303429543716145
2013.0,Trans-Bright Green,70,128122,0.000546354256099655
2013.0,Trans-Brown,980,128122,0.00764895958539517
2013.0,Trans-Clear,1339,128122,0.010450976413106258
2013.0,Trans-Dark Blue,724,128122,0.0056508640202307175
2013.0,Trans-Dark Pink,123,128122,0.0009600224785751081
2013.0,Trans-Green,186,128122,0.0014517413090647975
2013.0,Trans-Light Blue,1555,128122,0.012136869546213765
2013.0,Trans-Medium Blue,45,128122,0.00035122773606406394
2013.0,Trans-Neon Green,259,128122,0.0020215107475687237
2013.0,Trans-Neon Orange,106,128122,0.0008273364449509062
2013.0,Trans-Orange,634,128122,0.00494840854810259
2013.0,Trans-Purple,106,128122,0.0008273364449509062
2013.0,Trans-Red,927,128122,0.007235291362919717
2013.0,Trans-Yellow,600,128122,0.004683036480854186
2013.0,Very Light Bluish Gray,14,128122,0.000109270851219931
2013.0,White,12883,128122,0.1005525983047408
2013.0,Yellow,4931,128122,0.038486754811819984
2013.0,[No Color/Any Color],342,128122,0.002669330794086886
2014.0,Black,27127,145824,0.18602561992538952
2014.0,Blue,6906,145824,0.047358459512837396
2014.0,Bright Green,628,145824,0.004306561334211104
2014.0,Bright Light Blue,76,145824,0.000521176212420452
2014.0,Bright Light Orange,817,145824,0.00560264428351986
2014.0,Bright Light Yellow,105,145824,0.0007200460829493088
2014.0,Bright Pink,807,145824,0.005534068466096116
2014.0,Chrome Gold,22,145824,0.0001508667983322361
2014.0,Chrome Silver,32,145824,0.00021944261575597982
2014.0,Dark Azure,160,145824,0.0010972130787798991
2014.0,Dark Blue,857,145824,0.005876947553214835
2014.0,Dark Bluish Gray,15765,145824,0.10810977616853193
2014.0,Dark Brown,778,145824,0.005335198595567259
2014.0,Dark Green,722,145824,0.0049511740179942944
2014.0,Dark Orange,493,145824,0.003380787798990564
2014.0,Dark Pink,610,145824,0.0041831248628483655
2014.0,Dark Purple,575,145824,0.003943109501865262
2014.0,Dark Red,1057,145824,0.007248463901689708
2014.0,Dark Tan,1416,145824,0.009710335747202106
2014.0,Flat Silver,1674,145824,0.011479591836734694
2014.0,Glow in Dark White,137,145824,0.0009394886987052885
2014.0,Green,2342,145824,0.01606045644064077
2014.0,Lavender,52,145824,0.0003565942506034672
2014.0,Light Aqua,81,145824,0.0005554641211323239
2014.0,Light Bluish Gray,24098,145824,0.16525400482773756
2014.0,Light Nougat,12,145824,8.229098090849243e-05
2014.0,Lime,1680,145824,0.01152073732718894
2014.0,Magenta,567,145824,0.0038882488479262674
2014.0,Medium Azure,799,145824,0.005479207812157121
2014.0,Medium Blue,618,145824,0.00423798551678736
2014.0,Medium Lavender,374,145824,0.002564735571648014
2014.0,Medium Nougat,512,145824,0.003511081852095677
2014.0,Metallic Gold,8,145824,5.4860653938994955e-05
2014.0,Metallic Silver,174,145824,0.0011932192231731403
2014.0,Nougat,32,145824,0.00021944261575597982
2014.0,Olive Green,1066,145824,0.007310182137371077
2014.0,Orange,1871,145824,0.012830535439982445
2014.0,Pearl Gold,1829,145824,0.012542517006802721
2014.0,Pearl Titanium,231,145824,0.0015841013824884793
2014.0,Red,7996,145824,0.05483322361202546
2014.0,Reddish Brown,6956,145824,0.04770133859995611
2014.0,Sand Blue,142,145824,0.0009737766074171604
2014.0,Sand Green,288,145824,0.0019749835418038184
2014.0,Tan,5898,145824,0.04044601711652403
2014.0,Trans-Bright Green,226,145824,0.0015498134737766075
2014.0,Trans-Brown,396,145824,0.00271560236998025
2014.0,Trans-Clear,1669,145824,0.011445303928022822
2014.0,Trans-Dark Blue,488,145824,0.003346499890278692
2014.0,Trans-Dark Pink,88,145824,0.0006034671933289444
2014.0,Trans-Green,243,145824,0.0016663923633969716
2014.0,Trans-Light Blue,1894,145824,0.012988259820057056
2014.0,Trans-Medium Blue,35,145824,0.00024001536098310292
2014.0,Trans-Neon Green,204,145824,0.0013989466754443713
2014.0,Trans-Neon Orange,252,145824,0.0017281105990783411
2014.0,Trans-Orange,957,145824,0.0065627057274522714
2014.0,Trans-Purple,21,145824,0.00014400921658986175
2014.0,Trans-Red,1437,145824,0.009854344963791969
2014.0,Trans-Yellow,761,145824,0.0052186197059468946
2014.0,White,13318,145824,0.09132927364494185
2014.0,Yellow,5103,145824,0.0349942396313364
2014.0,Yellowish Green,14,145824,9.600614439324117e-05
2014.0,[No Color/Any Color],328,145824,0.002249286811498793
2015.0,Black,28463,158207,0.17990986492380237
2015.0,Blue,6721,158207,0.04248231747014987
2015.0,Bright Green,762,158207,0.004816474618695759
2015.0,Bright Light Blue,103,158207,0.0006510457817922089
2015.0,Bright Light Orange,1314,158207,0.008305574342475365
2015.0,Bright Light Yellow,130,158207,0.0008217082682814287
2015.0,Bright Pink,621,158207,0.003925237189252056
2015.0,Chrome Gold,14,158207,8.849165966107695e-05
2015.0,Chrome Silver,11,158207,6.952916116227475e-05
2015.0,Dark Azure,162,158207,0.0010239749189353189
2015.0,Dark Blue,1976,158207,0.012489965677877718
2015.0,Dark Bluish Gray,18471,158207,0.11675210325712516
2015.0,Dark Brown,923,158207,0.005834128704798144
2015.0,Dark Green,1309,158207,0.008273970178310695
2015.0,Dark Orange,676,158207,0.00427288299506343
2015.0,Dark Pink,532,158207,0.003362683067120924
2015.0,Dark Purple,1138,158207,0.0071931077638789686
2015.0,Dark Red,1937,158207,0.012243453197393289
2015.0,Dark Tan,2220,158207,0.014032248889113629
2015.0,Flat Silver,1839,158207,0.01162401157976575
2015.0,Glitter Trans-Clear,4,158207,2.528333133173627e-05
2015.0,Glitter Trans-Light Blue,6,158207,3.7924996997604407e-05
2015.0,Glitter Trans-Neon Green,7,158207,4.424582983053847e-05
2015.0,Glitter Trans-Purple,16,158207,0.00010113332532694508
2015.0,Glow in Dark White,37,158207,0.0002338708148185605
2015.0,Green,2437,158207,0.015403869613860323
2015.0,Lavender,331,158207,0.0020921956677011763
2015.0,Light Aqua,120,158207,0.0007584999399520881
2015.0,Light Bluish Gray,25306,158207,0.1599549956702295
2015.0,Light Nougat,9,158207,5.6887495496406606e-05
2015.0,Lime,1422,158207,0.008988224288432245
2015.0,Magenta,835,158207,0.005277895415499946
2015.0,Medium Azure,1124,158207,0.0071046161042178915
2015.0,Medium Blue,801,158207,0.005062987099180188
2015.0,Medium Lavender,698,158207,0.004411941317387979
2015.0,Medium Nougat,568,158207,0.0035902330491065504
2015.0,Metallic Gold,36,158207,0.00022754998198562643
2015.0,Metallic Silver,116,158207,0.0007332166086203518
2015.0,Nougat,1,158207,6.3208328329340675e-06
2015.0,Olive Green,285,158207,0.0018014373573862093
2015.0,Orange,1857,158207,0.011737786570758564
2015.0,Pearl Gold,2237,158207,0.014139703047273508
2015.0,Pearl Titanium,333,158207,0.0021048373333670445
2015.0,Red,7795,158207,0.04927089193272106
2015.0,Reddish Brown,5221,158207,0.03300106822074877
2015.0,Sand Blue,64,158207,0.0004045333013077803
2015.0,Sand Green,295,158207,0.00186464568571555
2015.0,Tan,5523,158207,0.034909959736294856
2015.0,Trans-Bright Green,315,158207,0.0019910623423742314
2015.0,Trans-Brown,621,158207,0.003925237189252056
2015.0,Trans-Clear,2148,158207,0.013577148925142377
2015.0,Trans-Dark Blue,499,158207,0.0031540955836341
2015.0,Trans-Dark Pink,281,158207,0.0017761540260544729
2015.0,Trans-Green,265,158207,0.0016750207007275278
2015.0,Trans-Light Blue,2744,158207,0.01734436529357108
2015.0,Trans-Medium Blue,81,158207,0.0005119874594676594
2015.0,Trans-Neon Green,438,158207,0.0027685247808251216
2015.0,Trans-Neon Orange,165,158207,0.0010429374174341212
2015.0,Trans-Orange,1347,158207,0.008514161825962189
2015.0,Trans-Purple,160,158207,0.0010113332532694509
2015.0,Trans-Red,1277,158207,0.008071703527656805
2015.0,Trans-Yellow,707,158207,0.004468828812884386
2015.0,White,14695,158207,0.09288463847996611
2015.0,Yellow,5056,158207,0.031958130803314645
2015.0,Yellowish Green,348,158207,0.0021996498258610555
2015.0,[No Color/Any Color],254,158207,0.001605491539565253
2016.0,Black,28123,166680,0.16872450203983683
2016.0,Blue,7178,166680,0.04306455483561315
2016.0,Bright Green,757,166680,0.004541636669066475
2016.0,Bright Light Blue,125,166680,0.000749940004799616
2016.0,Bright Light Orange,1218,166680,0.0073074154067674585
2016.0,Bright Light Yellow,76,166680,0.00045596352291816654
2016.0,Bright Pink,508,166680,0.0030477561795056395
2016.0,Chrome Gold,21,166680,0.0001259899208063355
2016.0,Chrome Silver,8,166680,4.7996160307175425e-05
2016.0,Dark Azure,851,166680,0.005105591552675786
2016.0,Dark Blue,1237,166680,0.007421406287497
2016.0,Dark Bluish Gray,19854,166680,0.1191144708423326
2016.0,Dark Brown,663,166680,0.003977681785457163
2016.0,Dark Green,588,166680,0.0035277177825773936
2016.0,Dark Orange,546,166680,0.0032757379409647227
2016.0,Dark Pink,495,166680,0.0029697624190064796
2016.0,Dark Purple,842,166680,0.005051595872330214
2016.0,Dark Red,1603,166680,0.009617230621550276
2016.0,Dark Tan,2991,166680,0.01794456443484521
2016.0,Flat Silver,1859,166680,0.01115310775137989
2016.0,Glitter Trans-Clear,2,166680,1.1999040076793856e-05
2016.0,Glitter Trans-Dark Pink,1,166680,5.999520038396928e-06
2016.0,Glitter Trans-Light Blue,5,166680,2.999760019198464e-05
2016.0,Glitter Trans-Neon Green,2,166680,1.1999040076793856e-05
2016.0,Glitter Trans-Purple,14,166680,8.399328053755699e-05
2016.0,Glow in Dark White,1,166680,5.999520038396928e-06
2016.0,Green,2690,166680,0.016138708903287738
2016.0,Lavender,406,166680,0.002435805135589153
2016.0,Light Aqua,173,166680,0.0010379169666426685
2016.0,Light Bluish Gray,27192,166680,0.16313894888408928
2016.0,Light Nougat,6,166680,3.599712023038157e-05
2016.0,Lime,1615,166680,0.009689224862011039
2016.0,Magenta,766,166680,0.004595632349412047
2016.0,Medium Azure,1026,166680,0.006155507559395248
2016.0,Medium Blue,414,166680,0.002483801295896328
2016.0,Medium Lavender,460,166680,0.002759779217662587
2016.0,Medium Nougat,1072,166680,0.006431485481161507
2016.0,Metallic Gold,9,166680,5.3995680345572353e-05
2016.0,Metallic Silver,76,166680,0.00045596352291816654
2016.0,Nougat,8,166680,4.7996160307175425e-05
2016.0,Olive Green,179,166680,0.0010739140868730502
2016.0,Orange,1610,166680,0.009659227261819054
2016.0,Pearl Dark Gray,1,166680,5.999520038396928e-06
2016.0,Pearl Gold,2567,166680,0.015400767938564914
2016.0,Pearl Titanium,227,166680,0.0013618910487161026
2016.0,Red,7688,166680,0.046124310055195586
2016.0,Reddish Brown,6558,166680,0.03934485241180705
2016.0,Sand Blue,399,166680,0.0023938084953203744
2016.0,Sand Green,461,166680,0.002765778737700984
2016.0,Tan,8435,166680,0.05060595152387809
2016.0,Trans-Bright Green,315,166680,0.0018898488120950325
2016.0,Trans-Brown,926,166680,0.005555555555555556
2016.0,Trans-Clear,2277,166680,0.013660907127429806
2016.0,Trans-Dark Blue,578,166680,0.0034677225821934245
2016.0,Trans-Dark Pink,387,166680,0.002321814254859611
2016.0,Trans-Green,380,166680,0.0022798176145908326
2016.0,Trans-Light Blue,1349,166680,0.008093352531797457
2016.0,Trans-Medium Blue,61,166680,0.0003659707223422126
2016.0,Trans-Neon Green,463,166680,0.002777777777777778
2016.0,Trans-Neon Orange,735,166680,0.004409647228221742
2016.0,Trans-Orange,1290,166680,0.007739380849532037
2016.0,Trans-Purple,160,166680,0.0009599232061435085
2016.0,Trans-Red,1147,166680,0.006881449484041277
2016.0,Trans-Yellow,679,166680,0.004073674106071515
2016.0,White,15501,166680,0.09299856011519078
2016.0,Yellow,6258,166680,0.037544996400287974
2016.0,Yellowish Green,68,166680,0.0004079673626109911
2016.0,[No Color/Any Color],500,166680,0.002999760019198464
2017.0,Black,33379,203076,0.16436703500167424
2017.0,Blue,7919,203076,0.0389952530087258
2017.0,Bright Green,591,203076,0.0029102405010931866
2017.0,Bright Light Blue,253,203076,0.0012458389962378617
2017.0,Bright Light Orange,1291,203076,0.00635722586617818
2017.0,Bright Light Yellow,171,203076,0.0008420492820421911
2017.0,Bright Pink,379,203076,0.0018662963619531603
2017.0,Dark Azure,553,203076,0.0027231184384171442
2017.0,Dark Blue,2230,203076,0.010981110520199334
2017.0,Dark Bluish Gray,23561,203076,0.1160206031239536
2017.0,Dark Brown,1011,203076,0.004978431720144182
2017.0,Dark Green,1150,203076,0.005662904528353917
2017.0,Dark Orange,453,203076,0.0022306919576907166
2017.0,Dark Pink,499,203076,0.0024572081388248733
2017.0,Dark Purple,1206,203076,0.0059386633575607166
2017.0,Dark Red,1988,203076,0.00978943843684138
2017.0,Dark Tan,3534,203076,0.01740235182887195
2017.0,Flat Silver,2098,203076,0.01033110756564045
2017.0,Glitter Trans-Light Blue,13,203076,6.401544249443559e-05
2017.0,Glitter Trans-Neon Green,1,203076,4.9242648072642755e-06
2017.0,Glitter Trans-Purple,4,203076,1.9697059229057102e-05
2017.0,Glow in Dark White,18,203076,8.863676653075696e-05
2017.0,Green,3299,203076,0.016245149599164843
2017.0,Lavender,269,203076,0.00132462723315409
2017.0,Light Aqua,209,203076,0.0010291713447182335
2017.0,Light Bluish Gray,36910,203076,0.18175461403612442
2017.0,Light Nougat,10,203076,4.924264807264275e-05
2017.0,Lime,1855,203076,0.00913451121747523
2017.0,Magenta,857,203076,0.004220094939825484
2017.0,Medium Azure,1346,203076,0.006628060430577715
2017.0,Medium Blue,1143,203076,0.005628434674703067
2017.0,Medium Lavender,377,203076,0.0018564478323386318
2017.0,Medium Nougat,1656,203076,0.00815458252082964
2017.0,Metallic Gold,33,203076,0.0001625007386397211
2017.0,Metallic Silver,67,203076,0.00032992574208670644
2017.0,Nougat,12,203076,5.9091177687171306e-05
2017.0,Olive Green,527,203076,0.002595087553428273
2017.0,Orange,2126,203076,0.01046898698024385
2017.0,Pearl Copper,31,203076,0.00015265220902519253
2017.0,Pearl Gold,2202,203076,0.010843231105595935
2017.0,Pearl Titanium,342,203076,0.0016840985640843823
2017.0,Red,9951,203076,0.049001359097086805
2017.0,Reddish Brown,8068,203076,0.039728968465008174
2017.0,Sand Blue,640,203076,0.003151529476649136
2017.0,Sand Green,1675,203076,0.008248143552167662
2017.0,Tan,8759,203076,0.04313163544682779
2017.0,Trans-Bright Green,243,203076,0.001196596348165219
2017.0,Trans-Brown,476,203076,0.002343950048257795
2017.0,Trans-Clear,2645,203076,0.01302468041521401
2017.0,Trans-Dark Blue,422,203076,0.0020780397486655244
2017.0,Trans-Dark Pink,290,203076,0.00142803679410664
2017.0,Trans-Green,261,203076,0.0012852331146959758
2017.0,Trans-Light Blue,2086,203076,0.010272016387953279
2017.0,Trans-Medium Blue,63,203076,0.00031022868285764934
2017.0,Trans-Neon Green,113,203076,0.0005564419232208631
2017.0,Trans-Neon Orange,524,203076,0.0025803147590064803
2017.0,Trans-Orange,916,203076,0.004510626563454076
2017.0,Trans-Purple,263,203076,0.0012950816443105045
2017.0,Trans-Red,1351,203076,0.006652681754614036
2017.0,Trans-Yellow,995,203076,0.004899643483227954
2017.0,White,21554,203076,0.1061376036557742
2017.0,Yellow,4931,203076,0.02428154976462014
2017.0,Yellowish Green,241,203076,0.0011867478185506905
2017.0,[No Color/Any Color],1036,203076,0.005101538340325789
2018.0,Black,36043,206548,0.17450181071712145
2018.0,Blue,8490,206548,0.04110424695470302
2018.0,Bright Green,749,206548,0.003626275732517381
2018.0,Bright Light Blue,157,206548,0.0007601138718360865
2018.0,Bright Light Orange,1393,206548,0.0067441950539341945
2018.0,Bright Light Yellow,325,206548,0.0015734841295969944
2018.0,Bright Pink,905,206548,0.0043815481147239385
2018.0,Chrome Gold,15,206548,7.26223444429382e-05
2018.0,Chrome Pink,1,206548,4.841489629529213e-06
2018.0,Chrome Silver,28,206548,0.00013556170962681797
2018.0,Dark Azure,1536,206548,0.007436528070956872
2018.0,Dark Blue,3184,206548,0.015415302980421016
2018.0,Dark Bluish Gray,18548,206548,0.08979994964850785
2018.0,Dark Brown,662,206548,0.0032050661347483396
2018.0,Dark Green,1293,206548,0.006260046090981273
2018.0,Dark Orange,541,206548,0.0026192458895753046
2018.0,Dark Pink,827,206548,0.00400391192362066
2018.0,Dark Purple,1095,206548,0.0053014311443344885
2018.0,Dark Red,2877,206548,0.013928965664155548
2018.0,Dark Tan,4346,206548,0.021041113929933963
2018.0,Dark Turquoise,626,206548,0.0030307725080852875
2018.0,Flat Silver,2060,206548,0.00997346863683018
2018.0,Glitter Trans-Neon Green,2,206548,9.682979259058426e-06
2018.0,Glitter Trans-Purple,5,206548,2.420744814764607e-05
2018.0,Glow in Dark White,34,206548,0.00016461064740399327
2018.0,Green,3515,206548,0.017017836047795186
2018.0,Lavender,333,206548,0.0016122160466332282
2018.0,Light Aqua,359,206548,0.0017380947770009876
2018.0,Light Bluish Gray,30746,206548,0.1488564401495052
2018.0,Light Nougat,4,206548,1.9365958518116853e-05
2018.0,Lime,2115,206548,0.010239750566454287
2018.0,Magenta,685,206548,0.0033164203962275113
2018.0,Medium Azure,1134,206548,0.005490249239886128
2018.0,Medium Blue,667,206548,0.0032292735828959853
2018.0,Medium Lavender,522,206548,0.0025272575866142496
2018.0,Medium Nougat,1252,206548,0.006061545016170575
2018.0,Metallic Gold,49,206548,0.00023723299184693147
2018.0,Metallic Silver,219,206548,0.0010602862288668978
2018.0,Nougat,6,206548,2.904893777717528e-05
2018.0,Olive Green,642,206548,0.003108236342157755
2018.0,Orange,3165,206548,0.01532331467745996
2018.0,Pearl Copper,11,206548,5.325638592482135e-05
2018.0,Pearl Gold,2593,206548,0.012553982609369251
2018.0,Pearl Titanium,324,206548,0.0015686426399674652
2018.0,Red,11021,206548,0.05335805720704146
2018.0,Reddish Brown,9709,206548,0.04700602281309913
2018.0,Sand Blue,324,206548,0.0015686426399674652
2018.0,Sand Green,906,206548,0.0043863896043534675
2018.0,Tan,13527,206548,0.06549083021864167
2018.0,Trans-Bright Green,331,206548,0.0016025330673741698
2018.0,Trans-Brown,491,206548,0.0023771714080988438
2018.0,Trans-Clear,2763,206548,0.013377035846389216
2018.0,Trans-Dark Blue,327,206548,0.0015831671088560528
2018.0,Trans-Dark Pink,379,206548,0.001834924569591572
2018.0,Trans-Green,353,206548,0.0017090458392238124
2018.0,Trans-Light Blue,1924,206548,0.009315026047214207
2018.0,Trans-Medium Blue,7,206548,3.389042740670449e-05
2018.0,Trans-Neon Green,175,206548,0.0008472606851676124
2018.0,Trans-Neon Orange,328,206548,0.001588008598485582
2018.0,Trans-Orange,976,206548,0.004725293878420513
2018.0,Trans-Purple,282,206548,0.0013653000755272382
2018.0,Trans-Red,1197,206548,0.005795263086546469
2018.0,Trans-Yellow,936,206548,0.004531634293239344
2018.0,White,20690,206548,0.10017042043495943
2018.0,Yellow,5395,206548,0.026119836551310106
2018.0,Yellowish Green,69,206548,0.00033406278443751575
2018.0,[No Color/Any Color],355,206548,0.0017187288184828708
2019.0,Black,37693,223400,0.16872426141450314
2019.0,Blue,8637,223400,0.03866159355416294
2019.0,Bright Green,1030,223400,0.004610564010743062
2019.0,Bright Light Blue,138,223400,0.0006177260519247985
2019.0,Bright Light Orange,1352,223400,0.006051924798567592
2019.0,Bright Light Yellow,344,223400,0.001539838854073411
2019.0,Bright Pink,1143,223400,0.005116383169203223
2019.0,Chrome Gold,17,223400,7.609668755595345e-05
2019.0,Coral,390,223400,0.0017457475380483437
2019.0,Dark Azure,1183,223400,0.005295434198746643
2019.0,Dark Blue,4552,223400,0.02037600716204118
2019.0,Dark Bluish Gray,22732,223400,0.10175470008952552
2019.0,Dark Brown,1727,223400,0.007730528200537153
2019.0,Dark Green,1477,223400,0.006611459265890779
2019.0,Dark Orange,1856,223400,0.008307967770814682
2019.0,Dark Pink,792,223400,0.0035452103849597134
2019.0,Dark Purple,1040,223400,0.004655326768128917
2019.0,Dark Red,2353,223400,0.010532676812891674
2019.0,Dark Tan,3949,223400,0.017676812891674127
2019.0,Dark Turquoise,824,223400,0.0036884512085944496
2019.0,Flat Silver,1751,223400,0.007837958818263204
2019.0,Glitter Trans-Clear,1,223400,4.476275738585497e-06
2019.0,Glitter Trans-Dark Pink,20,223400,8.952551477170994e-05
2019.0,Glitter Trans-Light Blue,25,223400,0.00011190689346463742
2019.0,Glitter Trans-Purple,37,223400,0.0001656222023276634
2019.0,Green,2771,223400,0.012403760071620413
2019.0,Lavender,263,223400,0.0011772605192479856
2019.0,Light Aqua,506,223400,0.0022649955237242616
2019.0,Light Bluish Gray,34129,223400,0.15277081468218442
2019.0,Lime,1815,223400,0.008124440465532677
2019.0,Magenta,921,223400,0.0041226499552372425
2019.0,Medium Azure,1429,223400,0.006396598030438675
2019.0,Medium Blue,326,223400,0.001459265890778872
2019.0,Medium Lavender,391,223400,0.0017502238137869293
2019.0,Medium Nougat,2390,223400,0.010698299015219338
2019.0,Metal,1,223400,4.476275738585497e-06
2019.0,Metallic Gold,162,223400,0.0007251566696508505
2019.0,Metallic Silver,245,223400,0.0010966875559534467
2019.0,Nougat,1,223400,4.476275738585497e-06
2019.0,Olive Green,977,223400,0.004373321396598031
2019.0,Orange,2549,223400,0.011410026857654432
2019.0,Pearl Copper,20,223400,8.952551477170994e-05
2019.0,Pearl Gold,3107,223400,0.013907788719785139
2019.0,Pearl Titanium,637,223400,0.0028513876454789614
2019.0,Red,11165,223400,0.04997761862130707
2019.0,Reddish Brown,11826,223400,0.052936436884512085
2019.0,Sand Blue,528,223400,0.0023634735899731424
2019.0,Sand Green,1988,223400,0.008898836168307969
2019.0,Tan,10168,223400,0.045514771709937334
2019.0,Trans-Bright Green,206,223400,0.0009221128021486124
2019.0,Trans-Brown,487,223400,0.002179946284691137
2019.0,Trans-Clear,2302,223400,0.010304386750223814
2019.0,Trans-Dark Blue,434,223400,0.0019427036705461057
2019.0,Trans-Dark Pink,386,223400,0.001727842435094002
2019.0,Trans-Green,263,223400,0.0011772605192479856
2019.0,Trans-Light Blue,2380,223400,0.010653536257833482
2019.0,Trans-Neon Green,180,223400,0.0008057296329453894
2019.0,Trans-Neon Orange,74,223400,0.0003312444046553268
2019.0,Trans-Orange,1183,223400,0.005295434198746643
2019.0,Trans-Purple,177,223400,0.000792300805729633
2019.0,Trans-Red,996,223400,0.004458370635631155
2019.0,Trans-Yellow,540,223400,0.0024171888988361685
2019.0,White,23997,223400,0.10741718889883617
2019.0,Yellow,5898,223400,0.02640107430617726
2019.0,Yellowish Green,202,223400,0.0009042076991942704
2019.0,[No Color/Any Color],317,223400,0.0014189794091316024
2020.0,Black,48731,258569,0.18846420104498218
2020.0,Blue,9632,258569,0.03725117860222996
2020.0,Bright Green,1347,258569,0.0052094411936465706
2020.0,Bright Light Blue,201,258569,0.0007773553674261029
2020.0,Bright Light Orange,1914,258569,0.007402279468923189
2020.0,Bright Light Yellow,1640,258569,0.00634260100785477
2020.0,Bright Pink,2009,258569,0.007769686234622093
2020.0,Chrome Black,1,258569,3.8674396389358355e-06
2020.0,Chrome Gold,6,258569,2.3204637833615013e-05
2020.0,Coral,748,258569,0.0028928448499240048
2020.0,Dark Azure,1301,258569,0.005031538970255522
2020.0,Dark Blue,3517,258569,0.013601785210137333
2020.0,Dark Bluish Gray,19702,258569,0.07619629576631383
2020.0,Dark Brown,2026,258569,0.007835432708484002
2020.0,Dark Green,1097,258569,0.004242581283912611
2020.0,Dark Orange,1664,258569,0.00643541955918923
2020.0,Dark Pink,1988,258569,0.007688470002204441
2020.0,Dark Purple,1203,258569,0.00465252988563981
2020.0,Dark Red,3113,258569,0.012039339596007255
2020.0,Dark Tan,6540,258569,0.025293055238640363
2020.0,Dark Turquoise,1953,258569,0.007553109614841686
2020.0,Flat Silver,2028,258569,0.007843167587761874
2020.0,Glitter Trans-Clear,24,258569,9.281855133446005e-05
2020.0,Glitter Trans-Dark Pink,18,258569,6.961391350084504e-05
2020.0,Glitter Trans-Light Blue,27,258569,0.00010442087025126755
2020.0,Glitter Trans-Orange,1,258569,3.8674396389358355e-06
2020.0,Glitter Trans-Purple,31,258569,0.00011989062880701089
2020.0,Glow in Dark White,3,258569,1.1602318916807506e-05
2020.0,Green,3163,258569,0.012232711577954048
2020.0,Lavender,785,258569,0.0030359401165646308
2020.0,Light Aqua,789,258569,0.003051409875120374
2020.0,Light Bluish Gray,30695,258569,0.11871105971713547
2020.0,Light Nougat,17,258569,6.57464738619092e-05
2020.0,Lime,3308,258569,0.012793490325599743
2020.0,Magenta,1186,258569,0.0045867834117779005
2020.0,Medium Azure,2843,258569,0.01099513089349458
2020.0,Medium Blue,522,258569,0.002018803491524506
2020.0,Medium Lavender,544,258569,0.0021038871635810944
2020.0,Medium Nougat,3425,258569,0.013245980763355236
2020.0,Metallic Gold,448,258569,0.0017326129582432542
2020.0,Metallic Silver,218,258569,0.0008431018412880121
2020.0,Nougat,65,258569,0.0002513835765308293
2020.0,Olive Green,817,258569,0.0031596981850105775
2020.0,Opal Trans-Brown,48,258569,0.0001856371026689201
2020.0,Opal Trans-Clear,32,258569,0.00012375806844594674
2020.0,Opal Trans-Dark Pink,32,258569,0.00012375806844594674
2020.0,Opal Trans-Light Blue,64,258569,0.00024751613689189347
2020.0,Opal Trans-Purple,25,258569,9.668599097339589e-05
2020.0,Orange,3025,258569,0.011699004907780901
2020.0,Pearl Copper,5,258569,1.9337198194679176e-05
2020.0,Pearl Gold,3860,258569,0.014928317006292324
2020.0,Pearl Titanium,822,258569,0.0031790353832052568
2020.0,Red,14147,258569,0.05471266857202526
2020.0,Reddish Brown,11511,258569,0.0445180976837904
2020.0,Sand Blue,431,258569,0.001666866484381345
2020.0,Sand Green,1298,258569,0.005019936651338714
2020.0,Tan,16914,258569,0.06541387405296072
2020.0,Trans-Bright Green,231,258569,0.000893378556594178
2020.0,Trans-Brown,705,258569,0.002726544945449764
2020.0,Trans-Clear,2462,258569,0.009521636391060026
2020.0,Trans-Dark Blue,378,258569,0.0014618921835177457
2020.0,Trans-Dark Pink,291,258569,0.0011254249349303281
2020.0,Trans-Green,226,258569,0.0008740413583994988
2020.0,Trans-Light Blue,2024,258569,0.00782769782920613
2020.0,Trans-Neon Green,472,258569,0.0018254315095777142
2020.0,Trans-Neon Orange,449,258569,0.00173648039788219
2020.0,Trans-Orange,1244,258569,0.004811094910836179
2020.0,Trans-Purple,137,258569,0.0005298392305342094
2020.0,Trans-Red,997,258569,0.0038558373200190278
2020.0,Trans-Yellow,748,258569,0.0028928448499240048
2020.0,White,24042,258569,0.09298098379929536
2020.0,Yellow,9778,258569,0.0378158247895146
2020.0,Yellowish Green,314,258569,0.0012143760466258524
2020.0,[No Color/Any Color],567,258569,0.0021928382752766187
2021.0,Black,56582,325876,0.1736304606660202
2021.0,Blue,10912,325876,0.03348512931299022
2021.0,Bright Green,3448,325876,0.010580711681743977
2021.0,Bright Light Blue,845,325876,0.0025930108384784397
2021.0,Bright Light Orange,4189,325876,0.012854582724717378
2021.0,Bright Light Yellow,1364,325876,0.004185641164123777
2021.0,Bright Pink,2017,325876,0.006189470841669838
2021.0,Chrome Gold,44,325876,0.00013502068271367023
2021.0,Coral,1547,325876,0.004747204458137451
2021.0,Dark Azure,1967,325876,0.0060360382476770304
2021.0,Dark Blue,5005,325876,0.015358602658679988
2021.0,Dark Bluish Gray,23019,325876,0.07063729762240853
2021.0,Dark Brown,2054,325876,0.006303010961224514
2021.0,Dark Green,1658,325876,0.005087824816801483
2021.0,Dark Orange,2092,325876,0.0064196197326590486
2021.0,Dark Pink,1077,325876,0.0033049380746050646
2021.0,Dark Purple,1709,325876,0.005244326062674146
2021.0,Dark Red,4655,325876,0.014284574500730339
2021.0,Dark Tan,4527,325876,0.013891787060108752
2021.0,Dark Turquoise,5204,325876,0.01596926438277136
2021.0,Flat Silver,2508,325876,0.007696178914679203
2021.0,Glitter Trans-Clear,44,325876,0.00013502068271367023
2021.0,Glitter Trans-Dark Pink,20,325876,6.137303759712283e-05
2021.0,Glitter Trans-Light Blue,4,325876,1.2274607519424566e-05
2021.0,Glitter Trans-Purple,30,325876,9.205955639568425e-05
2021.0,Glow in Dark White,205,325876,0.000629073635370509
2021.0,Green,4783,325876,0.014677361941351925
2021.0,Lavender,1163,325876,0.003568842136272693
2021.0,Light Aqua,1911,325876,0.005864193742405086
2021.0,Light Bluish Gray,38885,325876,0.11932452834820606
2021.0,Light Nougat,362,325876,0.0011108519805079233
2021.0,Lime,4941,325876,0.015162208938369195
2021.0,Magenta,1404,325876,0.004308387239318023
2021.0,Medium Azure,4712,325876,0.01445948765788214
2021.0,Medium Blue,220,325876,0.0006751034135683511
2021.0,Medium Lavender,1133,325876,0.0034767825798770083
2021.0,Medium Nougat,3962,325876,0.012157998747990032
2021.0,Metal,1,325876,3.0686518798561415e-06
2021.0,Metallic Gold,338,325876,0.0010372043353913758
2021.0,Metallic Silver,371,325876,0.0011384698474266285
2021.0,Nougat,143,325876,0.00043881721881942827
2021.0,Olive Green,645,325876,0.0019792804625072113
2021.0,Opal Trans-Brown,107,325876,0.00032834575114460714
2021.0,Opal Trans-Clear,69,325876,0.00021173697971007378
2021.0,Opal Trans-Dark Blue,24,325876,7.36476451165474e-05
2021.0,Opal Trans-Dark Pink,23,325876,7.057899323669126e-05
2021.0,Opal Trans-Light Blue,267,325876,0.0008193300519215898
2021.0,Orange,4289,325876,0.013161447912702991
2021.0,Pearl Gold,6239,325876,0.019145319078422467
2021.0,Pearl Titanium,717,325876,0.0022002233978568536
2021.0,Pearl White,1,325876,3.0686518798561415e-06
2021.0,Red,15237,325876,0.04675704869336803
2021.0,Reddish Brown,14024,325876,0.04303477396310253
2021.0,Sand Blue,1073,325876,0.00329266346708564
2021.0,Sand Green,2592,325876,0.007953945672587118
2021.0,Tan,16397,325876,0.05031668487400116
2021.0,Trans-Bright Green,193,325876,0.0005922498128122354
2021.0,Trans-Brown,528,325876,0.0016202481925640428
2021.0,Trans-Clear,3740,325876,0.01147675803066197
2021.0,Trans-Dark Blue,346,325876,0.001061753550430225
2021.0,Trans-Dark Pink,393,325876,0.0012059801887834636
2021.0,Trans-Green,224,325876,0.0006873780210877757
2021.0,Trans-Light Blue,3180,325876,0.00975831297794253
2021.0,Trans-Neon Green,234,325876,0.0007180645398863372
2021.0,Trans-Neon Orange,14,325876,4.296112631798598e-05
2021.0,Trans-Orange,1235,325876,0.0037897850716223347
2021.0,Trans-Purple,178,325876,0.0005462200346143932
2021.0,Trans-Red,897,325876,0.002752580736230959
2021.0,Trans-Yellow,581,325876,0.0017828867421964183
2021.0,White,40798,325876,0.12519485939437086
2021.0,Yellow,9948,325876,0.030526948900808898
2021.0,Yellowish Green,296,325876,0.0009083209564374179
2021.0,[No Color/Any Color],332,325876,0.001018792424112239
2022.0,Black,48114,296829,0.1620933264606895
2022.0,Blue,9778,296829,0.03294152525528166
2022.0,Bright Green,2895,296829,0.009753090163023155
2022.0,Bright Light Blue,1602,296829,0.005397046784512295
2022.0,Bright Light Orange,3280,296829,0.011050133241698082
2022.0,Bright Light Yellow,1539,296829,0.005184803371638216
2022.0,Bright Pink,1573,296829,0.005299347435728989
2022.0,Chrome Gold,17,296829,5.72720320453864e-05
2022.0,Coral,1206,296829,0.004062945332160941
2022.0,Dark Azure,2306,296829,0.00776878269980359
2022.0,Dark Blue,5117,296829,0.017238881645661307
2022.0,Dark Bluish Gray,28353,296829,0.09551964262252004
2022.0,Dark Brown,1495,296829,0.0050365698769325095
2022.0,Dark Green,1864,296829,0.006279709866623544
2022.0,Dark Orange,2532,296829,0.00853016383170108
2022.0,Dark Pink,1480,296829,0.00498603573101011
2022.0,Dark Purple,1673,296829,0.00563624174187832
2022.0,Dark Red,4679,296829,0.015763284584727234
2022.0,Dark Tan,5740,296829,0.019337733172971643
2022.0,Dark Turquoise,3446,296829,0.011609377789905973
2022.0,Flat Silver,2122,296829,0.0071488971764888205
2022.0,Glitter Trans-Clear,70,296829,0.00023582601430453224
2022.0,Glitter Trans-Dark Pink,2,296829,6.737886122986636e-06
2022.0,Glitter Trans-Light Blue,6,296829,2.0213658368959906e-05
2022.0,Glitter Trans-Purple,10,296829,3.368943061493318e-05
2022.0,Glow in Dark White,71,296829,0.00023919495736602557
2022.0,Green,5124,296829,0.01726246424709176
2022.0,Lavender,1127,296829,0.003796798830302969
2022.0,Light Aqua,1363,296829,0.004591869392815392
2022.0,Light Bluish Gray,34113,296829,0.11492475465672154
2022.0,Light Nougat,1176,296829,0.003961877040316142
2022.0,Lime,3255,296829,0.010965909665160749
2022.0,Magenta,1428,296829,0.004810850691812457
2022.0,Medium Azure,2736,296829,0.009217428216245717
2022.0,Medium Blue,1255,296829,0.004228023542174114
2022.0,Medium Brown,10,296829,3.368943061493318e-05
2022.0,Medium Lavender,683,296829,0.002300988110999936
2022.0,Medium Nougat,4418,296829,0.014883990445677477
2022.0,Metallic Gold,490,296829,0.0016507821001317258
2022.0,Metallic Silver,562,296829,0.0018933460005592445
2022.0,Nougat,751,296829,0.0025300762391814815
2022.0,Olive Green,811,296829,0.0027322128228710807
2022.0,Opal Trans-Bright Green,31,296829,0.00010443723490629285
2022.0,Opal Trans-Clear,225,296829,0.0007580121888359965
2022.0,Opal Trans-Dark Blue,27,296829,9.096146266031957e-05
2022.0,Opal Trans-Dark Pink,7,296829,2.3582601430453222e-05
2022.0,Opal Trans-Light Blue,84,296829,0.0002829912171654387
2022.0,Opal Trans-Purple,7,296829,2.3582601430453222e-05
2022.0,Orange,4644,296829,0.01564537157757497
2022.0,Pearl Gold,4854,296829,0.016352849620488562
2022.0,Pearl Titanium,896,296829,0.0030185729830980125
2022.0,Red,15455,296829,0.05206701501537923
2022.0,Reddish Brown,11753,296829,0.03959518780173096
2022.0,Sand Blue,665,296829,0.002240347135893056
2022.0,Sand Green,1635,296829,0.005508221905541575
2022.0,Tan,14219,296829,0.04790300139137348
2022.0,Trans-Bright Green,261,296829,0.000879294139049756
2022.0,Trans-Brown,657,296829,0.00221339559140111
2022.0,Trans-Clear,2716,296829,0.00915004935501585
2022.0,Trans-Dark Blue,394,296829,0.0013273635662283672
2022.0,Trans-Dark Pink,628,296829,0.0021156962426178037
2022.0,Trans-Green,494,296829,0.0016642578723776989
2022.0,Trans-Light Blue,2528,296829,0.008516688059455107
2022.0,Trans-Neon Green,173,296829,0.000582827149638344
2022.0,Trans-Neon Orange,18,296829,6.064097510687972e-05
2022.0,Trans-Orange,1204,296829,0.004056207446037955
2022.0,Trans-Purple,396,296829,0.0013341014523513537
2022.0,Trans-Red,933,296829,0.0031432238763732653
2022.0,Trans-Yellow,666,296829,0.0022437160789545497
2022.0,Vibrant Yellow,597,296829,0.0020112590077115107
2022.0,Warm Tan,8,296829,2.6951544491946542e-05
2022.0,White,30400,296829,0.10241586906939686
2022.0,Yellow,9241,296829,0.03113240283125975
2022.0,Yellowish Green,427,296829,0.0014385386872576467
2022.0,[No Color/Any Color],314,296829,0.0010578481213089018
2023.0,Black,51671,314012,0.16455103626612996
2023.0,Blue,7739,314012,0.024645554946944703
2023.0,Bright Green,3118,314012,0.009929556832222972
2023.0,Bright Light Blue,1332,314012,0.004241876106645606
2023.0,Bright Light Orange,3542,314012,0.011279823701005057
2023.0,Bright Light Yellow,1842,314012,0.005866017859190094
2023.0,Bright Pink,1694,314012,0.005394698291785027
2023.0,Chrome Gold,9,314012,2.8661325044902742e-05
2023.0,Chrome Silver,7,314012,2.2292141701591022e-05
2023.0,Coral,1240,314012,0.003948893672853266
2023.0,Dark Azure,2335,314012,0.007436021553316434
2023.0,Dark Blue,5282,314012,0.016821013209686254
2023.0,Dark Bluish Gray,26809,314012,0.08537571812542195
2023.0,Dark Brown,2620,314012,0.008343630179738354
2023.0,Dark Green,2097,314012,0.006678088735462339
2023.0,Dark Orange,2552,314012,0.008127077946065755
2023.0,Dark Pink,1195,314012,0.003805587047628753
2023.0,Dark Purple,1371,314012,0.004366075181840184
2023.0,Dark Red,3418,314012,0.010884934333719731
2023.0,Dark Tan,7444,314012,0.023706100403806225
2023.0,Dark Turquoise,3449,314012,0.010983656675541062
2023.0,Flat Silver,1601,314012,0.005098531266321032
2023.0,Glitter Trans-Clear,66,314012,0.0002101830503292868
2023.0,Glitter Trans-Light Blue,1,314012,3.18459167165586e-06
2023.0,Glitter Trans-Purple,19,314012,6.050724176146134e-05
2023.0,Glow in Dark White,56,314012,0.00017833713361272818
2023.0,Green,4793,314012,0.015263747882246539
2023.0,Lavender,1230,314012,0.003917047756136708
2023.0,Light Aqua,2093,314012,0.006665350368775715
2023.0,Light Bluish Gray,35883,314012,0.11427270295402724
2023.0,Light Nougat,1199,314012,0.0038183254143153763
2023.0,Lime,4483,314012,0.014276524464033222
2023.0,Magenta,1445,314012,0.004601734965542718
2023.0,Medium Azure,3044,314012,0.00969389704852044
2023.0,Medium Blue,224,314012,0.0007133485344509127
2023.0,Medium Brown,3,314012,9.55377501496758e-06
2023.0,Medium Lavender,909,314012,0.002894793829535177
2023.0,Medium Nougat,5551,314012,0.01767766836936168
2023.0,Metallic Gold,338,314012,0.0010763919850196807
2023.0,Metallic Silver,281,314012,0.0008948702597352967
2023.0,Nougat,258,314012,0.000821624651287212
2023.0,Olive Green,1753,314012,0.005582589200412723
2023.0,Opal Trans-Bright Green,24,314012,7.643020011974064e-05
2023.0,Opal Trans-Brown,21,314012,6.687642510477307e-05
2023.0,Opal Trans-Clear,202,314012,0.0006432875176744838
2023.0,Opal Trans-Dark Blue,55,314012,0.00017515254194107232
2023.0,Opal Trans-Dark Pink,29,314012,9.235315847801995e-05
2023.0,Opal Trans-Light Blue,165,314012,0.0005254576258232169
2023.0,Opal Trans-Purple,80,314012,0.00025476733373246883
2023.0,Orange,3873,314012,0.012333923544323147
2023.0,Pearl Gold,6664,314012,0.02122211889991465
2023.0,Pearl Titanium,499,314012,0.0015891112441562742
2023.0,Red,14588,314012,0.04645682330611569
2023.0,Reddish Brown,14984,314012,0.047717921608091414
2023.0,Sand Blue,1360,314012,0.00433104467345197
2023.0,Sand Green,2751,314012,0.008760811688725272
2023.0,Sky Blue,1,314012,3.18459167165586e-06
2023.0,Tan,15066,314012,0.047979058125167194
2023.0,Trans-Black,326,314012,0.0010381768849598105
2023.0,Trans-Bright Green,300,314012,0.0009553775014967581
2023.0,Trans-Brown,306,314012,0.0009744850515266933
2023.0,Trans-Clear,2885,314012,0.009187546972727157
2023.0,Trans-Dark Blue,399,314012,0.0012706520769906883
2023.0,Trans-Dark Pink,272,314012,0.000866208934690394
2023.0,Trans-Green,166,314012,0.0005286422174948728
2023.0,Trans-Light Blue,3333,314012,0.010614244041628982
2023.0,Trans-Neon Green,8,314012,2.547673337324688e-05
2023.0,Trans-Neon Orange,1,314012,3.18459167165586e-06
2023.0,Trans-Orange,1357,314012,0.004321490898437003
2023.0,Trans-Purple,145,314012,0.00046176579239009976
2023.0,Trans-Red,860,314012,0.00273874883762404
2023.0,Trans-Yellow,821,314012,0.0026145497624294614
2023.0,Vibrant Yellow,462,314012,0.0014712813523050075
2023.0,Warm Tan,11,314012,3.503050838821446e-05
2023.0,White,36573,314012,0.11647007120746977
2023.0,Yellow,8247,314012,0.02626332751614588
2023.0,Yellowish Green,620,314012,0.001974446836426633
2023.0,[No Color/Any Color],562,314012,0.0017897405194705934
2024.0,Black,57133,346601,0.1648379548818382
2024.0,Blue,9238,346601,0.026653125640145298
2024.0,Bright Green,3304,346601,0.00953257492044166
2024.0,Bright Light Blue,1691,346601,0.004878808774354373
2024.0,Bright Light Orange,4764,346601,0.013744911295697358
2024.0,Bright Light Yellow,1723,346601,0.004971133955181895
2024.0,Bright Pink,2486,346601,0.007172512485538126
2024.0,Chrome Gold,21,346601,6.0588399918061405e-05
2024.0,Chrome Silver,6,346601,1.73109714051604e-05
2024.0,Coral,1267,346601,0.0036555001283897046
2024.0,Dark Azure,1944,346601,0.00560875473527197
2024.0,Dark Blue,5357,346601,0.015455812302907377
2024.0,Dark Bluish Gray,30411,346601,0.08774065856705549
2024.0,Dark Brown,2705,346601,0.007804362941826481
2024.0,Dark Green,2873,346601,0.008289070141170972
2024.0,Dark Orange,5223,346601,0.015069200608192128
2024.0,Dark Pink,2173,346601,0.006269456810568925
2024.0,Dark Purple,1704,346601,0.004916315879065554
2024.0,Dark Red,3798,346601,0.010957844899466534
2024.0,Dark Tan,9113,346601,0.026292480402537788
2024.0,Dark Turquoise,3153,346601,0.009096915473411791
2024.0,Flat Silver,1545,346601,0.004457575136828804
2024.0,Glitter Trans-Dark Pink,5,346601,1.4425809504300333e-05
2024.0,Glitter Trans-Light Blue,2,346601,5.770323801720134e-06
2024.0,Glitter Trans-Purple,31,346601,8.944001892666207e-05
2024.0,Glow in Dark White,59,346601,0.00017022455215074395
2024.0,Green,6270,346601,0.018089965118392618
2024.0,Lavender,983,346601,0.0028361141485454457
2024.0,Light Aqua,1579,346601,0.004555670641458045
2024.0,Light Bluish Gray,38112,346601,0.10995929036557886
2024.0,Light Nougat,580,346601,0.0016733939024988387
2024.0,Lime,3927,346601,0.011330030784677482
2024.0,Magenta,1470,346601,0.004241187994264298
2024.0,Medium Azure,2901,346601,0.008369854674395053
2024.0,Medium Blue,265,346601,0.0007645679037279177
2024.0,Medium Brown,10,346601,2.8851619008600666e-05
2024.0,Medium Lavender,1513,346601,0.004365249956001281
2024.0,Medium Nougat,6556,346601,0.0189151214220386
2024.0,Metallic Gold,511,346601,0.0014743177313394941
2024.0,Metallic Silver,238,346601,0.0006866685324046959
2024.0,Nougat,184,346601,0.0005308697897582523
2024.0,Olive Green,1654,346601,0.0047720577840225506
2024.0,Opal Trans-Bright Green,15,346601,4.3277428512901004e-05
2024.0,Opal Trans-Clear,161,346601,0.0004645110660384707
2024.0,Opal Trans-Dark Blue,90,346601,0.000259664571077406
2024.0,Opal Trans-Dark Pink,54,346601,0.0001557987426464436
2024.0,Opal Trans-Light Blue,255,346601,0.000735716284719317
2024.0,Opal Trans-Purple,131,346601,0.00037795620901266876
2024.0,Opal Trans-Yellow,8,346601,2.3081295206880535e-05
2024.0,Orange,4047,346601,0.01167625021278069
2024.0,Pearl Gold,6678,346601,0.019267111173943526
2024.0,Pearl Titanium,509,346601,0.0014685474075377739
2024.0,Red,17035,346601,0.04914873298115124
2024.0,Reddish Brown,20683,346601,0.05967380359548876
2024.0,Reddish Orange,1394,346601,0.004021915689798933
2024.0,Sand Blue,1443,346601,0.0041632886229410766
2024.0,Sand Green,1712,346601,0.004939397174272434
2024.0,Sienna Brown,1,346601,2.885161900860067e-06
2024.0,Tan,18254,346601,0.05266574533829966
2024.0,Trans-Black,310,346601,0.0008944001892666207
2024.0,Trans-Bright Green,570,346601,0.0016445422834902382
2024.0,Trans-Brown,132,346601,0.0003808413709135288
2024.0,Trans-Clear,3551,346601,0.010245209909954096
2024.0,Trans-Dark Blue,402,346601,0.001159835084145747
2024.0,Trans-Dark Pink,474,346601,0.0013675667410076716
2024.0,Trans-Green,267,346601,0.0007703382275296378
2024.0,Trans-Light Blue,2057,346601,0.005934778030069157
2024.0,Trans-Neon Green,2,346601,5.770323801720134e-06
2024.0,Trans-Orange,1588,346601,0.004581637098565786
2024.0,Trans-Purple,748,346601,0.00215810110184333
2024.0,Trans-Red,1183,346601,0.003413146528717459
2024.0,Trans-Yellow,892,346601,0.0025735644155671796
2024.0,Vibrant Yellow,305,346601,0.0008799743797623204
2024.0,Warm Tan,104,346601,0.00030005683768944693
2024.0,White,33832,346601,0.09761079742989778
2024.0,Yellow,8375,346601,0.024163230919703058
2024.0,Yellowish Green,275,346601,0.0007934195227365183
2024.0,[No Color/Any Color],582,346601,0.001679164226300559
2025.0,Black,63547,377728,0.16823481446967128
2025.0,Blue,8886,377728,0.02352486445272789
2025.0,Bright Green,3964,377728,0.010494323957980346
2025.0,Bright Light Blue,1700,377728,0.0045005930193154865
2025.0,Bright Light Orange,3743,377728,0.009909246865469332
2025.0,Bright Light Yellow,2153,377728,0.005699868688580142
2025.0,Bright Pink,2765,377728,0.007320082175533717
2025.0,Chrome Gold,17,377728,4.500593019315486e-05
2025.0,Chrome Silver,2,377728,5.294815316841749e-06
2025.0,Coral,1074,377728,0.002843315825144019
2025.0,Dark Azure,1495,377728,0.0039578744493392074
2025.0,Dark Blue,5401,377728,0.014298648763131142
2025.0,Dark Bluish Gray,30074,377728,0.07961813791934938
2025.0,Dark Brown,3197,377728,0.008463762283971535
2025.0,Dark Green,4601,377728,0.012180722636394442
2025.0,Dark Orange,4474,377728,0.011844501863774991
2025.0,Dark Pink,2021,377728,0.005350410877668587
2025.0,Dark Purple,1340,377728,0.0035475262622839715
2025.0,Dark Red,4185,377728,0.011079401050491358
2025.0,Dark Tan,10134,377728,0.02682882921043714
2025.0,Dark Turquoise,2524,377728,0.006682056929854287
2025.0,Flat Silver,1406,377728,0.0037222551677397494
2025.0,Glitter Trans-Purple,1,377728,2.6474076584208745e-06
2025.0,Glow in Dark White,27,377728,7.148000677736361e-05
2025.0,Green,7989,377728,0.021150139783124366
2025.0,Lavender,1327,377728,0.0035131099627245003
2025.0,Light Aqua,1143,377728,0.0030259869535750592
2025.0,Light Bluish Gray,44458,377728,0.11769844967807523
2025.0,Light Nougat,1592,377728,0.004214672992206032
2025.0,Lime,3728,377728,0.009869535750593019
2025.0,Magenta,1243,377728,0.0032907277194171468
2025.0,Medium Azure,3848,377728,0.010187224669603524
2025.0,Medium Blue,127,377728,0.00033622077261945103
2025.0,Medium Brown,5,377728,1.3237038292104371e-05
2025.0,Medium Lavender,1278,377728,0.0033833869874618774
2025.0,Medium Nougat,6325,377728,0.01674485343951203
2025.0,Metallic Gold,242,377728,0.0006406726533378516
2025.0,Metallic Silver,128,377728,0.00033886818027787193
2025.0,Nougat,409,377728,0.0010827897322941377
2025.0,Ochre Yellow,1,377728,2.6474076584208745e-06
2025.0,Olive Green,1629,377728,0.0043126270755676046
2025.0,Opal Trans-Bright Green,79,377728,0.00020914520501524907
2025.0,Opal Trans-Clear,219,377728,0.0005797822771941715
2025.0,Opal Trans-Dark Blue,14,377728,3.706370721789224e-05
2025.0,Opal Trans-Dark Pink,73,377728,0.0001932607590647238
2025.0,Opal Trans-Light Blue,96,377728,0.0002541511352084039
2025.0,Opal Trans-Purple,51,377728,0.00013501779057946458
2025.0,Opal Trans-Yellow,7,377728,1.853185360894612e-05
2025.0,Orange,4545,377728,0.012032467807522873
2025.0,Pearl Gold,6824,377728,0.018065909861064045
2025.0,Pearl Titanium,332,377728,0.0008789393425957302
2025.0,Red,19745,377728,0.052273064215520165
2025.0,Reddish Brown,24118,377728,0.06385017790579464
2025.0,Reddish Orange,1191,377728,0.003153062521179261
2025.0,Sand Blue,1507,377728,0.003989643341240258
2025.0,Sand Green,3054,377728,0.00808518298881735
2025.0,Sienna Brown,3,377728,7.942222975262623e-06
2025.0,Tan,21155,377728,0.056005909013893594
2025.0,Trans-Black,185,377728,0.0004897704168078617
2025.0,Trans-Bright Green,501,377728,0.001326351236868858
2025.0,Trans-Brown,21,377728,5.559556082683836e-05
2025.0,Trans-Clear,4199,377728,0.01111646475770925
2025.0,Trans-Dark Blue,222,377728,0.000587724500169434
2025.0,Trans-Dark Pink,548,377728,0.001450779396814639
2025.0,Trans-Green,217,377728,0.0005744874618773297
2025.0,Trans-Light Blue,2473,377728,0.006547039139274822
2025.0,Trans-Orange,1378,377728,0.003648127753303965
2025.0,Trans-Purple,158,377728,0.00041829041003049814
2025.0,Trans-Red,984,377728,0.0026050491358861404
2025.0,Trans-Yellow,799,377728,0.0021152787190782786
2025.0,Vibrant Yellow,486,377728,0.0012866401219925449
2025.0,Warm Tan,2,377728,5.294815316841749e-06
2025.0,White,36710,377728,0.0971863351406303
2025.0,Yellow,10325,377728,0.02733448407319553
2025.0,Yellowish Green,701,377728,0.0018558327685530328
2025.0,[No Color/Any Color],603,377728,0.0015963868180277872
2026.0,Black,39302,260943,0.15061526846859274
2026.0,Blue,6817,260943,0.02612447929241252
2026.0,Blue Violet,381,260943,0.0014600889849507364
2026.0,Bright Green,3422,260943,0.013113975082680892
2026.0,Bright Light Blue,1621,260943,0.006212084631509563
2026.0,Bright Light Orange,2092,260943,0.008017076526291182
2026.0,Bright Light Yellow,1240,260943,0.004751995646558827
2026.0,Bright Pink,2055,260943,0.007875283107805152
2026.0,Chrome Gold,29,260943,0.00011113538205661773
2026.0,Chrome Silver,10,260943,3.832254553676473e-05
2026.0,Coral,770,260943,0.0029508360063308847
2026.0,Dark Azure,1852,260943,0.0070973354334088285
2026.0,Dark Blue,3426,260943,0.013129304100895597
2026.0,Dark Bluish Gray,21978,260943,0.08422529058070154
2026.0,Dark Brown,1730,260943,0.006629800377860299
2026.0,Dark Green,2634,260943,0.010094158494383831
2026.0,Dark Orange,2825,260943,0.010826119114136038
2026.0,Dark Pink,2062,260943,0.007902108889680888
2026.0,Dark Purple,780,260943,0.0029891585518676492
2026.0,Dark Red,3353,260943,0.012849549518477216
2026.0,Dark Tan,6698,260943,0.025668441000525018
2026.0,Dark Turquoise,1834,260943,0.007028354851442652
2026.0,Flat Silver,1025,260943,0.003928060917518386
2026.0,Glow in Dark White,5,260943,1.9161272768382366e-05
2026.0,Green,5003,260943,0.019172769532043398
2026.0,Lavender,1031,260943,0.003951054444840444
2026.0,Light Aqua,828,260943,0.00317310677044412
2026.0,Light Bluish Gray,27909,260943,0.10695439233855669
2026.0,Light Nougat,1036,260943,0.0039702157176088266
2026.0,Lime,3814,260943,0.01461621886772207
2026.0,Magenta,919,260943,0.0035218419348286793
2026.0,Medium Azure,4278,260943,0.016394384980627952
2026.0,Medium Blue,52,260943,0.00019927723679117663
2026.0,Medium Brown,13,260943,4.981930919779416e-05
2026.0,Medium Lavender,879,260943,0.00336855175268162
2026.0,Medium Nougat,6112,260943,0.023422739832070605
2026.0,Metallic Gold,497,260943,0.0019046305131772074
2026.0,Metallic Silver,185,260943,0.0007089670924301475
2026.0,Nougat,271,260943,0.0010385409840463244
2026.0,Ochre Yellow,6,260943,2.299352732205884e-05
2026.0,Olive Green,1207,260943,0.004625531246287503
2026.0,Opal Trans-Bright Green,40,260943,0.00015329018214705893
2026.0,Opal Trans-Clear,131,260943,0.000502025346531618
2026.0,Opal Trans-Dark Blue,4,260943,1.5329018214705892e-05
2026.0,Opal Trans-Dark Pink,59,260943,0.00022610301866691194
2026.0,Opal Trans-Light Blue,140,260943,0.0005365156375147063
2026.0,Opal Trans-Purple,34,260943,0.0001302966548250001
2026.0,Opal Trans-Yellow,8,260943,3.0658036429411784e-05
2026.0,Orange,3318,260943,0.012715420609098539
2026.0,Pearl Gold,5698,260943,0.021836186446848545
2026.0,Pearl Titanium,358,260943,0.0013719471302161776
2026.0,Red,12354,260943,0.04734367275611915
2026.0,Reddish Brown,13486,260943,0.05168178491088092
2026.0,Reddish Orange,715,260943,0.0027400620058786783
2026.0,Sand Blue,619,260943,0.002372165568725737
2026.0,Sand Green,2639,260943,0.010113319767152214
2026.0,Sienna Brown,1,260943,3.832254553676473e-06
2026.0,Tan,14816,260943,0.05677868346727063
2026.0,Trans-Black,96,260943,0.00036789643715294144
2026.0,Trans-Bright Green,199,260943,0.0007626186561816182
2026.0,Trans-Clear,2415,260943,0.009254894747128683
2026.0,Trans-Dark Blue,214,260943,0.0008201024744867653
2026.0,Trans-Dark Pink,169,260943,0.000647651019571324
2026.0,Trans-Green,153,260943,0.0005863349467125005
2026.0,Trans-Light Blue,1593,260943,0.006104781504006622
2026.0,Trans-Orange,951,260943,0.003644474080546326
2026.0,Trans-Purple,116,260943,0.00044454152822647093
2026.0,Trans-Red,579,260943,0.0022188753865786783
2026.0,Trans-Yellow,390,260943,0.0014945792759338246
2026.0,Vibrant Yellow,497,260943,0.0019046305131772074
2026.0,Warm Pink,405,260943,0.0015520630942389717
2026.0,Warm Tan,150,260943,0.000574838183051471
2026.0,White,28664,260943,0.10984774452658243
2026.0,Yellow,7220,260943,0.02766887787754414
2026.0,Yellowish Green,545,260943,0.002088578731753678
2026.0,[No Color/Any Color],186,260943,0.000712799346983824
