fig_num,num_distinct_colors,fig_name,num_parts
fig-000001,24,Toy Store Employee,4
fig-000002,24,Customer Kid,4
fig-000003,23,"Assassin Droid, White",8
fig-000004,13,"Man, White Torso, Black Legs, Brown Hair",4
fig-000005,17,Captain America with Short Legs,3
fig-000006,9,Lloyd Avatar,5
fig-000007,28,Lloyd / Digi Lloyd - Katana Holders,5
fig-000008,18,Wonder Woman,4
fig-000009,22,The Flash,4
fig-000010,29,"Batman, Dark Bluish Gray Suit, Black Cape and Cowl, Black Head, Dark Bluish Gray Legs, Small Batman Logo",5
fig-000011,18,Captain Cold,4
fig-000012,18,Truck Driver,4
fig-000013,18,Gorilla Grodd,7
fig-000014,21,"Batgirl, Dark Purple Suit, Wings",5
fig-000015,36,Sir Fangar,7
fig-000016,36,Stealthor,6
fig-000017,36,Gorzan,6
fig-000018,23,Alien,3
fig-000019,8,"UFO Alien, Blue",5
fig-000020,13,"Classic Spaceman, Red with Airtanks (3842a Helmet)",5
fig-000021,11,Krusty the Clown (CMF),3
fig-000022,1,Chicken Suit Guy,4
fig-000023,2,Warrior Woman,4
fig-000024,3,Race Car Driver (CMF),4
fig-000025,2,Conquistador,6
fig-000026,0,Firox,10
fig-000027,11,"UFO Alien, Red",5
fig-000028,0,"Hulk, Dark Purple Pants, Printed",4
fig-000029,19,"Harry Potter, Open Dark Blue Jacket over White Shirt, Dark Bluish Gray Legs",4
fig-000030,5,Space Police II,6
fig-000031,2,Street Skater,4
fig-000032,27,"Batman, Black Suit, Black Cape and Cowl, Yellow Batman Logo (56630 Cape) (3626b Head)",5
fig-000033,26,"Red Torso, Dark Blue Legs, Light Bluish Gray Helmet",4
fig-000034,10,Aquanaut 2,5
fig-000035,2,Milhouse Van Houten (CMF),3
fig-000036,2,Crazy Scientist,4
fig-000037,6,Pop Star (CMF),4
fig-000038,21,"Woman, Dark Bluish Gray Jacket with Magenta Scarf, White Legs, Black Hair",4
fig-000039,13,"Policeman, Black Jacket with Zipper, White Helmet (3842a Helmet)",4
fig-000040,7,"Man, Plain White Torso, Blue Legs, Light Gray Cowboy Hat",4
fig-000041,2,Ralph Wiggum,3
fig-000043,11,Dr. Kilroy in Dark Gray Suit,4
fig-000044,13,"Basketball Player, Violet Torso, Violet Legs 3",3
fig-000045,18,"Policeman, Black Jacket with Pocket and Badge, White Hat, Glasses",4
fig-000046,13,Surfer (CMF),4
fig-000047,2,Tomahawk Warrior,4
fig-000048,23,"Construction Worker, Orange Jacket with Zipper and Reflective Stripes, Orange Legs, Red Hard Hat, Brown Eyebrows",4
fig-000049,1,LEGO Store Employee,4
fig-000050,2,Apu Nahasapeemapetilon (CMF),3
fig-000051,21,"Worker, Orange Overalls over Blue Sweater, Red Hard Hat (3626b Head)",4
fig-000052,21,"Policeman, Black Suit with Badge, White Hat, Scowl",4
fig-000053,11,"Pirate - Blue Jacket, Black Legs, Brown Tricorne",4
fig-000054,22,"Clone Pilot, Phase I Armor, Plain Black Head",4
fig-000055,2,Itchy,3
fig-000056,1,"Clone Trooper Lieutenant, Dark Azure Markings, Plain Legs",4
fig-000057,16,Archer (Fright Knights),5
fig-000058,26,"Clone Trooper, Phase I Armor, Angry, Plain Legs",4
fig-000059,18,"Construction Worker, Orange Jacket with Zipper and Reflective Stripes, Green Legs, Black Cap, Beard and Glasses",4
fig-000060,3,Edna Krabappel (CMF),4
fig-000061,8,Blacktron II - 3626a Head,6
fig-000062,8,Blacktron II - 3626b Head,6
fig-000063,2,Scratchy (CMF),4
fig-000064,7,"Clone Trooper, 91st Mobile Reconnaissance Corps, Dark Red Markings",4
fig-000065,6,M:Tron,6
fig-000066,3,Waiter,4
fig-000067,21,"Man, Green V-Neck Sweater, Light Bluish Gray Legs, Beard",4
fig-000068,3,Chief Wiggum (CMF),3
fig-000069,12,"Ninja, White",4
fig-000070,6,Space Police I,6
fig-000071,4,Exploriens Droid with Helmet,5
fig-000072,5,"Knight (Breastplate on Black) - Black Legs, Armor, Red Dragon Plume",9
fig-000073,1,"Chef, Red Neckerchief, Light Bluish Gray Legs, Goatee Beard",4
fig-000074,9,"Man, Green Jacket, Green Legs, Green Cap, Sunglasses",4
fig-000075,11,"Stormtrooper, Plain Black Head, Pauldron and Neck Bracket",11
fig-000076,6,"Futuron Spaceman, Black with Airtanks and Dark Blue Visor",6
fig-000077,6,"Doctor, White Shirt with Star of Life Logo, Blue Cap, Glasses",4
fig-000078,24,"Nute Gunray, Dark Red Robe",4
fig-000079,7,"Astronaut, White, White Hips, Helmet with Large Chrome Gold Visor, Headset",5
fig-000080,2,Pretzel Girl (CMF),5
fig-000081,2,Waylon Smithers (CMF),3
fig-000082,2,Yeti (CMF),3
fig-000083,22,Fangdam,3
fig-000084,6,"Blue Torso, Light Grey Legs, Black Hair",4
fig-000085,8,"Race Driver, Red Torso, Red Legs, Black Helmet, Zonic",5
fig-000086,8,"UFO Droid, Blue",3
fig-000087,16,"Fireman, Black Fire Jacket with Reflective Stripes, Radio, and Badge, White Helmet with Visor, Cheek Lines",5
fig-000088,6,"Futuron Spaceman, Yellow with Airtanks and Dark Blue Visor",6
fig-000089,2,Video Game Guy (CMF),4
fig-000090,5,"Coast Guard, Yellow Jacket with Zipper, Radio and Badge, Light Bluish Gray Helmet, Yellow Life Vest, Sunglasses",5
fig-000091,20,"Snowtrooper, Light Bluish Gray Hips, Printed Black Head, White Hands",4
fig-000092,3,Marsha Queen of the Mermaids (CMF),4
fig-000093,14,Ogel with Trans-red Hook,6
fig-000094,2,Dr. Hibbert (CMF),3
fig-000095,18,"Pilot, Blue Jacket with Plane Logo and Blue Tie, Blue Hat, Goatee Beard",4
fig-000096,14,Dash,6
fig-000097,5,"Knight (Knights Kingdom I) - Cedric the Bull, Chrome Helmet, Horn",5
fig-000098,14,"Snowboarder, Bright Light Orange Jacket, Dark Red Legs",4
fig-000099,10,"Astronaut, White, Light Gray Hips, Helmet with Breastplate and Large Chrome Gold Visor, Headset",5
fig-000100,6,"Man, Blue Torso, Black Legs, Red Hard Hat",4
fig-000101,20,"Man, Blue Overalls over Shirt, Red Hard Hat, Orange Vest, Orange Sunglasses",5
fig-000102,16,"Space Port Ground Grew, White Jacket, Black Legs, White Hard Hat, Beard and Glasses",4
fig-000103,18,"Astronaut, White, Light Gray Hips, Helmet with Large Chrome Gold Visor, Headset",5
fig-000104,3,"Racer, Plain Black, White Helmet (3842b Helmet)",4
fig-000105,17,"Spaceman, Doc",5
fig-000106,4,"Blacktron II - Jetpack, 3626a Head",8
fig-000107,4,"Blacktron II - Jetpack, 3626b Head",8
fig-000108,7,"Policeman, Black Jacket with Zipper, Radio, and Badge, White Hat, Sunglasses",4
fig-000109,17,Cole (The Golden Weapons),4
fig-000110,2,Mermaid,4
fig-000111,10,Zane DX,4
fig-000112,7,LEGOLAND Red with Black hat,4
fig-000113,5,Ice Planet - White Hair,6
fig-000114,9,Spyrius,6
fig-000115,0,TC-4,3
fig-000116,16,"Arctic Crew, Black, White Cap",4
fig-000117,2,Sumo Wrestler (CMF),4
fig-000118,14,"Paramedic, Vibrant Yellow Safety Vest, Dark Turquoise Legs, Dark Orange Hair",4
fig-000119,7,"Spaceman, Assistant (23318 Visor)",5
fig-000120,21,"Santa, Plain Yellow, Black Hips",5
fig-000121,15,"White Torso, Red Legs, Black Hair",4
fig-000122,21,Legolas Greenleaf,4
fig-000123,18,Snap Lockitt,4
fig-000124,42,"Chewbacca, Reddish Brown",3
fig-000125,11,Worriz in Fire Chi Outfit,4
fig-000126,13,"Racer, Yellow and White Outfit with Tiger, Black Diving Helmet with Visor",5
fig-000127,12,"Construction Worker, Blue Overalls, Red Hard Hat",4
fig-000128,9,"Man, White Vest with Truck, Blue Legs, Red Cap (3626a Head)",4
fig-000129,27,Director,4
fig-000130,11,"White Torso, Black Legs, Dark Brown Hair, Glasses",4
fig-000131,3,Marge Simpson (CMF),4
fig-000132,2,Monster with Black Helmet,4
fig-000133,4,"Man, Plain Blue, White Helmet with Visor",5
fig-000134,9,"Construction Worker, Red Torso, Blue Legs, Red Hard Hat, Yellow Vest",5
fig-000135,6,"Racer, Blue Jumpsuit with Octan Logo, White Helmet with Visor, Yellow Life Vest",6
fig-000136,17,"Paramedic, Vibrant Yellow Safety Vest, Dark Turquoise Legs, Dark Orange Hair, Safety Glasses",5
fig-000137,7,Soldier (Imperial Soldier) - Bicorne Hat,5
fig-000138,11,"Axel, Trans-Neon Green Visor",5
fig-000139,13,"Worker - Blue Torso, Orange Overall, Black Cap",4
fig-000140,20,"Construction Worker, Orange Jacket with Zipper and Reflective Stripes, Red Hard Hat, Stubble",4
fig-000141,22,"Volcano Explorer, Man, Olive Green Jumpsuit with Straps, White Hard Hat with Visor, Breathing Apparatus, Airtanks, Goatee Beard",7
fig-000142,12,"AT-AT Driver, Sand Blue Uniform",4
fig-000143,21,Gorzan with Flat Silver Shoulder Armor,6
fig-000144,31,"Luke Skywalker, White Robe, White Legs, Cheek Lines",4
fig-000145,17,Bard the Bowman,4
fig-000146,8,"Racer, White Shirt with Two Stripes and 'S', White Legs, Blue Helmet with Visor",5
fig-000147,0,Jor-El,5
fig-000148,7,"Race Driver, Orange Torso, Orange Legs, Red  Helmet",5
fig-000149,33,Jay ZX with Shoulder Armour,5
fig-000150,6,"Basketball Player, Light Gray torso, Black Legs",3
fig-000151,9,Worriz with Pearl Gold Shoulder Armor,6
fig-000152,1,Sandy Moondust,5
fig-000153,4,"Racer, White Jacket with Zipper, Red Helmet with Visor (3626a Head)",5
fig-000154,2,"Basketball Player, Tan Torso, Black Legs",3
fig-000155,3,"Man, Green Jacket, Blue Legs, Red Helmet with Visor, Yellow Life Vest, Blue Sunglasses",6
fig-000156,14,"Ninja, Red",4
fig-000157,1,Biff Starling,5
fig-000158,10,"Medium Blue Torso, Blue Overall, Blue Cap",4
fig-000159,13,"Race Driver, Red Torso, Red Legs, Red Helmet - Nitro Flash",5
fig-000160,10,"Man, Blue Torso, Red Legs, Red Cap (3626a Head)",4
fig-000161,18,"Chef, Black Apron with Flaming Burger, Black Legs, Red Cap, Glasses",4
fig-000162,19,"Construction Worker, Orange Jacket with Zipper and Reflective Stripes, Red Hard Hat, Goatee Beard",4
fig-000163,10,"Imperial Shadow Trooper, Short Line on Back, Black, Plain Legs",4
fig-000164,10,"Policeman, Black Jacket with Zipper, Radio, Badge, and 'POLICE' on Back, White Helmet with Visor, Open Mouth",5
fig-000165,7,"Red Torso, Blue Legs, Blue Cap",4
fig-000166,20,"Imperial Officer / Captain / Commandant / Commander, Battle Armor, Black Hips",4
fig-000167,9,"Blue Torso, White Legs, Blue Arctic Hood",4
fig-000168,7,"Soccer Player White Torso with Blue/Red Stripes, Blue Legs, Black Hair",4
fig-000169,9,"Policeman, Dark Blue Jacket with Zipper, Badge, and 'POLICE' on Back, White Helmet with Visor",5
fig-000170,8,"Man - White Torso, Black Legs, Red Hat, Black Legs",4
fig-000171,2,Rocker Girl,4
fig-000172,17,"White Torso, Green Overall, Green Cap",4
fig-000173,31,Chess Piece - Crown - Pawn,4
fig-000174,12,"Racer, Red Jacket with Zipper, Red Helmet with Visor (3626a Head)",5
fig-000175,17,"Man, Blue Overalls over Shirt, Blue Legs, Red Cap, Goatee Beard",4
fig-000176,2,Soccer Player,4
fig-000177,3,Hockey Player,6
fig-000178,28,Zombie Driver,4
fig-000179,32,"Mia - Medium Blue Top, Lime Shorts",4
fig-000180,12,Dastan,4
fig-000181,3,"Man, White Torso with Red and Blue Stripes, White Legs, Red Helmet",4
fig-000182,13,"Man, Black Vest and Tie, Dark Bluish Gray Legs, Black Hair",4
fig-000183,11,"Man, White Vest with Truck, Blue Legs, Blue Cap (3626a Head)",4
fig-000184,10,"King Leo (Knights Kingdom I) - Lion Shield, Helmet",5
fig-000185,20,"Policeman, Black Jacket with Pocket and Badge, White Hat, Smile, Brown Eyebrows",4
fig-000186,2,Sherry Scratchen-Post (CMF),4
fig-000187,17,"Paramedic, Vibrant Yellow Safety Vest, Dark Turquoise Legs, Dark Brown Hair",4
fig-000188,12,"Olivia - Magenta Top, Dark Blue Shorts",4
fig-000189,2,"Flexible Gymnast, Team GB (CMF)",5
fig-000190,20,"Rebel Trooper in Hoth Uniform, Tan Hat, Moustache",6
fig-000191,37,Troll Warrior 3 (Orc),4
fig-000192,38,"Emma - Lavender Top, Bright Light Blue Skirt",4
fig-000193,24,Slithraa,3
fig-000194,11,"Spaceman, Assistant (2447 Visor)",5
fig-000195,19,Harry Cane,5
fig-000196,14,"TIE Pilot, Plain Legs, Plain Black Head (30408 Helmet)",4
fig-000197,3,Artist (CMF),4
fig-000198,16,"Policeman, Black Jacket with Zipper, Radio, and Badge, White Helmet and Visor, Sunglasses",5
fig-000199,18,"Emma - Medium Blue Crop Top, Dark Pink Shorts",5
fig-000200,6,"Woman, Tied Pink Tank Top with Flowers, White Legs, Black Hair",4
fig-000201,2,Lifeguard (CMF),4
fig-000202,15,"Olivia - White Top, Sand Blue Skirt, Headphones",5
fig-000203,4,"Woman, White Shirt with Pockets, White Legs, Red Hair, Yellow Life Vest",5
fig-000204,2,Werewolf,4
fig-000205,3,"Man, White Jacket with Zipper, Red Legs, Red Helmet with Visor",5
fig-000206,3,"LEGOLAND Blue Torso, Blue Legs, Blue Cowboy Hat",4
fig-000207,7,"Man, White Top with Large Red Stripe and 2 Blue Stripes, Blue Legs, Brown Hair",4
fig-000208,16,"Fireman, Classic, Black Fire Jacket with Red Belt and Buttons, White Helmet  (3626a Head)",4
fig-000209,10,"Man, Plain Red, White Cap",4
fig-000210,14,Razcal with Shoulder Armor,10
fig-000211,20,"Waiter, Man, Black Suit and Bow Tie, Chef Hat",4
fig-000212,12,"White Torso, Blue Overall, Red Hard Hat",4
fig-000213,32,Lord Garmadon (The Golden Weapons),5
fig-000214,5,Grumlo with Flat Silver Shoulder Armor,6
fig-000215,5,"Chef, Red Neckerchief, Blue Legs, Red Cap",4
fig-000216,16,"Knight (Royal Knights) - Blue Legs, Dark Gray Neck-Protector",4
fig-000217,5,"Archer (Scale Mail on Red) - Black Arms, Light Gray Legs",5
fig-000218,10,Man with Blue Torso and Black Pants,4
fig-000219,36,"Emma - Lavender Top, Dark Blue Skirt",4
fig-000220,13,"Racer, White Shirt with Two Stripes and 'S', White Legs, Red Helmet",4
fig-000221,12,"Man, Blue Overalls, Red Cap (3626a Head)",4
fig-000222,17,"Tina - White/Silver Top, Dark Purple Skirt",4
fig-000223,0,Martian Manhunter (J'onn J'onzz),4
fig-000224,19,"Chef, Red Neckerchief, White Legs, Moustache",4
fig-000225,15,"Policeman, Black Suit with Pocket and Badge, White Hat (3626a Head)",4
fig-000226,11,"Fireman, Black Fire Jacket with Reflective Stripes, Radio, and Badge, White Helmet, Breathing Apparatus, Airtanks, Silver Sunglasses",7
fig-000227,19,Superman,5
fig-000228,7,"Man, Red Jacket with Classic Space Logo, Dark Orange Hair",4
fig-000229,12,"Res-Q Man, Black Cap, Moustache",4
fig-000230,2,"White Torso, Blue Legs, Red Cap - Anaheim",4
fig-000231,15,"Man, White Shirt with Shell Logo, Red Cap",4
fig-000232,23,Eris in Silver Outfit with Pearl Gold Shoulder Armor,10
fig-000233,15,"Knight (Dragon Knights) - Light Gray Legs, Black Hips",4
fig-000234,11,"Man, Red Top with Dark Blue Arms, Black Legs, Red Cap, Sunglasses",4
fig-000235,22,Zev Senesca with Plain Helmet,4
fig-000236,9,"LEGOLAND Police - Black, White Hat, White Belt",5
fig-000237,9,"LEGOLAND Blue, White Hat",4
fig-000238,15,"Boba Fett, Helmet and Jetpack, Light Gray Armor, Plain Legs",4
fig-000239,10,"LEGOLAND Blue Torso, Black Legs, Red Hat",4
fig-000240,10,"LEGOLAND Red Torso, Blue Legs, Black Hat",4
fig-000241,3,Daredevil,5
fig-000242,6,"Racer, Blue Jacket with Zipper, White Helmet with Visor",5
fig-000243,21,"Policeman, Black Jacket with Zipper, Radio, Badge, and 'POLICE' on Back, White Hat",4
fig-000244,0,Batzarro,5
fig-000245,2,Larry the Barista (CMF),4
fig-000246,16,"Racer, Blue and White Outfit with Shark, Blue Hat with Goggles",5
fig-000247,18,"Stephanie - White Jersey, Dark Blue Trousers",4
fig-000248,23,"Construction Worker, Orange Jacket with Zipper and Reflective Stripes, Orange Legs, Red Hard Hat, Moustache and Stubble",4
fig-000249,23,Shrunken,4
fig-000250,0,Captain Jack Sparrow with Tricorne Hat,4
fig-000251,6,"Knight (Scale Mail on Red) - Black Arms, Blue Legs, Black Chin-Guard",4
fig-000252,16,"Chef - White Torso, Light Gray Legs",4
fig-000253,25,"Conductor - Dark Blue Jacket, Dark Blue Legs, Dark Red Hat, Glasses",4
fig-000254,12,"Construction Worker in Orange Jacket with Zipper and Reflective Stripes, Red Helmet, Smirk and Stubble Beard",4
fig-000255,3,Space Miner,6
fig-000256,26,Spitta,3
fig-000257,13,"White Torso, Blue Legs, Red Cap (3626b Head)",4
fig-000258,16,"Fireman, Black Fire Jacket with Red Belt and Badge, White Helmet",4
fig-000259,10,"T-16 Skyhopper Pilot, Red Outfit, Yellow Skin",4
fig-000260,10,Aquaraider 2,5
fig-000261,4,"Emmet, Neck Bracket",5
fig-000262,0,"Emmet, Pajamas",4
fig-000263,7,"Classic Spaceman, White with Airtanks (3842b Helmet)",5
fig-000264,0,Radio DJ Robot,4
fig-000265,14,"Man, Blue Jacket with Octan Logo, White Legs, Blue Cap",4
fig-000266,17,"Fireman, Black Fire Jacket with Radio and Badge, White Helmet, Airtanks, Breathing Apparatus",7
fig-000267,0,"Emmet, Western Outfit",6
fig-000268,13,"Andrea - White Top, Bright Light Orange Skirt. Magenta Bow",5
fig-000269,0,Soccer Player Coca-Cola Midfielder 1,4
fig-000270,20,Darth Maul in Santa Outfit,5
fig-000271,18,"Doctor, White Torso with Stethoscope and Pocket, White Legs, Black Hair, Glasses",4
fig-000272,2,"Finn, Stormtrooper Armor",4
fig-000273,0,Soccer Player Coca-Cola Goalie,4
fig-000274,15,"Timmy - Blue Legs, Red Cap",4
fig-000275,17,"Olivia - Magenta Top, Bright Light Blue Skirt",4
fig-000276,0,"Harry Potter, Black Tuxedo",4
fig-000277,14,Pepper Roni,4
fig-000278,1,BR Anniversary Minifigure,4
fig-000279,2,The Collector,5
fig-000280,8,"Pirate - Shirt with Knife, Blue Legs, Black Bicorne",4
fig-000281,23,"Rebel Trooper / Rebel Fleet Trooper, White Pupils, Smile",5
fig-000282,7,Jay NRG,4
fig-000283,5,"Racer, Yellow and White Outfit with Tiger, Black Helmet with Visor, Yellow Life Vest",6
fig-000284,13,"Fireman, Orange Safety Vest with Radio, White Helmet with Visor, Stubble",5
fig-000285,14,"Man, Blue Shirt, Blue Legs, Red Hard Hat",4
fig-000286,6,Lieutenant Maverick,5
fig-000287,5,"Snowboarder, Black Jacket, Black Hat, Neck Bracket",5
fig-000288,5,"Man, Plain Red, Helmet with Visor, Yellow Life Vest",6
fig-000289,11,"Man, Plain Red Torso, Black Legs, Blue Hat",4
fig-000290,15,Robber with Tattered Green Vest,4
fig-000291,29,Tonto,5
fig-000292,16,"Ninja, Black",4
fig-000293,7,"Racer, White Shirt with Shell Logo, Red Legs, Red Helmet with Visor",5
fig-000294,7,"Soccer Player Goalie Blue Torso with Silver print, Black Legs, Blue Cap",4
fig-000295,5,"Man - White Torso, Black Legs, Black Spiky Hair",4
fig-000296,13,"Fireman, Black Fire Jacket with Reflective Stripes, Radio, and Badge, Dark Bluish Gray Hands, White Helmet, Cheek Lines",4
fig-000297,11,"Pirate - Red/Black Stripes, Blue Legs, Blue Bandana",4
fig-000298,0,"Luke Skywalker, Printed Medal, White Pupils",4
fig-000299,0,"Luke Skywalker, Printed Medal, Black Eyes",4
fig-000300,7,"Knight (Breastplate on Red) - Blue Legs, Dark Gray Neck-Protector, Plastic Cape",5
fig-000301,1,Grip - Light Gray Legs,4
fig-000302,22,"Andrea - Bright Light Orange Top, Light Aqua Skirt, Magenta Party Hat",5
fig-000303,27,"Clone Trooper, Phase I Armor, Brown Eyes",4
fig-000304,6,"Man, White Vest with Truck, Red Legs, Red Cap",4
fig-000305,1,Shadow ARF Trooper,4
fig-000306,1,Assistant - Female,4
fig-000307,11,"Knight (Knights Kingdom I) - Bull Robber, Black Chin-Guard",4
fig-000308,9,"Man, Brown Jacket, Blue Legs, White Cap, Blue Sunglasses",4
fig-000309,1,Actor 1,4
fig-000310,8,"Man - White Torso, Black Legs Brown Hair",4
fig-000311,27,Leonidas,4
fig-000312,2,"Stormtrooper, Chrome Silver Armor",4
fig-000313,7,"Worker, Blue Shirt with Orange Stripes and Pockets, Lime Cap",4
fig-000314,7,"Man, Black Torso, White Legs, Blue Cap, Backpack, Sunglasses",5
fig-000315,0,"Soccer Player, Dutch Team",4
fig-000316,1,"Boba Fett, White Armor, Plain Black Head",4
fig-000317,31,"Lillie - Christmas Sweater, Red Skirt",4
fig-000318,7,Quicky the Nesquik Bunny,4
fig-000319,1,"Man - Blue Torso, White Legs, Black Hair",4
fig-000320,0,Soccer Player Coca-Cola Defender 4,4
fig-000321,5,"Soccer Referee / Linesmen, Green Torso, Black Legs",4
fig-000322,7,Cole NRG,4
fig-000323,0,"Captain Jack Sparrow, Voodoo",4
fig-000324,0,"Chase McCain, Dark Bluish Gray Vest with Radio, Badge and Pouches over Medium Blue Shirt, Black Legs",4
fig-000325,9,Baron Von Barron (Pilot),6
fig-000326,9,"Soccer Player White Torso, Blue Legs, Brown Hair, Standard Face",4
fig-000327,24,Lord Sam Sinister with Dark Gray Pants,4
fig-000328,0,Brickster with Dark Gray Hat,4
fig-000329,3,"Shogun, Armor and Helmet with Horn",6
fig-000330,7,"Lobot, Yellow Skin",3
fig-000331,19,Bumblebee,5
fig-000332,21,"Boba Fett, Child, Dark Azure Outfit",4
fig-000333,9,Archer (Knights Kingdom I) - Plate on Legs,5
fig-000334,16,"Ed, Black Fire Suit with Gauge and Straps, White Helmet, Breathing Apparatus, Airtanks, Goatee Beard",7
fig-000335,6,"Man, Brown Jacket, Blue Legs, Blue Cap, Blue Sunglasses",4
fig-000336,29,Crug,4
fig-000337,14,Dr. Peter Venkman (Dimensions),5
fig-000338,21,"Jango Fett, Santa Outfit",5
fig-000339,15,Bat Lord (Fright Knights) - no Cape,4
fig-000340,9,Arctic Scout,5
fig-000341,9,"Classic Spaceman, Yellow with Airtanks (3842b Helmet)",5
fig-000342,14,"Fireman, Plain Black, Black Helmet",4
fig-000343,10,"Man, White and Blue Hoodie, Green Legs, Dark Brown Hair",4
fig-000344,13,"Man, Blue Shirt with Buttons and Pockets, Blue Legs, Brown Hair",4
fig-000345,12,"Man, Blue Jacket with Highway Logo, Blue Legs, Red Cap",4
fig-000346,15,"Fireman, Black Fire Jacket with Reflective Stripes, Radio, and Badge, Red Legs, Silver Helmet",4
fig-000347,12,Laval,6
fig-000348,6,"Man, White and Blue Striped Shirt, Blue Legs, Blue Cap",4
fig-000349,14,"Knight (Royal Knights) - Black Legs, Dark Gray Neck-Protector",4
fig-000350,23,"Anna - Black Vest, Yellowish Green Dress, Dark Turquoise Cape",5
fig-000351,8,"Man, Blue Jacket with Zipper, Black Legs, White Helmet with Visor",5
fig-000352,9,"Man, White Torso with Shell Logo, Blue Legs, Red Hat",4
fig-000353,8,"Racer, Blue Jacket with Octan Logo, Blue Legs, White Helmet with Visor",5
fig-000354,6,"Man, Plain Red, Black Helmet with Visor",5
fig-000355,11,Sykor,4
fig-000356,5,Aquashark Hybrid,6
fig-000357,10,Docs,5
fig-000358,4,"Racer, Red Jacket with Octan Logo and 'RACING', Red Legs, White Helmet with Black Visor, Sunglasses",5
fig-000359,23,Johnny Thunder (Desert),4
fig-000360,6,"Racer, Red Jacket with Octan Logo and 'RACING', Red Legs, White Helmet with Trans-Light Blue Visor, Sunglasses",5
fig-000361,5,"Astronaut, White, Blue Cap, Headset",4
fig-000362,15,"Ninja, Dark Gray",4
fig-000363,7,"Racer, White Jacket with 2 Stars, Black Helmet with Visor, Sunglasses",6
fig-000364,9,"Santa, Plain Red with White Hips",5
fig-000365,11,"Construction Worker, Orange Jacket with Zipper and Reflective Stripes, Blue Legs, Red Hard Hat, Moustache and Stubble",4
fig-000366,2,Gladiator,4
fig-000367,11,"Racer, White Shirt with Shell Logo, Black Legs, Red Helmet with Visor",5
fig-000368,38,Ghost Ninja Attila / Ming / Spyder,4
fig-000369,15,Mr. Cunningham,4
fig-000370,5,"Racer, Woman, Green and White Outfit with Crocodile, Green Helmet with Visor",5
fig-000371,5,"Racer, Red and White Outfit with Scorpion, Red Helmet with Visor",5
fig-000372,9,"Bandit, Black Hard Hat",4
fig-000373,7,"Classic Spaceman, Blue with Airtanks (3842a Helmet)",5
fig-000374,14,"Santa, Plain Red with Black Hips",5
fig-000375,17,"Construction Worker, Orange Jacket with Zipper and Reflective Stripes, Blue Legs, Red Hard Hat, Glasses",4
fig-000376,22,"Cameraman - Blue Legs, Blue Cap",4
fig-000377,5,Stunt Driver,5
fig-000378,3,Battle Goddess,6
fig-000379,8,"LEGOLAND Blue Torso, Red Legs, Black Hat",4
fig-000380,17,"Man, Dark Azure Shirt, Dark Tan Legs, Dark Bluish Gray Hat, Red Backpack",5
fig-000381,9,"Soccer Player White Torso, Blue Legs #11",4
fig-000382,16,"Pirate - Blue Jacket, Light Gray Legs, Black Tricorne",4
fig-000383,12,"Pirate - Red Stripes, Blue Legs, Red Bandana, 3626a",4
fig-000384,6,"Man, White Torso with Shell Logo, Red Legs, Red Hat",4
fig-000385,8,"Man, Plain Red, Red Hat",4
fig-000386,12,"Racer, White Jacket with Zipper, White Helmet with Visor (3626b Head)",5
fig-000387,6,"Man, Red Jacket with Zipper, Red Legs, Black Helmet",4
fig-000388,7,"Knight (Scale Mail on Red) - Red Arms, Black Legs, Dark Gray Neck-Protector",4
fig-000389,11,"Racer, Black Jacket with Zipper, Black Helmet with Visor (3626a Head)",5
fig-000390,5,"Knight (Scale Mail on Blue) - Black Arms, Blue Legs, Dark Gray Neck-Protector",4
fig-000391,5,"Racer, White Jacket with Zipper, White Helmet with Visor (3626a Head)",5
fig-000392,21,"Olivia - Dark Pink Top, Dark Blue Skirt",4
fig-000393,25,"White Torso with Flowers, Orange Legs, Black Ponytail (3626b Head)",4
fig-000394,10,"Man, Blue Shirt with Buttons and Pockets, Blue Legs, Blue Cap (3626b Head)",4
fig-000395,4,"Woman, Tied Pink Tank Top with Flowers, White Legs, Black Hair, Yellow Life Vest",5
fig-000396,11,"Racer, Blue Jacket with Octan Logo, Blue Legs, White Helmet with Visor",5
fig-000397,5,"Santa, Plain Red with Light Gray Legs, and Back Basket",6
fig-000398,10,"Man, White Tank Top with Windsurfer, Yellow Legs, Brown Hair, Yellow Life Vest, Moustache",5
fig-000399,4,"Man, Green Jacket, White Legs, Blue Cap, Yellow Life Vest, Blue Sunglasses",5
fig-000400,16,Officer (Imperial Guard) - Yellow Epaulettes,5
fig-000401,4,"Blue Torso, White Legs, Red Cap",4
fig-000402,11,"Man, Dark Blue Plaid Shirt, Dark Blue Legs, Red Cap, Silver Sunglasses",4
fig-000403,5,"Man - Green Torso, Red Legs, Red Cap",4
fig-000404,7,"Pirate - Blue Stripes, Black Legs, Black Tricorne",4
fig-000405,15,"Racer, Blue Jacket with Zipper, Blue Helmet with Visor",5
fig-000406,9,Blacktron I (3626a Head),6
fig-000407,10,"Knight (Scale Mail on Red) - Black Arms, Black Legs, Black Neck-Protector",4
fig-000408,18,"Troll King, Metallic Copper Crown",5
fig-000409,6,"Man, Green Jacket, Green Legs, Black Hair, Yellow Life Vest, Sunglasses",5
fig-000410,5,"Racer, White Top with Large Octan Logo, Red Legs, Red Helmet with Visor",5
fig-000411,36,Indiana Jones,4
fig-000412,5,"Man, Plain Black, Black Helmet with Visor, Sunglasses",5
fig-000413,10,"Fireman, Black Fire Jacket with Reflective Stripes, Radio, and Badge, White Helmet, Breathing Apparatus, Airtanks, Stubble",7
fig-000414,3,Ned Flanders (CMF),3
fig-000415,16,Ogel Minion,5
fig-000416,3,Highland Battler,4
fig-000417,34,Zane (The Golden Weapons),4
fig-000418,28,Kai (The Golden Weapons),4
fig-000419,19,"Arctic Crew, Green, Hood",4
fig-000420,21,"Man, Green Jacket, Dark Bluish Gray Legs, Hood, Silver Sunglasses",4
fig-000421,0,"Infomaniac, LEGO Logo on Back",4
fig-000422,23,Cole DX,4
fig-000423,6,"White Torso, Palm Tree, Black Legs, Black Hair",4
fig-000424,12,"White Torso, Freestyle, Green Legs, Red Cap",4
fig-000425,13,"Pilot, Black Jacket with Zipper, White Helmet with Trans-Light Blue Visor",5
fig-000426,35,Master Wu (The Golden Weapons),5
fig-000427,18,"Blue Torso, Tan Legs, Black Hair",4
fig-000428,5,"Racer, White Jacket with 2 Stars, Red Helmet with Visor, Sunglasses",5
fig-000429,6,Biker Bob,5
fig-000430,17,"Knight (Fright Knights) - Red Legs, Black Hips",4
fig-000431,6,"Diver, Woman, Blue Wetsuit, Black Helmet with Mask, Airtank",6
fig-000432,6,"Racer, Extreme Team, Black Jacket, Green Legs, Blue Cap, Yellow Life Vest",5
fig-000433,3,"Man, Plain White, Red Helmet with Visor",5
fig-000434,13,"Worker, Blue Jacket with Orange Stripes, Blue Legs, Blue Cap, Silver Sunglasses",4
fig-000435,11,"Man, Green Overalls over Red Shirt, Blue Cap",4
fig-000436,12,"Construction Worker, Orange Jacket with Zipper and Reflective Stripes, Blue Legs, Red Hard Hat",4
fig-000437,21,"Boy, White and Blue Hoodie, Short Blue Legs, Red Cap",4
fig-000438,12,"Indian - Tan Clothing, Blue Trim, Quiver",6
fig-000440,14,"Firefighter, Black Fire Suit, Bright Light Yellow Ponytail Hair",4
fig-000441,7,"Knight (Crusader Lion) - Blue Legs and Hips, Chin-Guard",4
fig-000442,15,"Man, Blue Jacket with Zipper, Blue Legs, White Cap, Sunglasses",4
fig-000443,4,"Construction Worker, Blue Overalls over Medium Blue Shirt, Red Hard Hat, Goatee Beard",4
fig-000444,7,"Policeman, Black Jacket with Zipper, Radio, and Badge, White Cap, Yellow Life Vest, Silver Sunglasses",5
fig-000445,8,"Policeman, Black Jacket with Zipper, Radio, and Badge, White Cap",4
fig-000446,7,"Fireman, Red Jacket with Straps, White Helmet with Visor, Orange Sunglasses",5
fig-000447,24,Jay (The Golden Weapons),4
fig-000448,28,"Woody, Molded Head",3
fig-000449,4,Green Army Man,5
fig-000450,19,Jake Raines in Hat with Goggles,5
fig-000451,4,Gypsy Moth / Navigator Sharp with Airtanks,5
fig-000452,30,Rattla,4
fig-000453,11,"Lion Knight, Archer, Wide Brim Helmet, Quiver",5
fig-000454,21,"Dragon Knight, Dark Green, Pearl Titanium Helmet, Stubble",4
fig-000455,16,Jay ZX (3626c Head),4
fig-000456,41,"Mia - Medium Blue Top, Lime Shorts",4
fig-000457,40,"Harry Potter, Gryffindor Sweater with Crest",4
fig-000458,6,"Racer, Red Jacket with Classic Space Logo, Blue Helmet with Visor",5
fig-000459,2,Football Player,6
fig-000460,21,Hawkeye with Red Glasses,4
fig-000461,4,Lex Luthor with Dark Purple Legs and Bright Green Shoulder Armor,7
fig-000462,9,"Racer, White Shirt with Two Stripes and 'S', White Legs, Black Helmet",4
fig-000463,0,Winter Soldier,4
fig-000464,19,Lord Sam Sinister,4
fig-000465,8,"Fireman, Orange Safety Vest with Radio, Dark Red Helmet, Beard",4
fig-000466,23,"Geonosian, Dark Tan",3
fig-000467,21,"Blue Jacket, White Legs, Black Hair",4
fig-000468,4,"Man, Plain Black, Helmet and Visor",6
fig-000469,5,Professor Webb / Locust with Airtanks,5
fig-000470,11,Insectoids Droid / Gigabot,4
fig-000471,9,"Harry Potter, Yellow Skin, Hogwarts Sweater with Crest, Black Hat, Cape with Stars",5
fig-000472,7,"Blue Torso, Green Legs, Red Hat",4
fig-000473,6,"Hulk, Dark Purple Pants, Printed Dark Red Stripes and Avengers Logo",4
fig-000474,12,"Ninja, Master",5
fig-000475,14,"Shogun, Armor and Helmet with Horn, White Robe",6
fig-000476,5,"Man, Green Jacket, Black Legs, Black Cap",4
fig-000477,12,"Timmy, Green Legs, Blue Cap",4
fig-000478,17,"Man, Blue Overalls, Red Hard Hat",4
fig-000479,14,"Santa, Plain Red, White Hands, White Eyebrows",5
fig-000480,15,"Boy, Plain Red Torso, Short Blue Legs, Reddish Brown Hair",4
fig-000481,11,"Racer, Lime and Black Jumpsuit, Black Helmet with Visor",5
fig-000482,4,Chief,5
fig-000483,12,"Man, White Torso, Light Gray Legs, Maersk Blue Cap",4
fig-000484,19,Jing Lee the Wanderer,4
fig-000485,23,"Worker - Orange Safety Vest, Blue Legs, Red Helmet, Stubble Beard",4
fig-000486,5,Race Driver - Team Daredevil 6,4
fig-000487,10,"RoboForce, Yellow",6
fig-000488,6,"Soccer Player White Torso with Blue/Red Stripes, Blue Legs #11",4
fig-000489,27,Buzz Lightyear with Molded Head,7
fig-000490,8,"Soccer Player Red Torso, White Legs, #18",4
fig-000491,2,Heroic Knight,7
fig-000492,22,"Emma - Sand Green Top, Dark Pink Shorts",4
fig-000493,2,"Kobe Bryant, Los Angeles Lakers #8",3
fig-000494,2,"Pau Gasol, Memphis Grizzlies #16",3
fig-000495,2,"Tony Parker, San Antonio Spurs #9",3
fig-000496,9,"Snowboarder, Dark Gray, Red Helmet, White Vest",6
fig-000497,7,"Basketball Player, Violet Torso, Violet Legs #3, Non-Spring Legs",3
fig-000498,6,"Basketball Player, Red Torso, Red Non-spring Legs #4",3
fig-000499,1,Lizard Man,5
fig-000500,8,"Woman, Medium Dark Pink Torso, White Legs, Black Hair",4
fig-000501,8,LEGOLAND Red with White Cowboy Hat,4
fig-000502,2,Mr. Good and Evil,4
fig-000503,7,"LEGOLAND Red Torso, Red Legs, White Hat",4
fig-000504,24,Hera Syndulla,4
fig-000505,8,"Wizard (Dragon Knights) - Majisto/Wiz, no Cape",5
fig-000506,13,AT-DP Pilot,4
fig-000507,7,"Clone Trooper, Phase II Armor, Angry, Printed Legs (11217 Helmet)",4
fig-000508,17,Hikaru in Gold Armor,4
fig-000509,20,"Han Solo, Black Vest, Dark Blue Legs, Smooth Hair, Cheek Lines",4
fig-000510,7,"Imperial Crew / Pilot, Black Uniform, Cavalry Cap, Light Nougat Hands",4
fig-000511,14,"Liza - Lime/White Top, Dark Pink Skirt",4
fig-000512,14,"Olivia - Orange Top, Bright Pink Skirt",4
fig-000513,14,"Andrea - Lime Top, Light Aqua Skirt",4
fig-000514,5,"Racer, White Jacket with Zipper, Black Helmet with Visor",5
fig-000515,10,"Man, Blue Shirt with Buttons and Pockets, Blue Legs, White Cap",4
fig-000516,23,"Darth Vader, Light Bluish Gray Skin, Scarred Right Cheek, Eyebrows",5
fig-000517,15,Policeman with Life Jacket,5
fig-000518,3,Mountain Climber,4
fig-000519,29,Naida Riverheart with Flower in Hair,5
fig-000520,7,"Man, Red Jacket with Zipper and Pockets, Blue Legs, Blue Cap",4
fig-000521,1,"Cameraman - Red Legs, Red Cap",4
fig-000522,1,Actress,4
fig-000523,1,"Cameraman - Red Torso, White Legs, White Cap",4
fig-000524,0,Actor 2,4
fig-000525,0,Actor 3,4
fig-000526,17,Pharaoh Hotep,4
fig-000527,22,"Fireman with Reflective Stripes and Radio, White Fire Helmet, and Beard Stubble",4
fig-000528,30,Nya (The Golden Weapons),4
fig-000529,1,Stitch (CMF),3
fig-000530,7,"Diver, Man, Red Wetsuit, Red Helmet with Mask, Airtank, Stubble",6
fig-000531,10,"Man, Red Jacket with Zipper, Red Legs, Black Hat",4
fig-000532,1,Alien (CMF),3
fig-000533,31,"Stephanie - Lavender Jacket, Scarf, Light Aqua Skirt",4
fig-000534,11,"Black Torso, Black Legs, White Hat",4
fig-000535,10,"Coast Guard, Light Bluish Gray Shirt with Badge, Blue Cap, Yellow Life Vest, Silver Sunglasses",5
fig-000536,2,Saxophone Player,4
fig-000537,2,Aladdin (CMF),4
fig-000538,2,Genie (CMF),5
fig-000539,7,Baron Von Barron (Pilot) with Light Gray Hat,6
fig-000540,5,"Man, Green Jacket, Black Legs, Sunglasses",4
fig-000541,6,"White Torso, Black Legs, Red Hat",4
fig-000542,5,"Construction Worker, Orange Safety Vest with Zipper and Pockets, Blue Legs, Red Hard Hat",4
fig-000543,1,Lady Robot,5
fig-000544,9,"Green Torso with T, Green Legs, White Cap",4
fig-000545,1,"Horseback Rider, Team GB (CMF)",5
fig-000546,15,"Fireman, Black Fire Jacket with Red Belt and Badge, White Helmet, Moustache",4
fig-000547,11,"Man, Green Jacket, White Legs, Black Hair",4
fig-000548,3,Alice (CMF),5
fig-000549,12,"Blue Torso Shirt, Blue Legs, Black Hat",4
fig-000550,1,Cheshire Cat (CMF),4
fig-000551,2,Dino Tracker,4
fig-000552,1,Daisy Duck with Lavender Top (CMF),5
fig-000553,13,"TIE Pilot, Plain Legs, Plain Brown Head",4
fig-000554,0,Soccer Player Coca-Cola Defender,4
fig-000555,0,Coca-Cola Defender 2,4
fig-000556,0,Soccer Player Coca-Cola Forward 1,4
fig-000557,0,Soccer Player Coca-Cola Forward 2,4
fig-000558,0,Soccer Player Coca-Cola Defender 3,4
fig-000559,0,Soccer Player Coca-Cola Midfielder 2,4
fig-000560,0,Soccer Player Coca-Cola Forward 3,4
fig-000561,0,Soccer Player Coca-Cola Forward 4,4
fig-000562,2,Soccer Player Coca-Cola Referee,4
fig-000563,2,Soccer Player Coca-Cola Hot Dog Girl,4
fig-000564,1,Soccer Player Coca-Cola Doctor,4
fig-000565,0,"TV Worker - White Torso, Blue Legs, Blue Cap, Soccer",4
fig-000566,18,"Red Riding Jacket with Award Ribbon, Black Riding Helmet, and White Legs",4
fig-000567,0,Soccer Player Coca-Cola Secret A,4
fig-000568,0,Soccer Player Coca-Cola Secret B,4
fig-000569,37,Donald Duck (CMF),5
fig-000570,24,"Olivia - Bright Pink Top, Lime Trousers",4
fig-000571,0,"C-3PO, Chrome Gold (30th Anniversary)",3
fig-000572,2,Aztec Warrior,4
fig-000573,15,"Wizard (Dragon Knights) - Majisto/Wiz, Plastic Cape",6
fig-000574,1,Minnie Mouse with Dark Pink with White Spots Dress and Bow (CMF),5
fig-000575,10,Royal Soldier,4
fig-000576,1,Mickey Mouse (CMF),3
fig-000577,6,"Man, Plain Blue, Red Hard Hat",4
fig-000578,13,"Train Worker - Red Vest, Blue Legs, White Helmet, Plain Face",4
fig-000579,2,Jester,4
fig-000580,15,"Train Worker - Red Vest, Dark Gray Legs, White Helmet, Sunglasses",4
fig-000581,2,"Darth Vader, Chrome Black",5
fig-000582,17,"Conductor - Yellow Jacket, Black legs, Red Hat",4
fig-000583,2,Swashbuckler,5
fig-000584,10,"Conductor - Blue Jacket, Black Legs, Red Hat (3626a Head)",4
fig-000585,2,Mr. Incredible (CMF),4
fig-000586,2,Syndrome (CMF),5
fig-000587,6,"Racer, Blue Jumpsuit with Octan Logo, Blue Cap, Yellow Life Vest 2610, Silver Sunglasses",5
fig-000588,5,"LEGOLAND White Torso, Red Legs, Red Hat",4
fig-000589,2,Cowgirl,4
fig-000590,2,Peter Pan (CMF),4
fig-000591,2,Captain Hook (CMF),4
fig-000592,4,Hun Warrior,5
fig-000593,25,"Hermione Granger, Yellow Skin, Medium Blue Sweater",4
fig-000594,19,"Ron Weasley, Yellow Skin, Blue Sweater, Cape with Stars",5
fig-000595,30,"Harry Potter, Yellow Skin, Gryffindor Sweater with Crest, Violet Cape",5
fig-000596,29,Razar with Flat Silver Shoulder Armor,10
fig-000597,2,Ursula (CMF),4
fig-000598,14,"Man - White Torso, Blue Overall, Blue Cap - 3626b Head",4
fig-000599,5,"Green Torso, White Legs, White Cap",4
fig-000600,3,Ariel (CMF),4
fig-000601,2,"Darth Maul, Horns, Printed Red Arms",4
fig-000602,9,"Coast Guard, Yellow Jacket with Zipper, Radio and Badge, Blue Helmet with Visor, Yellow Life Vest, Stubble",6
fig-000603,2,Fairy,6
fig-000604,8,"Policewoman, Black Jacket with Zipper and Badge, White Cap",4
fig-000605,1,Joachim Low (CMF),4
fig-000606,11,"Fireman, Light Gray Fire Suit with Gauge and Pocket, Black Helmet with Visor, Breathing Apparatus, Airtanks, Moustache",7
fig-000607,23,"Arctic Explorer, Hood, Printed Orange Goggles",4
fig-000608,22,"Jay, Kendo Outfit",5
fig-000609,22,"Fireman, Black Fire Jacket with Reflective Stripes, Radio, and Badge, Yellow Hands, White Helmet, Cheek Lines",4
fig-000610,0,TC-14,3
fig-000611,27,"Stephanie - White Top, Magenta Skirt",4
fig-000612,1,Elrond,5
fig-000613,1,Thomas Muller,4
fig-000614,7,"Blue Torso, Black Legs, Red Hat",4
fig-000615,2,Cyclops,4
fig-000616,19,"Policeman, Black JAcket with Zipper, Radio, Badge, and 'POLICE' on Back, White Helmet with Visor, Silver Sunglasses",5
fig-000617,21,"Red Torso, Orange Legs, Black Hair",4
fig-000618,15,"Man, Black Jacket, Dark Blue Legs, Reddish Brown Flat Cap",4
fig-000619,4,"Construction Worker, Orange Jacket with Zipper and Reflective Stripes, Orange Legs, Black Cap",4
fig-000620,4,"Construction Worker, Orange Jacket with Zipper and Reflective Stripes, Orange Legs, Red Hard Hat, Cheek Lines",4
fig-000621,7,"Wizard (Fantasy Era) - Good, no Cape",5
fig-000622,17,Max Villano with Backpack,5
fig-000623,15,"Race Driver, Black Racing Suit, Black Hair",4
fig-000624,17,"Mars Astronaut, Smirk / Scared",5
fig-000625,1,Andre Schurrle (CMF),4
fig-000626,5,"Coast Guard, Yellow Jacket with Zipper, Radio and Badge, Blue Helmet with Visor, Orange Sunglasses",5
fig-000627,1,Sami Khedira (CMF),4
fig-000628,17,Mike,4
fig-000629,20,Baron Von Barron,5
fig-000630,13,"Construction Worker, Orange Safety vest, Orange Legs, Grey Beard",4
fig-000631,22,Dr. Charles Lightning,4
fig-000632,10,Miss Gail Storm with Backpack,5
fig-000633,13,"Man, Blue Overalls over White V-Neck Shirt, Red Cap, Brown Eyebrows",4
fig-000634,13,"Man, Blue Shirt with Buttons and Pockets, Blue Legs, Blue Cap (3626a Head)",4
fig-000635,9,"Lifeguard, White Tank Top with Windsurfer, Blue Legs, Ponytail",4
fig-000636,19,Hikaru,4
fig-000637,1,Jerome Boateng (CMF),4
fig-000638,2,Shadow Knight Vladek,4
fig-000639,12,Jayko,4
fig-000640,15,"Man, Open Dark Blue Jacket, Tan Legs, Red Cap",4
fig-000641,9,"Man, White Torso, Blue Legs, Red Hat",4
fig-000642,9,"Knight (Black Falcon) - Black Legs, Black Hips, Rounded Shield, Neck-Protector, 3626a",4
fig-000643,14,"Man, Blue Overalls over Shirt, Blue Legs, Blue Cap",4
fig-000644,7,"Peasant - Light Gray Legs, Brown Hood",4
fig-000645,5,"King (Royal Knights) - Blue Legs, Blue Hips, no Cape",4
fig-000646,16,"Knight (Fright Knights) - Black Helmet, no Plume",4
fig-000647,1,Max Kruse (CMF),4
fig-000648,16,Bat Lord (Fright Knights) - Cape,5
fig-000649,6,"Basketball Player, Tan Torso, Black Legs",3
fig-000650,9,"Woman - White Torso, Red Legs, Black Hair",4
fig-000651,1,Medusa,4
fig-000652,3,"Construction Worker, Blue Torso, Black Legs, Red Hard Hat, Yellow Vest",5
fig-000653,3,"Man, Open Black Jacket over Red Shirt, Blue Legs, Black Cap",4
fig-000654,1,Manuel Neuer (CMF),4
fig-000655,8,"Pilot, Open Black Jacket over Dark Gray Vest and Tie, Black Hat with Goggles",5
fig-000656,1,Mario Gotze (CMF),4
fig-000657,11,Aquanaut 1,5
fig-000658,12,"Race Driver, Green Torso, Green Legs, Lime Helmet",5
fig-000659,11,"Knight - Blue Torso, Dark Bluish Grey legs, Metallic Silver Helmet",4
fig-000660,15,"Paisley - White Top, Sand Blue Legs, Medium Lavendar Fanny Pack",5
fig-000661,13,"Medium Blue Torso, Blue Overall, Blue Cap (4485)",4
fig-000662,13,"Pirate - Blue Jacket, Light Gray Legs, Brown Tricorne (3626b Head)",4
fig-000663,10,"Man, Dark Turquoise Jacket, Dark Blue Legs, Black Hair",4
fig-000664,18,"Clone Pilot, Plain Black Head",4
fig-000665,8,"Pirate - Blue Stripes, White Legs, Red Bandana, 3626a",4
fig-000666,14,"Pirate - Blue Jacket, Black Legs, Black Bicorne",4
fig-000667,1,Benedikt Howedes (CMF),4
fig-000668,13,Soldier (Imperial Armada) - Red,4
fig-000669,33,Crawley,4
fig-000670,1,Marco Reus (CMF),4
fig-000671,2,President Business (CMF),4
fig-000672,8,"Man, Yellow Shirt with Two Stripes and 'S', Light Gray Legs, Black Hard Hat",4
fig-000673,2,"Emmet, Red Hard Hat",4
fig-000674,12,"Postal Worker, Red Shirt with Horn Logo, Black Legs, Black Hat (3626a Head)",4
fig-000675,9,"Man, Black Overalls, Red Hard Hat (3626a Head)",4
fig-000676,14,"Cargo Worker, Green Jacket with Pocket, Green Cap, Sunglasses",4
fig-000677,11,"Man, Red Torso, Blue Legs, Black Hard Hat",4
fig-000678,1,Toni Kroos,4
fig-000679,6,"Construction Worker, Orange Overalls, Red Hard Hat, Beard and Glasses",4
fig-000680,14,"Man, White Vest, Medium Nougat Legs, Black Hair",4
fig-000681,8,"Man, White Torso, Green Legs, White Cap",4
fig-000682,22,"Firefighter, Black Fire Suit, Dark Orange Hair, Beard",4
fig-000683,1,Mesut Ozil (CMF),4
fig-000684,12,"Woman, Red Riding Jacket, White Legs, Black Hard Hat",4
fig-000685,3,Taco Tuesday Guy (CMF),6
fig-000686,6,"Man, Blue Shirt with Buttons and Pockets, Black Legs, Black Hat",4
fig-000687,13,"Racer, Green Jacket with Zipper and Octan Logo, White Cap",4
fig-000688,10,"Repairman, Light Gray Vest with Phone Logo and ID Badge, Blue Cap, Sunglasses",4
fig-000689,14,"Construction Worker, Blue Jacket with Zipper and Bulldozer Badge, Blue Legs, Red Hard Hat",4
fig-000690,10,"Jet, Trans-Neon Green Visor",5
fig-000691,13,"Racer, White Jacket with Zipper and Octan Logo, White Helmet with Visor, Blue Sunglasses",5
fig-000692,14,"Garry - Construction Worker, Orange Jacket with Zipper and Reflective Stripes, Orange Legs, White Hard Hat, Beard",4
fig-000693,9,Sparks,5
fig-000694,1,Paintball Player,5
fig-000695,1,Robot (CMF),5
fig-000696,7,"Mechanic, Red Overalls, Blue Cap, Printed Hair",4
fig-000697,9,"Policeman, Black Jacket with Zipper and Badge, Black Cap, Sunglasses",4
fig-000698,1,Sad Clown,5
fig-000699,14,"Fireman, Black Fire Jacket with Red Belt and Badge, Black Hair",4
fig-000700,5,"Man, Green Jacket, White Legs, White Cap, Yellow Life Vest, Blue Sunglasses",5
fig-000701,7,"Fireman, Classic, Black Fire Jacket with Red Belt and Buttons, White Helmet (3626b Head)",4
fig-000702,1,Bastian Schweinsteiger (CMF),4
fig-000703,8,"Man, Brown Jacket, Light Gray Legs, Blue Helmet with Visor, Blue Visor",5
fig-000704,6,"Woman, White and Blue Striped Shirt, White Legs, Black Hair",4
fig-000705,15,"Racer, Red Jacket with Octan Logo and 'RACING', Red Legs, Red Helmet with Visor, Sunglasses",5
fig-000706,13,"Man, Black Jacket over Red Shirt, Black Legs, White Cap",4
fig-000707,8,"Doctor, Woman, White Jacket with Red Cross, White Legs, Black Hair",4
fig-000708,1,Baseball Fielder,4
fig-000709,1,Christoph Kramer (CMF),4
fig-000710,18,"Diver, Man, Red Wetsuit, Black Helmet with Mask, Airtank, Printed White Hair",6
fig-000711,1,Shkodran Mustafi (CMF),4
fig-000712,24,Lloyd Garmadon,5
fig-000713,3,"Man, White Torso with Red and Blue Stripes, Blue Legs, Red Helmet",4
fig-000714,3,"Construction Worker, Blue Jacket with Highway Logo, Blue Legs, Red Hard Hat",4
fig-000715,21,"Man, White Top with Large Octan Logo, Green Legs, Red Cap",4
fig-000716,8,"Man, Brown Jacket, Black Legs, Black Helmet with Visor, Sunglasses",5
fig-000717,13,"Doctor, Woman, White Jacket with Red Cross, Black Hair",4
fig-000718,7,"Racer, Red Jacket with Zipper, White Helmet with Visor",5
fig-000719,12,"Man, Blue Shirt with Buttons and Pockets, Black Legs, Red Hard Hat",4
fig-000720,14,"Man, Blue Overalls, Blue Cap - 3626a Head",4
fig-000721,14,"Man, Blue Overalls, Black Hair (3626a Head)",4
fig-000722,10,"Man, Plain Red Torso, Black Legs, Red Hard Hat, Yellow Vest",5
fig-000723,15,"Arctic Crew, Black, Hood",5
fig-000724,15,"Man, Red Overalls, Red Hard Hat (3626b Head)",4
fig-000725,16,"Man, Blue Jacket with Zipper, Blue Legs, Red Cap, Sunglasses",4
fig-000726,8,"Man, Red Top with Exxon Logo, Black Legs, Black Hat",4
fig-000727,6,"Doctor, White Jacket with Red Cross, White Legs, Red Helmet",4
fig-000728,7,"Man, Green Jacket, Blue Legs, Blue Cap, Blue Sunglasses",4
fig-000729,11,"Fireman, Classic, Black Fire Jacket with Red Belt and Buttons, White Helmet (3842a Helmet)",4
fig-000730,8,Stingray 3,4
fig-000731,9,"Man, Blue Shirt with Buttons and Pockets, Blue Legs, Blue Hard Hat",4
fig-000732,13,"Firefighter, Black Fire Suit, Vibrant Yellow Helmet",5
fig-000733,14,"Man - Blue Jacket, Blue Legs, Red Hat",4
fig-000734,12,Indian Chief,4
fig-000735,7,"Man, White Torso, Blue Legs, Helmet with Visor, Yellow Life Vest - 3626a Head",6
fig-000736,5,"Soldier - Western, Lieutenant, Cap",5
fig-000737,12,"Res-Q Man, Helmet with Visor, Yellow Life Vest, Sunglasses",6
fig-000738,20,Pepper Roni with Neck Bracket,5
fig-000739,19,Brickster with Black Hat,4
fig-000740,10,"Criminal, Black Striped Top with Rope, Black Hat, Dark Tan Backpack, Stubble",5
fig-000741,10,Ogel,6
fig-000742,9,"Classic Spaceman, Blue with Airtanks (3842b Helmet)",5
fig-000743,4,"Bandit - Western, Black Jacket, White Handkerchief, Brown Hat",5
fig-000744,22,"Santa, Plain Red",5
fig-000745,9,"Classic Spaceman, Red with Airtanks (3842b Helmet)",5
fig-000746,9,Radia,4
fig-000747,6,"Futuron Spaceman, Blue with Airtanks and Dark Blue Visor",6
fig-000748,19,"Johnny Thunder, Printed Legs (Expedition)",4
fig-000749,5,Space Police 2 Chief,7
fig-000750,7,"Ice Planet - White Eyebrows, Mustache",6
fig-000751,6,"UFO Alien, Red, Plain Black Helmet",4
fig-000752,9,"UFO Droid, Red",3
fig-000753,10,"Exploriens Spaceman, with Radio on Belt",6
fig-000754,9,"Exploriens Spaceman, with Breathing Apparatus",6
fig-000755,20,"Racer, Extreme Team, Black Jacket, Black Legs, White Helmet with Flames and Visor, Blue Sunglasses",5
fig-000756,9,Spyrius Chief,6
fig-000757,10,Octan Racer,6
fig-000758,19,"Emma - White Robe, White Trousers, Karate",5
fig-000759,8,"RoboForce, Red",6
fig-000760,10,"Knight (Knights Kingdom I) - Gilbert the Bad, Black Helmet, Horn",5
fig-000761,15,Viper,4
fig-000762,10,LEGOLAND Blue,4
fig-000763,8,Techno Leon,5
fig-000764,4,Danny Longlegs / Corporal Steel,4
fig-000765,21,"Girl, Cardigan Tied with Bow, Necklace, Short Dark Blue Legs",4
fig-000766,16,Jake the Dog (Dimensions),3
fig-000767,1,Buzz Lightyear (CMF),7
fig-000768,23,"TIE Pilot, Printed Legs",4
fig-000769,10,Striped Vest with Yellow Striped Scarf and Black Legs,4
fig-000770,15,"Policeman, Dark Blue Shirt with Radio and Badge, Black Legs, Black Cap, Smile",4
fig-000771,24,Jasmine,4
fig-000772,26,General Rieekan,4
fig-000773,12,"Obi-Wan Kenobi, Yellow Skin, Headset",4
fig-000774,11,"Man - Black Torso, Blue Pants",4
fig-000775,11,"White Torso, Blue Overall, Red Cap, Male (3626c Head)",4
fig-000776,20,"Man, Plain Blue Torso with White Arms, Dark Blue Arms, Light Bluish Gray Helmet",4
fig-000777,20,"Boy, Plain Red Torso, Short Dark Blue Legs, Dark Orange Hair",4
fig-000778,10,Finn the Human (Dimensions),5
fig-000779,12,"Fireman, Black Fire Jacket with Reflective Stripes, Radio, and Badge, Dark Bluish Gray Helmet with Visor, Orange Sunglasses",5
fig-000780,6,"Fireman, Black Fire Jacket with Reflective Stripes, Radio, and Badge, White Helmet, Breathing Apparatus, Airtanks, Orange Sunglasses",7
fig-000781,12,"Construction Worker, Orange Overalls over Blue Sweater, Red Hard Hat, Stubble",4
fig-000782,9,LEGOLAND Black,4
fig-000783,8,Shadow with Rope Bundle,4
fig-000784,19,"Man, White Tank Top with Windsurfer, Blue Legs, Red Cap",4
fig-000785,19,"Mechanic, Blue Jumpsuit with Octan Logo, Red Cap",4
fig-000786,24,"Fireman, Black Fire Jacket, White Helmet, Silver Sunglasses",4
fig-000787,24,"Criminal, Prison Shirt with #50380, Dark Bluish Gray Legs, Black Hat, Gold Tooth",4
fig-000788,1,Jean Grey in Phoenix Costume,4
fig-000789,17,"Man, Green Jacket, Green Legs, Red Cap, Blue Sunglasses",4
fig-000790,8,B.A. Baracus,4
fig-000791,18,Abby Yates (Dimensions),4
fig-000792,7,Digger with Binoculars Hanging Round Neck,4
fig-000793,14,"TIE Pilot, Plain Legs, Plain Reddish Brown Head",4
fig-000794,15,"Man, Plain Black Swimsuit, Black Hair, Yellow Life Vest, Sunglasses",5
fig-000795,6,"Racer with Lime Jacket with Black and White Checks, Red Helmet with Trans-Clear Visor",5
fig-000796,21,"Rebel Trooper in Endor Uniform, Sand Green Legs, Goatee Beard",4
fig-000797,21,"Policeman, Black Jacket with Pocket and Badge, White Cap",4
fig-000798,21,"Criminal, Open Light Bluish Gray Jacket over Prison Shirt, Black Hat, Red Scarf, Gold Tooth",5
fig-000799,21,"Santa, Plain Red with Dark Bluish Gray Legs, and Back Basket",6
fig-000800,21,"Criminal, Prison Shirt with #50380, Dark Bluish Gray Legs, Dark Bluish Gray Hat, Missing Tooth",4
fig-000801,8,"Man, Green Overalls over Red Shirt, Black Cap",4
fig-000802,17,Johnny Thunder with Backpack (Desert),5
fig-000803,12,"Policeman, Black Jacket with Zipper and Badge, White Helmet with Visor (3626a Head)",5
fig-000804,22,"Firefighter, Black Fire Suit, Black Hair",4
fig-000805,5,"Imperial AT-ST Driver, Plain Helmet, Printed Visor",4
fig-000806,24,"Clone Pilot, Phase I Armor, Brown Eyes",4
fig-000807,20,"Construction Worker in Orange Jacket with Zipper and Reflective Stripes, Blue Cap, Gray Beard",4
fig-000808,20,"Postal Worker, Red Jacket with Zipper and Letter Logo, Black Legs, Red Cap, Beard",4
fig-000809,17,"Rebel Trooper / Rebel Fleet Trooper, Black Eyes",5
fig-000810,2,Abraham Lincoln (CMF),4
fig-000811,15,"Policeman with Zipper Jacket, White Hat",4
fig-000812,20,"Policeman, Black Jacket with Pocket and Badge, Black Cap, Moustache",4
fig-000813,20,"Man, Plain White Torso, Green Legs, Light Bluish Gray Helmet, Red Scarf",5
fig-000814,2,Gail the Construction Worker (CMF),4
fig-000815,7,"Blue Torso, White Legs, Red Hat",4
fig-000816,12,Rocket Raccoon in Dark Red Outfit,4
fig-000817,18,"Policeman, Black Jacket with Radio and Badge, White Helmet with Visor, Sunglasses",5
fig-000818,11,"Postal Worker, Red Jacket with Zipper and Letter Logo, Black Legs, Red Cap, Beard and Glasses",4
fig-000819,1,Panda Guy (CMF),4
fig-000820,25,"Man, Blue Jacket with Zipper, Black Legs, Black Cap, Sunglasses",4
fig-000821,14,Miss Gail Storm,5
fig-000822,6,"Shell - White Torso with Logo, Blue Legs, Red Construction Helmet",4
fig-000823,7,Cyberman (Dimensions),3
fig-000824,9,"Rebel Pilot B-wing, Red Flight Suit, Reddish Brown Helmet",5
fig-000825,3,Mr. Gold,4
fig-000826,28,Lennox with Flat Silver Shoulder Armor,6
fig-000827,17,"Train Worker, Blue Jacket with Train Logo, Black Hat, Beard and Glasses",4
fig-000828,17,"Man, Tan Shirt with Pockets, Green Legs, Red Cap",4
fig-000829,17,"Pilot, Blue Jacket with Plane Logo and Blue Tie, Red Cap, Sunglasses",4
fig-000830,18,"Train Worker, Dark Blue Jacket with Train Logo, Black Hat, Beard and Glasses",4
fig-000831,30,"Man, Blue Overalls over Shirt, Blue Legs, Black Hat, Reddish Brown Eyebrows",4
fig-000832,18,"Mechanic, Blue Jumpsuit with Octan Logo, Dark Bluish Gray Legs, Red Cap, Glasses",4
fig-000833,7,"Man, Plain Blue Torso, Black Legs, Blue Hat, Yellow Vest",5
fig-000834,6,"Man, Red Torso, Blue Legs, Red Hard Hat",4
fig-000835,9,"Wizard (Kingdoms) - Dark Green, no Cape",5
fig-000836,21,"Emma - Lavender Top, White Trousers",4
fig-000837,22,"TIE Pilot, Plain Legs, Plain Black Head (87556 Helmet)",4
fig-000838,28,Lone Ranger,4
fig-000839,15,Johnny Thunder with Tan Pants with Pockets,4
fig-000840,23,Atlantis Manta Warrior,4
fig-000841,10,"Stephanie - White Top, Medium Azure Skirt",4
fig-000842,16,"Coast Guard, Blue Jacket with Zipper and ID Badge, Blue Cap, Blue Sunglasses",4
fig-000843,39,Homer Simpson (CMF),3
fig-000844,20,"Timmy - Blue Legs, Blue Cap",4
fig-000845,13,"Fireman, Black Fire Jacket with Reflective Stripes, Radio, and Badge, Silver Helmet, Silver Sunglasses",4
fig-000846,9,Cam with Trans-Dark Blue Diving Mask,5
fig-000847,14,"Racer, Red Jacket with 2 Stars, Blue Helmet with Stars and Visor, Yellow Life Vest, Sunglasses",6
fig-000848,10,Aquaraider 1 with Hook,5
fig-000849,3,Bart Simpson (CMF),3
fig-000850,18,"Pirate - Anchor Tattoo, Dark Green Legs, Dark Green Bandana",4
fig-000851,11,"Pirate - Blue Jacket, White Legs, Brown Bicorne, 3626a",4
fig-000852,11,"Man, Plain Blue, Blue Cap",4
fig-000853,19,"Train Worker, Orange Safety Vest with Train Logo, Dark Bluish Gray Legs, Black Hat, Glasses",4
fig-000854,15,"Fireman, Black Fire Jacket with Reflective Stripes, Radio, and Badge, Silver Helmet, Cheek Lines",4
fig-000855,2,"Classic Spaceman, Blue with Airtanks, Brown Eyebrows (2446 Helmet)",5
fig-000856,14,Boat Driver,5
fig-000857,0,Max (LEGO Club),4
fig-000858,12,Amelia Earhart,5
fig-000859,12,"Stephanie - White Top, Medium Lavender Skirt",4
fig-000860,9,"Santa, Freckles, Red Legs with Black Hips",5
fig-000861,13,"Andrea - Lime Top, White Trousers",4
fig-000862,17,"Mia - Medium Blue Top, Medium Lavender Skirt",4
fig-000863,14,Takeshi with Gold Armor,4
fig-000864,2,Lisa Simpson (CMF),4
fig-000865,9,Mirkwood Elf Guard,5
fig-000866,20,"Power Miner, Beard Stubble",4
fig-000867,10,"Race Driver, White Torso, Blue Legs, Blue Helmet",4
fig-000868,10,"Race Driver, Yellow Torso, Yellow Legs, Red Helmet",4
fig-000869,11,"Race Driver, Green Torso, Green Legs, White Helmet",4
fig-000870,26,"Kai, Kendo Outfit",5
fig-000871,20,Samurai X / Nya (Rise of the Snakes),7
fig-000872,4,Baron Von Barron,4
fig-000873,26,Bilbo Baggins - Dark Red Coat,4
fig-000874,20,"Gungan Warrior, Dark Tan Legs, Nougat Hands",3
fig-000875,9,Lizaru,3
fig-000876,10,Mezmo,3
fig-000877,22,Bytar,3
fig-000878,21,"Cole, Kendo Outfit",5
fig-000879,22,Lasha,4
fig-000880,26,Kai ZX with Shoulder Armour,5
fig-000881,7,Zane NRG,4
fig-000882,7,King with Red Plastic Cape,5
fig-000883,19,"White Torso, Blue Overall, Reddish Brown Hair",4
fig-000884,22,"Firefighter, Black Fire Suit, Reddish Brown Hair, Orange Safety Glasses",4
fig-000885,2,Roman Emperor,4
fig-000886,13,"Olivia - Magenta Top, Dark Blue Trousers, Bow",5
fig-000887,16,"Time Twisters - Black Torso, Dark Gray Legs",5
fig-000888,2,Detective,4
fig-000889,2,Cave Man (CMF),4
fig-000890,6,Skater (CMF),4
fig-000891,3,Nurse (CMF),4
fig-000892,2,Ninja (CMF),4
fig-000893,2,Cowboy (CMF),4
fig-000894,10,"Emma - White Plaid Top, Sand Green Skirt",5
fig-000895,1,"Stealth Swimmer, Team GB (CMF)",5
fig-000896,2,Disco Dude,4
fig-000897,2,Fisherman - Dark Blue Cap,5
fig-000898,1,Pilot,6
fig-000899,2,Tribal Chief,4
fig-000900,9,Mummy,3
fig-000901,2,Tennis Player (CMF),4
fig-000902,8,Gorilla Suit Guy,4
fig-000903,1,Rapper,4
fig-000904,2,Baseball Player,4
fig-000905,2,Karate Master,4
fig-000906,12,"Stephanie - Bright Pink Top, Dark Purple Skirt",4
fig-000907,8,Elf,5
fig-000908,2,"Lifeguard, Female",4
fig-000909,2,Ice Skater,5
fig-000910,2,Lawn Gnome,5
fig-000911,2,Musketeer,5
fig-000912,13,Surfer Girl (CMF),4
fig-000913,3,Viking,6
fig-000914,1,The Monster,4
fig-000915,2,Sailor,4
fig-000916,2,Graduate,5
fig-000917,2,Fitness Instructor,4
fig-000918,3,Butcher,4
fig-000919,1,Boxer,4
fig-000920,3,Classic Alien,3
fig-000921,2,"Royal Guard, Yellow Hands",4
fig-000922,2,Cave Woman,5
fig-000923,1,Hazmat Guy,4
fig-000924,2,Zookeeper,4
fig-000925,2,Small Clown,4
fig-000926,3,Evil Dwarf,5
fig-000927,2,Gangster,4
fig-000928,2,Snowboarder Guy,4
fig-000929,3,Surgeon,4
fig-000930,2,Skater Girl,4
fig-000931,4,Intergalactic Girl,4
fig-000932,3,Mechanic,4
fig-000933,2,Genie,5
fig-000934,3,Hippie,4
fig-000935,2,Jungle Boy,4
fig-000936,3,Bunny Suit Guy,4
fig-000937,2,Ocean King (CMF),5
fig-000938,1,Bagpiper,5
fig-000939,1,Galaxy Patrol,5
fig-000940,2,Tennis Ace,4
fig-000941,3,Computer Programmer (CMF),4
fig-000942,2,Grandma Visitor,5
fig-000943,2,"Santa, Coat and Belt, Plain Red Legs, Santa Hat (3626b Head) (CMF)",5
fig-000944,1,Vampire Bat,4
fig-000945,1,Alien Avenger,5
fig-000946,2,Judge,5
fig-000947,2,Policeman,4
fig-000948,1,Battle Mech,5
fig-000949,2,Plumber,4
fig-000950,3,Librarian,4
fig-000951,3,Businessman,4
fig-000952,2,Roman Commander,6
fig-000953,2,Trendsetter,4
fig-000954,1,"Brawny Boxer, Team GB (CMF)",5
fig-000955,2,Bumblebee Girl,5
fig-000956,3,Grandpa,4
fig-000957,2,Revolutionary Soldier,4
fig-000958,1,Motorcycle Mechanic,4
fig-000959,5,Diner Waitress,4
fig-000960,3,Holiday Elf (CMF),4
fig-000961,2,Barbarian,4
fig-000962,2,Scientist,4
fig-000963,2,Constable,4
fig-000964,2,Gingerbread Man (CMF),3
fig-000965,2,Lumberjack,4
fig-000966,3,Welder,4
fig-000967,18,Axel,5
fig-000968,2,Island Warrior,6
fig-000969,2,"Tactical Tennis Player, Team GB (CMF)",5
fig-000970,2,"Agile Archer, Team GB (CMF)",5
fig-000971,1,"Judo Fighter, Team GB (CMF)",5
fig-000972,2,"Wondrous Weightlifter, Team GB (CMF)",5
fig-000973,2,Evil Mech,5
fig-000974,1,Spider-Man in Black Symbiote Costume,3
fig-000975,0,"Green Lantern, Hal Jordan",4
fig-000976,5,"Racer, White Shirt with Two Stripes and 'S', White Legs, Black Helmet with Visor (3626a Head)",5
fig-000977,5,"Racer, White Shirt with Two Stripes and 'S', White Legs, Black Helmet with Visor (3626b Head)",5
fig-000978,5,Flame Thrower with Quiver,5
fig-000979,22,"Autumn - Dark Green Top, Dark Tan Shorts",4
fig-000980,7,"Astronaut, White, Helmet with Large Chrome Gold Visor, Airtanks, Headset",6
fig-000981,2,Grandpa Abe Simpson (CMF),3
fig-000982,10,"Racer, Black Torso, Black Legs, Black Helmet",5
fig-000983,7,"Lifeguard, Light Gray Jacket with Zipper and Badge, Blue Cap, Sunglasses",4
fig-000984,8,Race Driver - F1 Williams Team,5
fig-000985,5,Flex with Trans-Dark Blue Diving Mask,6
fig-000986,7,"Astronaut, White, Helmet with Visor, Headset",5
fig-000987,7,"Man, Red Torso, Black Legs, Red Hard Hat (3626a Head)",4
fig-000988,11,"Racer, White Shirt with Two Stripes and 'S', White Legs, White Helmet with Visor",5
fig-000989,22,"Leo - White/Coral Top, Coral Pants",4
fig-000990,13,"Fireman, Classic, Black Fire Jacket with Red Belt and Buttons, White Helmet, White Airtanks",5
fig-000991,8,"Policeman, Black Suit with Pocket and Badge, White Cap",4
fig-000992,11,Cragger (Dimensions),6
fig-000993,21,Ryo in Gold Armor,4
fig-000994,8,"Astronaut, White, Black Hips, Helmet with Large Chrome Gold Visor, Headset",5
fig-000995,3,"Zane, Titanium in White",5
fig-000996,9,"Man, Sunset Shirt with Palm Trees, Blue Legs, Reddish Brown Hair",4
fig-000997,15,"Chewbacca, Brown",3
fig-000998,12,"Mia - Black Tuxedo, Magician",5
fig-000999,13,"Policeman, Black Jacket with Zipper and Badge, White Helmet with 'POLICE' and Trans-Green Visor, Sunglasses",5
fig-001000,13,Frax with Shoulder Armor,10
fig-001001,1,Roller Derby Girl,4
fig-001002,18,"King Leo (Knights Kingdom I) - Lion Shield, Crown",4
fig-001003,2,Minotaur,5
fig-001004,20,Ryo,4
fig-001005,3,Roman Soldier,4
fig-001006,13,J. Kawaguchi / Hayabusa Project Manager,4
fig-001007,6,"Man, Blue Jacket with Highway Logo, Light Gray Legs, Red Cap",4
fig-001008,13,"Man, Red Overalls, Black Hair (3626b Head)",4
fig-001009,8,"Racer, White Shirt with Two Stripes and 'S', White Legs, Blue Cap",4
fig-001010,15,"Man - Blue Jacket, Blue Legs, Red Hat",4
fig-001011,15,"Shogun, Armor and Helmet with Horn, Blue and Black Robe",6
fig-001012,3,Farmer (CMF),4
fig-001013,17,Red Skull with Short Legs,3
fig-001014,2,Astronaut,6
fig-001015,3,Decorator,4
fig-001016,2,Sea Captain,4
fig-001017,3,Grandma,4
fig-001018,5,"Man, Green Overalls, Tan Wide Brim Hat",4
fig-001019,2,Scarecrow,5
fig-001020,3,Leprechaun,4
fig-001021,2,Tribal Woman (CMF),6
fig-001022,2,Flying Warrior,9
fig-001023,7,"Racer, Red Jacket with Octan Logo and 'RACING', Red Legs, Red Helmet with Black Visor, Sunglasses",5
fig-001024,9,"Chef, Red Neckerchief, Black Legs, Goatee Beard",4
fig-001025,8,"Racer, Blacktron Top, Red Helmet with Visor",5
fig-001026,0,"Han Solo, Child",4
fig-001027,7,"Dave - Construction Worker, Orange Jacket with Suspenders, Black Hard Hat, Moustache and Sideburns",4
fig-001028,19,Policeman with Zipper Jacket and Helmet with Black Visor,5
fig-001029,6,"Fireman, Light Gray Fire Suit with Gauges and Straps, Black Helmet with Visor, Headset",5
fig-001030,19,Jay with Bandana,5
fig-001031,15,"Man, Sand Blue Overalls, Light Bluish Gray Hair, Beard",4
fig-001032,5,Dragon Master (Dragon Knights) - Red Plumes,7
fig-001033,8,"Doctor, White Shirt with Star of Life Logo, White Helmet with Visor, Sunglasses",5
fig-001034,2,Kendo Fighter,4
fig-001035,7,"Man, Plain Blue with White Arms, Blue Helmet with Visor",5
fig-001036,11,Dash,4
fig-001037,2,Laser Mech,7
fig-001038,12,Hydronaut 1,5
fig-001039,27,"Andrea - Bright Light Orange Top, Light Aqua Skirt",4
fig-001040,4,"Racer, White Jacket with Octan Logo and 'RACE' and 'TEAM', Green Helmet with Visor, Moustache",5
fig-001041,6,Danny Longlegs / Corporal Steel with Black Shoulder Armor,5
fig-001042,12,Stingray 2,4
fig-001043,4,"Racer, Extreme Team, Black Jacket, Black Legs, Green Helmet with Visor, Blue Sunglasses",5
fig-001044,17,Jules,4
fig-001045,9,"Man, Red Top with Dark Blue Arms, Blue Legs, Blue Helmet with Visor, Orange Sunglasses",5
fig-001046,4,"Man, Red Overalls, Red Hard Hat (3626a Head)",4
fig-001047,6,Gypsy Moth / Navigator Sharp with Shoulder Armor,5
fig-001048,2,Demolition Dummy (CMF),3
fig-001049,3,Jewel Thief,4
fig-001050,31,The Joker,4
fig-001051,16,"Arctic Crew, Black, Blue Cap",4
fig-001052,1,Queen,7
fig-001053,5,"Jester, Red and White",4
fig-001054,33,"Olivia - Dark Pink Top, Medium Lavender Skirt",4
fig-001055,8,Doc Brown (Dimensions),4
fig-001056,10,"Dash, Helmet and Visor",6
fig-001057,2,I Brick LEGOLAND Man,4
fig-001058,2,I Brick LEGOLAND Woman,4
fig-001059,21,Rex,5
fig-001060,2,Man with 'Copenhagen' and Flag on Shirt,4
fig-001061,1,Magician (CMF),5
fig-001062,2,Man with 'Malaysia' and Flag,4
fig-001063,22,"Yoda, Sand Green Head, Santa Outfit, Backpack",4
fig-001064,2,Red Cheerleader,4
fig-001065,14,"Race Driver, White Torso, Dark Blue Legs, White Helmet, Ford",5
fig-001066,11,"Race Driver, White Torso, White Legs, Black Helmet, Audi",5
fig-001067,14,"Construction Worker, Blue Overalls over Medium Blue Shirt, Blue Cap, Goatee Beard",4
fig-001068,12,"Construction Worker, White and Blue Overalls, Red Hard Hat, Cheek Lines",4
fig-001069,11,"Clone Shock Trooper, Red Markings, Plain Black Head, White Hips",4
fig-001070,3,Tribal Hunter (CMF),6
fig-001071,2,Pirate Captain,5
fig-001072,4,Captain Wizer / Captain Zec with Airtanks,5
fig-001073,13,"Pirate - Blue Jacket, White Legs, Brown Bicorne, 3626b",4
fig-001074,7,Cheerleader (CMF),4
fig-001075,24,"Firefighter, Black Fire Suit, Dark Brown Hair with Two Buns, Glasses",4
fig-001076,17,"Santa, Plain Red with Light Bluish Gray Legs",5
fig-001077,18,"Stephanie - White Top, Dark Pink Skirt",4
fig-001078,10,"Racer, Dark Azure and Blue Jumpsuit, Blue Helmet with Visor, Yellow Life Vest",6
fig-001079,2,I Brick Paris Man,4
fig-001080,2,I Brick Tokyo Man,4
fig-001081,2,Circus Clown (CMF),4
fig-001082,5,"Construction Worker, Safety Jacket over Hoodie with Belt, Orange Legs, Red Hard Hat",4
fig-001083,6,Danny Longlegs / Corporal Steel with Dark Gray Shoulder Armor,5
fig-001084,24,"Olivia - White Top, Dark Blue Skirt",4
fig-001085,9,"Man, Black Torso, Blue Legs, Brown Hair, Sunglasses",4
fig-001086,13,"Construction Worker, Orange Jacket with Suspenders, White Hard Hat, Moustache and Sideburns",4
fig-001087,16,"Woman, Blue Torso with White Arms, White Legs, Red Lips",3
fig-001088,12,"Race Driver, Red Torso, Red Legs, Black Helmet, Jungle Monster",5
fig-001089,6,"Racer, White Jacket with Octan Logo and 'RACE' and 'TEAM', Red Helmet with Visor, Moustache",5
fig-001090,19,Azog,3
fig-001091,25,"Olivia - Bright Pink Top, Sand Blue Skirt",4
fig-001092,15,"Islander - King Kahuka, Mask",5
fig-001093,24,"Firefighter, Black Fire Suit, Orange Life Jacket, Black Hair",5
fig-001094,35,"Emma - Light Aqua Top, Magenta Skirt",5
fig-001095,27,Lloyd ZX with Shoulder Armour,5
fig-001096,9,"Naboo Security Officer, Yellow Skin",4
fig-001097,15,"Blue Torso, Green Legs, Lime Cap",4
fig-001098,4,Spaceman (CMF),5
fig-001099,1,"Shredder, Flashback",4
fig-001100,13,"Fireman, Black Fire Jacket with Reflective Stripes, Radio, and Badge, White Helmet, Angular Beard",4
fig-001101,26,"Snowtrooper, Light Bluish Gray Hips, Printed Black Head, Light Bluish Gray Hands",4
fig-001102,7,Worriz with Flat Silver Large Shoulder Armor,6
fig-001103,17,"Man - Red Torso, Blue Legs, Reddish Brown Hair",4
fig-001104,4,"RoboForce, Red with Plain Legs",6
fig-001105,6,"Policeman, Black Jacket with Zipper, Radio, and Badge, White Helmet and Visor, Printed Hair-line",5
fig-001106,23,"Darth Vader, Santa Outfit",5
fig-001107,16,"Policeman, Light Up Flashlight [Complete Assembly]",3
fig-001108,19,Johnny Thunder (Desert) with Chin Scar,4
fig-001109,18,"Boba Fett, Helmet, Jetpack Neckwear, Olive Green Pauldron, Dark Green Hips",7
fig-001110,13,"Naya - White Plaid Top, Sand Green Skirt",4
fig-001111,27,"Rapunzel - Medium Lavender Dress, Flowers in Hair",6
fig-001112,11,"Worker - Orange Safety Vest, orange  Legs, Red Helmet, beard, Glasses",4
fig-001113,2,"Skateboarder Bill, Black, Green Helmet",4
fig-001114,11,"Skateboarder, Red, Black Helmet",4
fig-001115,6,"Imperial AT-ST Driver, Plain Helmet, Dual Sided Head",4
fig-001116,5,"Knight (Knights Kingdom I) - Bull Robber, Black Helmet",4
fig-001117,2,"Classic Spaceman, White with Airtanks (2446 Helmet) (3626c Head) (3838 Airtank)",5
fig-001118,4,"Woman, White Top with Red Necklace, White Legs, Brown Hair",4
fig-001119,18,Achu,5
fig-001120,27,"Fireman, Safety Vest with Flashlight, Pocket, and Belt, White Helmet, Goatee Beard",4
fig-001121,9,"Red Torso, Red Legs, Red Cap, Headphones",5
fig-001122,0,"Han Solo, Printed Medal, Black Vest",4
fig-001123,1,Super Wrestler (CMF),4
fig-001124,8,"Man - Red Torso, Blue Legs, Red Hat",4
fig-001125,14,"Man, Black Overalls, Red Cap (3626a Head)",4
fig-001126,15,Skinnet,5
fig-001127,12,"Classic Spaceman, White with Airtanks (3842a Helmet)",5
fig-001128,6,"Skateboarder Bill, Black, Green Helmet, Neck Bracket",5
fig-001129,6,"Knight (Knights Kingdom I) - Cedric the Bull, Black Helmet",4
fig-001130,0,Trickster,4
fig-001131,7,"Pilot, White Shirt with Large Octan Logo, Green Legs, Red Helmet with Visor",5
fig-001132,12,"Man, Blue Shirt with Buttons and Pockets, Blue Legs, Light Gray Cowboy Hat",4
fig-001133,4,Race Driver - Bart Blaster,4
fig-001134,16,"Policeman, Black Jacket with Zipper and Badge, White Helmet (3842b Helmet)",4
fig-001135,8,"Snowtrooper, First Order, Neck Bracket",6
fig-001136,12,"Man, Green Jacket, Green Legs, Black Hair, Sunglasses",4
fig-001137,5,TIE Pilot / TIE Bomber Pilot,4
fig-001138,15,"Andrea - Medium Azure Top, Magenta Skirt",4
fig-001139,15,"Draco Malfoy, Yellow Skin, Black Sweater",4
fig-001140,2,Scribble-Face Bad Cop (CMF),4
fig-001141,2,Piggy Guy,4
fig-001142,6,"Man, Plain Blue Torso, Black Legs, Blue Hat",4
fig-001143,7,"Man, Blue Overalls over White V-Neck Shirt, Red Cap, Open Mouth",4
fig-001144,9,"Blue Overalls and White V-Necked Shirt, Red Hard Hat",4
fig-001145,24,"Man, Reddish Brown Jacket, Medium Blue Legs, Medium Nougat Hair",4
fig-001146,2,Sleepyhead (CMF),4
fig-001147,10,Rebel Pilot X-wing,4
fig-001148,11,"White Torso, Blue Overalls, Brown Hair (3626a Head)",4
fig-001149,1,Bandit,5
fig-001150,7,Robin Underwood with Short Blue Legs,4
fig-001151,5,"Basketball Player, Light Gray Torso and Dark Blue Legs, Black Flat Top Hair",4
fig-001152,16,"White Torso, Dark Pink Arms, Black Legs, Black Cap",4
fig-001153,16,Farmer in Green Overalls,4
fig-001154,11,Apollo Astronaut,6
fig-001155,8,"Man - White Suit, Blue Arm, Light Gray Legs, White Cap",4
fig-001156,3,Space Alien,3
fig-001157,2,Circus Ringmaster,4
fig-001158,14,Robin Underwood / Ultimate Robin,5
fig-001159,17,"Woman, Lime Halter Top with Dolphins, Dark Purple Legs, Dark Brown Ponytail",4
fig-001160,12,"Rapunzel - Medium Lavender Dress, Magenta Bow",5
fig-001161,11,"White Torso, Blue Overall, Black Hair",4
fig-001162,2,Darth Revan,5
fig-001163,21,"Mia - Sand Green Top, Bright Pink Skirt",4
fig-001164,1,Velma Staplebot (CMF),4
fig-001165,4,"Futuron Spaceman, Black with Airtanks and Dark Blue Visor, White Helmet",6
fig-001166,3,Wiley Fusebot (CMF),5
fig-001167,7,"Man, Blue Jacket with Highway Logo, Blue Legs, White Hat",4
fig-001168,26,Robin with Black Eyemask,5
fig-001169,11,"Stephanie - Sand Green Top, Magenta Skirt",4
fig-001170,25,"Arctic Explorer, Hood, Printed Green Goggles",4
fig-001171,14,"Worker, Blue Jacket with Orange Stripes, Blue Legs, Red Hard Hat, Goatee Beard and Safety Glasses",4
fig-001172,27,Blista,10
fig-001173,18,"Ariel - Mermaid Form, Flower, Crown",6
fig-001174,36,Vornon with Trans-Light Blue Shoulder Armor,10
fig-001175,10,Voom Voom with Flat Silver Shoulder Armor,10
fig-001176,23,"Firefighter, White Shirt, Black Legs, Reddish Brown Hair",4
fig-001177,2,Crug with Flat Silver Large Shoulder Armor,6
fig-001178,12,"Fireman, Plain Black, Black Helmet, Light Gray Airtanks",5
fig-001179,26,Lennox,4
fig-001180,16,"Construction Worker, Orange Overalls over Blue Sweater, Blue Cap, Beard",4
fig-001181,18,"Aurora - Dark Pink Dress, Pearl Gold Crown",5
fig-001182,2,Zombie (CMF),3
fig-001183,11,"Man, White Shirt with Two Stripes and 'S', Red Legs, Red Cap",4
fig-001184,11,"Man, White Torso with Shell Logo, Red Legs, Red Cap",4
fig-001185,4,"Man - White Torso, White Legs, Red Hat",4
fig-001186,3,Traffic Cop,4
fig-001187,3,Forestman (CMF),6
fig-001188,6,LEGO House - White,4
fig-001189,2,Deep Sea Diver (CMF),6
fig-001190,34,Lord Vampyre / Vampire,5
fig-001191,9,"Policeman, Plain Black, White Helmet (193au Helmet)",4
fig-001192,16,Maiden - Bright Light Yellow Hair,4
fig-001193,5,"Man, Plain Red Torso, Black Legs, Blue Helmet",4
fig-001194,28,"Mia - Lavender Jacket, Scarf, Dark Blue Trousers",4
fig-001195,5,"Woman, White Torso with Shell Logo, Blue Legs, Black Pigtails Hair",4
fig-001196,15,"Fireman, Classic, Black Fire Jacket with Red Belt and Buttons, Black Helmet",4
fig-001197,6,"Fireman, Classic, Black Fire Jacket with Red Belt and Buttons, White Helmet (3842b Helmet)",4
fig-001198,14,"Man, Plain Red, Black Hair",4
fig-001199,1,"Han Solo, Hoth Outfit, Dark Brown Jacket with Tan Neckerchief",4
fig-001200,19,Takeshi,4
fig-001201,8,"Coast Guard, Yellow Jacket with Zipper, Radio and Badge, Blue Helmet with Visor, Stubble",5
fig-001202,13,"Policeman, Black Suit with Badge, Black Cap, Sunglasses",4
fig-001203,23,"Firefighter, Black Fire Suit with Open Jacket, Light Bluish Gray Hair, Beard",4
fig-001204,6,"Doctor, White Shirt with Stethoscope and Side Buttons, Reddish Brown Hair, Glasses",4
fig-001205,7,"Fireman, Black Fire Jacket with Red Belt and Badge, White Helmet, Yellow Life Vest, Moustache",5
fig-001206,9,"Racer, Red Jacket with 2 Stars, White Helmet with Visor, Sunglasses",5
fig-001207,23,"Man, Dark Red and White Pajamas",4
fig-001208,20,Santa,5
fig-001209,14,"Construction Worker, Orange Jacket with Zipper and Reflective Stripes, Orange Legs, Red Hard Hat, Goatee Beard",4
fig-001210,9,"Green Torso, White Legs, BLue Cap",4
fig-001211,12,Indian Medicine Man,4
fig-001212,12,"Racer - Octan, Red Torso, Blue Legs, White Helmet",5
fig-001213,10,"Construction Worker, Green Jacket with Pockets, Green Cap, Sunglasses",4
fig-001214,8,"Soccer Player Red Torso, White Legs #10",4
fig-001215,2,Samurai Warrior,5
fig-001216,2,Snowboarder,5
fig-001217,3,Space Villain - Pearl Dark Gray Peg Leg,6
fig-001218,7,"Knight (Crusader Lion) - Light Bluish Gray Legs, Neck-Protector",4
fig-001219,1,Punk Rocker,4
fig-001220,3,Spartan Warrior,5
fig-001221,1,Clockwork Robot (CMF),5
fig-001222,3,Lederhosen Guy,5
fig-001223,1,Vampire,5
fig-001224,2,DJ,4
fig-001225,13,"Man, Red Torso with Exxon Logo, Blue Legs, Red Hat",4
fig-001226,28,"Ewa - Santa Jacket, Red Skirt",4
fig-001227,20,"TIE Pilot, Plain Legs, Printed Light Nougat Head (Rebels)",4
fig-001228,8,"Boba Fett, Balaclava Head",4
fig-001229,6,"Racer, Extreme Team, Black Jacket, Blue Helmet with Visor, Yellow Life Vest",6
fig-001230,2,Mariachi / Maraca Man,6
fig-001231,8,"Racer, Extreme Team, Black Jacket, Green Legs, Green Helmet with Visor, Yellow Life Vest, Blue Sunglasses",6
fig-001232,14,"Emma - White Top, Bright Light Blue Skirt",4
fig-001233,12,Cragger with Pearl Gold Shoulder Armor,6
fig-001234,10,"Exploriens Spaceman, Chief",6
fig-001235,9,Wookiee,3
fig-001236,7,"Pirate - Brown Shirt, Black Legs, Black Tricorne",4
fig-001237,3,Pizza Delivery Man,4
fig-001238,1,Spooky Girl (CMF),5
fig-001239,2,Prospector,5
fig-001240,2,Rock Star,4
fig-001241,2,Genie Girl,4
fig-001242,24,"Woman, Cardigan Tied with Bow and Necklace, Black Legs, Dark Brown Hair",4
fig-001243,9,"Blue Torso, Blue Legs, Blue Hat",4
fig-001244,23,"Firefighter, Black Fire Suit, Dark Brown Hair, Stubble Beard",4
fig-001245,12,"Andrea - Magenta/White Bikini, Bright Light Yellow Skirt",4
fig-001246,23,Ghost with Open Mouth,4
fig-001247,12,"Race Driver, White Torso, White Legs, Red Helmet, Chevrolet",5
fig-001248,1,Desert Warrior,4
fig-001249,20,"Santa, Plain Red with Back Basket, Glasses",6
fig-001250,16,"Man, Black Overalls, Red Hard Hat (3626b Head)",4
fig-001251,16,"Emma - Lavender Top, Dark Blue Skirt",4
fig-001252,8,"Woman - Blue Torso, Black Legs",4
fig-001253,2,Cyborg (CMF),5
fig-001254,34,Bucko,4
fig-001255,0,"Astronaut, Orange, Nexus",5
fig-001256,2,Cute Little Devil,6
fig-001257,34,"Scout Trooper, Printed Black Head, Black Legs",4
fig-001258,15,"Stephanie - Light Aqua Top, Bright Pink Skirt",4
fig-001259,1,Spooky Boy,4
fig-001260,8,Lake-town Guard,5
fig-001261,3,Hiker,5
fig-001262,2,Penguin Boy (CMF),4
fig-001263,1,Wildlife Photographer,4
fig-001264,2,Rogue,5
fig-001265,2,Kickboxer,4
fig-001266,3,Dog Show Winner,4
fig-001267,3,Scallywag Pirate,4
fig-001268,8,"Man, Red Jacket with Zipper and Pockets, Maersk Blue Hard Hat",4
fig-001269,2,Mariachi (CMF),5
fig-001270,1,Spy (CMF),6
fig-001271,1,Banana Guy,4
fig-001272,7,Lance Richmond with Hair,5
fig-001273,11,"Pilot, Red Jumpsuit with TV Logo, Black Helmet with Visor, Headset",5
fig-001274,26,Captain Jack Sparrow with Tricorne,4
fig-001275,0,"Emperor Palpatine, Tan Skin, Clenched Teeth (50231 Cape)",5
fig-001276,10,"Forest Police / Ranger, Dark Tan Shirt with Radio and Badge, Dark Blue Legs, Tan Campaign Hat, Yellow Life Vest, Sunglasses",5
fig-001277,27,"Policeman, Dark Blue Jacket with Pockets and Badge, White Helmet with Visor",5
fig-001278,32,Cyren in Belt Outfit,4
fig-001279,34,Sqiffy,4
fig-001280,3,Jay (Tournament of Elements),6
fig-001281,3,Ronin,5
fig-001282,4,"Zane, Titanium",5
fig-001283,5,Samurai X / Nya (Possession),5
fig-001284,2,"Naya - White Top, Dark Purple Skirt",4
fig-001285,13,"Res-Q Man, Helmet with Visor, Sunglasses",5
fig-001286,23,"Mia - Medium Azure Shirt, Magenta Skirt, Veterinarian",4
fig-001287,9,"Clone Pilot, Open Helmet with Yellow and Red Markings, Light Bluish Gray Legs (Episode 3)",4
fig-001288,2,Explorer,4
fig-001289,15,"Space Port Ground Crew, Red Jumpsuit, White Cap, Headset and Glasses",4
fig-001290,18,"Construction Worker, Orange Jacket with Zipper and Reflective Stripes, Red Hard Hat",4
fig-001291,0,Admiral Wullf Yularen,4
fig-001292,15,"Worker, Blue Jacket with Orange Stripes, Dark Blue Legs, Blue Cap, Safety Glasses and Goatee Beard",4
fig-001293,9,"Rebel Pilot Snowspeeder, Orange Flight Suit, Light Bluish Gray Helmet",4
fig-001294,23,"Firefighter, Black Fire Suit, Dark Orange Long Hair, Hearing Aid",4
fig-001295,4,Cole with Scabbard (Tournament of Elements),6
fig-001296,9,Crust Smasher,4
fig-001297,10,"Clone Pilot, Phase I Armor, Black Eyes, Printed Legs",4
fig-001298,13,Gamer Kid (Dimensions),4
fig-001299,16,"Mia - Light Aqua Top, Bright Pink Skirt",4
fig-001300,3,Clouse with Hood (Skybound),4
fig-001301,29,Emily Jones in Dark Tan Shorts,4
fig-001302,23,Kai with Bandana,5
fig-001303,21,"Stephanie - White Top, Lavender Skirt",5
fig-001304,40,"Alien, Lime",3
fig-001305,7,"Racer, Extreme Team, Black Jacket, Black Legs, Green Helmet with Visor, Blue Sunglasses",5
fig-001306,3,Evil Robot (CMF),5
fig-001307,21,Krait,4
fig-001308,9,"Man, Open Dark Blue Jacket, Tan Legs, Black Hair, Silver Sunglasses",4
fig-001309,8,"Man - Black Torso, Blue Pants, Black hair",4
fig-001310,31,Naida Riverheart,4
fig-001311,13,"Watto, Plain Head",3
fig-001312,17,"Construction Worker in Orange Jacket with Zipper and Reflective Stripes, Red Helmet, Gray Beard",4
fig-001313,36,Stealthor with Trans-Light Blue Shoulder Armor,6
fig-001314,2,Classic King,7
fig-001315,18,Furty,5
fig-001316,3,Sheriff,5
fig-001317,1,Unicorn Girl,6
fig-001318,3,Snake Charmer,4
fig-001319,3,Goblin,4
fig-001320,2,Pharaoh,4
fig-001321,19,Winzar,4
fig-001322,3,Ice Fisherman,4
fig-001323,21,Grizzam,4
fig-001324,1,Weightlifter,4
fig-001325,1,Swimming Champion,5
fig-001326,14,Hula Dancer (CMF),5
fig-001327,3,Diver,4
fig-001328,17,Gorzan,4
fig-001329,3,Downhill Skier,4
fig-001330,23,"Rebel Pilot Snowspeeder, Orange Flight Suit, White Helmet, Orange and Yellow Visor",4
fig-001331,3,Alien Trooper (CMF),3
fig-001332,24,Ewar with Pearl Gold Shoulder Armor,10
fig-001333,23,"Clone Trooper, Santa Hat",4
fig-001334,3,Ewar with Flat Silver Shoulder Armor,10
fig-001335,3,William Shakespeare (CMF),5
fig-001336,2,Egyptian Warrior,4
fig-001337,2,Skier,4
fig-001338,3,Carpenter,4
fig-001339,1,Skydiver,5
fig-001340,2,Fencer,4
fig-001341,15,Ha-Ya-To in Gold Armor,4
fig-001342,12,"ADU Soldier, Snarl / Surprised, Dark Bluish Gray Hips",5
fig-001343,6,"ADU Trooper, Big Smile / Confused, with Jetpack",6
fig-001344,2,Samurai,5
fig-001345,38,Tidus Stormsurfer,4
fig-001346,11,"Postal Worker, Red Jacket with Zipper and Letter Logo, Black Legs, Red Cap, Silver Sunglasses",4
fig-001347,3,Disco Diva,4
fig-001348,28,Aira Windwhistler,4
fig-001349,2,Wrestling Champion,4
fig-001350,1,Hot Dog Man,4
fig-001351,3,Janitor,4
fig-001352,2,Animal Control Officer,4
fig-001353,2,Lady Cyclops,4
fig-001354,45,Azari Firedancer,4
fig-001355,1,Shark Suit Guy,4
fig-001356,1,Galaxy Trooper,5
fig-001357,13,MBA Level Two,5
fig-001358,3,Paleontologist,4
fig-001359,43,Farran Leafshade with Dark Green Legs,4
fig-001360,16,Frodo Baggins - Sand Green Torso,4
fig-001361,7,"LEGOLAND White Torso, Black Legs, Red Hair",4
fig-001362,15,"Stephanie - White Plaid Top, Dark Purple Skirt, Medium Azure Bow in Hair",5
fig-001363,25,Michelangelo,4
fig-001364,3,Kai (Rebooted),5
fig-001365,23,"Zane, Kendo Outfit",5
fig-001366,19,Snappa,4
fig-001367,36,Bulkar,6
fig-001368,8,"Man, Blue Overalls over White V-Neck Shirt, Red Cap",4
fig-001369,21,Fang-Suei,3
fig-001370,26,Merida - Dark Blue Dress,4
fig-001371,2,"Relay Runner, Team GB (CMF)",5
fig-001372,14,Iron Man Mark 6 Armor,5
fig-001373,19,"Emma - Medium Azure Vest, Sand Green Skirt",5
fig-001374,11,Fluminox,10
fig-001375,27,"Policeman, Blue Shirt with Badge and Pouches, Dark Blue Legs, Dark Blue Cap, Sunglasses",4
fig-001376,20,"Olivia - Lavender Blouse, Sand Green Skirt",4
fig-001377,27,"Mia - Lavender Blouse, Sand Green Skirt",4
fig-001378,15,"Race Driver, Red Torso, Red Legs, Black Helmet, Ferrari 3",5
fig-001379,2,"Man, Red Jacket with Zipper, White Helmet",4
fig-001380,12,"Race Driver, White Torso, White Legs, Flat Silver Helmet, McLaren",5
fig-001381,7,"Man, Plain White Torso, Black Legs, Blue Helmet",4
fig-001382,8,"Classic Spaceman, Black with Airtanks (3842b Helmet)",5
fig-001383,5,Stay Puft Marshmallow-man (Dimensions),3
fig-001384,10,"Luke Skywalker, White Robe, Tan Legs, Single Sided Head",4
fig-001385,17,"Olivia - Dark Purple Bikini, Magenta Skirt",6
fig-001386,21,"Miner, Dark Red Flannel Shirt, Mining Hat, Goatee Beard and Goggles",5
fig-001387,37,"Astronaut, White and Dark Azure Spacesuit, Dark Azure Backpack and Helmet, Stubble Beard",6
fig-001388,24,"Emma - Magenta Top, Tan Trousers, Lavender Bow",5
fig-001389,21,"Miner, Blue Overalls over White V-Necked Shirt, Mining Hat",5
fig-001390,14,"Race Driver, White Torso, Lime Legs, Black Helmet, Porsche",5
fig-001391,9,Kai in Airjitzu Outfit (Possession),4
fig-001392,8,Jay in Airjitzu Outfit (Possession),4
fig-001393,8,Cole in Airjitzu Outfit (Possession),4
fig-001394,3,Cole with Shoulder Armour (Rebooted),5
fig-001395,19,"Mia - Lime Top, Bright Light Blue Skirt",4
fig-001396,7,Zane in Airjitzu Outfit (Possession),4
fig-001397,0,Toy Soldier,6
fig-001398,9,Morro,5
fig-001399,23,Superman (Dimensions),5
fig-001400,22,Ghost Chain Master Wrayth with Legs,4
fig-001401,20,"Emma - Light Aqua Top, Dark Purple Skirt",4
fig-001402,28,"Mia - White/Lime Top, Dark Blue Trousers",4
fig-001403,9,"Policeman, Dark Blue Jacket with Pockets and Badge, Plain Dark Blue Legs, White Helmet with Visor, Orange Sunglasses",5
fig-001404,1,"Stormtrooper, Dark Azure Helmet Vents, Angry, Pauldron",5
fig-001405,3,Jay with Flat Silver Shoulder Armor (Rebooted),5
fig-001406,34,Ghost Warrior Cowler / Pyrrhus / Cyrus,5
fig-001407,15,Mandalorian Death Watch Warrior,5
fig-001408,30,"C-3PO, Pearl Gold, Colorful Wires, Plain Legs",3
fig-001409,17,"Man, White and Red Striped Shirt, Sand Blue Legs, Orange Life Vest, Dark Brown Hair",5
fig-001410,19,"Red Torso, Light Bluish Grey Legs, Dark Orange Hair",4
fig-001411,26,"Astronaut, White, Diver Helmet, Gold Visor",5
fig-001412,8,Lloyd Garmadon,4
fig-001413,0,"Luke Skywalker, White Robe, Yellow Skin (3626c Head)",4
fig-001414,2,Nelson Muntz (CMF),3
fig-001415,28,Thor with Red Cape and Bright Yellow Hair,5
fig-001416,16,"Naboo Fighter Pilot, Red Uniform",5
fig-001417,30,Sira Copperbranch,4
fig-001418,4,Lundor with Shoulder Armor and Fire Chi,6
fig-001419,22,"Luke Skywalker, White Robe, Yellow Skin (3626b Head)",4
fig-001420,18,"Marty McFly, Plain Legs",4
fig-001421,1,Mats Hummels (CMF),4
fig-001422,25,Shaggy Rogers with Closed Mouth,4
fig-001423,12,"Policeman, Black Suit with Badge, White Cap, Stubble",4
fig-001424,17,Wonder Woman - Hollow Stud Head,4
fig-001425,2,Homer in Suit (CMF),3
fig-001426,25,Lloyd / Golden Ninja (The Final Battle),5
fig-001427,7,"Bane, Black Head, Light Nougat Hands, Neck Bracket",4
fig-001428,13,Bad Cop / Good Cop with Wide Angry Mouth,4
fig-001429,26,Zane in Jungle Outfit (Tournament of Elements),5
fig-001430,11,Laval (Dimensions),6
fig-001431,4,Marge Simpson in Orange Dress (CMF),4
fig-001432,2,Wolf Guy,4
fig-001433,25,Wicked Witch,5
fig-001434,23,Jay in Jungle Robes (Tournament of Elements),4
fig-001435,11,Eris (Dimensions),10
fig-001436,2,Zombie Pirate,5
fig-001437,8,"Race Driver, Blue Torso, Blue Legs, Blue Helmet",5
fig-001438,2,Monster Scientist,4
fig-001439,22,Robot Police with Helmet,5
fig-001440,15,"Fireman, Bright Light Orange Fire Suit, Dark Red Helmet, Breathing Apparatus, Airtanks, Stubble and Scar",7
fig-001441,1,"Captain America, Sam Wilson",4
fig-001442,8,Gimli (Dimensions),5
fig-001443,4,"Postal Worker, Red Shirt with Horn Logo with Blue Background, Red Legs, Red Cap",4
fig-001444,2,Wacky Witch,5
fig-001445,11,"Pirate - Medium Blue Stripes, Black Legs, Red Bandana",4
fig-001446,2,Plant Monster,4
fig-001447,20,Cyborg with Smile,4
fig-001448,1,Fly Monster,4
fig-001449,21,"Emmet, Happy / Questioning",4
fig-001450,14,"Olivia - Orange Top, Lime Skirt",4
fig-001451,2,Specter,5
fig-001452,2,Faun,4
fig-001453,15,"Astronaut, White, Space Helmet with Trans-Brown Visor, Orange Sunglasses (3626b Head)",5
fig-001454,17,"Worker - Orange Torso, Orange Legs, Red Helmet",4
fig-001455,15,"Knight - Dark Bluish Grey Torso, Black Legs, Light Bluish Grey Helmet",4
fig-001456,2,Zombie Cheerleader,4
fig-001457,1,Electro (Amazing Spider-Man 2),3
fig-001458,17,"Andrea - Magenta Jacket, Medium Azure Skirt",4
fig-001459,1,Tiger Woman,5
fig-001460,2,Clumsy Guy,4
fig-001461,21,"Cinderella - Bright Light Blue Dress, Silver Stars, hair Band",4
fig-001462,1,Gargoyle (CMF),5
fig-001463,1,Ballerina,5
fig-001464,2,Skeleton Guy,3
fig-001465,2,Frightening Knight,6
fig-001466,2,Monster Rocker,4
fig-001467,2,Zombie Businessman,4
fig-001468,10,"Mia - Light Aqua Top, Dark Blue Skirt",4
fig-001469,1,Banshee,4
fig-001470,1,Square Foot,3
fig-001471,2,Lisa Simpson in Pink Dress (CMF),4
fig-001472,2,Bart Simpson in Bartman Disguise (CMF),4
fig-001473,2,Milhouse Van Houten in Fallout Boy Costume (CMF),4
fig-001474,3,Comic Book Guy (CMF),3
fig-001475,2,Martin Prince,3
fig-001476,2,Professor Frink (CMF),3
fig-001477,2,Hans Moleman (CMF),3
fig-001478,2,Selma Bouvier (CMF),4
fig-001479,43,"Santa, Coat and Belt, Plain Red Legs, Santa Hat (3626c Head)",5
fig-001480,2,Patty Bouvier (CMF),4
fig-001481,2,Groundskeeper Willie (CMF),3
fig-001482,3,"Man, Black Torso with Blue Arms, Blue Legs, Brown Hair",4
fig-001483,2,"Stormtrooper, First Order / Heavy Assault Stormtrooper, Neck Bracket, Pouches on Left Shoulder Strap",5
fig-001484,9,The Doctor / 12th Doctor,4
fig-001485,33,Benny the Spaceman,5
fig-001486,22,"Miner, Dark Blue Shirt with Harness, Mining Hat, Sweat Drops",5
fig-001487,52,Bart Simpson,3
fig-001488,24,Samurai X / Nya (Tournament of Elements),7
fig-001489,2,Evil Knight,5
fig-001490,33,Zane ZX with Shoulder Armour,5
fig-001491,0,Special Forces Commander,4
fig-001492,30,"Policeman, Dark Blue Jacket with Pockets and Badge, White Helmet with Visor, Orange Sunglasses",5
fig-001493,17,"Stephanie - White Top, Sand Green Trousers",4
fig-001494,19,"Olivia - White/Magenta Top, Medium Azure Skirt",4
fig-001495,18,Wonder Woman,4
fig-001496,6,Temmin 'Snap' Wexley / Resistance Pilot,4
fig-001497,19,"Stephanie - White Top, Magenta Skirt",5
fig-001498,9,"Man, Green Jacket, Light Gray Legs, White Cap, Sunglasses",4
fig-001499,6,"Construction Worker, Orange Jacket with Zipper and Reflective Stripes, Orange Legs, Red Hard Hat, Goatee Beard and Goggles",4
fig-001500,21,"Emma - Sand Blue Overall, Bow",5
fig-001501,22,"Olivia - Lime Top, Dark Purple Skirt",4
fig-001502,17,"Livi - Black Top, Medium Azure Skirt",4
fig-001503,9,"Man, Black Torso, White Legs, Red Cap, Yellow Life Vest, Sunglasses",5
fig-001504,6,"Space Port Ground Grew, White Jacket, White Legs, White Hard Hat, Beard and Glasses",4
fig-001505,17,"Girl, Pink Hoodie, Short Medium Lavender Legs, Orange Life Jacket, Dark Orange Hair",5
fig-001506,22,Mia - Medium Blue Overall,4
fig-001507,30,"Mia - Magenta Top, Dark Purple Skirt",4
fig-001508,3,"Batman, Dark Red Robe (CMF)",4
fig-001509,1,"Batman, Glam Metal Outfit (CMF)",6
fig-001510,2,"Batman, Bright Pink Suit, Bright Pink Cowl, Wings (Fairy Batman)",6
fig-001511,2,"Batman, Caveman (CMF)",5
fig-001512,22,Jake Raines with Ammo Belt (3626b Head),4
fig-001513,2,"Batman, Swimsuit with Duck Float (CMF)",5
fig-001514,9,"Train Worker - Red/White Shirt, Blue Legs, Brown Hair, (3626a Head)",4
fig-001515,3,Barbara Gordon (CMF),4
fig-001516,17,"Anakin Skywalker, Black Robe, Black Eyes",4
fig-001517,19,Earth Giant,9
fig-001518,7,"Coast Guard Diver, Orange Wetsuit with Coast Guard Badge, Dark Gray Helmet with Visor",6
fig-001519,6,"Rebel Pilot Snowspeeder, Orange Flight Suit, White Helmet, Orange Visor",4
fig-001520,18,Race Driver - Ferrari,5
fig-001521,2,Commissioner James Gordon (CMF),4
fig-001522,8,"Security Guard, Space Port, Black Jacket, Black Helmet with Visor",5
fig-001523,2,The Joker in Prison Clothes (CMF),4
fig-001524,3,Dick Grayson (CMF),4
fig-001525,27,Hero with Ammo Belt,4
fig-001526,2,"Batgirl, Dark Pink Suit",6
fig-001527,1,Red Hood (CMF),6
fig-001528,2,The Eraser (CMF),4
fig-001529,8,"Lobot, Black Eyebrows",3
fig-001530,1,Orca (CMF),4
fig-001531,2,Harley Quinn in Nurse Outfit (CMF),5
fig-001532,2,Zodiac Master (CMF),3
fig-001533,2,Catman (CMF),6
fig-001534,1,March Harriet (CMF),4
fig-001535,15,"Red Torso, Green Overall, Lime Cap",4
fig-001536,1,The Calculator (CMF),7
fig-001537,21,"Dark Purple Torso, White Legs, Reddish Brown Hair",4
fig-001538,3,King Tut (CMF),5
fig-001539,2,The Mime (CMF),4
fig-001540,12,"Race Driver, Black Torso, Black Legs, Black Helmet, Crazy Demon",4
fig-001541,27,"Batman, Black Suit, Black Cape and Cowl, Utility Belt (3626cpr2106 Head)",6
fig-001542,11,"Kate - Magenta/White Bikini, Medium Azure Skirt",4
fig-001543,9,MBA Level One,5
fig-001544,12,MBA Level Three,16
fig-001545,8,"Man, White Jacket with Zipper, White Legs, Blue Cap",4
fig-001546,13,Stunt Driver with Lime X,5
fig-001547,20,"Red Torso, Sand Blue Legs, Aviator Hat",5
fig-001548,9,"Racer, Black and White Jumpsuit, Blue Helmet with Visor, Scar",5
fig-001549,9,"Emma - Lavender Top, Magenta Skirt",4
fig-001550,0,"Boba Fett, White Armor, Printed Head",6
fig-001551,10,Nano Quest Space Elevator,5
fig-001552,9,Theron Nett / Rebel Pilot X-wing,4
fig-001553,12,"TIE Pilot, Plain Legs, Printed Black Head",4
fig-001554,21,Green Arrow,5
fig-001555,24,"Moana - Red Shirt, Tan Skirt",5
fig-001556,10,"Sonic the Hedgehog, Tan Face, Green Eyes",3
fig-001557,9,"Tina Goldstein, Long Light Bluish Gray Coat (Dimensions)",4
fig-001558,8,Ethan Hunt,4
fig-001559,11,Newt Scamander,4
fig-001560,11,E. T. (Dimensions),3
fig-001561,13,"Pilot, Red, Black, and White Jumpsuit, Red Helmet with Visor, Sunglasses",5
fig-001562,27,Moana - Red Skirt,5
fig-001563,1,"Batman, Tartan Outfit",5
fig-001564,7,"Man, Open Blue Jacket over Dark Red Shirt, Light Bluish Gray Legs, Black Hair, Sunglasses",4
fig-001565,32,Captain America with Dark Blue Suit and Mask,3
fig-001566,30,"Kanan Jarrus, Dark Brown Hair, Dark Brown Eyebrows",4
fig-001567,14,Lance Richmond in Battle Suit Outfit,5
fig-001568,20,"Emma - Lavender Top, Dark Blue Skirt",5
fig-001569,17,"Mia - Medium Azure Top, Lime Trousers, Magenta Cap",4
fig-001570,15,"Olivia - Dark Pink Top, Medium Lavender Skirt, Safety Goggles",5
fig-001571,22,"Stephanie - Magenta Top, Sand Green Apron",4
fig-001572,17,"Nexo Knight Soldier with Dark Azure Armor, Dark Azure Hands",5
fig-001573,16,Lashina,4
fig-001574,0,First Order General / Admiral,4
fig-001575,1,Cosmic Boy,4
fig-001576,1,Nightwing with Black Eyemask and Blue Chest Logo,4
fig-001577,1,Supergirl (Dimensions),5
fig-001578,15,"Man, Floating Classic Spaceman on Shirt, Medium Azure Legs, Lime Cap",4
fig-001579,21,"TIE Pilot, Printed Legs, Two Silver Stripes on Helmet, Silver Belt Pouches, Open Mouth",4
fig-001580,23,Imperial Shuttle Pilot with Light Nougat Skin - Krennic,4
fig-001581,12,"Race Driver, Red Torso, Red Legs, White Helmet, Ferrari 1",6
fig-001582,25,"Policewoman, Dark Blue Jacket with Radio, Badge, and Belt with Pouches, White Helmet with Trans-Brown Visor, Sunglasses",5
fig-001583,9,"Rebel Pilot Y-wing, Dark Blue Flight Suit, Red Rebel Insignia on Helmet",4
fig-001584,14,Macy Halbert in Battle Suit Outfit,6
fig-001585,19,"Policeman, Bright Light Blue Shirt with Dark Blue Tie, Badge, and Radio on Belt, Dark Blue Cap",4
fig-001586,31,Sophie Jones,4
fig-001587,7,Clay Moorington with Trans-Neon Orange Armor,6
fig-001588,14,Clay Moorington in Battle Suit Outfit,5
fig-001589,14,Aaron Fox in Battle Suit Outfit,5
fig-001590,10,Fireman with Orange Safety Vest,4
fig-001591,8,"Zin Evalon, Rebel Pilot",4
fig-001592,24,Goblin King,5
fig-001593,5,Michael Knight,4
fig-001594,37,Naida Riverheart in Dark Azure Wrap Skirt,4
fig-001595,18,"Astromech Droid, R5-D4, Short Stripes, 30361a Body",4
fig-001596,11,"Emma - Lime Bikini, Dark Pink Skirt",5
fig-001597,8,"Man, Sand Blue Jacket, Dark Red Tie and Legs",4
fig-001598,2,Rocket Boy (CMF),4
fig-001599,3,Gourmet Chef (CMF),4
fig-001600,1,Corn Cob Guy,4
fig-001601,2,Highwayman,6
fig-001602,2,Yuppie (CMF),4
fig-001603,2,Retro Space Hero,5
fig-001604,5,Hot Dog Vendor,4
fig-001605,10,"Naomi - Lime Top, Dark Purple Skirt",4
fig-001606,40,"Astronaut, White Spacesuit, Bright Green Backpack and Helmet, Goatee",6
fig-001607,1,"Rebel Pilot A-wing, Red Uniform",4
fig-001608,27,Velvet - Dark Blue Wetsuit,4
fig-001609,10,Cole (Hands of Time),5
fig-001610,2,Pro Surfer,4
fig-001611,1,Circus Strong Man,4
fig-001612,2,Veterinarian,4
fig-001613,2,Roman Gladiator,4
fig-001614,2,Battle Dwarf,5
fig-001615,3,Connoisseur,4
fig-001616,3,Dance Instructor,4
fig-001617,1,"Batgirl, Dark Purple Suit, Yellow Cape, Dark Purple Cowl (3626cpr2306)",8
fig-001618,14,"Astronaut - White Torso and Legs, Backpack",11
fig-001619,3,Butterfly Girl,5
fig-001620,0,"Gingerbread Man, Dark Orange",3
fig-001621,16,"Explorer, Jacket with Pouches, Radio, and Rope, Dark Tan Cap, Stubble and Clenched Teeth",4
fig-001622,4,"Batman, Tiger Stripes Tuxedo",4
fig-001623,6,"Explorer, Woman, Shirt with Straps and Radio, Dark Tan Cap, Sunglasses",4
fig-001624,10,Chase McCain (Dimensions),4
fig-001625,7,"Batman, Light Bluish Gray Suit, Dark Blue Cape, Silver Cowl (Excalibur Batman)",7
fig-001626,8,"Hermione Granger, Jacket over Pink Hoodie (Dimensions)",4
fig-001627,40,Azari Firedancer in Magenta and Gold Outfit,4
fig-001628,19,Snow White,4
fig-001629,16,"Emma - Medium Lavender Ski Vest, Light Aqua Trousers",5
fig-001630,21,Harley Quinn with Blue and Red Ponytails,4
fig-001631,13,"Stephanie - Bright Light Orange Ski Vest, Magenta Trousers",4
fig-001632,1,"Snowtrooper, Light Bluish Gray Hips, Neck Bracket with Printed 1 x 1 Tile",6
fig-001633,29,"Stephanie - Christmas Sweater, Dark Blue Skirt",5
fig-001634,8,Starfire,4
fig-001635,30,Buttercup,3
fig-001636,8,Beetlejuice,4
fig-001637,5,Lloyd with Head Wrap and Scarf (CMF),5
fig-001638,2,Master Wu (CMF),6
fig-001639,1,Jay Walker (CMF),5
fig-001640,3,Lloyd Garmadon (CMF),4
fig-001641,1,Cole in Vest (CMF),4
fig-001642,2,Misako (Koko) (CMF),4
fig-001643,1,Zane with Backpack (CMF),5
fig-001644,2,Shark Army General,6
fig-001645,5,Shark Army Octopus,5
fig-001646,3,"Shark Army Angler, Sand Green (CMF)",5
fig-001647,2,Shark Army Great White (CMF),5
fig-001648,2,Gong & Guitar Rocker (CMF),4
fig-001649,2,GPL Tech (CMF),4
fig-001650,2,Sushi Chef (CMF),4
fig-001651,2,N-POP Girl,5
fig-001652,2,"Kai, Kendo Outfit (CMF)",5
fig-001653,9,"Girl, Medium Blue Jacket with Medium Lavender Scarf, Short Light Bluish Gray Legs",4
fig-001654,2,Lloyd in Honor Robes and Hair (Day of the Departed),5
fig-001655,25,"Cinderella - Bright Light Blue Dress, White Gloves",4
fig-001656,2,Nya in White Training Gi with Ponytail (CMF),4
fig-001657,8,"Construction Worker, Blue Jacket with Orange Stripes, Blue Legs, Red Cap, Stubble",4
fig-001658,6,"Scarif Stormtrooper / Shoretrooper, Kama",5
fig-001659,19,"Policeman, Bright Light Blue Shirt with Dark Blue Tie, Badge, and Radio on Belt, Dark Blue Hat with Badge",4
fig-001660,15,Kai in White Training Gi,5
fig-001661,17,"Light Bluish Grey Torso, Tan Legs, Reddish Brown Hair",4
fig-001662,0,King's Guard with Dark Azure Armor,5
fig-001663,16,"Racer, White and Orange Jumpsuit, Blue Helmet with Visor",5
fig-001664,15,"Construction Worker, Orange Safety Vest with Zipper over Reddish Brown Shirt, Blue Legs, Red Hard Hat with Ear Defenders, Stubble",4
fig-001665,10,"Pilot - Blue Torso, Blue Legs, White Helmet",5
fig-001666,16,"Emma - Medium Lavender Dotted Top, Light Aqua Skirt, Hat",5
fig-001667,36,"Mia - Dark Azure Plaid Top, Dark Purple Skirt",4
fig-001668,13,"Train Worker - Orange Torso, Blue Legs, Red Helmet",4
fig-001669,23,"Olivia - Bright Light Yellow Vest, Dark Pink Skirt",4
fig-001670,22,"Emma - Light Aqua Top, Medium Lavender Skirt, Glasses",5
fig-001671,20,"Stephanie - White/Magenta Jersey, Dark Blue Skirt",4
fig-001672,41,"Olivia - Magenta Top, Bright Light Yellow Skirt",4
fig-001673,27,"Stephanie - Azure Shirt, Dark Blue Skirt, Bow Tie",5
fig-001674,19,"Mia - Lime Top, Dark Purple Skirt, Sunglasses",5
fig-001675,11,"Chef, Red Neckerchief, Black Legs, Moustache",4
fig-001676,16,"Pilot, Dark Blue Jumpsuit with Plane and Wings Badge, White Helmet with Visor, Blue Sunglasses",5
fig-001677,10,"Racer, White and Green Jumpsuit with Large 'Octan', Red Helmet with Visor, Sweat Beads",5
fig-001678,16,"Miner, Orange Vest with Suspenders, Mining Hat, Stubble and Scar",5
fig-001679,32,"Ariel - Mermaid Form, Pink Top",4
fig-001680,21,Mulan - Bright Light Yellow Dress,4
fig-001681,23,"Elsa - Medium Azure Dress, Long Cape with Snowflakes",5
fig-001682,9,"Policeman, Bright Light Blue Shirt with Dark Blue Tie, Badge, and Radio on Belt, Dark Blue Legs, Blue Hat, Sunglasses",4
fig-001683,47,Alex,3
fig-001684,5,Biker (Sons of Garmadon),5
fig-001685,7,Kai in Spinjitzu Masters Outfit (Sons of Garmadon),5
fig-001686,8,Nya in Spinjitzu Masters Outfit (Sons of Garmadon),5
fig-001687,9,Jay in Spinjitzu Master Outfit (Sons of Garmadon),5
fig-001688,9,Zane in Spinjitzu Master Outfit (Sons of Garmadon),5
fig-001689,7,Cole in Spinjitzu Master Outfit (Sons of Garmadon),5
fig-001690,43,Lloyd (LEGO Ninjago Movie),5
fig-001691,19,"Unkar's Thug, Dark Tan",3
fig-001692,32,Emily Jones with Sand Blue Jacket and Necklace,5
fig-001693,44,Naida Riverheart in Dark Azure and Light Aqua Outfit,4
fig-001694,45,Azari Firedancer in Magenta and Gold Outfit with Belt over Torso,4
fig-001695,3,Harley Quinn in Disco Outfit (CMF),5
fig-001696,2,"Alfred Pennyworth, Balding, White Tuxedo (Disco Outfit)(CMF)",6
fig-001697,1,Clock King (CMF),4
fig-001698,2,Hugo Strange (CMF),4
fig-001699,1,Mermaid Batman (CMF),4
fig-001700,3,"Batman, Swimsuit (CMF)",4
fig-001701,3,The Joker in Medium Azure Shirt and Duck Float (CMF),5
fig-001702,3,Robin in Red Shirt and Green Swim Trunks (CMF),4
fig-001703,2,"Batgirl, Dark Purple Wetsuit (CMF)",6
fig-001704,3,"Alfred Pennyworth, Balding, Swimsuit (CMF)",5
fig-001705,1,Bat-Merch Batgirl (CMF),6
fig-001706,2,Killer Moth (CMF),5
fig-001707,2,Wonder Twin Jayna (CMF),5
fig-001708,4,Wonder Twin Zan (CMF),5
fig-001709,2,Apache Chief (CMF),4
fig-001710,2,General Zod (CMF),4
fig-001711,2,Doctor Phosphorus (CMF),3
fig-001712,1,Black Canary (CMF),4
fig-001713,2,Black Vulcan (CMF),4
fig-001714,50,"Chewbacca, Dark Brown - Long Lines on Legs on Inside",3
fig-001715,14,"TIE Pilot, First Order, Three White Lines on Helmet",4
fig-001716,9,"Green Lantern, John Stewart",4
fig-001717,16,"Boy, Open Dark Azure Hoodie with Zipper, Short Dark Blue Legs, Medium Dark Flash Hair",4
fig-001718,2,"Easter Bunny, Man, Bright Light Yellow Bow Tie",4
fig-001719,2,Lloyd Garmadon (LEGO Ninjago Movie),4
fig-001720,26,Cole with Shoulder Armour (Hands of Time),5
fig-001721,0,Giant Man (Hank Pym),3
fig-001722,8,"White Torso with Space Figure, Red Legs, Red Cap",4
fig-001723,1,Lester - LEGO Brand Store Exclusive,4
fig-001724,1,"Royal Guard, White Hands",4
fig-001725,28,"Nova - Blue Top, Tan Shorts",4
fig-001726,15,"Race Driver, Tan Torso, Tan Legs, Black Helmet, Ford",5
fig-001727,12,"Race Driver, White Torso, Dark Blue Legs, White Helmet, Ford",5
fig-001728,14,"Race Driver, White Torso, White Legs, Red Helmet, Porsche",5
fig-001729,23,"Fireman Fred, Black Fire Suit with Gauge and Straps, White Helmet, Goatee Beard",4
fig-001730,7,"Policeman Ranger Ralph, Sand Blue Jacket with Pockets and 'POLICE' on Back, Dark Blue Cap, Beard",4
fig-001731,36,"Astronaut, White Spacesuit, Bright Light Orange Armor and Helmet",6
fig-001732,13,"Policeman, Sand Blue Jacket with Badge, Rope, and Straps, Tan Campaign Hat",4
fig-001733,22,"Policeman, Dark Bluish Gray Vest with Radio, Badge, and 'POLICE' on Back over Medium Blue Shirt, Dark Blue Cap, Sunglasses",4
fig-001734,7,"Lloyd in Black Training Gi, with Head Wrap",5
fig-001735,6,DJ Code Breaker,4
fig-001736,4,"LEGO House - Chef, Moustache",4
fig-001737,2,Elephant Costume Girl,5
fig-001738,2,Brick Suit Guy,4
fig-001739,2,Brick Suit Girl,4
fig-001740,3,Party Clown (CMF),6
fig-001741,1,Firework Guy,4
fig-001742,6,Birthday Party Girl,5
fig-001743,1,Dragon Suit Guy,8
fig-001744,3,Classic Police Officer,4
fig-001745,2,Spider Suit Boy (CMF),5
fig-001746,1,Cake Guy,6
fig-001747,1,Cactus Girl,4
fig-001748,2,Cat Costume Girl (CMF),5
fig-001749,1,Race Car Guy (CMF),9
fig-001750,1,Flowerpot Girl,5
fig-001751,1,Cowboy Costume Guy,6
fig-001752,4,Birthday Party Boy,4
fig-001753,3,Unicorn Guy (CMF),6
fig-001755,19,"Andrea - Bright Light Orange Top, Light Aqua Skirt",4
fig-001756,32,"Emma - Medium Lavender Dotted Top, Dark Purple Skirt",4
fig-001757,40,"Astronaut, White and Dark Blue Spacesuit, Dark Azure Backpack and Helmet, Earpiece",6
fig-001758,32,"Astronaut, White Spacesuit, Bright Green Backpack and Helmet",6
fig-001759,14,"Stephanie - White Top, Dark Blue Skirt",4
fig-001760,4,Robin Underwood with Hair and Shoulder Armor,5
fig-001761,12,Jay in White Training Gi,4
fig-001762,16,Lloyd in White Training Gi (LEGO Ninjago Movie),4
fig-001763,4,Kai with Hair and Scabbard (Tournament of Elements),6
fig-001764,4,Jay in Honor Robes with Hair and Pearl Gold Shoulder Armour (Day of the Departed),5
fig-001765,2,Vermillion Warrior,8
fig-001766,5,Cole in Honor Robes with Hair (Day of the Departed),5
fig-001767,3,Kai in Honor Robes with Hair (Day of the Departed),5
fig-001768,2,Zane in Honor Robes and Hair (Day of the Departed),5
fig-001769,34,Stone Swordsman,5
fig-001770,32,Kai with Shoulder Armour (Hands of Time),5
fig-001771,3,Nindroid,4
fig-001772,18,Zane (Hands of Time),5
fig-001773,30,Chen,4
fig-001774,34,Stone Stomper with Dark Purple Shoulder Armor,5
fig-001775,3,Aaron Fox with Trans-Neon Orange Armor and Visor,6
fig-001776,19,"Robin Underwood with Short Legs, Armor, and Helmet",5
fig-001777,7,Lance Richmond with Trans-Neon Orange Visor and Armor,6
fig-001778,5,"Emma - Magenta Ski Hoodie, Light Aqua Skirt",4
fig-001779,23,"Man, LEGO House 'Home of the Brick'",4
fig-001780,0,"C-3PO, Pearl Gold, Colorful Wires, Printed Legs, Dark Red Left Arm",3
fig-001781,12,"Astronaut, White and Dark Blue Spacesuit, Dark Azure Helmet, Earpiece",5
fig-001782,21,Olivia - Dark Azure/White Race Suit,5
fig-001783,15,"Darth Vader, Light Nougat Skin",6
fig-001784,33,"Belle, Bright Light Orange and Bright Light Yellow Full Dress",4
fig-001785,0,Edna Mode,4
fig-001786,18,"Rapunzel - Dark Purple Top, Medium Lavender Dress, 2 Bright Pink Flowers in Hair",6
fig-001787,10,"Arctic Explorer, Beanie Hat, Printed Goggles",4
fig-001788,20,"Arctic Explorer, Ushanka Hat, Orange Sunglasses",4
fig-001789,9,Cole (Hunted),5
fig-001790,9,Jay (Hunted),5
fig-001791,9,Kai (Hunted),5
fig-001792,7,"Racer Ray, White and Green Jumpsuit with Large 'Octan', Red Helmet with Visor",5
fig-001793,5,Sawyer,5
fig-001794,1,Gorm,3
fig-001795,9,Master Wu / Golden Dragon Master (Hunted),5
fig-001796,9,Zane (Hunted),5
fig-001797,6,Stone Giant with Neck Bracket,5
fig-001798,20,"Ariel - Mermaid Form, Pink Top, Gold Print on Tail",5
fig-001799,19,"Arctic Explorer, Beanie Hat, Printed Goggles",4
fig-001800,7,Kessel Mine Worker,3
fig-001801,5,"Han Solo, Mudtrooper Outfit, Dark Tan",4
fig-001802,28,Olivia - Dark Azure/White Race Suit,4
fig-001803,18,"Batman, Black Suit, Black Cape, Pearl Titanium Cowl (Armor)",5
fig-001804,48,"Batman, Black Suit, Black Cape and Cowl, Utility Belt (3626cpr9998 Head)",6
fig-001805,42,Harley Quinn,4
fig-001806,32,"Astronaut, White and Dark Azure Spacesuit, Dark Azure Backpack and Helmet",6
fig-001807,4,Aaron Fox with Hair and Shoulder Armor,5
fig-001808,5,Lloyd in Black Training Gi,4
fig-001809,1,Scooter,6
fig-001810,33,"Finn, Black Undershirt",4
fig-001811,2,"Lloyd, Kendo Outfit no Mask",5
fig-001812,1,Party Banana Guy,4
fig-001813,1,Penguin Suit Girl,4
fig-001814,2,"Birthday Boy - White Torso, Red Legs, Reddish Brown Hair",4
fig-001815,12,"Aquaman, Short Bright Light Yellow Hair",4
fig-001816,13,The Wasp (Hope van Dyne) with Trans-Medium Blue Wings,5
fig-001817,17,Imperial Combat Driver,4
fig-001818,35,"Harry Potter, Gryffindor Sweater, Short Legs",4
fig-001819,0,Lex Luthor in Superman Armor,4
fig-001820,0,Green Lantern Jessica Cruz,4
fig-001821,3,"Harry Potter, Long Open Gryffindor Robe (CMF)",4
fig-001822,3,"Hermione Granger, Gryffindor Robe with Crest (CMF)",4
fig-001823,3,"Ron Weasley, Open Gryffindor Robe with Crest (CMF)",4
fig-001824,4,"Draco Malfoy, Dark Green Slytherin Quidditch Uniform (CMF)",5
fig-001825,4,"Luna Lovegood, Dark Pink Jacket, Cloth Skirt",5
fig-001826,5,"Neville Longbottom, Tan Shirt, Headphones, Medium Legs (CMF)",4
fig-001827,3,Cho Chang (CMF),5
fig-001828,4,Dean Thomas (CMF),4
fig-001829,3,"Voldemort, Dark Green Robe, Nougat Eyes (CMF)",3
fig-001830,2,"Dobby, Tan Vest (CMF)",3
fig-001831,3,"Professor Sybill Trelawney, Sand Green Robe (CMF)",4
fig-001832,3,"Cedric Diggory, Black and Yellow Tournament Uniform (CMF)",4
fig-001833,3,"Professor Filius Flitwick, Black Suit, Bow Tie (CMF)",6
fig-001834,4,"Alastor Mad-Eye Moody, Odd Legs, Dark Tan Coat (CMF)",4
fig-001835,2,"Harry Potter, Invisibility Cloak (CMF)",5
fig-001836,3,"Albus Dumbledore, Bright Light Blue Robes (CMF)",5
fig-001837,4,"Newt Scamander, Long Dark Blue Coat (CMF)",4
fig-001838,4,"Tina Goldstein, Long Sand Blue Coat (CMF)",4
fig-001839,4,"Jacob Kowalski, Dark Bluish Gray Suit (CMF)",4
fig-001840,2,"Queenie Goldstein, Dark Blue Outfit (CMF)",4
fig-001841,2,Credence Barebone (CMF),4
fig-001842,2,Percival Graves (CMF),5
fig-001843,19,"Obi-Wan Kenobi, Tan Printed Legs, Headset",4
fig-001844,7,The Joker with Long Coattails,5
fig-001845,0,"Lloyd (The Final Battle), Katana Holder",5
fig-001846,40,Owen Grady,4
fig-001847,12,"Policeman, Sand Blue Jacket with Pockets and 'POLICE' on Back, Dark Blue Dirt Bike Helmet with Goggles",5
fig-001848,3,"Mia - Medium Azure Top, Dark Purple Skirt",4
fig-001849,1,Macy Halbert with Trans-Neon Orange Armor,7
fig-001850,3,Fred,5
fig-001851,3,Lance Richmond with Hair and Shoulder Armor,5
fig-001852,2,Nya in Black Training Gi,4
fig-001853,1,Buffer,6
fig-001854,3,Cole (Sons of Garmadon),5
fig-001855,6,Jet Jack with Tattered Torso,4
fig-001856,6,Talon with Neck Bracket,5
fig-001857,21,"U-3PO, Silver Protocol Droid",3
fig-001858,2,Jay (Rebooted),6
fig-001859,2,"Batman, Dark Bluish Gray Suit, Dark Blue Cape and Cowl (Pirate)",5
fig-001860,1,Samurai X (P.I.X.A.L),7
fig-001861,4,Kai (Possession),5
fig-001862,8,Cole with Black Hair and Shoulder Armor,5
fig-001863,6,Cole (Tournament of Elements) with Scabbard,6
fig-001864,2,Cole in Training Gi,4
fig-001865,20,Kai (Rebooted),5
fig-001866,4,Mini Gargoyle,9
fig-001867,1,Jay with Shoulder Armor (Skybound),5
fig-001868,21,Wilhurt,4
fig-001869,25,"Policeman Captain Ember, Bright Light Blue Shirt with Radio and Badge, Dark Blue Legs, Police Hat with Badge, Beard",4
fig-001870,17,The Flash,4
fig-001871,15,Astronaut with Blue Cap,4
fig-001872,0,Superman with Red Eyes on Dual Sided Head,5
fig-001873,20,"Construction Worker, Dark Blue Shirt with Harness, Red Hard Hat, Sweat Drops",4
fig-001874,4,Worker with Orange Stripes and Blue Cap,4
fig-001875,22,Master Wu in White Robes (The Golden Weapons),5
fig-001876,2,"Diver, Man, Black and Gray Wetsuit, Helmet with Mask, Breathing Apparatus, Airtank",6
fig-001877,32,"Astronaut, White Spacesuit, Bright Green Backpack, Dark Green Helmet, Eyepiece",6
fig-001878,17,"Pilot, Black Torso, Black Legs, Black Hat",4
fig-001879,3,"Boy, White and Blue Hoodie, Short Light Bluish Gray Legs, Light Bluish Gray Helmet",4
fig-001880,14,"Pilot, Yellow Torso, Black Legs, Red Helmet",5
fig-001881,32,"Astronaut, White Spacesuit, Bright Light Orange Armor and Helmet",6
fig-001882,16,"Paramedic, Red Uniform, Dark Orange Hair",4
fig-001883,12,"Criminal, Open Light Bluish Gray Jacket over Prison Shirt, Light Bluish Gray Legs, Black Hat, Missing Tooth",4
fig-001884,32,"Astronaut, White Spacesuit, Bright Green Backpack and Helmet, Glasses",6
fig-001885,28,"Forest Police / Ranger, Dark Tan Shirt with Radio and Badge, Dark Blue Legs, Tan Campaign Hat, Sunglasses",4
fig-001886,1,Robot Police,4
fig-001887,1,"Rebel Trooper in Hoth Uniform, White Hat, White Jacket, Moustache",6
fig-001888,32,"Astronaut, White Spacesuit, Bright Light Orange Armor, Dark Orange Helmet, Beard and Lightning Scar",6
fig-001889,26,"Death Star Trooper, Brown Eyebrows",4
fig-001890,23,"Mountain Police Chief, Dark Blue Shirt with Radio and Badge, Campaign Hat, Moustache",4
fig-001891,3,"Santa, Plain Red with Backpack",6
fig-001892,20,"Kordi, Dark Green Legs",4
fig-001893,2,Beach Party Dude,5
fig-001894,9,"Construction Worker, Orange Overalls over Blue Sweater, Blue Cap, Dark Tan Beard",4
fig-001895,24,"White Torso, Classic Space Figure, White Legs, Black Hair",4
fig-001896,3,Dragon Hunter,5
fig-001897,3,Kai with Plain Head Wrap (Sons of Garmadon),6
fig-001898,0,"Batman, Yellow Lantern Outfit",5
fig-001899,40,Cinderella - Bright Light Blue/Medium Blue Dress,4
fig-001900,21,"Sweet Mayhem - Wings, Helmet, Smile",7
fig-001901,2,Zombie Skater,4
fig-001902,1,Master Wu in Gold Trimmed Outfit,5
fig-001903,4,Clay Moorington Turning to Stone,4
fig-001904,0,Merlok,6
fig-001905,1,The Penguin in Prison Clothes,5
fig-001906,14,Zane (Rebooted),5
fig-001907,26,Jayko Geometric Pattern (Knights Kingdom II),6
fig-001908,44,"Emmet, Worn Outfit, Happy / Scared",4
fig-001909,24,"Sweet Mayhem - Wings, Helmet, Angry",7
fig-001910,14,Lucy Wyldstyle,4
fig-001911,28,"Sweet Mayhem - No Wings, Hair, Crooked Smile",4
fig-001912,16,"Darth Maul, Horns, Printed Legs",4
fig-001913,19,"Anakin Skywalker, Child, Reddish Brown Helmet",5
fig-001914,14,"Mia - Lime/Azure Top, Dark Purple Skirt",5
fig-001915,13,"Emma - White Jacket, Dark Purple Skirt",4
fig-001916,18,"Mia - Blue Plaid Shirt, Dark Blue Trousers",4
fig-001917,23,"Mia - Dark Purple Top, Olive Green Skirt, Lavender Helmet",4
fig-001918,22,"Stephanie - Medium Blue Jersey, Dark Blue Skirt",4
fig-001919,17,"Olivia - Dark Pink Top, Dark Pink Skirt",4
fig-001920,12,"Race Driver, White Torso, White Legs, Red Helmet, Ferrari",5
fig-001921,32,"Astronaut, White and Dark Azure Spacesuit, Dark Azure Backpack and Helmet, Glasses",6
fig-001922,10,"Lightning McQueen, Juniors, Large Rust-eze Logo",16
fig-001923,17,"Ariel - Human Form, Light Aqua Dress",4
fig-001924,19,"Policeman, Bright Light Blue Shirt with Dark Blue Tie, Badge, and Radio on Belt, Dark Blue Cap, Sunglasses",4
fig-001925,14,"Man, Light Bluish Gray Hoodie over Dark Red Shirt, Dark Tan Legs, Dark Blue Cap, Orange Life Vest",5
fig-001926,44,Kai (Legacy),4
fig-001927,41,Jay (Legacy),4
fig-001928,37,Zane (Legacy),4
fig-001929,37,Cole (Legacy),4
fig-001930,25,Samurai X (P.I.X.A.L) (Sons of Garmadon / Hunted),7
fig-001931,14,"LEGO Store Employee, LEGO Logo on Back, Medium Nougat Hair",4
fig-001932,2,Black VIP with Millennium Falcon on Torso,3
fig-001933,16,"Pilot - Dark Orange Torso, Dark Orange Legs, White Helmet",5
fig-001934,13,"Construction Worker, Orange Safety Vest with Zipper over Reddish Brown Shirt, Sand Blue Legs, Red Hard Hat with Ear Defenders, Stubble",4
fig-001935,2,I Brick Orlando Man,4
fig-001936,2,I Brick NY Man,4
fig-001937,39,"Emmet, Worn Outfit, Happy / Frustrated",4
fig-001938,23,Bobby Brenner,4
fig-001939,45,"Luke Skywalker, White Robe, White Legs, No Cheek Lines",4
fig-001940,25,"Snowtrooper, Light Bluish Gray Hips, Neck Bracket with Printed 1 x 1 Tile and 1 x 1 Plate with Clip Light, Kama",8
fig-001941,3,Macy Halbert with Dark Red Hair,4
fig-001942,3,Nexo Knight Soldier with Pearl Gold Armor,6
fig-001943,4,Clay Moorington with Hair and Armor,5
fig-001944,26,Teen Wu / Master Wu (Dragon Hunter Disguise),4
fig-001945,8,"Emmet, Worn Outfit, Happy / Sad",4
fig-001946,11,Rex Dangervest,4
fig-001947,38,Lucy Wyldstyle,6
fig-001948,3,VanByter,4
fig-001949,1,LEGO Store Employee (100 Stores),4
fig-001950,10,Nya (Sons of Garmadon),5
fig-001951,8,"Man, Red Flannel Shirt, Dark Tan Legs, Red Cap",4
fig-001952,11,"Racer, Woman, White and Orange Jumpsuit with 'VITA RUSH', White Helmet with Visor, Orange Life Vest",6
fig-001953,41,Spider-Man,3
fig-001954,10,"Emma - Medium Lavender Dotted Top, Dark Purple Skirt",4
fig-001955,5,"White Torso, Blue Legs, Long Reddish Brown Hair",4
fig-001956,28,"Astronaut, White and Dark Blue Spacesuit, Dark Azure Backpack, Dark Blue Helmet",6
fig-001957,2,"Emmet, Worn Outfit, Headphones",4
fig-001958,2,Lucy with Hood (CMF),5
fig-001959,2,Swamp Creature (CMF),4
fig-001960,1,Crayon Girl (CMF),4
fig-001961,2,Giraffe Guy (CMF),4
fig-001962,2,Watermelon Dude (CMF),4
fig-001963,2,"Sherry Scratchen-Post, Apocalypse (CMF)",4
fig-001964,3,Apocalypse Benny (CMF),6
fig-001965,2,Vest Friend Rex (CMF),4
fig-001966,2,Dorothy Gale (CMF),5
fig-001967,2,Cowardly Lion (CMF),5
fig-001968,3,Tin Man (CMF),5
fig-001969,1,Scarecrow (CMF),4
fig-001970,2,President Business in Golf Outfit (CMF),4
fig-001971,3,Lucy in Popstar Outfit (CMF),4
fig-001972,3,Candy Rapper (CMF),5
fig-001973,2,Kitty Pop (CMF),5
fig-001974,3,Apocalypseburg Abe (CMF),4
fig-001975,3,Hula Lula (CMF),5
fig-001976,1,Wonder Woman in Full Body Armor,4
fig-001977,1,Cole with Stone Armor (Rebooted),6
fig-001978,8,"Policeman Tony Maverick, Dark Bluish Gray Vest with Radio and Badge over Dark Blue Shirt, White Helmet with Visor, Sunglasses",5
fig-001979,3,Jay (Hunted),5
fig-001980,15,"Batman, Light Bluish Gray Suit, Black Cape and Cowl, Black Head",5
fig-001981,8,"Sweet Mayhem - No Wings, Hair",4
fig-001982,4,"Fireman, Black Fire Suit with Gauge and Straps, Red Helmet, Breathing Apparatus, Airtanks, Stubble and Scar",7
fig-001983,23,"Sweet Mayhem - Wings, Helmet",7
fig-001984,28,Celeste,4
fig-001985,5,Cyren,4
fig-001986,35,"Woody, Happy",4
fig-001987,3,Heavy Metal / Faith,5
fig-001988,13,Chicken,4
fig-001989,5,"Man, Blue Overalls over White V-Neck Shirt, Dark Red Cap, Beard",4
fig-001990,3,"Rex Dangervest, Neck Bracket",5
fig-001991,17,Robin with Red Eyemask (Jason Todd),5
fig-001992,30,Iron Baron,5
fig-001993,2,"Mickey Mouse, Classic Black and White, Black Boots (CMF)",4
fig-001994,2,"Minnie Mouse, Black and White (CMF)",5
fig-001995,3,Scrooge McDuck (CMF),5
fig-001996,3,Huey (CMF),5
fig-001997,2,Dewey (CMF),5
fig-001998,3,Louie (CMF),5
fig-001999,3,Chip (CMF),3
fig-002000,2,Dale (CMF),3
fig-002001,2,Jasmine (CMF),4
fig-002002,2,Jafar (CMF),6
fig-002003,2,Anna (CMF),5
fig-002004,2,Elsa (CMF),5
fig-002005,3,Jack Skellington (CMF),5
fig-002006,1,Sally (CMF),4
fig-002007,2,Edna Mode (CMF),4
fig-002008,4,Frozone (CMF),3
fig-002009,3,Hercules (CMF),5
fig-002010,2,Hades (CMF),3
fig-002011,9,"Iron Man, White Advanced Tech (Quantum) Suit with Neck Bracket",6
fig-002012,21,"Tony Stark Transforming into Iron Man, Black Torso",4
fig-002013,17,"Kid, White Torso, Dark Azure Legs, Reddish Brown Hair",4
fig-002014,22,"Aquaman, Short Yellow Hair (3626b Head)",4
fig-002015,21,The Penguin,5
fig-002016,1,ATOM,4
fig-002017,0,Vixen,4
fig-002018,0,Plastic Man,4
fig-002019,0,"Harry Potter, Long Robes, Dark Red Shirt",4
fig-002020,0,Bilbo Baggins - Patch Work,4
fig-002021,5,"Policeman, Dark Bluish Gray Vest with Radio and Badge over Dark Blue Shirt, White Helmet with Visor, Neck Bracket",6
fig-002022,32,"Astronaut, White Spacesuit, Bright Light Orange Armor and Helmet",6
fig-002023,10,Lloyd FS in Spinjitzu Slam Outfit,4
fig-002024,11,Jay FS in Spinjitzu Slam Outfit,4
fig-002025,8,"Overalls Blue with Pocket, Witch Hat",4
fig-002026,23,"Astronaut - White Torso and Legs, Orange Trim, Smirk, Black Eyebrows",5
fig-002027,1,"Police - Dark Blue Torso, Dark Tan Legs, Dark Blue Cap",4
fig-002028,34,"Astronaut, White Spacesuit, Bright Green Backpack and Helmet",6
fig-002029,14,"Mia - Dark Purple Top, Dark Purple Skirt",4
fig-002030,14,"Olivia - Magenta Top, Dark Pink Skirt",4
fig-002031,43,"Stephanie - Medium Blue Top, Medium Azure Skirt",4
fig-002032,13,"Emma - Dark Blue Top, Light Aqua Trousers",5
fig-002033,15,"Andrea - Dark Turquoise Bikini, Dark Turquoise Skirt",4
fig-002034,9,Charge with Trans-Dark Blue Diving Mask,5
fig-002035,21,Captain Jack Sparrow,4
fig-002036,17,Captain Jack Sparrow with Open Jacket,4
fig-002037,15,Cavalry General,4
fig-002038,6,"Policeman, Black Jacket with Pocket and Badge, Black Cap, Silver Sunglasses Print",4
fig-002039,2,Lloyd with Plain Head Wrap (Hunted),5
fig-002040,17,"Astronaut, White Spacesuit, Bright Light Orange Armor and Helmet, Goatee",6
fig-002041,0,"Finn, Bacta Suit",4
fig-002042,2,"White Torso, Blue Overall, Red Cap",4
fig-002043,21,"Firewoman, Bright Light Orange Fire Suit, White Helmet with Visor, Light Blue Sunglasses",5
fig-002044,0,Shazam,5
fig-002045,36,"Bespin Guard, White Pupils",4
fig-002046,18,Superman,5
fig-002047,27,"Count Dooku, Light Bluish Gray Hair",5
fig-002048,19,"Obi-Wan Kenobi, White Legs (Clone Wars)",4
fig-002049,11,"Mia - Medium Azure Top, Lime Trousers, Lavender Cap, Life Vest",5
fig-002050,2,Nya with Plain Head Wrap (Hunted),5
fig-002051,1,"Fireman, Black Fire Jacket with Reflective Stripes, Radio, and Badge, White Helmet",4
fig-002052,8,"White Torso with Flowers, Orange Leg, Dark Brown Ponytail",4
fig-002053,6,"Darth Maul, Black Hood and Cape, Pouch on Belt",5
fig-002054,3,"LEGO House - Chef, Female, Black Legs",4
fig-002055,11,"Batman, Black Suit, Black Cape and Cowl, Yellow Batman Logo (39444 Cape)",5
fig-002056,13,"Reddish Brown jacket, Porsche Sweater, Black Legs",6
fig-002057,36,"Rey, Dark Tan Robe",4
fig-002058,22,"Dr. Henry Wu, Dark Azure Hands",4
fig-002059,3,Blizzard Samurai,4
fig-002060,41,"Hermione Granger, Gryffindor Sweater, Short Legs",4
fig-002061,7,"Diver, Man, Black and Lime Wetsuit, Blue Helmet and Mask",6
fig-002062,32,Santa with Glasses,5
fig-002063,21,"Man - White Torso, classic Space Logo, Blue Legs, Red Cap",4
fig-002064,31,"Mia - Christmas Sweater, Dark Blue Trousers",4
fig-002065,21,"Sweet Mayhem - Wings, Hair, Happy",7
fig-002066,3,"Obi-Wan Kenobi, Old, Yellow Skin, Light Bluish Gray Hair (3626c Head) (20th Anniversary)",4
fig-002067,0,"Bilbo Baggins, Blue Coat",4
fig-002068,3,Cole in Sons of Garmadon Robe (Legacy),4
fig-002069,3,Mountain Biker,4
fig-002070,2,Video Game Champ (CMF),4
fig-002071,3,Shower Guy,5
fig-002072,3,Fright Knight,6
fig-002073,3,Monkey King (CMF),8
fig-002074,3,Programmer (CMF),4
fig-002075,2,Mummy Queen (CMF),4
fig-002076,2,Jungle Explorer,5
fig-002077,2,Fire Fighter (CMF),4
fig-002078,4,Dog Sitter,4
fig-002079,2,Pizza Costume Guy (CMF),4
fig-002080,2,Galactic Bounty Hunter,5
fig-002081,2,Gardener,4
fig-002082,2,Rugby Player (CMF),4
fig-002083,3,Fox Costume Girl,5
fig-002084,3,Bear Costume Guy (CMF),4
fig-002085,45,Master Wu with Gold Lettering on Robes,5
fig-002086,29,"Yoda, Olive Green Head, Dark Tan Undershirt, Thick Creases",3
fig-002087,3,"White Torso, Blue Overall, Red Helmet",4
fig-002088,3,Pyro Whipper,3
fig-002089,27,"Stormtrooper, First Order - Pointed Mouth",4
fig-002090,26,"Police Officer, Vibrant Yellow Police Vest, Orange Life Jacket, Nougat Hair",5
fig-002091,35,"Anna - Black Dress, Cape",5
fig-002092,26,"Crook, Black Jacket, Orange Legs, Black Bandana, Dark Bluish Gray Hat",5
fig-002093,28,"Elsa - Medium Blue Skirt, Glitter Cape",5
fig-002094,17,The Joker,4
fig-002095,4,"Man, Light Bluish Gray Hoodie over Dark Red Shirt, Dark Blue Legs, Black Helmet with Visor",5
fig-002096,37,"Jack Davids, Red Jacket with White Hood and Red Cap",4
fig-002097,16,Kai in Sons of Garmadon Outfit (Legacy),4
fig-002098,35,Elsa - Lavender Dress,4
fig-002099,20,Space Police III,5
fig-002100,9,"Policewoman Sam Solo, Bright Light Blue Shirt with Radio and Badge, Dark Blue Legs, Dark Blue Cap with Hair, Sunglasses",4
fig-002101,3,Blizzard Samurai with Shoulder Armor,5
fig-002102,23,"Astronaut - Orange Torso and Legs, White Helmet, Trans-Light Blue Visor, Beard",6
fig-002103,16,Clemmons,4
fig-002104,8,"Kylo Ren, Helmet with Red Cracks",4
fig-002106,25,"Mia - Dark Purple Top, Lime Trousers",5
fig-002107,11,"Race Driver, Audi, White Torso, White Legs, Reddish Brown Hair",4
fig-002108,13,"Race Driver, Dark Red Torso, Dark Blue Legs, Black Helmet",5
fig-002109,15,"Andrea - Dark Turquoise Jacket, Dark Blue Skirt",4
fig-002110,21,"Stephanie - Magenta Top, Medium Azure Skirt, Chef's Hat",4
fig-002111,18,"Olivia - Bright Light Yellow Top, Bright Light Yellow Skirt",4
fig-002112,18,"Emma - Light Aqua Top, Light Aqua Skirt",4
fig-002113,36,"Moana - Red/Pink Shirt, Tan Skirt",4
fig-002114,2,Aurora - Dark Pink Gown,4
fig-002115,13,"Postal Worker, Red Jacket with Winged Letter Logo, Black Legs, Dark Red Hat, Sunglasses",4
fig-002116,15,Zorii Bliss,4
fig-002117,14,"Construction Worker, Safety Jacket over Hoodie with Belt, Orange Legs, Dark Blue Cap",4
fig-002118,50,Steve,3
fig-002119,9,"Policeman, Black Vest with Badge and Pouches over Bright Light Blue Shirt, White Helmet with Visor",5
fig-002120,10,"Fireman, Bright Light Orange Fire Suit, White Helmet with Visor, Orange Life Vest",6
fig-002121,8,"Surfer, White Tank Top with Windsurfer, Sand Blue Legs",4
fig-002122,11,"Race Driver, White Torso, White Legs, Red Helmet, Nissan",4
fig-002123,3,Zane in Sons of Garmadon Outfit (Legacy),4
fig-002124,0,"Plain Black, 'BRICK FRIDAY 2019'",3
fig-002125,11,"Surfer, Red Legs",4
fig-002126,28,"Parker L. Jackson, Black Top, Bright Light Yellow Beanie Hat, Medium Lavender Hair",4
fig-002127,4,Star Girl (CMF),4
fig-002128,24,Mulan - Dark Blue Dress,4
fig-002129,3,Metamorpho (CMF),3
fig-002130,18,"Doctor, Woman, White Shirt with Pocket and Stethoscope, Medium Blue Legs, Dark Brown Hair, Glasses",4
fig-002131,33,"Professor Severus Snape, Long Robes over Dark Purple Vest (Shirt Tails Print)",4
fig-002132,5,"Lumberjack, Orange Safety Vest with Zipper over Reddish Brown Shirt, Sand Blue Legs, Red Hard Hat, Orange Safety Glasses",4
fig-002133,21,"Blue Torso, Dark Blue Legs, Blue Cap",4
fig-002134,29,Owen Grady with Clawed Shirt,4
fig-002135,1,Teen Wu in White Training Gi,4
fig-002136,19,"Voldemort, Black Robe",3
fig-002137,21,"Policeman, Black Vest with Badge and Pouches over Bright Light Blue Shirt, Dark Blue Legs, White Helmet with Visor",5
fig-002138,3,"Douglas Elton / El Fuego, Green Outfit with Red Helmet",4
fig-002139,12,"Easter Bunny, Woman, Dark Pink Bow Tie",4
fig-002140,14,Kai FS in Spinjitzu Slam Outfit,4
fig-002141,5,Mr. Freeze with Pearl Dark Gray Outfit and Neck Bracket with 4 Bars,5
fig-002142,22,"Andrea - Medium Blue Jacket, Magenta Skirt",4
fig-002143,22,"Stephanie - White Top, Dark Blue Skirt",4
fig-002144,41,"Olivia - Sand Blue Jacket, Dark Pink Skirt",4
fig-002145,16,"Mia - Orange Top, Olive Green Skirt, 3D Glasses",4
fig-002146,38,"Emma - Dark Pink Top, Light Aqua Skirt",4
fig-002147,9,"Blue Torso, Blue Legs, Red Hat",4
fig-002148,28,"Hermione Granger, Bright Pink Hoodie over Dark Pink Shirt with Time Turner, Medium Legs",4
fig-002149,20,"Poe Dameron, Dark Orange Pilot Outfit, Hair",4
fig-002150,44,"J.B. Watt, Lab Coat, Medium Lavender Hair with Goggles",4
fig-002151,24,Ice Emperor (Zane),5
fig-002152,28,Jay in Rebooted Outfit (Legacy) - MANTER Torso,5
fig-002153,38,Duke DeTain,4
fig-002154,35,"Woman, Shirt with White and Dark Turquoise Stripes, White Legs, Medium Nougat Hair",4
fig-002155,28,Cole (Secrets of the Forbidden Spinjitzu),5
fig-002156,34,"Emmet, Piece of Resistance, Eyebrows, Happy / Scared",6
fig-002157,19,Bad Cop / Good Cop with Wide Angry Mouth and Clenched Teeth,4
fig-002158,17,"Emmet, Robot Disguise",6
fig-002159,17,Wyldstyle in blue jumpsuit,5
fig-002160,17,Robot pilot,5
fig-002161,44,Wyldstyle in black jumpsuit,5
fig-002162,24,Executron,4
fig-002163,20,Executive Ellen,4
fig-002164,20,Rootbeer Belle,4
fig-002165,20,Sudds Backwash,4
fig-002166,20,Kebab Bob,4
fig-002167,15,Sheriff Not-a-robot,5
fig-002168,15,Deputron,4
fig-002169,19,Ice Cream Mike,4
fig-002170,19,Ice Cream Jo,4
fig-002171,19,Cardio Carrie,4
fig-002172,16,Sharon Shoehorn,4
fig-002173,16,Gallant Guard,4
fig-002174,16,Sir Stackabrick,5
fig-002175,16,Condiment King,5
fig-002176,16,Egghead,5
fig-002177,38,Vitruvius,6
fig-002178,25,Pa Cop,4
fig-002179,25,Ma Cop,4
fig-002180,21,Calendar Man,6
fig-002181,21,The Riddler with Dark Green Hat,4
fig-002182,21,Magpie,6
fig-002183,25,El Macho Wrestler,4
fig-002184,21,Kite Man,6
fig-002185,25,President/Lord Business with Extended Legs,9
fig-002186,11,Wyldstyle in black jumpsuit with hood,4
fig-002187,11,"Robot Police, Cap",4
fig-002188,15,OMAC,4
fig-002189,19,Frank the Foreman,4
fig-002190,33,Batwoman,5
fig-002191,24,Fabuland Girl,4
fig-002192,26,"Robot Police, Hat, Armor",5
fig-002193,24,Blaze Firefighter,4
fig-002194,24,Hank Haystack,4
fig-002195,24,Blacktron Fan,4
fig-002196,15,"Robot Police, Helmet, Armor",6
fig-002197,18,"Robot Police, Helmet with Night Vision Goggles, Armor",6
fig-002198,31,"Batman, Black Suit, Black Cape and Cowl, Yellow Batman Logo, White Headband (37157 Cape)",5
fig-002199,16,Dr. McScrubs,4
fig-002200,16,Plumber Joe,4
fig-002201,16,Alfie the Apprentice,4
fig-002202,25,"Arkham Asylum Guard, Black Hat",4
fig-002203,25,Harley Quinn in Prison Clothes,4
fig-002204,25,The Joker in Prison Clothes,4
fig-002205,18,Spider-Man,3
fig-002206,31,Vision with Yellow Cape,4
fig-002207,18,Hawkeye,4
fig-002208,18,"Hulk (Big Fig), Black Hair, Dark Purple Pants with Print",7
fig-002209,18,Gordon Zola,4
fig-002210,18,Garbage Man Grant,4
fig-002211,18,Garbage Man Dan,4
fig-002212,13,Captain Boomerang,4
fig-002213,19,The Joker's Henchman,4
fig-002214,26,"Batman, Light Bluish Gray Suit, Dark Blue Cape and 55704 Cowl",5
fig-002215,26,Harley Quinn in Jester Outfit,4
fig-002216,21,The Riddler with Light Bluish Gray Hat,4
fig-002217,31,"Emmet, Piece of Resistance, Happy / Scared",6
fig-002218,18,Griffin Turner,4
fig-002219,26,Sleven,4
fig-002220,18,Karlof,5
fig-002221,21,Kai in Jungle Robes,5
fig-002222,4,Ghost Ninja Wooo,4
fig-002223,4,Ghost Ninja Howla,4
fig-002224,18,Dr. Charles Lightning with Backpack,5
fig-002225,18,Miss Gail Storm,4
fig-002226,17,Miss Gail Storm with Red Legs,4
fig-002227,15,Alexis Sanister,4
fig-002228,15,Señor (Senor) Palomar with Backpack,5
fig-002229,63,"Skeleton, Standard Face, Ball Joint Arms (3626b Head)",6
fig-002230,12,Mr. Cunningham with Black Hips,4
fig-002231,4,M:Tron - Backpack,8
fig-002232,14,"Skeleton, Standard Face, Mummy Headdress, White",7
fig-002233,5,"Ice Planet - Red Hair, Female",6
fig-002234,11,"Skeleton, Standard Face, Mummy Headdress, Yellow",7
fig-002235,16,"Skeleton, Standard Face, Mummy Headdress, Blue and Gold Stripes",7
fig-002236,19,Dragon Fortress Guard,4
fig-002237,19,Emperor Chang Wu with Cape,4
fig-002238,6,Space Police III - Officer,6
fig-002239,19,Dragon Fortress Guardian with Bat Helmet,5
fig-002240,19,Pippin Reed (Pilot),5
fig-002241,18,Scorpion Palace Guard,4
fig-002242,18,Maharaja Lallu,4
fig-002243,18,Dr. Kilroy,4
fig-002244,13,Lord Sam Sinister (Pilot),5
fig-002245,11,Dragon Fortress Guard with Quiver,5
fig-002246,11,Babloo,4
fig-002247,11,Pippin Reed,4
fig-002248,12,Pippin Reed in Jacket,4
fig-002249,15,Dr. Kilroy with White Legs,4
fig-002250,44,"Skeleton, Evil Face, Ball Joint Arms",6
fig-002251,18,Señor (Senor) Palomar,4
fig-002252,18,Gabarros,5
fig-002253,14,Space Police III - Brick Daddy,4
fig-002254,22,Space Police III - Jawson,3
fig-002255,14,Space Police III - Officer,6
fig-002256,24,Space Police III - Skull Twin,4
fig-002257,18,Space Police III - Officer,6
fig-002258,13,Ngan Pa,4
fig-002259,13,Sherpa Sangye Dorje with Backpack,5
fig-002260,27,Dr. Inferno,5
fig-002261,18,Space Police III - Frenzy,5
fig-002262,21,Fire Arm,4
fig-002263,21,Claw-Dette,5
fig-002264,27,Agent Trace,4
fig-002265,27,Agent Fuse,4
fig-002266,21,Agent Chase with Helmet,5
fig-002267,15,Space Police III - Kranxx,3
fig-002268,13,Space Police III - Slizer,4
fig-002269,24,Slime Face,5
fig-002270,29,Break Jaw,4
fig-002271,13,Space Police III - Classic Space Statue,5
fig-002272,13,Space Police III - Officer,5
fig-002273,24,Agent Chase (Diver) - Dual Sided Head,6
fig-002274,13,Space Police III - Officer,5
fig-002275,26,Agent Charge,4
fig-002276,13,Space Police III - Officer,5
fig-002277,11,Space Police III - Officer,6
fig-002278,24,Space Police III - Snake - With Visor,5
fig-002279,11,Space Police III - Officer,5
fig-002280,27,Agent Chase,4
fig-002281,9,Space Police III - Rench,3
fig-002282,20,Space Police III - Officer,6
fig-002283,22,Gold Tooth with Helmet,5
fig-002284,18,Space Police III - Squidtron,3
fig-002285,19,Space Police III - Craniac,4
fig-002286,22,Spy Clops,19
fig-002287,19,Space Police III - Officer,7
fig-002288,19,Space Police III - Officer,6
fig-002289,5,Space Police III - Snake,4
fig-002290,22,Henchman,4
fig-002291,18,Spy Clops with Pearl Light Gray Legs,21
fig-002292,25,Space Police III - Squidman,4
fig-002293,11,Space Police III - Officer,5
fig-002294,19,"Agent Chase, Single Sided Head",4
fig-002295,21,Agent Charge with Helmet,5
fig-002296,24,Space Police III - Officer,5
fig-002297,13,Saw Fist,5
fig-002298,13,Agent Chase with Neck Bracket,5
fig-002299,12,Space Police III - Officer,5
fig-002300,20,Gold Tooth,4
fig-002301,19,Agent Fuse with Helmet,5
fig-002302,9,Agent Swipe,5
fig-002303,18,Dyna-Mite,4
fig-002304,16,Agent Fuse with Body Armor,5
fig-002305,16,Dollar Bill,4
fig-002306,11,Cam,4
fig-002307,11,Flex,4
fig-002308,10,Ogel Minion,5
fig-002309,29,"Skeleton, Evil Face, Crown",7
fig-002310,22,Aquaraider Diver,6
fig-002311,22,Aquaraider Diver with Black Hat,4
fig-002312,10,Aquanaut 3,5
fig-002315,19,Toa Inika Nuparu,7
fig-002316,19,Toa Inika Jaller,7
fig-002317,19,Toa Inika Hewkii,7
fig-002318,19,Piraka Zaktan,8
fig-002319,19,Piraka Thok,8
fig-002320,19,Piraka Reidak,8
fig-002321,19,Piraka Hakann,8
fig-002322,19,Toa Inika Hahli,7
fig-002323,19,Toa Inika Kongu,7
fig-002324,15,Frakjaw,6
fig-002325,38,"Skeleton, Red Eyes",6
fig-002326,13,"Knight with Scale Mail with Crown, and Helmet",4
fig-002327,20,"Nicole - Bright Light Yellow Top, Bright Pink Skirt",4
fig-002328,22,"Sarah - White Top, Bright Light Blue Skirt",4
fig-002329,21,"Marie - Bright Pink Blouse, Bright Pink Skirt",4
fig-002330,48,"Battle Droid, One Bent Arm, One Straight Arm",5
fig-002331,22,Katharina - Amazone,4
fig-002332,3,"Batman, Light Bluish Gray Suit, Black Cape and Cowl (1939 1st Appearance)",5
fig-002333,22,"Lance Spears, Trans-Bright Green Visor",5
fig-002334,5,"Knight (Dragon Knights) - Black Legs, Yellow Plumes, Plastic Cape",8
fig-002335,15,Dr. Octopus / Doc Ock (4 Juniors),3
fig-002336,26,"Sophie - Light Aqua Shirt, Bright Pink Skirt",4
fig-002337,30,"Anna - Dark Blue Vest, Red Dress",4
fig-002338,30,"Peter - White Shirt, Blue Trousers",4
fig-002339,32,"Ella - Magenta Top, White Trousers",4
fig-002340,32,"Theresa - Light Aqua Top, White Trousers",4
fig-002341,32,"Stephanie - White Top, Lime Trousers",4
fig-002342,32,"Mia - White/Lime Top, Bright Light Blue Skirt",4
fig-002343,32,"Andrew - Medium Blue Shirt, Dark Blue Trousers",4
fig-002344,32,"Maya - White Top, Magenta Skirt",4
fig-002345,26,"Mia - White Chef Jacket, Black Pants",4
fig-002346,26,"Danielle - Lavender Top, Dark Blue Skirt",4
fig-002347,29,"Andrea - Dark Azure Bikini, Bright Light Yellow Skirt",4
fig-002348,29,"Isabella - Lime Bikini, Magenta Skirt",4
fig-002349,31,"Matthew - Lime Vest, Dark Blue Trousers",4
fig-002350,31,"Ms. Stevens - Medium Lavender Shirt, White Dress",4
fig-002351,31,"Stephanie - White Jacket, Dark Purple Skirt, Magenta Bow",5
fig-002352,27,"Joanna - Orange Top, Magenta Trousers",4
fig-002353,27,"Emma - Dark Blue Top, Bright Pink Skirt",4
fig-002354,29,"Robert - Lime Vest, Dark Blue Trousers",4
fig-002355,29,"Stephanie - White Blouse, White Trousers, Bow",5
fig-002356,20,"Andrea - Magenta Top, Bright Light Orange Skirt",4
fig-002357,20,"Naya - White Top, Medium Lavender Skirt",4
fig-002358,22,"Andrew - Medium Blue Shirt, Dark Blue Trousers, Cap",4
fig-002359,22,"Emma - White Shirt, Sand Green Skirt",4
fig-002360,43,"Emma - Light Aqua Top, Bright Light Skirt",4
fig-002361,43,"Julian - Sand Green, Dark Blue Trousers",4
fig-002362,43,"Sophie - Face Mask, White Robe",4
fig-002363,43,"Stephanie - Dark Blue Top, Magenta Skirt",4
fig-002364,31,"Matthew - Tan Shirt, Dark Blue Trousers",4
fig-002365,31,"Mia - Medium Azure Shirt, Sand Green Skirt, Veterinarian",5
fig-002366,32,"Andrea - Bright Pink Top, Tan Shorts, Bow",5
fig-002367,32,"Stephanie - Lavender Blouse, Sand Green Skirt, Hat",5
fig-002368,31,"Stephanie - White/Lime Top, Magenta Skirt",4
fig-002369,31,"Kate - White/Magenta Bikini, Light Aqua Skirt",5
fig-002370,23,"Olivia - White/Lime top, Sand Blue Skirt",4
fig-002371,23,"Joanna - Dark Azure Bikini, White Trousers",4
fig-002372,35,"Mia - Lavender Top, Lime Trousers",4
fig-002373,35,"Liza - Magenta Top, White Trousers",4
fig-002374,35,"Luis - Orange Sweater, Dark BLue Trousers",4
fig-002375,35,"Charlotte - Sand Green Top, Magenta Dress",4
fig-002376,35,"Sandra - White Vest, Sand Green Skirt",4
fig-002377,35,"David - Dark Blue Vest, Black Trousers",4
fig-002378,35,"Stephanie - Light Aqua Top, Magenta Skirt",4
fig-002379,28,"Maya - White Plaid Top, Magenta Dress",4
fig-002380,28,"Mia - Magenta Top, Lime Trousers",4
fig-002381,37,"Andrea - White Top, Tan Shorts",4
fig-002382,37,Nate - Dark Red Piccolo,4
fig-002383,37,"Olivia - Dark Pink Top, Dark Purple Skirt",4
fig-002384,37,"Stephanie - Lime Bikini, Magenta Skirt, Bright Pink Flower",5
fig-002385,37,"Susan - Red Vest, Red Dress",4
fig-002386,23,"Natasha - Dark Purple Top, Dark Purple Skirt",4
fig-002387,23,"Emma - White Top, Medium Lavender Skirt",4
fig-002388,27,"Noah - White Red Shirt, Dark Blue Trousers",4
fig-002389,27,"Andrea - Bright Light Orange Top, Lime Shorts",5
fig-002390,34,"Stephanie - White/Lime Top, Lavender Skirt, Glasses",5
fig-002391,34,"Kate - Medium Azure Bikini, Bright Light Orange Skirt, Flower",5
fig-002392,19,"Olivia - White Blouse, Dark Purple Skirt",4
fig-002393,19,"Matthew - Tan Shirt, Black Trousers",4
fig-002394,21,"Livi - Black Top, Pearl Gold Skirt",5
fig-002395,21,"Emma - Medium Lavender Vest, Dark Blue Skirt",4
fig-002396,27,"Livi - Black Top, Dark BLue Skirt, Glasses",5
fig-002397,27,"Olivia - Dark BLue Vest, Medium Lavender Skirt, Flower",5
fig-002398,21,"Andrea - Magenta Top, Bright Light Orange Skirt",4
fig-002399,21,"Livi - Flat Silver Top, Flat Silver Skirt, Cape",5
fig-002400,25,"Livi - Medium Lavender Top, Flat Silver Skirt'",5
fig-002401,25,"Mia - Dark Blue Vest, Bright Light Blue Skirt",5
fig-002402,25,"Stephanie - White/Silver Top, Magenta Skirt",5
fig-002403,24,"Andrea - Bright Light Yellow Top, Tan Shorts",5
fig-002404,24,"Olivia - Sand Green Vest, Magenta Skirt",6
fig-002405,28,"Emma - Magenta Top, Sand Blue Skirt",4
fig-002406,28,"Joy - Magenta Vest, Sand Green Trousers",4
fig-002407,28,"Stephanie - Sand Green Vest, Dark Purple Skirt",4
fig-002408,25,"Olivia - Lime Top, Dark Purple Skirt",4
fig-002409,25,"Ben - Sand Green Hoodie, Dark BLue Trousers",4
fig-002410,18,"Stephanie - Medium Azure Top, Dark Purple Skirt",4
fig-002411,18,"Nate - White/Red Shirt, Dark Red Trousers",4
fig-002412,32,"Matthew - Tan Shirt, Sand BLue Trousers",4
fig-002413,32,"Andrea - Bright Light Orange Top, Medium Azure Skirt",5
fig-002414,32,"Naya - White/Magenta Top, Sand Green Trousers",5
fig-002415,25,"Stephanie - White Top, Medium Lavender Skirt",5
fig-002416,25,"Naomi - White Top, Magenta Apron",5
fig-002417,27,"Stephanie - White/Silver Top, Medium Azure Skirt",4
fig-002418,27,"Laurie - Dark Pink Top, Sand Blue Overall",4
fig-002419,26,"Iva - Lavender Top, Medium Azure Skirt",4
fig-002420,26,"Noah - Sand Green Hoodie, Dark Red Trousers",4
fig-002421,26,"Andrea - Magenta Vest, Bright Light Orange Skirt",4
fig-002422,12,Zed,4
fig-002423,17,Ogel Minion with Bubble Helmet,4
fig-002424,17,Arrow (Alpha Team),4
fig-002425,16,Dash (Alpha Team),4
fig-002426,14,Ogel with Helmet with Gold Visor,6
fig-002427,16,Android (Alpha Team),3
fig-002428,17,Charge,4
fig-002429,17,Radia (Alpha Team),4
fig-002430,12,Diamond,4
fig-002431,15,Flex (Alpha Team),4
fig-002432,12,Charge with Black and Blue Clothing,4
fig-002433,12,Crunch,4
fig-002434,24,Aquaraider Diver 8,6
fig-002435,22,Aquaraider Diver 6,6
fig-002436,12,Aquaraider Diver 7,6
fig-002437,20,Bobby,5
fig-002438,10,Smokey,20
fig-002439,25,"Skeleton, Standard Face, Dive Helmet and Mask with Aquaraiders Logo",8
fig-002440,26,Atlantis Shark Warrior,3
fig-002441,25,Atlantis Squid Warrior,4
fig-002442,25,Atlantis Portal Emperor,5
fig-002443,25,Samantha Rhodes,5
fig-002444,25,Axel with Backpack with Narrow Lights,11
fig-002445,25,Ace Speedman with Propeller,9
fig-002446,20,Jeff Fisher,5
fig-002447,21,Ace Speedman,5
fig-002448,17,Axel with Backpack with Wide Lights,13
fig-002449,25,Atlantis Barracuda Guard,5
fig-002450,21,Atlantis Lobster Guard (Short Legs),9
fig-002451,21,Atlantis Temple Statue,5
fig-002452,21,Samantha Rhodes,5
fig-002453,21,Ace Speedman with Lights and Propeller,18
fig-002454,25,Atlantis Hammerhead Warrior,4
fig-002455,23,Dr Brains (3626c),5
fig-002456,23,Brains (3626b),5
fig-002457,21,Jeff Fisher,5
fig-002458,14,Axel,5
fig-002459,15,"Lance Spears, Trans-Yellow Visor",5
fig-002460,17,Aang,3
fig-002461,17,Fire Nation Soldier,5
fig-002462,17,Firebender,6
fig-002463,11,Katara,4
fig-002464,11,Prince Zuko,4
fig-002465,15,Sokka,3
fig-002466,18,Aaron Bot,10
fig-002467,20,Ultra Violet with Oni Mask of Hatred,8
fig-002468,20,Nya with Skirt,7
fig-002469,20,Lloyd (Sons of Garmadon),5
fig-002470,30,Cole ZX with Shoulder Armor,5
fig-002471,28,"Soldier (Imperial Soldier II) - Black Beard, Blue Epaulettes",5
fig-002472,17,Pirate with Peg Leg and Dark Green Hat,4
fig-002473,30,"Astromech Droid, R2-D2, Flat Silver Dome, Dark Blue Print with Red Dots",4
fig-002474,7,Chopov with Shoulder Armor,7
fig-002475,18,Jay ZX (3626b Head),4
fig-002476,8,"Archer (Black Falcon) - Black Legs, Black Hips, Pointed Shield, Chin-Guard",5
fig-002477,8,"Knight (Black Falcon) - Black Legs, Black Hips, Pointed Shield, Neck-Protector",4
fig-002478,8,"Knight (Breastplate on Black) - Black Legs, Dark Gray Helmet, Blue Plume",6
fig-002479,8,"Knight (Breastplate on Blue) - Black Legs, Black Helmet, Red Plume, Plastic Cape",6
fig-002480,5,"Knight (Halved Shield) - Black Legs, Neck-Protector",4
fig-002481,5,"Knight (Halved Shield) - Light Gray Legs, Chin-Guard",4
fig-002482,35,Troll (Big Fig),8
fig-002483,12,"Ghost - Glow in the Dark, Brick Built Legs, 3626b",5
fig-002484,10,"Knight (Scale Mail on Red) - Black Arms, Black Legs, Black Neck-Protector, Plastic Cape",5
fig-002485,23,Worker with White Hat and Gray Beard,4
fig-002486,23,Worker with Black Hat (Docks),4
fig-002487,23,Worker with Black Hat (Crane Operator),4
fig-002488,17,Piraka Avak,8
fig-002489,17,Piraka Vezok,8
fig-002490,17,Toa Inika Matoro,7
fig-002491,18,Barraki Kalmah,7
fig-002492,18,Toa Mahri Hewkii,7
fig-002493,18,Barraki Takadox,7
fig-002494,16,Barraki Mantax with Pearl Dark Gray Torso,7
fig-002495,16,Barraki Mantax with Pearl Gold Torso,7
fig-002496,16,Barraki Pridak with Black Torso,7
fig-002497,16,Toa Mahri Hahli,7
fig-002498,16,Toa Mahri Jaller,7
fig-002499,16,Toa Mahri Kongu,7
fig-002500,16,Toa Mahri Matoro,7
fig-002501,16,Toa Mahri Nuparu,7
fig-002502,11,Barraki Ehlek,7
fig-002503,11,Barraki Pridak with Pearl Dark Gray Torso,7
fig-002504,11,Barraki Takadox,7
fig-002505,11,Toa Mahri,7
fig-002506,18,Commando Droid,5
fig-002507,17,"Clone Commander Gree, 41st Elite Corps Armor, Dark Green Markings (3626b Head)",4
fig-002508,23,General Cryptor (Rebooted),5
fig-002509,12,Chopov with Helmet,8
fig-002510,7,Wyplash with Horizontal Hands,8
fig-002511,10,Frakjaw with Red Shoulder Spikes,7
fig-002512,13,Frakjaw with Tan Hat,8
fig-002513,3,Iceklaw with Shoulder Armor,6
fig-002514,45,"C-3PO, Pearl Gold, Colorful Wires, Printed Legs",3
fig-002515,39,"Darth Vader, White Skin, 19888 Cape, Green Square on Chest Panel",6
fig-002516,26,Death Star Droid,3
fig-002517,30,"Emperor Palpatine, Tan Skin (19888 Cape)",5
fig-002518,26,"Grand Moff Wilhuff Tarkin, Dark Bluish Gray, Ruffled Hair",4
fig-002519,26,"Astromech Droid, R3-M3",4
fig-002520,26,"Imperial Gunner, Closed Mouth, Silver Imperial Logo",4
fig-002521,33,"Royal Guard, Dark Red Hands, 19888 Cape, 3626c Head",5
fig-002522,26,"Princess Leia, White Robe, Dark Brown Hair, Decorative Belt, Dual Sided Head Closed Mouth / Smile",4
fig-002523,34,"Obi-Wan Kenobi, Old, Long Dark Brown Robe",4
fig-002524,42,"Stormtrooper, Dark Blue Helmet Vents",4
fig-002525,26,"Imperial Officer / Lieutenant, Black Uniform",4
fig-002526,26,"Imperial Officer, Light Bluish Gray Uniform, Black Hat",4
fig-002527,37,"Han Solo, Black Vest, Dark Blue Legs, Ruffled Hair",4
fig-002528,27,"Han Solo, Stormtrooper Disguise, White Pupils",4
fig-002529,27,"Luke Skywalker, Stormtrooper Disguise, Printed Legs",4
fig-002530,32,"Luke Skywalker, Final Duel Outfit, Short Dark Tan Hair",4
fig-002531,24,Rivett,5
fig-002532,22,Nya (Hands of Time),5
fig-002533,22,Samurai X (P.I.X.A.L) (Hands of Time),7
fig-002534,22,General Machia,5
fig-002535,32,Slackjaw,4
fig-002536,13,Kai (Hands of Time),5
fig-002537,17,"Batman, Light Bluish Gray Suit, White Cape and Cowl (Arctic Batman)",5
fig-002538,17,Mr. Freeze with Diver Helmet,5
fig-002539,19,Black Manta (David Hyde) with Flat Silver Helmet,3
fig-002540,19,"Batman, Dark Bluish Gray Suit, Black Cape and Cowl, Diving Suit",5
fig-002541,19,Robin in Scuba Outfit,6
fig-002542,13,"Kylo Ren, Light Nougat Hands",4
fig-002543,16,Unkar Plutt,3
fig-002544,39,BB-8,2
fig-002545,16,Teedo,3
fig-002546,21,"Han Solo, Old, Smile",4
fig-002547,21,Kanjiklub Gang Member,4
fig-002548,21,Tasu Leech,4
fig-002549,24,"Princess Leia, Hoth Outfit, White Jacket, Printed Breathing Mask",4
fig-002550,24,"Han Solo, Dark Blue Jacket, Dark Brown Legs, Printed Breathing Mask",4
fig-002551,27,"Han Solo, Old, Angry",4
fig-002552,26,Unkar's Thug,4
fig-002553,41,Claire Dearing,4
fig-002554,29,Franklin Webb,4
fig-002555,26,Rex Dangervest (Dual Sided Head with Clenched Teeth),4
fig-002556,23,RO-GR (Roger),5
fig-002557,20,Quarrie,3
fig-002558,20,"Zander, Dark Tan Jacket",4
fig-002559,14,Nindroid,4
fig-002560,21,Pirate Boy,5
fig-002561,21,Pirate Girl,4
fig-002562,9,Crunch with Trans-Dark Blue Diving Mask,6
fig-002563,9,Radia with White Cap,4
fig-002564,9,Ogel Minion Commander,4
fig-002565,20,Berserker,6
fig-002566,27,Bruce Banner (Hulk),4
fig-002567,20,Valkyrie,5
fig-002568,20,Thor with Helmet,5
fig-002569,20,Hela,5
fig-002570,16,Fangtom,3
fig-002571,22,Pythor P. Chumsworth (Purple),3
fig-002572,19,Kai ZX with Rocket Pack,15
fig-002573,26,Skales,3
fig-002574,29,Lord Garmadon,6
fig-002575,23,Master Wu,5
fig-002576,9,Krazi,7
fig-002577,26,Wyplash,8
fig-002578,22,Bonezai - 3626b Head,6
fig-002579,24,"Andrea - Lavender Top, Medium Azure Skirt",4
fig-002580,29,"Stephanie - White Plaid Top, Dark Purple Skirt",4
fig-002581,29,"Mia - Red Vest, White Trousers",4
fig-002582,39,Nya (Legacy),4
fig-002583,30,"Daniel - Orange Shirt, Dark BLue Trousers",4
fig-002584,30,"Mia - Light Aqua Top, Medium Azure Skirt",4
fig-002585,25,"Sophie - Dark Azure Vest, Dark Blue Skirt, Veterinarian",4
fig-002586,25,"Olivia - Red Jacket, Tan Trousers",4
fig-002587,34,"Livi - Dark Purple Top, Dark Purple Skirt",6
fig-002588,34,"Andrea- Magenta Vest, Light Aqua Skirt",6
fig-002589,13,"Kate - Tan Top, Bright Light Orange Skirt",4
fig-002590,13,"Liza - Magenta Top, Lime Trousers",4
fig-002591,13,"Maya - Sand Green Vest, Sand Blue Skirt",4
fig-002592,27,"Andrea - Magenta Top, Bright Light Orange Skirt, Flower",5
fig-002593,27,"Emma - Medium Azure Top, Lime Skirt",5
fig-002594,24,"Sienna - Magenta Top, Medium Azure Skirt",4
fig-002595,26,"Julian - White/Red Shirt, Dark Blue Trousers",4
fig-002596,26,"Olivia - Lime Top, Magenta Skirt",4
fig-002597,31,Dr. Patel - Lab Coat,4
fig-002598,31,"Henry - Red Shirt, Dark Blue Trousers",4
fig-002599,31,"Olivia - White Jacket, Sand Blue Trousers",4
fig-002600,22,"Oliver - Green Jacket, Dark Red Trousers",4
fig-002601,22,"Emma - White Top, Magenta Apron",4
fig-002602,27,"Robert - Medium Blue Jacket, Sand Blue Trousers",4
fig-002603,28,"Andrea - Lime Bikini, Medium Azure Skirt",5
fig-002604,28,"Martina - Dark Pink Bikini, Lime Skirt",5
fig-002605,29,"Andrea - Bright Light Orange Ski Vest, Medium Lavender Skirt, Glasses",5
fig-002606,29,"Amy - Medium Azure Ski Vest, Light Aqua Trousers, Glasses",5
fig-002607,19,"Mia - Bright Light Blue Sweater, Magenta Trousers",4
fig-002608,19,"Amanda - Medium Lavender Ski Vest, Dark Blue Skirt",4
fig-002609,25,"Nate - White/Lime Ski Vest, Dark Blue Trousers",4
fig-002610,25,"Stephanie - Medium Azure Ski Vest, Light Aqua Skirt",4
fig-002611,26,"Mia - Lime Ski Vest, Dark Blue Trousers",5
fig-002612,26,"Olivia - Bright Light Orange Ski Vest, Magenta Trousers",5
fig-002613,31,"Stephanie - White/Magenta Top, Dark Blue Skirt",5
fig-002614,31,"James - Tan Sweater, White Trousers",4
fig-002615,31,"Alicia - Dark Blue Jacket, Light Aqua Trousers",4
fig-002616,32,"Liam - Bright Green/Yellow Shirt, Sand Blue Trousers",4
fig-002617,28,"Stephanie - Dark Purple Top, Medium Azure Skirt",6
fig-002618,28,"Olivia - Dark Pink Bikini, Dark Pink Trousers",6
fig-002619,24,"Emma - Dark Pink Top, Light Aqua Skirt",4
fig-002620,24,"Andrea - Medium Blue Jacket, Dark Blue Skirt, Cape",6
fig-002621,22,"Andrea - Dark Azure/Gold Jacket, Dark Blue Skirt",4
fig-002622,22,"Steve - Sand Green Shirt, Dark Blue Trousers",4
fig-002623,27,Emma - Lavender/White Race Suit,5
fig-002624,27,Dean - Dark Red Overall,4
fig-002625,27,Andrea - Orange/Azure/White Race Suit,4
fig-002626,27,"Dottie - Black Jacket, Blue Trousers",4
fig-002627,25,"Emma - Magenta Top, Light Aqua Apron",4
fig-002628,35,"Policeman, Dark Blue Suit with Large Lapels and Gold Buttons, Police Hat",4
fig-002629,32,"Stephanie - Medium Azure Top, Dark Blue Skirt",4
fig-002630,33,"Olivia - Dark Pink Bikini, Bright Light Yellow Skirt",5
fig-002631,33,"Andrea - Magenta Top, Magenta Skirt",5
fig-002632,33,"Mason - Bare Chest, Dark Red Trousers",4
fig-002633,33,"Stephanie - Dark Purple/Medium Blue Bikini, Dark Blue Skirt",5
fig-002634,26,"Mia - Lime Top, Dark Purple Skirt, Life Vest",5
fig-002635,26,"Stephanie - Azure Top, Dark Blue Skirt, Life Vest",5
fig-002636,27,"Daniel - Green Jacket, Dark Blue Trousers",4
fig-002637,27,"Mia - Blue Plaid Shirt, Lime Trousers",4
fig-002638,25,"Zack - Dark Blue Jacket, Sand Green Trousers",4
fig-002639,36,"Mia - Bright Light Orange/Lime Racing Suit, Bright Light Orange Helmet",5
fig-002640,25,"Vicky - Gold Top, Black Trousers",4
fig-002641,25,"Stephanie - Medium Azure Top, Medium Azure Skirt",4
fig-002642,31,"Stephanie - Dark Purple/Azure Race Suit, Bright Light Blue Helmet",5
fig-002643,31,"Vicky - Red/Yellow/Black Racing Suit, Red Helmet",5
fig-002644,31,"Andrea - Pearl Gold Bikini, White Skirt, Flower",5
fig-002645,31,"Stephanie - Medium Blue/Dark Purple Bikini, Bright Pink Skirt",5
fig-002646,25,"Andrea - Black Top, Magenta/Light Aqua Skirt",5
fig-002647,25,"Chloe - Orange Vest, Black Skirt",4
fig-002648,33,Stephanie - Medium Azure Wet Suit,4
fig-002649,33,Kacey - Dark Blue Wet Suit,4
fig-002650,24,"Andrea - Dark Turquoise Jacket, Dark Blue Skirt",4
fig-002651,24,"Emma - Dark Pink Top, Blue Trousers",4
fig-002652,18,"Andrea - Silver Jacket, Dark Blue Skirt",4
fig-002653,43,"Ethan - Sand Green Hoodie, Black Trousers, Open Mouth",4
fig-002654,26,"Olivia - Medium Blue Jacket, Bright Light Yellow Skirt, Flower",5
fig-002655,26,"Vicky - Yellow Plaid Shirt, Sand Blue Trousers, Magenta Bow",5
fig-002656,45,"Chloe - Pink Bikini, Fish/Mermaid Tail",4
fig-002657,45,"Zack - Red/White Shirt, Dark Red Trousers, Pirate Hat",5
fig-002658,45,"Emma - Light Aqua Top, Light Aqua Skirt",5
fig-002659,45,"Stephanie - Medium Azure Top, Yellow Skirt",5
fig-002660,45,"Skeleton, Standard Face, Chef Hat",7
fig-002661,45,"Skeleton, Standard Face, Bicorne Hat with Skull and Crossbones and White Plume",8
fig-002662,34,"Lillie - White Jacket, Sand Blue Trousers, Chef's Hat",4
fig-002663,35,"Policeman, Dark Blue Suit with Large Lapels and Gold Buttons, Police Hat, Moustache",4
fig-002664,37,"Emma - Dark Purple/Light Aqua Wet Suit, Glasses",5
fig-002665,37,"Mia - Lime/Azure Wet Suit, Trans-Purple Glasses",6
fig-002666,26,"Emma - Sand Blue Jacket, Bright Light Trousers, Bow",5
fig-002667,26,"Mia - Lime/Azure Top, Dark Blue Trousers, Glasses",5
fig-002668,30,"Angus - Dark Tan Shirt, Dark Blue Trousers",4
fig-002669,36,"Ann - Green/Lime Vest, Sand Blue Trousers",4
fig-002670,30,"Mia - White/Orange Top, Olive Green Skirt",4
fig-002671,28,"Olivia - Bright Light Yellow Jacket, Dark Pink Skirt, Chef's Hat",4
fig-002672,28,"Emma - Sand Blue Jacket, Dark Purple Skirt",4
fig-002673,39,Andrea - Dark Turquoise Wet Suit,5
fig-002674,29,Olivia - Dark Pink Wet Suit,4
fig-002675,19,Stephanie - Silver/White Sport Outfit,4
fig-002676,19,"Mia - Dark Purple Top, White Trousers",4
fig-002677,25,"Stephanie - Dark Purple Top, Medium Blue Trousers, Black Cap",4
fig-002678,25,"Zack - Dark Blue Jacket, White Trousers, Black Cap",4
fig-002679,25,"Vicky - Yellow Plaid Shirt, Yellow Skirt, Glasses",5
fig-002680,17,"Mia - White Jacket, Dark Purple Skirt, Veterinarian",4
fig-002681,18,"Royal Guard, Dark Red Hands, 50231 Cape",5
fig-002682,5,"Imperial Gunner, Open Mouth",4
fig-002683,18,"Darth Vader, White Skin, 50231 Cape, Robe Hem on Legs",6
fig-002684,18,"Emperor Palpatine, Tan Skin (50231 Cape)",5
fig-002685,32,"Obi-Wan Kenobi, Old, Tan Robes, Dark Brown Hood and Cape",5
fig-002686,25,"Imperial Gunner, Closed Mouth, White Imperial Logo",4
fig-002687,35,"Astromech Droid, R2-D2, Light Bluish Gray Dome",4
fig-002688,26,"Princess Leia, White Robe, Reddish Brown Hair",4
fig-002689,30,"C-3PO, Pearl Gold",3
fig-002690,14,"Captain Antilles, Light Gray Undershirt",5
fig-002691,16,Shark Army Great White in Scuba Gear,4
fig-002692,30,Kai (LEGO Ninjago Movie),6
fig-002693,25,Master Wu (LEGO Ninjago Movie),6
fig-002694,34,Zane with Quiver (LEGO Ninjago Movie),6
fig-002695,16,Puffer,5
fig-002696,20,Shark Army Thug,4
fig-002697,29,Nya with Cloth Skirt (LEGO Ninjago Movie),6
fig-002698,19,"Andrea - Dark Turquoise Top, Dark Blue Skirt",4
fig-002699,30,Lloyd (Skybound),5
fig-002700,19,"Roxy - Coral Top, Yellow Skirt, Sunglasses",5
fig-002701,29,"Stephanie - Yellow Top, White Apron",4
fig-002702,29,"David - Lime Shirt, White Apron",4
fig-002703,30,Doubloon,6
fig-002704,13,Cole with Neck Bracket and Tile with Clip (Skybound),6
fig-002705,30,Cole Ghost (Skybound),5
fig-002706,29,"Lillie - White Jacket, Dark Pink Trousers, Chef's Hat",4
fig-002707,38,"Olivia - Bright Light Yellow Jacket, Dark Azure Skirt",4
fig-002708,32,"Stephanie - White Top, Medium Azure Skirt",4
fig-002709,46,"Mia - Orange Top, Olive Green Skirt",4
fig-002710,31,"Mia - Blue Plaid Shirt, Dark Purple Skirt, Medium Azure Bow",5
fig-002711,46,Cole in Deepstone Shoulder Armor (Possession),5
fig-002712,31,"Olivia - Magenta Top, Bright Light Yellow Skirt",4
fig-002713,26,"Emma - Light Aqua Top, Light Aqua Skirt",4
fig-002714,26,"Nina - Medium Azure Jacket, Dark Pink Skirt",4
fig-002715,28,"Emma - Dark Pink Top, Dark Pink Skirt",4
fig-002716,21,"Dr. Maria - White Lab Coat, Dark Turquoise Trousers",4
fig-002717,21,"Andrea - Dark Azure Bikini, Magenta Skirt, Flower",5
fig-002718,21,"Emma - Dark Blue Top, Light Aqua Skirt, Glasses",5
fig-002719,31,"Olivia - Bright Light Yellow Top, Bright Light Yellow Skirt",4
fig-002720,31,"Mia - Lime Top, Dark Purple Skirt",4
fig-002721,34,Ghost Chain Master Wrayth,4
fig-002722,21,Zane in Airjitzu Outfit with Neck Bracket and Tile with Clip (Possession),6
fig-002723,22,Frakjaw with Goggles,9
fig-002724,35,Kruncha,7
fig-002725,25,Jay DX (The Golden Weapons),4
fig-002726,30,Samukai,9
fig-002727,31,Kai DX (The Golden Weapons),4
fig-002728,21,Nuckal,7
fig-002729,56,"Baby, White Body - Head with neck",2
fig-002730,9,Zane FS in Spinjitzu Slam Outfit,4
fig-002731,42,Lloyd (Legacy),4
fig-002732,29,Wyplash (Legacy),8
fig-002733,26,Stone Army Scout with Shoulder Armour (Legacy),5
fig-002734,26,Stone Army Warrior with Red Chin Guard (Legacy),7
fig-002735,16,Skylor in Jungle Robes (Tournament of Elements),5
fig-002736,16,Eyezor,4
fig-002737,27,Eyezorai,3
fig-002738,27,Master Yang with Neck Bracket and Tile with Clip,7
fig-002739,27,Cole in Honor Robes (Day of the Departed),5
fig-002740,27,Jay in Honor Robes (Day of the Departed),5
fig-002741,27,Kai in Honor Robes (Day of the Departed),5
fig-002742,27,Zane in Honor Robes (Day of the Departed),5
fig-002743,21,Chen with Cape,5
fig-002744,25,Zugu,5
fig-002745,21,Kapau'rai,3
fig-002746,21,Lloyd in Jungle Robes with Scabbard (Tournament of Elements),5
fig-002747,32,Commander Raggmunk,5
fig-002748,32,Maya,4
fig-002749,32,Nya with Shoulder Armour (Hands of Time),5
fig-002750,32,Ray,4
fig-002751,23,"Lil' Nelson, Purple Robes",4
fig-002752,23,Stone Army Scout with Short Legs,6
fig-002753,23,Cole RX,4
fig-002754,30,"Pythor P. Chumsworth, White (Day of the Departed)",3
fig-002755,30,Nya in Honor Robes (Day of the Departed),5
fig-002756,30,Jay in Honor Robes with Hair (Day of the Departed),6
fig-002757,30,General Kozu,7
fig-002758,30,General Cryptor,5
fig-002759,30,Master Wu with Pearl Gold Hat,5
fig-002760,30,Lloyd in Honor Robes with (Day of the Departed),5
fig-002761,26,Lloyd (Hands of Time),4
fig-002762,26,Vermin,5
fig-002763,20,Snike,4
fig-002764,25,Clancee with Shoulder Armour,4
fig-002765,28,Nadakhan,6
fig-002766,25,"Zane, Echo Zane",4
fig-002767,25,Flintlocke with Shoulder Armour,6
fig-002768,34,Nya (Skybound),5
fig-002769,25,Jay with Dual Sided Head (Skybound),5
fig-002770,31,Dogshank (Big Fig),7
fig-002771,31,Cole Ghost with Head Wrap (Skybound),5
fig-002772,31,Master Wu (Skybound),6
fig-002773,20,Sqiffy with Neck Bracket,5
fig-002774,20,Nya with Neck Bracket and Tile with Clip,6
fig-002775,22,Kai (Skybound),4
fig-002776,22,Cole with Hair (Legacy) - Manter Torso,5
fig-002777,6,"Blacktron II - Jetpack, 3626a Head, No Plate 1 x 1 Round",6
fig-002778,22,Overlord (Legacy),6
fig-002779,24,Lloyd (Legacy) - MANTER,5
fig-002780,25,"Nindroid with Dual Sided Head, Wraps (Legacy)",4
fig-002781,7,Bonezai with Shoulder Armour,7
fig-002782,8,Kruncha with Horizontal Hand Clips,7
fig-002783,9,Nuckal with Horizontal Hand Clips,7
fig-002784,36,Kai (Secrets of the Forbidden Spinjitzu),5
fig-002785,37,Pyro Destroyer,4
fig-002786,23,Lloyd FS,4
fig-002787,23,Akita,5
fig-002788,30,Blizzard Sword Master,5
fig-002789,31,General Vex,5
fig-002790,30,Blizzard Archer,5
fig-002791,2,Daddy No Legs,28
fig-002792,22,Kai FS,4
fig-002793,36,Aspheera,4
fig-002794,22,Pyro Slayer with Neck Bracket,4
fig-002795,36,Pyro Slayer,3
fig-002796,34,Nya (Secrets of the Forbidden Spinjitzu),5
fig-002797,34,Master Wu with Fuzzy Cape,6
fig-002798,36,Char,4
fig-002799,34,Cole FS,4
fig-002800,34,Jay (Secrets of the Forbidden Spinjitzu),5
fig-002801,34,Zane (Hunted),6
fig-002802,33,Muzzle,5
fig-002803,34,Jay with Shoulder Armor (Hunted),6
fig-002804,23,Daddy No Legs with Printed Round Tile,28
fig-002805,20,Zane (Sons of Garmadon),6
fig-002806,4,Zane in White Training Gi,5
fig-002807,23,"Skeleton, Standard Face, Bandana, Short Black Leg",7
fig-002808,28,Mr. E with Helmet with Trans-Red Visor,6
fig-002809,23,Harumi in Princess Outfit (Sons of Garmadon),5
fig-002810,23,Chopper Maroon,5
fig-002811,29,Lord Garmadon (Resurrected),5
fig-002812,23,Hutchins,6
fig-002813,23,Cole with Scabbard (Sons of Garmadon),6
fig-002814,27,Harumi (Hunted),4
fig-002815,22,Jay (Sons of Garmadon),6
fig-002816,22,Killow (Big Fig),12
fig-002817,14,Skylor (Hunted),6
fig-002818,14,Nya with Dual Sided Head (Hunted),5
fig-002819,14,Lloyd with Hair (Hunted),4
fig-002820,10,Lloyd in White Training Gi,4
fig-002821,10,Nya in White Training Gi with Bob Cut Hair,4
fig-002822,34,Richie - Black Katana Holder,5
fig-002823,28,Kai / Digi Kai with Shoulder Armor,5
fig-002824,36,Jay / Digi Jay with Shoulder Armor,5
fig-002825,30,Hausner with Scabbard,5
fig-002826,9,"Kai, Avatar",4
fig-002827,14,Lord Garmadon with Single Torso (Legacy),5
fig-002828,38,Lasha (Legacy),4
fig-002829,34,Spitta (Legacy),3
fig-002830,36,"Pythor P. Chumsworth, Purple (Legacy)",3
fig-002831,34,Lord Garmadon (Legacy),6
fig-002832,10,Hausner,4
fig-002833,10,Cole / Digi Cole,4
fig-002834,29,Unagami,6
fig-002835,19,Unagami with Trans-Neon Orange Base,8
fig-002836,19,Sushimi,5
fig-002837,19,Cole / Digi Cole with Scabbard,5
fig-002838,26,Red Visor,6
fig-002839,22,Zane / Avatar Zane Pink,4
fig-002840,22,Cole / Avatar Cole,5
fig-002841,22,Harumi / Avatar Harumi,4
fig-002842,22,Nya / Avatar Nya,5
fig-002843,22,Scott,4
fig-002844,22,Okino,4
fig-002845,16,Stone Army Scout (Legacy),5
fig-002846,16,"Lloyd / Golden Ninja, Right Shoulder Armor (Legacy)",5
fig-002847,16,General Kozu (Legacy),7
fig-002848,28,Nya / Digi Nya,5
fig-002849,7,Nindroid with Neck Bracket (Legacy),4
fig-002850,7,Nindroid with Short Legs and Back Connector (Legacy),9
fig-002851,7,Zane / Golden Ninja (Legacy),4
fig-002852,7,Nindroid Warrior with Single Sided Head (Legacy),4
fig-002853,16,Scott with Neck Bracket,5
fig-002854,8,"Jay, Merchant",5
fig-002855,12,Nindroid (Legacy),3
fig-002856,13,Nuckal (Legacy),8
fig-002857,13,Kruncha (Legacy),8
fig-002858,13,Samurai X / Nya (Legacy),7
fig-002859,12,Lloyd / Golden Ninja (Legacy),4
fig-002860,12,Stone Army Scout with Short Legs and Quiver (Legacy),5
fig-002861,27,Blizzard Warrior / Samurai,5
fig-002862,13,Lloyd with Hair (Secrets of the Forbidden Spinjitzu),6
fig-002863,24,Zane FS,4
fig-002864,24,Lloyd (Secrets of the Forbidden Spinjitzu),5
fig-002865,9,Lloyd in Sons of Garmadon Outfit (Legacy),4
fig-002866,19,Jay FS,4
fig-002867,19,Zane (Secrets of the Forbidden Spinjitzu),5
fig-002868,2,Wyplash (Legacy),7
fig-002869,21,Pyro Whipper with Shoulder Armor,4
fig-002870,21,Nya FS,4
fig-002871,18,Kai (Sons of Garmadon),6
fig-002872,18,Luke Cunningham,6
fig-002873,24,Shark Army Thug with Yellow Arms,4
fig-002874,23,Kai with Hair and Shoulder Armor (LEGO Ninjago Movie),5
fig-002875,23,Misako (Koko) / Lady Iron Dragon,6
fig-002876,17,Ray with Conical Hat,4
fig-002877,26,Cole (LEGO Ninjago Movie),5
fig-002878,20,Fred Finley,4
fig-002879,20,Mike the Spike,4
fig-002880,20,Crusher,5
fig-002881,23,Nails,5
fig-002882,23,Ultra Violet,6
fig-002883,23,Skip Vicious,6
fig-002884,23,Zane in Snake Jaguar Disguise (Sons of Garmadon),6
fig-002885,23,Lloyd in Spinjitzu Masters Outfit (Sons of Garmadon),5
fig-002886,23,Lloyd with Scabbard (Sons of Garmadon),6
fig-002887,24,Zane with Hair and Quiver (LEGO Ninjago Movie),5
fig-002888,24,Stone Snake Temple Guardian Statue,5
fig-002889,24,Nya with Hair and Skirt (LEGO Ninjago Movie),5
fig-002890,24,Kai with Hair and Scabbard (LEGO Ninjago Movie),5
fig-002891,26,Lord Garmadon in Jungle Outfit (LEGO Ninjago Movie),6
fig-002892,56,"Skeleton, Standard Face, Bent Arms, Vertical Hand Clips, 60115 Torso",6
fig-002893,28,Master Wu in White Robes (LEGO Ninjago Movie),6
fig-002894,24,Cole with Hair in Bun (LEGO Ninjago Movie),4
fig-002895,24,Jay with Hair (LEGO Ninjago Movie),4
fig-002896,24,Lloyd with Hair (LEGO Ninjago Movie),4
fig-002897,5,Cole with Top Knot,4
fig-002898,19,Kai (Hunted),5
fig-002899,27,Jet Jack,5
fig-002900,25,Kai with Scabbard (Hunted),6
fig-002901,32,Heavy Metal / Faith with Hat,5
fig-002902,25,Cole with Bandana (Hunted),5
fig-002903,29,Chew Toy,6
fig-002904,26,Skullbreaker,5
fig-002905,10,Dragon Hunter with Dark Brown Hat,4
fig-002906,25,Arkade,5
fig-002907,25,Kai with Scabbard (Hunted),6
fig-002908,25,Cole with Orange Asian Symbol on Head Wrap (Hunted),5
fig-002909,25,Dragon Master / Master Wu (Hunted),6
fig-002910,22,Nomis / Hot Dog Guy,4
fig-002911,22,Nancy,4
fig-002912,45,Lord Garmadon (LEGO Ninjago Movie),5
fig-002913,38,Lloyd (LEGO Ninjago Movie),5
fig-002914,22,Hammer Head,5
fig-002915,23,Steve,4
fig-002916,23,Four Eyes,5
fig-002917,23,General #1,4
fig-002918,20,Officer Toque,4
fig-002919,20,Ham,4
fig-002920,20,Nya in Leather Jacket,4
fig-002921,25,Shark Army Thug,4
fig-002922,54,Lloyd Garmadon in Dark Green Hoodie,4
fig-002923,23,Master Wu with Tan Hat,5
fig-002924,23,Lloyd with Shoulder Armor (Hands of Time),5
fig-002925,23,Jay with Shoulder Armor (Hands of Time),5
fig-002926,27,Commander Blunck,5
fig-002927,23,"Time Twin, Young (Acronix)",5
fig-002928,23,"Time Twin, Old (Krux)",5
fig-002929,15,Tannin,4
fig-002930,15,Jay (Hands of Time),4
fig-002931,55,Jay (LEGO Ninjago Movie),5
fig-002932,23,Lauren,4
fig-002933,23,Kai in Fire Mech Outfit (LEGO Ninjago Movie),5
fig-002934,23,Jelly with Neck Bracket,7
fig-002935,23,Henry,4
fig-002936,23,Hammer Head with Black Beard,5
fig-002937,18,Takuma,4
fig-002938,18,Jelly,5
fig-002939,18,Hammer Head,5
fig-002940,24,Shark Army Great White with Scuba Airtanks,5
fig-002941,20,Pat,4
fig-002942,22,Lord Garmadon with Cloth Robes (LEGO Ninjago Movie),6
fig-002943,55,Shark Army Gunner / Charlie,4
fig-002944,19,Torben,4
fig-002945,19,Patty Keys,4
fig-002946,19,Shark Army Angler,5
fig-002947,23,Crusty,5
fig-002948,23,Ed Walker,4
fig-002949,23,Edna Walker,4
fig-002950,23,Jelly with Dark Red Beard,5
fig-002951,17,Cole (LEGO Ninjago Movie),5
fig-002952,17,Shen-Li,5
fig-002953,53,Tommy,4
fig-002954,53,Severin Black,4
fig-002955,53,Sally,4
fig-002956,53,Officer Noonan,4
fig-002957,53,Mother Doomsday with Galidor Logo on Shirt,4
fig-002958,53,Misako (Koko),4
fig-002959,53,Mannequin with Pearl Gold Hood,4
fig-002960,53,Mannequin with Hat and Scarf,5
fig-002961,53,Konrad,7
fig-002962,53,Kai with Hair and Open Red Jacket (LEGO Ninjago Movie),4
fig-002963,53,Juno,4
fig-002964,53,Jamanakai Villager,5
fig-002965,53,Ivy Walker,4
fig-002966,53,Guy,4
fig-002967,53,Green Ninja Suit,5
fig-002968,26,Kai with Scabbard (Skybound),5
fig-002969,16,Zane in Prison Outfit,4
fig-002970,16,Prison Guard,4
fig-002971,16,Giant Stone Warrior,7
fig-002972,16,Captain Soto,5
fig-002973,26,Flintlocke with Epaulettes,7
fig-002974,23,Lloyd with Large Shoulder Armour (Skybound),6
fig-002975,23,Jay with Eyepatch (Skybound),5
fig-002976,18,Clancee with Epaulettes,4
fig-002977,18,Doubloon with Epaulettes,6
fig-002978,18,Zane (Skybound),5
fig-002979,20,Lloyd (Skybound),4
fig-002980,7,Krazi,7
fig-002981,4,Cole ZX,4
fig-002982,27,Acidicus,3
fig-002983,29,Chokun,3
fig-002984,27,Skalidor,3
fig-002985,29,Master Wu with Pearl Gold Hat,5
fig-002986,6,Zane ZX,4
fig-002987,17,Skeleton with Round Brick Head and Round Red Plate Base (Bowling Pin),7
fig-002988,18,Chopov,6
fig-002989,20,Lord Garmadon / Overlord (The Final Battle),7
fig-002990,25,Scout with Yellow Face,5
fig-002991,27,Swordsman with Blue Face,5
fig-002992,2,Dareth with Gold Decorations on Legs,4
fig-002993,2,Nindroid Warrior with Single Sided Head (Rebooted),4
fig-002994,14,Kai NRG,4
fig-002995,5,Scout with Blue Face,5
fig-002996,5,Swordsman with Yellow Face,5
fig-002997,18,Cole (The Final Battle),4
fig-002998,14,Zane (The Final Battle),4
fig-002999,14,General Kozu (The Final Battle),7
fig-003000,19,Warrior (The Final Battle),7
fig-003001,10,Kai (The Final Battle),4
fig-003002,18,Zane in Damaged Techno Robes (Rebooted),5
fig-003003,18,Nindroid Drone with Neck Bracket,4
fig-003004,32,Nindroid Warrior,4
fig-003005,18,Pixal / P.I.X.A.L (Rebooted),4
fig-003006,17,Nindroid Warrior with Plain Legs,4
fig-003007,17,Nindroid Warrior with Neck Bracket,5
fig-003008,40,Ghost Scythe Master Ghoultar,6
fig-003009,31,"Skeleton, Standard Face, Angular Rib Cage, Bent Arms, Vertical Hand Clips",6
fig-003010,34,Samurai X / Nya (Possession) /  (Tournament of Elements),7
fig-003011,34,"Lloyd, Possessed",5
fig-003012,46,Kai in Deepstone Shoulder Armor (Possession),5
fig-003013,46,Jay in Deepstone Shoulder Armor (Possession),5
fig-003014,13,Cole (Tournament of Elements),5
fig-003015,21,Ghost Warrior Wail,5
fig-003016,21,Ghost Warrior Ghurka,6
fig-003017,33,Ghost Blade Master Bansha,5
fig-003018,21,Jay in Deepstone Armor with Neck Bracket (Possession),5
fig-003019,23,Kapau,4
fig-003020,17,Lloyd with Hair (Tournament of Elements),5
fig-003021,29,Chop'rai,4
fig-003022,21,"Pythor P. Chumsworth, White (Tournament of Elements)",3
fig-003023,21,Garmadon,4
fig-003024,20,Nindroid Warrior with Neck Bracket with Stud,5
fig-003025,20,"Master Wu, Evil (Rebooted)",5
fig-003026,20,Lloyd in Techno Robe Outfit (Rebooted),5
fig-003027,20,Sensei Garmadon,4
fig-003028,13,Lloyd in Techno Robe Outfit and Shoulder Armor (Rebooted),6
fig-003029,13,Cyrus Borg / OverBorg (Rebooted),4
fig-003030,23,Jay in Techno Robe Outfit (Rebooted),5
fig-003031,25,Cole in Techno Robe Outfit (Rebooted),5
fig-003032,24,Ghost Warrior Cowler with Scabbard,6
fig-003033,36,Ghost Ninja Hackler / Warrior Yokai with Scabbard,5
fig-003034,19,Cole in Jungle Robes (Tournament of Elements),4
fig-003035,38,Master Wu (Possession),5
fig-003036,44,Nya with Shoulder Armor (Possession),5
fig-003037,32,Morro with Tattered Cape,6
fig-003038,44,Lloyd in Deepstone Shoulder Armor (Possession),5
fig-003039,32,Ghost Bow Master Soul Archer with Legs,5
fig-003040,39,Zane in Deepstone Shoulder Armor (Possession),5
fig-003041,24,Ghost Blade Master Bansha with Legs,5
fig-003042,19,Cyren in Belt Outfit with Scabbard,5
fig-003043,19,Jay with Scabbard (Skybound),5
fig-003044,18,Frakjaw with Goggles and Shoulder Armor,9
fig-003045,18,Krazi in Red and Black Jester Hat,7
fig-003046,18,Nya with Bob Hair (Skybound),5
fig-003047,18,Ronin with Scabbard,6
fig-003048,16,Zane in Honor Robes with Hair (Day of the Departed),5
fig-003049,16,Nindroid with Neck Bracket (Day of the Departed),4
fig-003050,16,Nindroid (Day of the Departed),3
fig-003051,17,Chope,4
fig-003052,29,Ghost Warrior Pitch,6
fig-003053,29,Ghost Bow Master Soul Archer,5
fig-003054,7,Jay (Tournament of Elements),4
fig-003055,6,Nitro,6
fig-003056,4,Zane with Neck Bracket (Sons of Garmadon),6
fig-003057,12,Jay with Neck Bracket (The Final Battle),5
fig-003058,24,Jay in Techno Robes Outfit with Shoulder Armor (Rebooted),6
fig-003059,24,Lloyd in Stone Warrior Armor Outfit (Rebooted),6
fig-003060,25,Nindroid Drone,3
fig-003061,24,Overlord / Golden Master (Rebooted),5
fig-003062,24,Samurai X / Nya (Rebooted),7
fig-003063,24,Zane in Stone Warrior Armor Outfit (Rebooted),6
fig-003064,24,Ronin with Dark Red Hat (Possession),6
fig-003065,24,Kai in Deepstone Armor (Possession),4
fig-003066,35,Master Yang Statue with 1 x 2 Plate Base,6
fig-003067,35,Master Wu with Ornate Gold Robe,5
fig-003068,35,Postman,4
fig-003069,35,Misako,4
fig-003070,35,Jesper,5
fig-003071,35,Dareth,4
fig-003072,35,Claire,4
fig-003073,24,Clouse (Tournament of Elements),4
fig-003074,20,Ghost Student,4
fig-003075,20,Nya in Airjitzu Outfit,4
fig-003076,20,Lloyd in Airjitzu Outfit,4
fig-003077,20,Master Yang,5
fig-003078,10,Zane with Hair (Day of the Departed),4
fig-003079,10,Nya with Hair (Day of the Departed),4
fig-003080,20,Nya (Hunted),4
fig-003081,20,Lloyd with Neck Bracket and Tile with Clip (Hunted),7
fig-003082,12,Kai in Jungle Robes (Tournament of Elements),4
fig-003083,32,"Rubeus Hagrid, Reddish Brown Overcoat",3
fig-003084,18,"Hermione Granger, Gryffindor Sweater with Time Turner, Cape",5
fig-003085,11,"Harry Potter, Gryffindor Sweater, Black Cape",5
fig-003086,29,"Dementor, Sand Green",7
fig-003087,22,"Sirius Black, Dark Bluish Gray Prison Outfit",4
fig-003088,24,CyberByter,10
fig-003089,21,Clay Moorington with Tran-Orange Visor,5
fig-003090,22,InfectoByter / MechaByter,4
fig-003091,21,MegaByter / Fred,5
fig-003092,16,Pola,5
fig-003093,20,Aaron Fox with Trans-Neon Orange Visor,6
fig-003094,20,VanByter No. 307,5
fig-003095,20,Robin Underwood with Helmet,5
fig-003096,20,VanByter No. 407,4
fig-003097,20,Jestro in Orange and Blue Outfit,5
fig-003098,20,Axl with Pearl Gold Torso,7
fig-003099,17,Berserker,7
fig-003100,17,Macy Halbert with Pearl Gold Armor,7
fig-003101,27,Stone Stomper,4
fig-003102,29,Macy Halbert with Trans-Neon Orange Visor,7
fig-003103,29,Jestro in Bright Light Orange and Dark Purple Outfit with Tattered Cape,5
fig-003104,35,Lance Richmond with Trans-Neon Orange Visor and Shoulder Armor,6
fig-003105,30,Ava Prentis,4
fig-003106,27,Gargoyle with Dark Purple and Trans-Blue Wings,9
fig-003107,16,Cezar,17
fig-003108,16,CyberByter Dennis,12
fig-003109,16,Lance Richmond with Trans-Neon Orange Visor and Shoulder Armor with Orange Chest Emblem,6
fig-003110,4,Royal Soldier with Trans-Neon Orange Armor with 2 x 2 Tile with Stud on Back,6
fig-003111,4,Nexo Knight Soldier with Helmet with Trans-Neon Orange Plume,5
fig-003112,4,Nexo Knight Soldier with Trans-Neon Orange Armor,6
fig-003113,17,Ruina,4
fig-003114,37,Aaron Fox with Trans-Neon Orange Visor and Silver Armor,6
fig-003115,17,Queen Halbert with Shoulder Armor,5
fig-003116,4,Stone Monster with Short Legs and Large Spikes,6
fig-003117,23,Stone Stomper with No Headwear,3
fig-003118,6,Gargoyle,9
fig-003119,18,Harpy,9
fig-003120,24,Clay Moorington with Trans-Orange Visor and Silver Armor,6
fig-003121,25,General Garg,9
fig-003122,25,Clay Moorington / Stone Clay,6
fig-003123,17,Roog,4
fig-003124,17,Reex,4
fig-003125,29,Axl with Trans-Neon Orange Visor,7
fig-003126,14,Royal Soldier with Trans-Neon Orange Armor,5
fig-003127,34,Stone Statue,4
fig-003128,34,Stone Stomper with Small Cracks,4
fig-003129,34,Robin Underwood with Short Legs and Hair,4
fig-003130,34,King's Guard with Trans-Neon Orange Armor,5
fig-003131,34,King Halbert in Blue Outfit,6
fig-003132,34,Fancy Pants,10
fig-003133,26,Rogul,4
fig-003134,17,Lance Bot with White Helmet,12
fig-003135,13,Macy Bot with Red Helmet,11
fig-003136,17,Royal Soldier with Dark Azure Armor,5
fig-003137,23,Lord Krakenskull,6
fig-003138,23,Aaron Bot with Green Helmet,10
fig-003139,23,Thief Bot / Robot Hoodlum,11
fig-003140,25,Axl Bot with Bright Light Orange Helmet,10
fig-003141,13,Axl in Battle Suit Outfit,7
fig-003142,6,Clay Moorington with Dark Blue Armor,6
fig-003143,23,Clay Bot with Blue Helmet and Visor,11
fig-003144,6,Skylor with Hood,5
fig-003145,6,Ash,4
fig-003146,6,Shade,5
fig-003147,10,"Jay, Avatar",4
fig-003148,3,Oni Villain with Large Horns (Omega),8
fig-003149,3,Oni Villain,5
fig-003150,3,Oni Villain with Short Legs,6
fig-003151,9,Blizzard Archer with Trans-Light Blue Horns,6
fig-003152,9,Clutch Powers with Utility Belt,5
fig-003153,9,Kai in Secrets of the Forbidden Spinjitzu Outfit (Legacy),5
fig-003154,6,Jay in Black Training Gi,4
fig-003155,8,Sky Pirate with Scabbard,5
fig-003156,8,Zane in Damaged Robes (Tournament of Elements),4
fig-003157,8,Sky Pirate with Turban,4
fig-003158,8,Samurai X / Nya in Black Outfit with Armor,7
fig-003159,43,Runme,4
fig-003160,43,Runje,6
fig-003161,43,Runde,4
fig-003162,43,Private Puffer,5
fig-003163,43,Mystake,4
fig-003164,43,"Lil' Nelson, White Gi",4
fig-003165,43,Dareth in Black Training Gi,4
fig-003166,43,Cole with Leather Jacket,4
fig-003167,43,Chan Kong-Sang,4
fig-003168,43,Chad,4
fig-003169,43,Betsy,4
fig-003170,20,Squire Bot,10
fig-003171,6,Nexo Knight Soldier with Blue Helmet,5
fig-003172,6,Nexo Knight Soldier with Blue Helmet with Wide Brim,5
fig-003173,2,Pilot Bot,11
fig-003174,20,Flame Thrower,5
fig-003175,22,Flama,5
fig-003176,22,General Magmar,6
fig-003177,28,Clay Moorington with Rounded Shoulder Armor,6
fig-003178,31,Scurrier,4
fig-003179,14,Clay Bot with Blue Helmet with Silver Visor,11
fig-003180,34,Ash Attacker with Orange Horns,7
fig-003181,21,Crust Smasher with Shoulder Armor,5
fig-003182,18,Ash Attacker with Wings and Orange Horns,11
fig-003183,18,Aaron Fox with Tile with Clip on Back,7
fig-003184,32,Axl with Flat Silver Torso,7
fig-003185,24,Axl Bot with Silver Helmet,10
fig-003186,22,Beast Master,4
fig-003187,31,Macy Halbert with Rounded Shoulder Armor,7
fig-003188,18,Moltor,4
fig-003189,18,Aaron Fox with 1 x 2 Plate with Clip on Back,7
fig-003190,16,Macy Halbert / Ultimate Macy,7
fig-003191,16,Aaron Fox / Ultimate Aaron,6
fig-003192,13,Axl / Ultimate Axl,7
fig-003193,16,Beast Master / Ultimate Beast Master,5
fig-003194,11,Clay Moorington / Ultimate Clay,6
fig-003195,14,Flama / Ultimate Flama,5
fig-003196,13,General Magmar / Ultimate General Magmar,6
fig-003197,13,Lance Richmond / Ultimate Lance,6
fig-003198,13,Lavaria / Ultimate Lavaria,9
fig-003199,6,Clay Moorington / Kid Clay,4
fig-003200,31,Lance Richmond with Flat Silver Visor and Armor,6
fig-003201,12,Macy Bot with Silver Helmet,11
fig-003202,13,Lance Bot with Silver Helmet,10
fig-003203,29,"Scurrier, Black",4
fig-003204,29,Lavaria with Cape,5
fig-003205,30,Jestro with Red and Dark Purple Outfit,5
fig-003206,29,Bookkeeper,4
fig-003207,17,Queen Halbert with Cape,5
fig-003208,17,Aaron Fox with Flat Silver Visor and Armor,6
fig-003209,16,King's Bot,10
fig-003210,16,King Halbert in Gold Outfit,6
fig-003211,4,Crust Smasher with Armor Torso Print,5
fig-003212,4,Crust Smasher with Quiver,5
fig-003213,4,Ash Attacker with Flat Silver Horns,7
fig-003214,4,Flame Thrower with Armor,5
fig-003215,19,Whiperella,4
fig-003216,25,Scurrier with Bushy Eyebrows,4
fig-003217,25,Scurrier with Large Yellow Eyes and Two Long Front Teeth,4
fig-003218,25,Chef Eclair,10
fig-003219,25,Aaron Fox with Two Tiles with Clips on Back,8
fig-003220,23,Jessie with Molded Head,3
fig-003221,18,Stinky Pete,3
fig-003222,17,Gabby Gabby,5
fig-003223,32,Buzz Lightyear,7
fig-003224,29,Bo Peep,5
fig-003225,23,Bunny,3
fig-003226,23,"Woody, Scared / Happy",4
fig-003227,22,Alien with Magenta Collar,3
fig-003228,15,Duke Caboom,6
fig-003229,18,Rex with Tan Underside,5
fig-003230,18,Jessie with Bow in Hair,5
fig-003231,4,Green Army Man Medic with Backpack,6
fig-003232,14,Zurg,6
fig-003233,22,Lots-o'-Huggin' Bear with Dirt Stains,3
fig-003234,15,Twitch,6
fig-003235,15,Jessie with Dirt Stains,3
fig-003236,15,Buzz Lightyear with Dirt Stains,7
fig-003237,10,Chunk,3
fig-003238,10,Lots-o'-Huggin' Bear,3
fig-003239,19,Woody with Dirt Stains,3
fig-003240,19,Alien with Purple Stain on Face,3
fig-003241,19,Alien with Yellow Stain on Face,3
fig-003242,0,Scooby-Doo with Tongue Hanging Out,2
fig-003243,20,Fred Jones,4
fig-003244,31,Shaggy Rogers,4
fig-003245,20,Zombie / Zeke,3
fig-003246,14,Scooby-Doo Sitting Down,2
fig-003247,19,Headless Horseman / Elwood Crane,5
fig-003248,19,Scooby-Doo Sitting Down with Goggles,2
fig-003249,20,"Scooby-Doo with Scared, Clenched Teeth",2
fig-003250,32,Scooby-Doo,2
fig-003251,27,Black Knight / Mr. Wickles,6
fig-003252,32,Daphne Blake,4
fig-003253,27,Ghost / Bluestone the Great,4
fig-003254,27,Vampire / Bob Oakley,6
fig-003255,27,Velma Dinkley,4
fig-003256,16,Mummy / Dr. Najib,4
fig-003257,24,"Scooby-Doo Sitting Down with Scared, Clenched Teeth",2
fig-003258,24,Swamp Monster / Mr. Brown,4
fig-003259,24,Lighthouse Keeper / Verona Dempsey,4
fig-003260,24,Shaggy Rogers with Starfish and Seaweed on Shirt,4
fig-003261,20,SpongeBob Squarepants,3
fig-003262,28,Patrick Star,3
fig-003263,20,Squidward Tentacles,3
fig-003264,17,Mr. Krabs,3
fig-003265,20,Mrs. Puff,3
fig-003266,20,SpongeBob Squarepants with Tongue Sticking Out and Lever on Head,4
fig-003267,22,"SpongeBob Squarepants with Wide Eyes and Open Mouth, Scared",3
fig-003268,18,Patrick Star in Astronaut Suit,3
fig-003269,18,SpongeBob Squarepants in Astronaut Suit,3
fig-003270,18,Sandy Cheeks in Astronaut Suit,5
fig-003271,12,Bikini Bottom Express Bus Driver,4
fig-003272,16,SpongeBob Squarepants with Bandages,3
fig-003273,16,Bikini Bottom Doctor,3
fig-003274,19,Squidward Tentacles with Molded Head,3
fig-003275,19,SpongeBob Squarepants with Smile and Red Cheeks,3
fig-003276,19,Patrick Star with Tongue Hanging Out,3
fig-003277,17,SpongeBob Squarepants with Big Smile with Bottom Teeth,3
fig-003278,17,Mr. Krabs with Large Grin,3
fig-003279,12,Bikini Bottom Ice Cream Vendor,4
fig-003280,12,SpongeBob Squarepants with Big Smile with No Bottom Teeth,3
fig-003281,12,Sandy Cheeks with White Legs,5
fig-003282,12,Patrick Star with Bib and Ice Cream Stains,3
fig-003283,10,SpongeBob Squarepants in Super Hero Outfit,4
fig-003284,10,Patrick Star in Super Hero Outfit,4
fig-003285,29,Mrs. Puff with Flower,3
fig-003286,29,Patrick Star with Lei and Sunglasses,3
fig-003287,29,SpongeBob Squarepants with Lei,3
fig-003288,29,Squidward Tentacles with Lei,3
fig-003289,17,SpongeBob Squarepants in Pirate Outfit,5
fig-003290,17,Patrick Star in Pirate Outfit,3
fig-003291,17,Flying Dutchman,4
fig-003292,26,"Crook, Dark Red Tracksuit",4
fig-003293,27,Mojo Jojo,6
fig-003294,21,Bubbles,3
fig-003295,19,Princess Morbucks,5
fig-003296,30,Blossom,3
fig-003297,24,Zombie Groom,4
fig-003298,24,Zombie Bride,4
fig-003299,33,Jack McHammer,5
fig-003300,21,Werewolf,3
fig-003301,29,Major Quinton Steele,4
fig-003302,19,Mummy,3
fig-003303,28,Ann Lee,5
fig-003304,17,Swamp Creature,4
fig-003305,29,Frank Rock,4
fig-003306,17,Lord Vampyre,4
fig-003307,34,Doctor Rodney Rathbone,4
fig-003308,4,Ghost with Ball and Chain,7
fig-003309,22,Ghost with Open Mouth and Brick Built Legs,5
fig-003310,7,Witch (CMF),4
fig-003311,7,Zombie in Reddish Brown Suit,3
fig-003312,26,Crazy Scientist,4
fig-003313,26,Monster / Frankenstein,4
fig-003314,22,"Skeleton, Standard Face, Ball Joint Arms (3626c Head)",6
fig-003315,22,Monster Butler / Frankenstein,4
fig-003316,34,Lord Vampyre's Bride,4
fig-003317,22,Zombie Chef,4
fig-003318,31,Bat Monster,4
fig-003319,13,Michelangelo with Big Smile,4
fig-003320,37,Foot Soldier,3
fig-003321,15,Leonardo with Dirt Stains,4
fig-003322,15,Karai with Bright Light Yellow and Black Hair,4
fig-003323,21,Foot Soldier with Tactical Vest (2014 Movie),3
fig-003324,21,Raphael with Clenched Teeth (2014 Movie),4
fig-003325,21,Leonardo (2014 Movie),5
fig-003326,21,Karai with Dark Red and Black Hair (2014 Movie),4
fig-003327,21,April O'Neil with Long Hair (2014 Movie),4
fig-003328,26,Raphael,4
fig-003329,19,April O'Neil,4
fig-003330,19,Donatello with Clenched Teeth,4
fig-003331,19,Baxter Stockman,5
fig-003332,32,The Kraang with Medium Blue Armor,3
fig-003333,25,Leonardo with Clenched Teeth,4
fig-003334,25,Foot Soldier with Dark Red Legs,3
fig-003335,25,Dogpound,4
fig-003336,19,Fishface,5
fig-003337,26,Foot Soldier with Four Arms,4
fig-003338,26,Michelangelo with Dirt Stains,4
fig-003339,26,Raphael with Clenched Teeth,4
fig-003340,26,Shredder with Dark Purple Cape,6
fig-003341,14,"Donatello, Angry",4
fig-003342,14,Shredder with Dark Blue Cape,6
fig-003343,14,Raphael with Dark Gray Outfit,4
fig-003344,14,Victor,3
fig-003345,14,Spider Bytez,11
fig-003346,22,Michelangelo in Orange Outfit,4
fig-003347,22,Donatello in Purple Outfit,4
fig-003348,22,"Dr. O'Neil, Mutated",4
fig-003349,18,Vern (2014 Movie),4
fig-003350,28,Foot Soldier with Face Wrap (2014 Movie),3
fig-003351,18,Michelangelo (2014 Movie),4
fig-003352,18,Raphael (2014 Movie),4
fig-003353,26,Donatello in Scuba Gear,4
fig-003354,26,Leatherhead,4
fig-003355,26,Leonardo in Scuba Gear,4
fig-003356,26,The Kraang with Light Bluish Gray Armor and Neck Bracket with Horn,5
fig-003357,24,Splinter with Legs,3
fig-003358,24,Leonardo with Scabbard (2014 Movie),5
fig-003359,24,Shredder with Dark Blue Cape (2014 Movie),6
fig-003360,24,Donatello with Goggles (2014 Movie),5
fig-003361,24,Warrior Statue,4
fig-003362,24,Splinter,3
fig-003363,24,Raphael Looking Up,4
fig-003364,24,Leonardo Looking Up,4
fig-003365,24,Dark Ninja,4
fig-003366,30,Agent Trey Swift,4
fig-003367,17,Spyclops,10
fig-003368,18,Terabyte with Dark Orange Hair,4
fig-003369,18,Electrolyzer with Neck Bracket,5
fig-003370,23,Agent Steve Zeal,4
fig-003371,24,Agent Jack Fury with Helmet and Shoulder Armor,5
fig-003372,18,Agent Caila Phoenix with Helmet,4
fig-003373,21,Agent Caila Phoenix with Dark Azure Hair,4
fig-003374,27,AntiMatter,5
fig-003375,21,Agent Max Burns with Helmet and Shoulder Armor,5
fig-003376,30,Agent Solomon Blaze,4
fig-003377,11,Agent Curtis Bolt,4
fig-003378,11,Professor Brainstein with Mechanical Spider Legs,26
fig-003379,21,Agent Chase with Armor,5
fig-003380,18,Dr. D. Zaster,4
fig-003381,22,"Agent Charge with Armor, 3626b Head",5
fig-003382,22,Agent Swift with Armor,5
fig-003383,22,Magma Commander,5
fig-003384,22,Magma Drone,5
fig-003385,17,"Sunset with Beach and Palm Trees Silhouette on Shirt, Tan Legs, Red Sunglasses",4
fig-003386,17,"Man, Floating Classic Spaceman on Shirt, Tan Legs",4
fig-003387,17,Female with Rainbow Stars on Tank Top and White Legs,4
fig-003388,17,Dr. Inferno with Metallic Silver Claw,5
fig-003389,35,"Policewoman, Dark Blue Suit and Tie, Dark Brown Bun Hair",4
fig-003390,21,Astor City Guard,4
fig-003391,21,Agent Caila Phoenix,4
fig-003392,21,Agent Jack Fury with Neck Bracket,5
fig-003393,21,Psyclone with Neck Bracket,5
fig-003394,17,Infearno,5
fig-003395,8,Agent Max Burns,4
fig-003396,8,Adam Acid,4
fig-003397,21,Retox,4
fig-003398,21,Toxikita,4
fig-003399,21,Agent Curtis Bolt with Neck Bracket and Goggles,6
fig-003400,21,Astor City Scientist,4
fig-003401,16,Agent Jack Fury,4
fig-003402,16,Tremor,4
fig-003403,20,Terabyte,4
fig-003404,20,Professor Christina Hydron,4
fig-003405,20,Agent Curtis Bolt with Goggles,5
fig-003406,20,Agent Caila Phoenix with Neck Braces,5
fig-003407,20,Toxikita with Armor,6
fig-003408,20,Professor Brainstein,4
fig-003409,25,Sharx,8
fig-003410,25,Agent Max Burns with Helmet and Shoulder Armor with White Arms,5
fig-003411,20,Drillex,6
fig-003412,20,Agent Curtis Bolt with Neck Bracket,5
fig-003413,17,Invizable,4
fig-003414,14,"Batman, Dark Bluish Gray Suit, Black Cape and Cowl, Light Nougat Head, Dark Bluish Gray Hips, Muscles Outline",5
fig-003415,14,Gandalf (Dimensions),6
fig-003416,21,"Wyldstyle with Dual Sided Head, Open Mouth Smile / Angry",5
fig-003417,9,Chell,4
fig-003418,14,ACU Trooper with Sand Blue Armor,5
fig-003419,25,"Owen Grady with Reddish Brown Vest, and Dark Bluish Gray Legs with Holster",4
fig-003420,11,Gollum,3
fig-003421,7,Legolas (Dimensions),4
fig-003422,15,The Joker with Blue Vest (Dimensions),4
fig-003423,29,"Batman, Light Bluish Gray Suit, Blue Cowl and Cape",5
fig-003424,22,Lex Luthor with Green Legs and Shoulder Armor,4
fig-003425,11,"Voldemort, Black Cape (Dimensions) (3626c Head)",4
fig-003426,11,"Harry Potter, Gryffindor Sweater with Crest (Dimensions)",4
fig-003427,12,Raven,5
fig-003428,12,Beast Boy,4
fig-003429,18,Belle - Microdoll,4
fig-003430,18,Beast - Microdoll,3
fig-003431,7,Marceline the Vampire Queen,4
fig-003432,11,Sloth,4
fig-003433,11,Gizmo,3
fig-003434,11,Stripe (Gremlin),3
fig-003435,10,Robin with Green Eyes (Dimensions),5
fig-003436,10,"Batgirl, Dark Purple Suit, Yellow Cape, Dark Purple Cowl (3626cpr2229)",7
fig-003437,29,Supergirl with Blue Gloves,5
fig-003438,38,Lena Luthor,4
fig-003439,36,Supergirl,5
fig-003440,36,Poison Ivy with Wrap Skirt,4
fig-003441,26,Mad Harriet,4
fig-003442,26,"Batgirl, Medium Lavender Suit, Wings",5
fig-003443,28,The Flash with Hair,4
fig-003444,28,Eclipso,6
fig-003445,28,Wonder Woman with Red Gloves,4
fig-003446,24,Harley Quinn with Argyle Sweater,4
fig-003447,24,Steve Trevor,4
fig-003448,13,Ogel Minion / Super Ice Drone,4
fig-003449,12,Tee Vee,7
fig-003450,22,Hero with White Shirt and Radio in Belt,4
fig-003451,22,"Hero, Female",4
fig-003452,27,"Hero, Pilot with Goggles",5
fig-003453,18,Hero with Orange Sunglasses,4
fig-003454,21,Hero with Fedora,4
fig-003455,20,Hero with Jacket with Zipper,4
fig-003456,16,Hero with Utility Vest,4
fig-003457,17,Digger with Rope Bundle,4
fig-003458,17,Shadow with Ammo Belt,5
fig-003459,17,Specs with Tools on Vest,5
fig-003460,17,Viper with Knife on Vest,4
fig-003461,17,Viper with Binoculars Hanging Round Neck,4
fig-003462,17,Specs with Ammo Belt,4
fig-003463,17,Digger with Knife on Vest,4
fig-003464,44,Aira Windwhistler in Dark Purple Outfit,4
fig-003465,40,Farran Leafshade,4
fig-003466,36,Azari Firedancer in Bright Light Orange Outfit,4
fig-003467,38,Skyra,6
fig-003468,38,Emily Jones with Cape,5
fig-003469,38,Naida Riverheart with Cape,5
fig-003470,28,Azari Firedancer with Cape,5
fig-003471,28,Aira Windwhistler with Cape,5
fig-003472,40,Emily Jones with Striped Shirt,4
fig-003473,31,Johnny Baker,4
fig-003474,25,Naida Riverheart with Medium Azure Wrap Skirt,4
fig-003475,24,Aira Windwhistler with Dark Purple Skirt,4
fig-003476,24,Emily Jones with Necklace,5
fig-003477,39,Naida Riverheart with Hood and Cape,5
fig-003478,39,Aira Windwhistler with Hood and Cape,5
fig-003480,39,Ragana Shadowflame,4
fig-003481,33,Emily Jones with Long Cape,5
fig-003482,33,Azari Firedancer with Hood and Cape,5
fig-003483,47,Lumia,4
fig-003484,27,Aira Windwhistler in Dark Purple and Gold Outfit,4
fig-003485,38,Sophie Jones with Closed Mouth,4
fig-003486,38,Goblin King with Necklace,6
fig-003487,38,Emily Jones with Higher Cut Leggings and Necklace,5
fig-003488,34,Rosalyn Nightshade,5
fig-003489,38,Farran Leafshade with Knee High Boots,4
fig-003490,25,"Ariel - Human Form, Pink Dress",5
fig-003491,25,"Prince Eric - White Shirt, Red Belt",4
fig-003492,26,Flynn Rider - Sand Blue Vest,4
fig-003493,26,Rapunzel - Medium Lavender Dress,7
fig-003494,31,"Cinderella - Medium Blue Dress, Bright Light Blue Gloves, Hair Band",4
fig-003495,32,"Prince Charming - Light Blue Shirt, Dark Red Trousers",4
fig-003496,30,Noctura,4
fig-003497,32,Noctura with Cape,5
fig-003498,32,Farran Leafshade with Dark Orange Boots,4
fig-003499,36,"Jawa, Dark Brown Shoulder Strap",4
fig-003500,16,"Luke Skywalker, White Robe, Poncho",5
fig-003501,25,"Tusken Raider, Head Spikes, Shoulder Belt",3
fig-003502,13,"Obi-Wan Kenobi, Old, Tan Robes, Hair, White Pupils, White and Gray Beard",4
fig-003503,40,"Astromech Droid, R2-D2, Flat Silver Dome, Dark Blue Print with Dark Pink Dots",4
fig-003504,11,"Geonosian, Dark Gray, Wings",4
fig-003505,11,"Geonosian, Dark Gray",3
fig-003506,11,"Battle Droid, Geonosian",6
fig-003507,6,"Gamorrean Guard, Plain Head, Brown Torso",3
fig-003508,23,"Astromech Droid, R2-D2, White Dome, 30361a Body",4
fig-003509,25,"C-3PO, Pearl Light Gold",3
fig-003510,6,"Bib Fortuna, Closed Mouth",5
fig-003511,8,"Battle Droid Commander, Two Bent Arms",5
fig-003512,24,"Battle Droid, Two Bent Arms, 1 x 2 Plate on Back",6
fig-003513,11,"Scout Trooper, Yellow Head with Black Visor",4
fig-003514,5,"Luke Skywalker, Black Robes, Yellow Skin, Black Cape and Hood",5
fig-003515,16,"Han Solo, Black Vest, Yellow Skin, Brown Legs",4
fig-003516,18,"Darth Maul, Black Hood and Cape",5
fig-003517,17,"Darth Vader, Light Gray Skin",5
fig-003518,15,"Emperor Palpatine, Yellow Skin",5
fig-003519,21,"Jabba the Hutt, Unprinted",3
fig-003520,11,EV-9D9,6
fig-003521,11,"Luke Skywalker, Black Robes, Yellow Skin, Black Cape",5
fig-003522,11,"Princess Leia, Slave Outfit, Yellow Skin, Neck Bracket",5
fig-003523,23,"Clone Trooper, Phase I Armor, Plain Black Head",4
fig-003524,12,"Snowtrooper, Light Gray Hips",4
fig-003525,12,"AT-AT Driver, White Uniform, Plain Yellow Head",4
fig-003526,15,"Luke Skywalker, Orange Rebel Pilot Outfit, Yellow Skin, Dark Gray Hips",4
fig-003527,9,"Luke Skywalker, Orange Rebel Pilot Outfit, Yellow Skin, Dark Bluish Gray Hips (3626b Head)",4
fig-003528,9,"Dak Ralter, Yellow Skin, Dark Bluish Gray Hips",4
fig-003529,9,"Rebel Trooper in Hoth Uniform, White Hat, Yellow Skin, Backpack, White Goggles",6
fig-003530,15,"Greedo, Dark Turquoise Skin",3
fig-003531,15,"Han Solo, Black Vest, Yellow Skin, Dark Blue Legs",4
fig-003532,15,"Obi-Wan Kenobi, Old, Yellow Skin, Light Bluish Gray Hair (3626b Head)",4
fig-003533,15,"Sandtrooper Squad Leader / Captain, Orange Pauldron, Neck Bracket, Plain Yellow Head",6
fig-003534,27,"Yoda, Plain Sand Green Head",3
fig-003535,16,"Luke Skywalker, Dagobah Outfit, Yellow Skin, Sand Green Tank Top with Neck Bracket",5
fig-003536,24,"Astromech Droid, R2-D2, White Dome, 30361c Body",4
fig-003537,19,"Princess Leia, Hoth Outfit, Tan Jacket, Reddish Brown Hair",4
fig-003538,18,"Luke Skywalker, Orange Rebel Pilot Outfit, Dark Bluish Gray Hips, Black Eyes",4
fig-003539,13,"Han Solo, Hoth Outfit, Dark Blue Jacket, Reddish Brown Legs",4
fig-003540,13,"Wedge Antilles, Plain Legs",4
fig-003541,16,"Astromech Droid, R2-D5",4
fig-003542,21,"Darth Vader, Light Bluish Gray Skin, Scarred Right Cheek, No Eyebrows",5
fig-003543,24,"Royal Guard, Red Hands",5
fig-003544,16,"Stormtrooper, Plain Light Nougat Head, Solid Nose Vent",4
fig-003545,24,"Grand Moff Wilhuff Tarkin, Dark Bluish Gray, Smooth Hair",4
fig-003546,16,"Imperial Officer / Captain / Commandant / Commander, Dark Bluish Gray Uniform, Cavalry Cap, Black Eyes",4
fig-003547,17,"Astromech Droid, R2-D2, White Dome, Dark Bluish Gray Serving Tray",5
fig-003548,22,"Boba Fett, Helmet and Jetpack with Dark Brown Highlights, Light Bluish Gray Armor",4
fig-003549,17,"Gamorrean Guard, Plain Head, Reddish Brown Torso",3
fig-003550,17,"Han Solo, White Shirt, Reddish Brown Legs, Black Eyes",4
fig-003551,17,"Lando Calrissian, Skiff Guard Disguise, Dark Bluish Gray Helmet",4
fig-003552,18,"Luke Skywalker, Black Robes, Black Eyes",4
fig-003553,17,"Princess Leia, Slave Outfit, Black Eyes, Neck Bracket",5
fig-003554,13,"Bespin Guard, Reddish Brown Skin",4
fig-003555,13,"Dengar, Light Nougat Head",4
fig-003556,13,"IG-88, Round Plate Head",8
fig-003557,14,"Ten Numb, White Outfit",4
fig-003558,14,"Rebel Pilot B-wing, Red Flight Suit, Black Eyes",5
fig-003559,13,"Rebel Technician / Ground Crew, Light Bluish Gray Uniform",4
fig-003560,13,"Rebel Pilot A-wing, Green Uniform, Black Eyes, Trans-Brown Visor",5
fig-003561,15,"Han Solo, Hoth Outfit, Dark Blue Jacket, Tan Legs",4
fig-003562,15,"Snowtrooper, Light Bluish Gray Hips, Plain Black Head, Black Hands",4
fig-003563,24,Junkrat,6
fig-003564,24,Roadhog (Big Fig),9
fig-003565,32,"Ariel - Mermaid Form, Bright Pink Flower",5
fig-003566,32,Alana - Dark Pink Crown,5
fig-003567,38,"Anna - Magenta Hat, Cape",5
fig-003568,31,"Elsa - Light Aqua Glitter Cape, Bow",6
fig-003569,37,Olaf - Brick Built,7
fig-003570,25,Kristoff - Dark Blue Jacket,4
fig-003571,32,"Elsa - Lime Dress, Crown",6
fig-003572,32,"Anna - Lime Vest, Medium Azure Dress, Braids, Flower",5
fig-003573,29,"Beast, Blue Jacket, Black Legs, Dark Purple Cape",5
fig-003574,24,Maui (Big Fig),7
fig-003575,32,Ursula,5
fig-003576,23,Fairy Godmother,5
fig-003577,23,Cinderella - Bright Light Blue Ball Gown,4
fig-003578,31,"Olaf - Brick Built, Buttons",8
fig-003579,31,Snowgie,2
fig-003580,31,"Anna - Sand Green and Dark Green Dress, Open Mouth",4
fig-003581,31,"Elsa - Medium Azure Dress, Medium Blue Cape - Closed Mouth",5
fig-003582,12,"Rapunzel - Medium Lavender Dress, 1 Flower in Hair",5
fig-003583,22,Ariel - Mermaid Form - MicroDoll,4
fig-003584,22,Ariel - Human Form - MicroDoll,3
fig-003585,22,Prince Eric - MicroDoll,3
fig-003586,31,Cassandra,4
fig-003587,31,"Rapunzel - Dark Brown Top, Dark Purple Dress, Bows in Hair",6
fig-003588,27,"Ariel - Human Form, Bright Pink Gown, White Cape",6
fig-003589,27,Prince Eric - White Uniform,4
fig-003590,23,Aladdin,4
fig-003591,23,Jasmine,4
fig-003592,26,"Ariel - Mermaid Form, Pink Top, Dark Green Scales on Tail",5
fig-003593,26,"Aurora - Dark Pink Dress, Pearl Gold Decoration",4
fig-003594,26,Tiana,4
fig-003595,36,"Prince Charming - Tan Shirt, Dark Red Trousers",4
fig-003596,23,"Olaf - Brick Built, Buttons, Clip On Back",8
fig-003598,12,"Cinderella - Bright Light Blue Dress, White Under-Dress - Thick Hinge",4
fig-003599,17,Li Shang,3
fig-003600,17,Mulan - Girl - MicroDoll,4
fig-003601,17,Mulan - Boy - MicroDoll,3
fig-003602,30,Maleficent,5
fig-003603,30,"Aurora - Dark Pink Dress, Silver Decoration, Pearl Gold Crown",5
fig-003604,30,Winston (Big Fig),7
fig-003605,30,Mercy,9
fig-003606,30,Pharah,5
fig-003607,30,Reaper,5
fig-003608,10,"Rebel Trooper in Hoth Uniform, White Hat, Yellow Skin, Backpack, Brown Visor",6
fig-003609,10,"Dak Ralter, Yellow Skin, Dark Gray Hips",4
fig-003610,8,"Luke Skywalker, Endor Outfit, Yellow Skin",4
fig-003611,9,"Battle Droid Pilot, Blue Printed Torso, Two Bent Arms",5
fig-003612,40,"Battle Droid, Two Bent Arms",5
fig-003613,23,"Jar Jar Binks, Plain Head, Tan Torso",3
fig-003614,20,"Qui-Gon Jinn, Yellow Skin",5
fig-003615,10,"Gungan Warrior, Green Legs",3
fig-003616,11,"Tusken Raider, Crossed Shoulder Belts (3626b Head)",3
fig-003617,11,"Anakin Skywalker, Padawan, Yellow Skin, Cape",5
fig-003618,8,"Obi-Wan Kenobi, Old, Yellow Skin, Light Gray Hair",4
fig-003619,8,"Luke Skywalker, Black Robes, Yellow Skin",4
fig-003620,8,"Han Solo, White Shirt, Yellow Skin",4
fig-003621,14,"Count Dooku, Yellow Skin",5
fig-003622,25,"Astromech Droid, R5-D4, Short Stripes, 30361c Body",4
fig-003623,11,"Dutch Vander / Rebel Pilot Y-wing, Yellow Skin, Dark Gray Hips",4
fig-003624,17,"Stormtrooper, Plain Yellow Head, Black Hips",4
fig-003625,18,"Rebel Technician / Ground Crew, Yellow Skin, Large Moustache",4
fig-003626,12,"Biggs Darklighter, Yellow Skin",4
fig-003627,11,"Anakin Skywalker, Child, Yellow Skin, Brown Helmet",5
fig-003628,7,"Wicket, Ewok, Plain Brown",3
fig-003629,7,"Paploo, Ewok, Tan Hood with Tan Face",3
fig-003630,10,"Rebel Technician / Ground Crew, Yellow Skin, Small Moustache",4
fig-003631,10,"Rebel Pilot A-wing, Green Uniform, Yellow Skin",5
fig-003632,20,Zam Wesell,5
fig-003633,20,"Anakin Skywalker, Padawan, Yellow Skin",4
fig-003634,20,"Obi-Wan Kenobi, Yellow Skin",4
fig-003635,18,"Anakin Skywalker, Child, Yellow Skin, Light Gray Helmet",5
fig-003636,15,"Padme Amidala / Naberrie, Yellow Skin",4
fig-003637,16,"Rebel Pilot B-wing, Red Flight Suit, Yellow Skin",5
fig-003638,15,Gasgano,8
fig-003639,11,Imperial Shuttle Pilot with Yellow Skin,4
fig-003640,20,"Super Battle Droid, Pearl Sand Blue",4
fig-003641,20,"Jedi Bob, Brown",5
fig-003642,20,"Droideka / Destroyer Droid, Brown Shell",26
fig-003643,15,"Obi-Wan Kenobi, Padawan, Yellow Skin, Brown Hood and Cape",5
fig-003644,14,Aldar Beedo,9
fig-003645,13,"Boba Fett, Child, Medium Blue Outfit, Yellow Skin",4
fig-003646,13,"Jango Fett, Black Head",4
fig-003647,17,Wookiee Warrior,3
fig-003648,13,"Clone Trooper, 41st Elite Corps Armor, Green Markings",4
fig-003649,13,"Luminara Unduli, Light-Up Lightsaber",2
fig-003650,13,"General Grievous, Plain, Cape",8
fig-003651,13,"Obi-Wan Kenobi, Dark Orange Legs, Cape",5
fig-003652,6,"Darth Vader, Light Bluish Gray Skin, No Cape (Episode 3)",4
fig-003653,6,"Anakin Skywalker, Transformation, Black Eyes",3
fig-003654,7,"Battle Droid Security, Dark Red Torso with Tan Print, Two Bent Arms",5
fig-003655,4,"Obi-Wan Kenobi, Padawan, Yellow Skin, Brown Hair and Cape",5
fig-003656,5,"Imperial Officer / Captain / Commandant / Commander, Dark Gray Uniform, Yellow Skin",4
fig-003657,5,"Luke Skywalker, Black Robes, Yellow Skin, Black Right Hand",4
fig-003658,12,"Princess Leia, White Robe, Yellow Skin (3626b Head)",4
fig-003659,12,"Han Solo, Black Vest, Yellow Skin, Blue Legs (3626b Head)",4
fig-003660,10,"Darth Vader, Light-Up Lightsaber",3
fig-003661,12,"Dutch Vander / Rebel Pilot Y-wing, Yellow Skin, Dark Bluish Gray Hips",4
fig-003662,15,"Darth Vader, Light Bluish Gray Skin, No Scars on Right Cheek (3626b Head)",5
fig-003663,23,"Clone Trooper, 327th Star Corps, Yellow Markings, Pauldron",5
fig-003664,23,"Mace Windu, Tan Legs, Cape",4
fig-003665,23,"Clone Trooper, 41st Elite Corps Scout Battalion Armor, Dark Bluish Gray (Kashyyyk)",4
fig-003666,23,"Clone Trooper, Phase II Armor, Plain Black Head, Neck Bracket",5
fig-003667,23,"Clone Trooper, Phase II Armor, Plain Black Head, Black Mouth",4
fig-003668,16,"Super Battle Droid, Pearl Dark Gray",4
fig-003669,12,"General Grievous, Plain",7
fig-003670,6,"Clone Trooper, 327th Star Corps, Yellow Markings",4
fig-003671,6,"Clone Shock Trooper, Red Markings, Plain Black Head, Black Hips",4
fig-003672,17,"Obi-Wan Kenobi, Dark Orange Legs, Headset",4
fig-003673,14,"Emperor Palpatine, Light Bluish Gray Skin",5
fig-003674,14,"Imperial Officer / Captain / Commandant / Commander, Dark Bluish Gray Uniform, Cavalry Cap, Brown Eyebrows",4
fig-003675,14,"Stormtrooper, Plain Yellow Head, White Hips",4
fig-003676,16,K-3PO,3
fig-003677,16,"Rebel Trooper in Hoth Uniform, White Hat, Tan Jacket (30170 Goggles)",6
fig-003678,16,"Dak Ralter, Standard Face",4
fig-003679,26,"Snowtrooper, Light Bluish Gray Hips, Plain Black Head, White Hands",4
fig-003680,15,"Astromech Droid, R2-R7",4
fig-003681,15,Republic Pilot,4
fig-003682,15,Republic Captain,4
fig-003683,15,"Qui-Gon Jinn, Tan Legs, Brown Beard",5
fig-003684,15,"Obi-Wan Kenobi, Padawan, Reddish Brown Hood and Cape, Black Eyes",5
fig-003685,15,"Qui-Gon Jinn, Tan Legs, Dark Orange Beard",5
fig-003686,12,"Darth Vader, Damaged",4
fig-003687,10,"Battle Droid Pilot, Blue Torso, One Bent Arm, One Straight Arm",5
fig-003688,27,"Battle Droid Security, Dark Red Torso, One Bent Arm, One Straight Arm",5
fig-003689,10,"Droideka / Destroyer Droid, Copper Shell",35
fig-003690,22,Kit Fisto,3
fig-003691,17,"Obi-Wan Kenobi, Tan Plain Legs, Headset",4
fig-003692,13,"Naboo Fighter Pilot, Tan Jacket",5
fig-003693,13,"Anakin Skywalker, Child, Dark Tan Hair, Black Eyes",4
fig-003694,13,"Sandtrooper Squad Leader / Captain, Orange Pauldron, Neck Bracket, Plain Black Head",5
fig-003695,13,"Stormtrooper, Plain Black Head, Solid Nose Vent",4
fig-003696,11,"Dutch Vander / Rebel Pilot Y-wing, Plain Legs, No Visor",4
fig-003697,27,"Stormtrooper, Plain Black Head, Black Lines on Nose Vent",4
fig-003698,17,R-3PO,3
fig-003699,17,"2-1B Medical Droid, Sand Blue Torso, One Arms with Clips at 90°",4
fig-003700,17,"Princess Leia, Hoth Outfit, Tan Jacket, Dark Brown Hair",4
fig-003701,17,"Luke Skywalker, Bacta Tank Outfit, Tan Hair",4
fig-003702,17,"Han Solo, Hoth Outfit, Dark Blue Hood, White Pupils",4
fig-003703,13,"Anakin Skywalker, Child, Dark Tan Hair, White Pupils, Printed Goggles",4
fig-003704,13,"Battle Droid Security, Dark Red Torso with Tan Print and Three Red Dots, One Bent Arm, One Straight Arm",5
fig-003705,13,"Droideka / Destroyer Droid, Reddish Brown Shell, Dark Bluish Gray Legs",31
fig-003706,12,"Super Battle Droid, Pearl Dark Gray, Blaster Arm",4
fig-003707,13,"Luminara Unduli, Black Hat",4
fig-003708,13,"Captain Rex, Helmet Rangefinder",7
fig-003709,17,"Astromech Droid, R8-B7",4
fig-003710,17,TX-20 / Tactical Droid,4
fig-003711,23,"Mace Windu, Dark Tan Plain Legs (Clone Wars)",3
fig-003712,19,"Rebel Pilot A-wing, Green Uniform, Black Eyes, Trans-Yellow Visor",5
fig-003713,20,"Admiral Ackbar, White Outfit",3
fig-003714,19,"Crix Madine, Dark Tan Legs",4
fig-003715,19,Mon Mothma,5
fig-003716,19,Mon Calamari Officer,3
fig-003717,19,"Lando Calrissian, Sand Blue Cape, Sand Blue Legs",5
fig-003718,13,Hondo Ohnaka,5
fig-003719,13,Turk Falso,3
fig-003720,17,Magna Guard,9
fig-003721,15,Pilot Droid,5
fig-003722,15,"Astromech Droid, R7-A7, Black Rectangles",4
fig-003724,29,"Ahsoka Tano, Padawan, Light Bluish Gray Legs",4
fig-003725,8,"Rebel Trooper in Hoth Uniform, White Hat, Tan Jacket (46304 Goggles)",6
fig-003726,10,"Han Solo, Hoth Outfit, Dark Blue Hood, Black Eyes",4
fig-003728,7,"Clone Trooper, Phase I Armor, Brown Eyes, Jetpack",5
fig-003729,10,"Battle Droid Commander, One Bent Arm, One Straight Arm, Yellow Torso",5
fig-003730,8,Clone Commander Fox - Hollow LBG Circle,7
fig-003731,21,Rotta,3
fig-003732,33,"Anakin Skywalker, Pilot Uniform (Clone Wars) (3626b Head)",4
fig-003733,12,"Clone Trooper, Phase I Armor, Dark Bluish Gray Pauldron and Kama",7
fig-003734,20,"Battle Droid, Two Straight Arms with Clips at 90°",5
fig-003735,18,"Asajj Ventress, Dark Blue Outfit",4
fig-003736,19,"Plo Koon, White Undershirt",3
fig-003737,17,"Clone Commander Cody, Pauldron and Kama",7
fig-003738,17,"Clone Trooper, Phase I Armor, Brown Eyes, Dark Bluish Gray Rangefinder",5
fig-003739,15,"Captain Rex, Visor",7
fig-003740,11,Juno Eclipse,4
fig-003741,11,Darth Vader's Apprentice,4
fig-003742,9,"Dwarf Spider Droid, Reddish Brown Dome",38
fig-003743,24,Kristoff - MicroDoll,3
fig-003744,24,Anna - MicroDoll,3
fig-003745,24,Elsa - MicroDoll,3
fig-003746,29,Olaf - MicroDoll,3
fig-003747,35,Olaf - Minidoll Arms,3
fig-003748,33,"Kristoff - Black Vest, Dark Orange Shirt",4
fig-003749,33,"Anna - Tan Shirt, White Dress",4
fig-003750,33,Lieutenant Matthias,4
fig-003751,30,"Anna - Sand Green and Dark Green Dress, Closed Mouth",4
fig-003752,30,"Elsa - Medium Azure Dress, Medium Blue Cape - Open Mouth",5
fig-003753,35,"Man, Red Letterman Jacket, Dark Brown Legs, Black Beret",4
fig-003754,12,Battle Droid / Rocket Battle Droid,7
fig-003755,22,"Assassin Droid Elite, Black",8
fig-003756,9,"Assassin Droid, Silver",8
fig-003757,19,"Princess Leia, White Robe, Dark Brown Hair, Plain Belt",4
fig-003758,26,"Darth Vader, Light Bluish Gray Skin, White Pupils (3626b Head)",5
fig-003759,19,"Han Solo, Black Vest, Dark Blue Legs, Smooth Hair, No Cheek Lines",4
fig-003760,19,"Luke Skywalker, White Robe, Tan Legs, Dual Sided Head",4
fig-003761,19,"Obi-Wan Kenobi, Old, with Light Nougat Skin and Reddish Brown Hood and Cape, White Pupils",5
fig-003762,15,Clone Commander Wolffe,6
fig-003763,15,Eeth Koth,4
fig-003764,15,"Quinlan Vos, Black Legs",4
fig-003765,24,"Yoda, Sand Green Head with Gray Hair, Dark Red Sash (Clone Wars)",3
fig-003766,15,"Clone Trooper, Wolfpack, with Jet Pack and Sand Blue Arms",5
fig-003767,19,"Watto, Printed Head, Dark Bluish Gray Hands",3
fig-003768,19,Wald,3
fig-003769,20,Sebulba,3
fig-003770,19,"Anakin Skywalker, Child, Light Bluish Gray Helmet",4
fig-003771,19,"Obi-Wan Kenobi, Padawan, Reddish Brown Hood and Cape, White Pupils",5
fig-003772,13,"Darth Maul, Horns, Plain Legs",5
fig-003773,13,Captain Panaka,4
fig-003774,13,"Padme Amidala / Naberrie, Light Bluish Gray Tunic",4
fig-003775,13,"Qui-Gon Jinn, Plain Reddish Brown Legs (3626b Head)",5
fig-003776,13,"Ki-Adi-Mundi, Plain Legs",4
fig-003777,13,Clone Commander Cody,5
fig-003778,14,Savage Opress -3626b Head,5
fig-003779,14,"Asajj Ventress, Black Outfit - 3626b Head",3
fig-003780,14,"Anakin Skywalker, Black Robe, Black Legs (Clone Wars)",4
fig-003781,17,"Clone Gunner, Phase I Armor",4
fig-003782,8,"Clone Commander, Black Pauldron and Kama",7
fig-003783,11,"Tokkat, Ewok",3
fig-003784,16,"Scout Trooper, Plain Black Head",4
fig-003785,29,"Logray, Ewok",3
fig-003786,14,Shaak Ti,5
fig-003787,19,"Saesee Tiin, No Cape",4
fig-003788,17,Embo,5
fig-003789,17,Aurra Sing,4
fig-003790,17,Sugi,3
fig-003791,11,"Astromech Droid, R2-Q2, 30367c Dome",4
fig-003792,11,Imperial Pilot V-wing - 3626b Head,4
fig-003793,21,"Jar Jar Binks, Dark Tan Torso",3
fig-003794,13,"Battle Droid Pilot, Blue Torso with Tan Print, Two Bent Arms",5
fig-003795,5,"Clone Trooper, Bomb Squad, Orange Markings",4
fig-003796,6,Clone ARF Trooper / Lightning Squadron (Lieutenant Razor),4
fig-003797,5,"Clone Trooper, Sand Green Markings, Horn Company",4
fig-003798,32,"Battle Droid Pilot, Blue Torso with Tan Print, One Bent Arm, One Straight Arm",5
fig-003799,27,"Astromech Droid, R2-Q5",4
fig-003800,27,FA-4 Pilot Droid,9
fig-003801,24,"Astromech Droid, R5-F7",4
fig-003802,35,Cloud Car Pilot,4
fig-003803,23,"Luke Skywalker, Old, Dark Brown Robes",4
fig-003804,30,"Rebel Trooper / Rebel Fleet Trooper, White Pupils, Cheek Lines",5
fig-003805,12,Onaconda Farr,3
fig-003806,12,"Battle Droid Pilot, Blue Torso, Two Bent Arms",5
fig-003807,14,"Zev Senesca, Orange Rebel Pilot Outfit",4
fig-003808,6,"Rebel Officer in Hoth Outfit, Tan Hat",6
fig-003809,6,"Rebel Trooper in Hoth Uniform, Tan Hat, Orange Chin Line",6
fig-003810,18,"Senate Commando, Plain Legs, Printed Head (Clone Wars)",4
fig-003811,15,"Chancellor Palpatine, Red Outfit (Clone Wars)",6
fig-003812,29,"Chief Chirpa, Ewok",3
fig-003813,12,"Wicket, Ewok, Dark Orange Hood",3
fig-003814,12,"Princess Leia, Endor Outfit, Sand Green Top",4
fig-003815,12,"Paploo, Ewok, Tan Hood with Reddish Brown Face",3
fig-003816,26,"Death Star Trooper / Imperial Trooper, Brown Eyebrows, Black Eyes, Black Helmet",4
fig-003817,27,"Han Solo, Black Vest, Reddish Brown Legs, Black Eyes",4
fig-003819,12,"Rebel Trooper in Endor Uniform, Sand Green Legs, Brown Beard, Neck Bracket",5
fig-003820,12,"Rebel Trooper in Endor Uniform, Sand Green Legs, Black Eyes, Neck Bracket",5
fig-003822,16,"Astromech Droid, R2-D2, Pearl Light Gray Dome",4
fig-003823,9,Battle Droid / Rocket Battle Droid Commando,7
fig-003824,15,Thi-Sen,3
fig-003825,15,"Anakin Skywalker, Dark Blue Hood",4
fig-003826,13,"AT-AT Driver, White Uniform, Plain Black Head (87556 Helmet)",4
fig-003827,5,"Imperial Officer / Captain / Commandant / Commander, Battle Armor, Dark Bluish Gray Hips",4
fig-003828,9,"Astromech Droid, R4-P17, Blue Rectangles",4
fig-003829,6,"Astromech Droid, R3-M2",4
fig-003831,14,"Anakin Skywalker, Pilot Uniform, Printed Headset",4
fig-003832,11,"Obi-Wan Kenobi, Old, Tan Robes, Hair, White Pupils, Gray Beard, 3626bpr0638",4
fig-003833,11,"Luke Skywalker, White Robe, Straight Tan Hair, White Pupils, 3626bpr9995",4
fig-003834,13,"Barriss Offee, Black Hood and Cape",5
fig-003835,12,"Clone Trooper, Phase II Armor, Plain Black Head, Dotted Mouth",4
fig-003836,13,"Skeleton, Standard Face, Straight Mechanical Arms  (3626c Head)",6
fig-003837,13,"Luke Skywalker, Hoth Outfit, Tan Hat, Light Bluish Gray Legs",5
fig-003838,25,Wampa (Big Fig) - Dark Tan Nose,7
fig-003839,16,"Astromech Droid, R4-P44, Pearl Gray print",4
fig-003840,17,Clone Captain Jag,4
fig-003841,18,"Clone Pilot, Open Helmet with Black Markings",4
fig-003843,17,"Aayla Secura, Medium Blue",4
fig-003844,20,"Cad Bane, Dark Bluish Gray Legs",5
fig-003845,17,"Clone Trooper, Phase I Armor, Brown Eyes, Black Rangefinder",5
fig-003847,17,"Clone Commander, Black Pauldron",6
fig-003848,23,"Bossk, Yellow Outfit",3
fig-003849,20,"Boba Fett, Helmet, Jetpack Neckwear, Reddish Brown Pauldron",7
fig-003850,18,"Han Solo, White Shirt, Reddish Brown Legs, Single Sided Head",4
fig-003851,16,"2-1B Medical Droid, Pearl Dark Gray",4
fig-003852,25,"Emperor Palpatine, Light Bluish Gray Skin, Black Hands",5
fig-003853,16,"Anakin Skywalker, Transformation, White Pupils, Darth Vader Helmet",4
fig-003854,16,"Clone Pilot, Open Helmet, White Head (Episode 3)",4
fig-003855,26,"General Grievous, Printed, Tan",8
fig-003856,17,Nahdar Vebb,3
fig-003857,17,EV-A4-D,16
fig-003858,11,"Astromech Droid, R7-D4",4
fig-003859,12,Shahan Alama,4
fig-003860,12,"Senate Commando Captain, Plain Legs (Clone Wars)",4
fig-003861,29,"Rebel Trooper in Endor Uniform, Sand Green Legs, Dark Tan Vest, Cheek Lines",4
fig-003862,11,"Rebel Trooper in Endor Uniform, Sand Green Legs, Beard Stubble",4
fig-003863,11,"Scout Trooper, Printed Black Head, White Legs",4
fig-003865,29,"Stormtrooper, Printed Black 3262b Head",4
fig-003866,7,Clone ARF Trooper / Elite Clone Trooper (Rancor Battalion),4
fig-003867,7,Clone ARC Trooper / Elite Clone Trooper with Neck Bracket (Commander Hammer),8
fig-003868,12,"General Maximillian Veers, Light Bluish Gray Helmet",4
fig-003869,17,"Luke Skywalker, Orange Rebel Pilot Outfit, Dark Bluish Gray Hips, White Pupils",4
fig-003870,19,"Rebel Trooper in Hoth Uniform, Tan Hat, Black Chin Line",6
fig-003871,12,"Han Solo, Dark Blue Jacket, Reddish Brown Legs",4
fig-003873,31,"Battle Droid Commander, One Bent Arm, One Straight Arm",5
fig-003874,24,"Padme Amidala / Naberrie, Dark Red Senator Outfit, Ponytail Hair (Clone Wars)",4
fig-003875,14,Darth Malgus,5
fig-003876,14,"Sith Trooper, Black, Plain Legs",4
fig-003877,16,Padme Amidala / Queen Amidala (3626c Head),4
fig-003878,16,"Obi-Wan Kenobi, Padawan, Plain Legs (3626c Head)",5
fig-003879,16,"Qui-Gon Jinn, Plain Reddish Brown Legs (3626c Head)",5
fig-003880,15,Even Piell,4
fig-003881,15,"Astromech Droid, R3-D5",4
fig-003882,18,"Astromech Droid, T7-O1",15
fig-003883,18,Jace Malcom,4
fig-003884,18,Satele Shan,4
fig-003885,13,Kithaba,4
fig-003886,13,"Lando Calrissian, Skiff Guard Disguise, Dark Brown Helmet, Tan Legs",4
fig-003887,13,"Luke Skywalker, Dark Bluish Gray Robes, Tan Hair, Single Sided Head",4
fig-003888,15,"Dutch Vander / Rebel Pilot Y-wing, Plain Legs, Visor",4
fig-003889,15,"Princess Leia, White Robe, White Cape",5
fig-003890,17,"Anakin Skywalker, Transformation, Yellow Eyes, Dark Brown Legs",4
fig-003891,17,"Nute Gunray, Dark Orange Robe",4
fig-003892,17,"Obi-Wan Kenobi, Dark Tan Plain Legs",4
fig-003893,22,"Astromech Droid, R5-D8 / R5-D4",4
fig-003894,16,Jek Porkins,4
fig-003895,11,"Astromech Droid, R5-J2, Imperial",4
fig-003896,11,"Imperial Officer / Captain / Commandant / Commander, Dark Bluish Gray Uniform, Cavalry Cap, Black Hands",4
fig-003897,11,"Death Star Trooper, Printed Visor",4
fig-003898,10,"Barriss Offee, Dark Blue Hood and Cape",5
fig-003900,10,"Geonosian, Dark Tan, Wings",4
fig-003901,10,"Geonosian Zombie, Dark Bluish Gray, Wings",4
fig-003902,11,"Sandtrooper Sergeant, White Pauldron, Neck Bracket, Printed Black Head",6
fig-003903,11,"Sandtrooper Squad Leader / Captain, Orange Pauldron, Neck Bracket, Printed Black Head",6
fig-003904,16,ASP Droid,6
fig-003905,16,"Jawa, Cape",5
fig-003906,16,"Astromech Droid, R5-D4, Plain Dome",5
fig-003907,16,Owen Lars,4
fig-003908,15,"Boba Fett, Helmet and Jetpack, Light Gray Armor, Printed Legs",4
fig-003909,22,"Chloe - White Top, Light Aqua Skirt",4
fig-003910,15,"Lando Calrissian, Yellow and Blue Cape (3626b Head)",5
fig-003911,15,"Luke Skywalker, Cloud City Outfit, Yellow Skin, Tan Shirt",4
fig-003912,15,"Princess Leia, Cloud City Outfit, Yellow Skin, Dark Orange Shirt",4
fig-003913,20,"Kit Fisto, Cape",4
fig-003914,32,"Andrea - Dark Blue Christmas Sweater, Red Skirt",4
fig-003915,32,"Liza - Magenta Top, White Robe",4
fig-003916,20,"Mace Windu, Dark Tan Plain Legs, Cape",4
fig-003918,28,"Naomi - Red Jacket, Dark Red Skirt",4
fig-003919,20,"Saesee Tiin, Cape",5
fig-003920,28,"Emma - Green Jacket, Tan Trousers",4
fig-003921,20,"Anakin Skywalker, Black Robe, Angry Face with Shadowed Eyes and Cape",5
fig-003922,20,Agen Kolar with Cape,5
fig-003923,20,"Chancellor Palpatine, Dark Red Outfit (Episode 3)",4
fig-003925,21,Christina,4
fig-003926,13,Pre Vizsla,6
fig-003928,21,"Olivia - Light Aqua Christmas Sweater, Dark Blue Skirt",4
fig-003929,28,Jabba The Hutt (Big Fig),3
fig-003930,24,Oola,4
fig-003931,24,"Han Solo, White Shirt, Reddish Brown Legs, Dual Sided Head Closed Mouth / Closed Eyes",4
fig-003932,25,"Gamorrean Guard, Printed Head, Olive Green Hands",3
fig-003933,24,"Bib Fortuna, Clenched Teeth, Cape",5
fig-003934,24,Boushh / Princess Leia in Disguise,5
fig-003935,29,"Astromech Droid, R2-D2, Flat Silver Dome, Blue Print",4
fig-003936,29,"Princess Leia, Endor Outfit, Skirt",5
fig-003937,29,"Luke Skywalker, Final Duel Outfit, Fold in Jacket",4
fig-003938,35,Ewok Warrior,3
fig-003941,29,"Wicket, Ewok, Dark Orange Hood, Tan Face",3
fig-003942,29,"Teebo, Ewok",3
fig-003943,31,"Han Solo, Black Vest, Reddish Brown Legs, White Pupils",4
fig-003944,29,"Rebel Trooper in Endor Uniform, Sand Green Legs, Dark Orange Beard",4
fig-003945,18,"Dengar, White Head, Reddish Brown Legs",5
fig-003946,18,"IG-88, Printed Head",7
fig-003947,18,Admiral Firmus Piett,4
fig-003948,17,"Imperial Officer / Captain / Commandant / Commander, Dark Bluish Gray Uniform, Cavalry Cap, Light Nougat Hands",4
fig-003949,20,"Luke Skywalker, Black Robes, White Pupils",4
fig-003951,17,"Imperial Crew / Pilot, Black Uniform, Cavalry Cap, Black Hands",4
fig-003952,23,"Luke Skywalker, White Robe, Straight Tan Hair, Black Eyes",4
fig-003953,14,"Obi-Wan Kenobi, Old, Tan Robes, Hair, Black Eyes",4
fig-003954,23,"Protocol Droid, Black",3
fig-003955,24,"Royal Guard, Black Hands",5
fig-003956,23,"Han Solo, Stormtrooper Disguise, Black Eyes",4
fig-003957,23,"Obi-Wan Kenobi, Old, Tan Robes, Reddish Brown Hood and Cape, Black Eyes",5
fig-003958,23,"Luke Skywalker, Black Robes, Black Eyes, Black Right Hand",4
fig-003959,9,"AT-AT Driver, White Uniform, Plain Black Head (30408 Helmet)",4
fig-003960,23,"Luke Skywalker, Stormtrooper Disguise, Plain Legs",4
fig-003961,9,"General Maximillian Veers, Dark Bluish Gray Helmet",4
fig-003963,21,"Chewbacca, White",3
fig-003964,10,"Rebel Pilot A-wing, Dark Green Uniform, Sand Blue Helmet Stripe",4
fig-003965,10,"Yoda, Sand Green Head with White Hair (Clone Wars)",3
fig-003966,10,Commando Droid Captain,5
fig-003967,19,"Clone Trooper, 501st Legion, Blue Arms",4
fig-003968,10,"Droideka / Sniper Droid, Reddish Brown Shell, Pearl Dark Gray Legs, Back Armor",42
fig-003971,8,"Republic Trooper, Black Eyebrows",4
fig-003972,8,"Republic Trooper, Brown Eyebrows and Cheek Lines",4
fig-003973,20,"Sith Trooper, Black, Printed Legs",4
fig-003974,8,"Sith Trooper, Dark Red Outfit",4
fig-003975,8,Clone Trooper Sergeant,4
fig-003976,8,"Droideka / Destroyer Droid, Reddish Brown Shell, Pearl Dark Gray Legs, No Back Armor",28
fig-003977,12,Stass Allie,4
fig-003978,9,"Battle Droid, Dark Orange, One Straight Arm, One Bent Arm, 1 x 2 Plate on Back",6
fig-003979,9,"Jango Fett, Dark Bluish Gray Torso",6
fig-003980,18,"Luke Skywalker, Orange Rebel Pilot Outfit, Light Bluish Gray Hips, White Hands,  Visor on One Side of Head",4
fig-003981,18,"Rebel Trooper in Hoth Uniform, Tan Hat, Beard Stubble",6
fig-003982,20,"Ahsoka Tano, Padawan, Dark Brown Legs",4
fig-003983,17,"Clone Trooper, 212th Attack Battalion, Bright Light Orange Markings",4
fig-003984,17,Umbaran Soldier,5
fig-003985,13,"Obi-Wan Kenobi, Medium Nougat Legs (Clone Wars)",4
fig-003987,13,"Captain Rex, Cloth Pauldron and Kama",6
fig-003988,13,Malakili,4
fig-003989,13,"Luke Skywalker, Dark Bluish Gray Robes, Tan Hair, Dual Sided Head",4
fig-003990,17,"Clone Pilot, 501st Legion, Blue Markings",4
fig-003991,17,Pong Krell,3
fig-003992,18,Jedi Consular,4
fig-003993,18,"Jedi Knight, Horns",4
fig-003994,18,Sith Warrior,4
fig-003996,14,"Cad Bane, Reddish Brown Legs",4
fig-003997,14,Nikto Guard,3
fig-003998,14,"Obi-Wan Kenobi, Rako Hardeen Bounty Hunter Disguise",3
fig-003999,12,"Darth Maul, Horns, Mechanical Legs",6
fig-004000,12,Mandalorian Super Commando with High Brow Lines,5
fig-004001,12,Mandalorian Super Commando with Low Brow Line,5
fig-004002,21,"Padme Amidala / Naberrie, White Geonosis Arena Outfit",4
fig-004003,26,"Anakin Skywalker, Padawan, Medium Nougat Hair",4
fig-004004,21,"Clone Pilot, Phase I Armor, Black Eyes, Plain Legs",4
fig-004005,21,Clone Trooper Captain,4
fig-004006,21,"Obi-Wan Kenobi, Tan Legs, Mid-Length Parted Hair",4
fig-004007,22,"Astromech Droid, R2-D2, Light Bluish Gray Dome, Dark Tan Serving Tray",5
fig-004008,32,Max Rebo,3
fig-004009,22,Ree-Yees,3
fig-004010,22,"Princess Leia, Slave Outfit, White Pupils, Neck Bracket",5
fig-004011,22,Weequay Skiff Guard,3
fig-004012,21,Coleman Trebor,3
fig-004013,21,"Mace Windu, White Legs",3
fig-004014,21,"Clone Commander, Yellow Markings",4
fig-004015,21,"Battle Droid, Dark Orange, One Straight Arm, One Bent Arm",5
fig-004016,21,"Battle Droid Commander, Dark Orange, One Bent Arm, One Straight Arm",5
fig-004017,14,"Astromech Droid, R4-G0",4
fig-004018,14,"Clone Trooper, Special Forces, Phase II Blue Armor",5
fig-004019,14,Bounty Hunter,4
fig-004020,15,"Jek-14, Helmet with Dark Red Markings",4
fig-004021,15,"Yoda, Olive Green Head, Neck Bracket",4
fig-004022,15,Poggle the Lesser,4
fig-004023,15,"Count Dooku, White Hair",5
fig-004024,25,"Clone Trooper, 41st Elite Corps Scout Battalion Armor (Kashyyyk)",4
fig-004025,15,Neimoidian Warrior,4
fig-004027,28,"General Grievous, Printed, White",8
fig-004028,13,"Obi-Wan Kenobi, Dark Tan Printed Legs",4
fig-004029,23,"Astromech Droid, R4-P22 / Q7-Series",4
fig-004030,17,Clone Pilot V-wing with White Printed Head,4
fig-004031,16,"Anakin Skywalker, Black Robe, Dark Brown Legs, Printed Headset",4
fig-004032,13,"Clone BARC Trooper, Dark Red Markings - Clone Commander Neyo",4
fig-004033,8,"Clone Trooper, 212th Attack Battalion, Orange Markings",4
fig-004034,8,"Clone Trooper, 212th Attack Battalion, Airborne, Orange Markings",5
fig-004035,15,"Clone Trooper, 41st Elite Corps Ranger Platoon Armor (Kashyyyk)",4
fig-004036,14,"Plo Koon, Dark Tan Undershirt",3
fig-004038,14,"Clone Trooper, Wolfpack",4
fig-004039,14,"Droideka / Destroyer Droid, Reddish Brown Shell, Flat Silver Legs",28
fig-004040,9,"Chancellor Palpatine, Dark Bluish Gray Outfit (Episode 3)",4
fig-004041,9,"Battle Droid Security, Dark Red Torso with Tan Print, One Bent Arm, One Straight Arm",5
fig-004042,22,Chief Tarfful,3
fig-004043,21,"Clone Commander Gree, Kashyyyk Armor, Dark Gray Leg Strap",4
fig-004044,19,PK-4 Droid,10
fig-004046,18,"C-3PO, Pearl Gold, Colorful Wires, Printed Legs, Restraining Bolt",3
fig-004047,31,"Jawa, Black Strap over Right Shoulder",4
fig-004048,22,"Jawa, Gold Shoulder Strap",4
fig-004049,18,Owen Lars with Printed Legs,4
fig-004050,18,"Astromech Droid, R2-A5",4
fig-004051,21,"Naboo Security Guard, Medium Nougat Skin",4
fig-004052,19,"Qui-Gon Jinn, Printed Reddish Brown Legs, Cape",5
fig-004053,23,"Obi-Wan Kenobi, Padawan, Printed Legs, Cape",5
fig-004054,25,Imperial Trooper with Black Helmet and Headset,4
fig-004056,15,"Imperial Crew, Light Bluish Gray Uniform, Dark Bluish Gray Cap, Plain Arms",4
fig-004057,15,"Darth Vader, Tan Skin",5
fig-004058,15,"Imperial Officer / Captain / Commandant / Commander, Dark Bluish Gray Uniform",4
fig-004059,12,"General Maximillian Veers, Sand Blue Helmet",4
fig-004060,12,"Snowtrooper Commander, White Hips, Kama",5
fig-004061,24,Zeb Orrelios,3
fig-004062,24,"Kanan Jarrus, Black Hair",4
fig-004063,34,"Stormtrooper, Dark Azure Helmet Vents, Angry (Rebels)",4
fig-004064,16,Guido,15
fig-004065,38,Bith Musician,3
fig-004066,20,"Greedo, Sand Green Skin, No Knee Strap",3
fig-004067,20,"Sandtrooper, Black Pauldron, Neck Bracket with Single Stud",6
fig-004068,21,"RA-7 Protocol Droid, Dark Bluish Gray",3
fig-004069,21,Ithorian Jedi Master,3
fig-004070,21,"Astromech Droid, Dark Blue",4
fig-004071,21,"Jek-14, White Helmet",4
fig-004072,16,"Ten Numb, Red Outfit",4
fig-004074,16,"Rebel Pilot B-wing, Gray Squadron",4
fig-004075,16,General Airen Cracken,4
fig-004076,14,"Dak Ralter, Printed Visor, White Hands",4
fig-004077,14,"Luke Skywalker, Orange Rebel Pilot Outfit, Light Bluish Gray Hips, White Hands, Visor on Both Sides of Head",4
fig-004078,26,"Astromech Droid, C1-10P (Chopper), Light Bluish Gray",5
fig-004079,14,Ezra Bridger with Helmet,4
fig-004081,17,"Clone Shock Trooper, Red Markings, Brown Eyes",4
fig-004082,17,"Anakin Skywalker, Black Robe, Dark Brown Legs (Clone Wars)",4
fig-004083,24,"Bespin Guard, Jacket with Gold Trim",4
fig-004084,24,"Han Solo, White Shirt, Reddish Brown Legs, Dual Sided Head Open Mouth / Closed Eyes",4
fig-004085,24,"Boba Fett, Helmet, Jetpack Neckwear, Dark Tan Pauldron, Printed Arms, Smile",7
fig-004086,9,"Clone Trooper Lieutenant, Dark Azure Markings, Printed Legs",4
fig-004087,19,Wookie - Wullffwarro,3
fig-004088,19,Wookiee with Printed Arms,3
fig-004089,18,"Agent Alexsandr Kallus, Helmet",4
fig-004090,20,"Imperial Officer / Captain / Commandant / Commander, Dark Tan Uniform",4
fig-004091,11,The Grand Inquisitor,5
fig-004093,22,"Tusken Raider, Head Spikes, Crossed Shoulder Belts",3
fig-004094,14,"T-16 Skyhopper Pilot, Dark Red Outfit",4
fig-004095,4,Shadow Guard,5
fig-004096,4,"Shadow Stormtrooper, Pearl Dark Gray",4
fig-004097,7,"Stormtrooper, Dark Azure Helmet Vents, Closed Mouth (Rebels)",4
fig-004098,25,"Anakin Skywalker, Child, Dark Tan Hair, White Pupils",4
fig-004100,20,"Naboo Fighter Pilot, Medium Nougat Jacket",5
fig-004101,20,"Droideka / Destroyer Droid, Reddish Brown Shell, Triangular Panels",30
fig-004102,12,Captain Tarpals,3
fig-004103,12,"Naboo Security Officer, Light Nougat Skin",4
fig-004104,21,Ezra Bridger,4
fig-004105,20,Sabine Wren with Dark Blue and Orange Hair,4
fig-004106,7,"Clone Trooper, Geonosis",4
fig-004107,7,"Clone Trooper, Geonosis, Airborne",4
fig-004109,10,"Senate Commando Captain, Printed Legs",4
fig-004110,10,"Senate Commando, Printed Legs",4
fig-004112,18,"Asajj Ventress, White Outfit",3
fig-004113,12,"Gungan Warrior, Dark Tan Legs, Dark Brown Hands",3
fig-004114,10,"First Order Officer / Lieutenant / Captain, Medium Nougat Skin",4
fig-004115,19,"First Order Crew Member / Fleet Engineer / Gunner, Light Nougat Skin",4
fig-004117,10,"TIE Pilot, First Order, Two White Lines on Helmet",4
fig-004119,14,"Snowtrooper Officer, First Order, Pauldron, Kama, Neck Bracket",7
fig-004120,23,"Snowtrooper, First Order, Kama, Neck Bracket",6
fig-004121,25,"Wedge Antilles, Printed Legs, White Hands",4
fig-004122,25,Wes Janson,4
fig-004123,25,Toryn Farr,4
fig-004124,25,K-3PO with Printed Legs,3
fig-004125,25,"Astromech Droid, R3-A2",4
fig-004126,25,"Luke Skywalker, Hoth Outfit, White Hat",5
fig-004127,25,"Rebel Officer in Hoth Outfit, White Hat",5
fig-004128,25,"Han Solo, Hoth Outfit, Dark Brown Jacket with White Neckerchief",4
fig-004129,25,"Rebel Trooper in Hoth Uniform, White Hat, Dark Tan Jacket, Beard",5
fig-004130,25,"Rebel Trooper in Hoth Uniform, White Hat, Dark Tan Jacket",5
fig-004131,33,"Rebel Trooper in Hoth Uniform, White Hat, White Jacket, Cheek Lines",6
fig-004132,25,"Rebel Trooper in Hoth Uniform, White Hat, White Jacket, Tan Beard, Backpack",6
fig-004133,25,"Rebel Trooper in Hoth Uniform, White Hat, White Jacket",6
fig-004134,18,"Watto, Printed Head, Tan Hands",3
fig-004135,18,"Qui-Gon Jinn, Printed Reddish Brown Legs, Poncho",5
fig-004137,18,"Darth Maul, Horns, Printed Legs, Cape",5
fig-004138,16,"TIE Pilot, Printed Legs, Printed Arms",4
fig-004139,19,"Rebel Trooper in Endor Uniform, Olive Green Legs, Tan Beard",4
fig-004140,19,"Han Solo, Endor Outfit, Long Jacket",4
fig-004141,19,"Princess Leia, Endor Outfit, Poncho",5
fig-004142,19,"Rebel Trooper in Endor Uniform, Olive Green Legs",4
fig-004143,19,"Astromech Droid, Imperial, Black R3-Series",4
fig-004144,19,"Agent Alexsandr Kallus, Hair",4
fig-004146,15,"Kylo Ren, Black Head",5
fig-004147,15,"General Hux, Cap",4
fig-004148,15,"Stormtrooper Officer, First Order, Dark Red Pauldron",5
fig-004149,15,"First Order Officer / Lieutenant / Captain, Female",4
fig-004150,15,"First Order Crew Member / Fleet Engineer / Gunner, Reddish Brown Skin",4
fig-004151,17,Captain Phasma,5
fig-004152,17,"Resistance Soldier, Hair",4
fig-004153,17,"Resistance Soldier, Female, Hair",4
fig-004154,22,First Order Flametrooper with Neck Bracket,13
fig-004155,17,Resistance Ground Crew,4
fig-004156,17,"Poe Dameron, Dark Orange Pilot Outfit, Helmet with Visor",4
fig-004157,17,Resistance Pilot X-wing,4
fig-004158,23,"Astromech Droid, R2-BHD, Dark Bluish Gray Body",4
fig-004159,23,"Dutch Vander / Rebel Pilot Y-wing, Printed Legs, Visor",4
fig-004160,10,"Astromech Droid, R3-T2",4
fig-004161,22,"Jawa, Black Strap over Left Shoulder",4
fig-004162,18,"Mace Windu, Dark Tan Printed Legs, Closed Mouth",3
fig-004163,19,"Astromech Droid, R5-A2",4
fig-004164,19,"RA-7 Protocol Droid, Pearl Dark Gray",3
fig-004165,19,"2-1B Medical Droid, Tan Torso",4
fig-004166,12,"Sandtrooper Squad Leader / Captain, Orange Pauldron, Neck Bracket, Dual Molded Helmet, Open Mouth",6
fig-004167,20,"Crook, White Vest, Orange Legs, Black Hair",4
fig-004168,26,"Battle Droid, Kashyyyk",5
fig-004169,21,"Rebel Trooper in Hoth Uniform, White Hat, White Jacket, Tan Beard, No Backpack",5
fig-004170,14,Naare with Dark Blue Hood,5
fig-004171,16,"Dengar, White Head, Dark Brown Legs",5
fig-004172,18,Zev Senesca / Snowspeeder Pilot with Pearl Dark Gray Helmet,4
fig-004173,18,Will Scotian / Snowspeeder Gunner,4
fig-004174,20,"Princess Leia / General Leia, Plain Undershirt",4
fig-004175,20,"Admiral Ackbar, Medium Nougat Outfit",3
fig-004176,20,"Resistance Soldier, Dark Tan Helmet, Dark Tan Shirt, Cheek Lines",5
fig-004177,20,"Resistance Soldier, Dark Tan Helmet, Dark Tan Shirt with Two Pockets and Resistance Insignia",5
fig-004178,19,Maz Kanata,3
fig-004179,19,"Kylo Ren, Black Hands, 23901 Cape",5
fig-004180,13,"Han Solo, Hoth Outfit, Dark Brown Hood",4
fig-004181,14,"Ugnaught, Dark Blue Overalls",3
fig-004182,22,"Boba Fett, Helmet, Jetpack Neckwear, Dark Tan Pauldron, Plain Arms",7
fig-004183,14,"Han Solo, White Shirt, Dark Brown Legs, Dual Sided Head Open Mouth / Closed Eyes, Smooth Hair",4
fig-004184,19,"Astromech Droid, R4-P17, Yellow/Orange Rectangles",4
fig-004185,12,"Obi-Wan Kenobi, Dark Tan Printed Legs, Headset",4
fig-004187,9,"Imperial Crew, Light Bluish Gray Uniform, Black Cap, Closed Mouth",4
fig-004189,9,"Imperial Shock Trooper, Red Markings, Black Eyes",4
fig-004190,9,"Jumptrooper, Jet Pack",8
fig-004191,10,Rodian Alliance Fighter,3
fig-004192,10,Duros Alliance Fighter with Jet Pack,7
fig-004193,10,"Rebel Trooper, Dark Tan Helmet and White Snow Goggles",5
fig-004194,10,"Rebel Trooper, Helmet, Jet Pack",8
fig-004195,7,"First Order Crew Member, Reddish Brown Skin, Black Hat",4
fig-004197,7,"Stormtrooper, First Order, / Heavy Assault Stormtrooper, No Neck Bracket",4
fig-004198,10,"Resistance Officer, Printed Headset",4
fig-004199,10,"Resistance Soldier, Dark Tan Helmet, Dark Tan Shirt",5
fig-004200,10,"Resistance Soldier, Dark Tan Helmet, Tan Shirt, Cheek Lines",5
fig-004201,10,"Resistance Soldier, Dark Tan Helmet, Tan Shirt, Moustache",5
fig-004202,10,"Rebel Pilot U-wing, Dark Blue Flight Suit, Helmet with Molded Visor",4
fig-004203,17,Commander Sato,4
fig-004204,17,"Ahsoka Tano, Adult",4
fig-004205,25,Imperial Inquisitor Fifth Brother - Dark Bluish Grey,5
fig-004206,25,"Captain Rex, Old",3
fig-004207,25,"Clone Commander Gregor, Old",3
fig-004208,25,"Clone Commander Wolffe, Old",3
fig-004209,19,Bodhi Rook,5
fig-004210,19,Director Orson Callan Krennic,5
fig-004211,19,K-2SO,4
fig-004212,19,Imperial Death Trooper / Specialist / Commander,5
fig-004213,19,Pao,5
fig-004214,17,Bistan,3
fig-004215,17,Cassian Andor in Dark Blue Outfit,4
fig-004216,17,"Jyn Erso, Poncho, Goggles",6
fig-004217,23,"Rebel Pilot U-wing / Y-wing, Dark Blue Flight Suit, Black and White Checks on Helmet",4
fig-004218,17,Corporal Eskro Casrich / Rebel Trooper,4
fig-004219,16,Scarif Stormtrooper / Shoretrooper Captain,4
fig-004220,28,Technician Kent Deezling / Imperial Ground Crew,4
fig-004221,16,Private Basteren / Rebel Trooper,4
fig-004222,17,Baze Malbus with Neck Bracket,5
fig-004223,17,"Imperial AT-ST Driver, Helmet with Printed Goggles",4
fig-004224,17,Lieutenant Sefla / Rebel Trooper,4
fig-004225,14,Chirrut Imwe,6
fig-004226,14,Imperial Hovertank Pilot,4
fig-004227,19,"Luminara Unduli, Dark Brown Hat and Cape",5
fig-004228,19,"Quinlan Vos, Dark Brown Legs",4
fig-004230,17,"Darth Vader, White Skin, 19888 Cape (Rebels)",6
fig-004231,30,Sabine Wren with Dark Blue and Bright Green Hair,4
fig-004232,17,"Rebel Pilot A-wing, Female, Sand Blue Uniform",4
fig-004233,17,"Grand Moff Wilhuff Tarkin, Dark Tan",4
fig-004234,19,Lor San Tekka,4
fig-004236,19,"Poe Dameron, Open Medium Nougat Jacket",4
fig-004237,18,"Zander, Sand Blue Jacket",4
fig-004238,18,"Rowan, Yellow Jacket",5
fig-004239,18,"Kordi, Sand Blue Legs",4
fig-004240,24,Imperial Death Trooper,4
fig-004241,9,"First Order Officer / Major / Colonel, Dark Blue Uniform",4
fig-004242,24,4-LOM,3
fig-004243,11,"Bossk, Bright Light Yellow Outfit",3
fig-004244,33,"IG-88, Printed Head, Tile with Clip and 1x1 Round Plate on Back",9
fig-004245,29,Rose Tico,4
fig-004246,18,"Finn, Tan Undershirt, Pearl Dark Gray Legs",4
fig-004247,20,"Rebel Pilot A-wing, Green Uniform, White Pupils",4
fig-004248,16,"Lando Calrissian, Sand Blue Cape, Light Bluish Gray Legs",5
fig-004249,16,"Rebel Technician / Ground Crew, Dark Tan Uniform, Printed Headset",4
fig-004250,11,Skiff Guard,3
fig-004251,11,"Boba Fett, Helmet, Jetpack Neckwear, Olive Green Pauldron, Light Bluish Gray Hips",7
fig-004252,32,"Han Solo, White Shirt, Dark Brown Legs, Dual Sided Head Open Mouth / Closed Eyes with Closed Mouth, Ruffled Hair",4
fig-004253,21,"Astromech Droid, R3-S1",4
fig-004254,21,Admiral Raddus,3
fig-004255,21,Moroff,4
fig-004256,18,Scarif Stormtrooper / Shoretrooper,4
fig-004257,18,"Jyn Erso, Imperial Ground Crew Disguise",4
fig-004258,18,Cassian Andor in Reddish Brown Jacket,4
fig-004259,20,"Admiral Thrawn, White Legs",4
fig-004260,20,"Kanan Jarrus, Blind",4
fig-004261,15,"Obi-Wan Kenobi, Padawan, Printed Legs",4
fig-004262,15,"Qui-Gon Jinn, Printed Reddish Brown Legs, No Cape",4
fig-004263,25,"Rowan, Tan Jacket",4
fig-004264,14,M-OC Hunter Droid,4
fig-004265,14,"Anakin Skywalker, Transformation, White Pupils",3
fig-004266,14,Medical Droid,14
fig-004267,16,"Aayla Secura, Dark Azure",4
fig-004268,16,"Clone Gunner, Phase II Armor",4
fig-004269,27,Guavian Security Soldier,3
fig-004270,17,Bala-Tik,4
fig-004271,17,BB-9E,2
fig-004273,14,"TIE Pilot, First Order, Two Red Lines on Helmet",4
fig-004274,14,"Kylo Ren, Black Hands, 19888 Cape",5
fig-004276,19,"Stormtrooper, First Order / Heavy Assault Stormtrooper, Neck Bracket",5
fig-004277,11,"General Hux, Hair",4
fig-004279,11,"Resistance Soldier, Female, Olive Green Helmet",4
fig-004280,20,"Rey, Dark Tan Jacket",4
fig-004281,20,"Luke Skywalker, Old, White Robes",5
fig-004282,18,First Order Shuttle Pilot,4
fig-004283,8,"Stormtrooper, First Order / Stormtrooper Executioner",4
fig-004284,21,"Kylo Ren, Black Hands",4
fig-004285,14,Tallissan 'Tallie' Lintra / Resistance Pilot A-wing,4
fig-004286,12,Nodin Chavdri / Resistance Speeder Pilot,4
fig-004287,18,First Order Walker Driver,4
fig-004288,19,"Boba Fett, Child, Medium Blue Outfit",4
fig-004289,19,"Jango Fett, Pearl Dark Gray Torso",6
fig-004290,22,Supreme Leader Snoke,3
fig-004291,16,First Order Officer / Lieutenant / Captain,4
fig-004292,16,"Stormtrooper Squad Leader, First Order, White Pauldron",5
fig-004293,20,"Rey, Light Bluish Gray Robe",4
fig-004295,15,"Poe Dameron, Black Jacket",4
fig-004296,15,"Resistance Soldier, Olive Green Helmet, Dark Tan Hoodie",5
fig-004297,17,"Poe Dameron, Dark Orange Outfit",4
fig-004298,17,Vice Admiral Holdo,4
fig-004299,17,Resistance Gunner Paige,4
fig-004300,17,Nix Jerd / Resistance Bombardier,4
fig-004301,17,Finch Dallow / Resistance Bomber Pilot,4
fig-004302,17,Resistance Pilot Bomber,4
fig-004303,17,"Han Solo, White Jacket",4
fig-004304,17,"Qi'ra, Flat Silver Jacket",4
fig-004305,26,"Yoda, Olive Green Head, Belt and Flute",3
fig-004306,21,"Astromech Droid, R2-D2, Flat Silver Dome, Mud Stains",4
fig-004307,21,"Luke Skywalker, Dagobah Outfit, Tan Tank Top with Neck Bracket",5
fig-004308,7,Imperial Recruitment Officer / Chief / Navy Captain,4
fig-004309,7,Corporal Zuzanu Latt / Imperial Emigration Officer / Imperial Navy Trooper,4
fig-004310,7,Imperial Patrol Trooper,4
fig-004311,33,"Greedo, Sand Green Skin, Knee Strap",3
fig-004312,33,Wuher,4
fig-004314,17,"Sandtrooper Sergeant, White Pauldron, Neck Bracket",6
fig-004315,16,Rose Tico in First Order Officer Disguise,4
fig-004316,16,"Finn, First Order Officer Uniform Disguise",4
fig-004317,25,"Astromech Droid, R2-Q2 with Large Red Dots",4
fig-004318,25,"Biggs Darklighter, Helmet with Trans-Yellow Visor",4
fig-004319,25,"Luke Skywalker, Orange Rebel Pilot Outfit, Light Bluish Gray Hips, Black Hands, Helmet with Visor",4
fig-004321,19,"Chewbacca, Crossed Bandoliers and Goggles",3
fig-004322,19,"Han Solo, Dark Brown Fur Coat and Printed Goggles",4
fig-004323,19,Range Trooper,5
fig-004324,19,"Imperial Gunner, Black Collar",5
fig-004325,18,"Elite Praetorian Guard, Pointed Helmet, Skirt",5
fig-004326,13,Weazel,4
fig-004327,13,Enfys Nest,5
fig-004328,13,"Tobias Beckett, Long Dark Tan Coat",4
fig-004329,20,DD-BD,8
fig-004330,22,"Chewbacca, Crossed Bandoliers",3
fig-004331,20,"S1D6-SA-5, Kessel Operations Droid",3
fig-004332,20,"Lando Calrissian, Young, Short Cape with Collar",5
fig-004333,20,"Qi'ra, Tan Jacket",4
fig-004334,20,Quay Tolsite,4
fig-004335,22,"Han Solo, Reddish Brown Jacket",4
fig-004336,13,"Tobias Beckett, Imperial Mudtrooper Disguise",4
fig-004337,13,"Stormtrooper / Swamptrooper, Mimban Armor",5
fig-004338,13,"TIE Pilot, Printed Legs, 3 Silver Buckles on Belt",4
fig-004339,13,"Han Solo, Mudtrooper Outfit, Dark Bluish Gray",5
fig-004340,14,Moloch,3
fig-004341,14,Rebolt,4
fig-004342,8,"Elite Praetorian Guard, Pointed Helmet",5
fig-004343,8,"Elite Praetorian Guard, Flat Helmet",5
fig-004344,32,"Ugnaught, Light Bluish Gray Jacket",3
fig-004345,32,"Boba Fett, Helmet, Jetpack Neckwear, Dark Tan Pauldron, Printed Arms, Stern",7
fig-004346,32,"Bespin Guard, Moustache",4
fig-004347,32,"Lando Calrissian, Sand Blue and Dark Orange Cape",5
fig-004348,32,"Lobot, Medium Nougat Eyebrows",3
fig-004349,32,"Luke Skywalker, Cloud City Outfit, Dark Tan Shirt",4
fig-004350,32,"Princess Leia, Cloud City Outfit, Skirt",4
fig-004351,35,"Princess Leia, Hoth Outfit, White Jacket",4
fig-004352,32,"Han Solo, Dark Blue Jacket, Dark Brown and Black Dual Molded Legs",4
fig-004353,23,"Sandtrooper, Black Pauldron, Neck Bracket with Double Stud, Open Mouth",6
fig-004355,23,"Sandtrooper Squad Leader / Captain, Orange Pauldron, Neck Bracket",6
fig-004356,19,Val,4
fig-004357,19,Rio Durant,4
fig-004358,19,"Qi'ra, Medium Nougat Fur Coat",4
fig-004359,19,Dryden's Guard / Hylobon Enforcer with Open Mouth,3
fig-004360,19,Dryden's Guard / Hylobon Enforcer with Closed Mouth,3
fig-004361,20,Zuckuss,3
fig-004362,15,"Astromech Droid, K3-R1, Dark Turquoise",4
fig-004363,14,"Bandit - Western, Black Jacket, Black Handkerchief, Brown Hat",5
fig-004364,14,"Bandit - Western, Red Shirt, Black Handkerchief, Brown Hat",5
fig-004367,14,"Bandit - Western, Green Suit, Top Hat",4
fig-004368,14,"Cavalry Lieutenant - Hat, White Bandana",5
fig-004369,14,Cavalry Soldier - White Handkerchief,5
fig-004370,12,"Indian - Woman, Tan Clothing, Red Trim, Quiver",6
fig-004371,11,Indian - Red Shirt,4
fig-004372,12,"Indian, Red Shirt, Quiver",6
fig-004373,13,Cavalry Lieutenant - Hat,4
fig-004374,13,Cavalry Soldier,4
fig-004375,14,Cowboy - Red Shirt,4
fig-004376,14,Sheriff,4
fig-004377,12,Banker - Western,4
fig-004378,12,Cowboy - Blue Shirt,4
fig-004379,19,"Viking Warrior - Chain Mail, Red Band",6
fig-004380,15,"Viking Warrior - Chain Mail, Sand Green Arms",6
fig-004381,15,"Viking Warrior - Armour, Sand Blue Arms",6
fig-004382,14,"Viking Warrior - Armour, Sand Blue Arms, Reddish Brown Legs",6
fig-004383,14,"Viking Warrior - Armour, Dark Red Arms",6
fig-004384,14,"Viking Warrior - Armour, Bare Arms",6
fig-004385,13,"Man - Blue Shirt, White Arm, Light Gray Legs",4
fig-004386,14,"Woman - Red/White Striped Shirt, Red Arms, Red Legs (3626b Head)",4
fig-004387,14,"Man - Blue Torso, Black Legs",4
fig-004388,14,"Woman - White Torso, Red Legs",4
fig-004389,8,"Woman - Red Torso, Light Gray Legs",4
fig-004390,12,"Man - Red Torso, Blue Legs",4
fig-004391,9,"Woman - White Torso, Black Legs",4
fig-004392,10,Man - Black Suit,4
fig-004393,13,"Woman - White Torso, Red Necklace, White Legs",4
fig-004394,8,"Woman - Blue Torso, White Legs",4
fig-004395,8,"Man - Red/White Striped Shirt, Red Arms, Light Grey Legs, Red Hat",4
fig-004396,15,"Racer - Octan, Red Torso, Green Legs, White Helmet",5
fig-004397,15,"White Torso, Blue Overalls, Brown Hair (3626b Head)",4
fig-004398,7,"Man - blue Torso, Red Legs",4
fig-004399,7,"Woman - Black Torso, White Legs",4
fig-004400,14,"Man - Red Torso, Black Legs",4
fig-004401,14,"Woman - Blue Torso, Red Legs",4
fig-004402,11,"Woman - Blue Torso, Blue Legs",4
fig-004403,12,Major Vonreg,4
fig-004404,12,Kaz Xiono,4
fig-004405,12,"Astromech Droid, R1-J5 (Bucket)",8
fig-004406,12,"Princess Leia / General Leia, Dark Tan Turtle-neck",4
fig-004408,16,"Snowtrooper, White Hips, Printed Legs, Dark Tan Hands (3626cpr1149 Head)",4
fig-004409,10,"Rebel Trooper in Hoth Uniform, Dark Tan Hat, Dark Brown Beard",5
fig-004410,17,"Scout Trooper, Dual Molded White and Black Helmet, Open Mouth",4
fig-004411,28,"Stormtrooper, Dark Bluish Gray Squares on Back of Helmet",4
fig-004412,25,"Luke Skywalker, Orange Rebel Pilot Outfit, Light Bluish Gray Hips, Black Hands, Printed Visor",4
fig-004413,18,"Stormtrooper, Black Squares on Back of Helmet, Open Mouth",4
fig-004414,17,"Clone Commander Gree, Kashyyyk Armor, Dark Tan Leg Strap",4
fig-004416,20,"Clone Trooper, 41st Elite Corps Scout Battalion Armor, Dark Tan Thighs (Kashyyyk)",4
fig-004417,17,"Princess Leia, White Robe, Dark Brown Hair, Decorative Belt, Dual Sided Head Open Mouth / Smile",4
fig-004418,13,"Luke Skywalker, White Robe, Utility Belt, Neck Bracket",6
fig-004419,22,Bail Organa,5
fig-004420,7,Knight (Yellow Castle) - Black,5
fig-004421,22,"Captain Antilles, Dark Tan Undershirt, Single Sided Head",5
fig-004422,26,"Princess Leia, White Robe, Skirt",4
fig-004423,7,Knight (Yellow Castle) - Black with Visor,6
fig-004424,7,Knight (Yellow Castle) - Blue,5
fig-004425,20,"Princess Leia, White Robe, Yellow Skin (3626c Head)",4
fig-004426,21,"Han Solo, Dark Blue Jacket, Dark Brown Legs",4
fig-004427,7,Knight (Yellow Castle) - Blue with Visor,6
fig-004428,30,"BB-8, Large Photoreceptor",2
fig-004429,15,Griff Halloran,4
fig-004431,15,"Poe Dameron, White and Orange Pilot Outfit",4
fig-004432,12,"Rebel Trooper in Hoth Uniform, Dark Tan Hat, White Beard",5
fig-004433,7,Knight (Yellow Castle) - Red,5
fig-004434,12,"Rebel Trooper in Hoth Uniform, Dark Tan Hat, Frown",5
fig-004435,12,"Rebel Trooper in Hoth Uniform, Dark Tan Hat, Open Mouth",5
fig-004436,7,Knight (Yellow Castle) - Red with Visor,6
fig-004437,21,Imperial Transport Pilot / Athex,4
fig-004438,7,Knight (Yellow Castle) - White,5
fig-004439,21,"Darth Vader, Bacta Tank Outfit",4
fig-004440,29,"Rey, White Robe",4
fig-004441,7,Knight (Yellow Castle) - White with Visor,6
fig-004442,20,First Order Treadspeeder Driver,4
fig-004443,20,First Order Jet Trooper,5
fig-004445,15,"Poe Dameron, White Shirt",4
fig-004447,15,"Snowtrooper, First Order, Cape",5
fig-004448,14,Lieutenant Connix,4
fig-004449,14,"Temmin 'Snap' Wexley / Resistance Pilot, Lines under Eyes",4
fig-004450,19,Boolio,3
fig-004451,19,"Lando Calrissian, Old, Dark Azure and Black Cape",6
fig-004452,21,"Finn, Tan Undershirt, Dark Blue Legs",4
fig-004453,19,General Pryde,4
fig-004454,27,"Sith Trooper, Red",4
fig-004455,19,"Kylo Ren, Helmet with Red Cracks, Cape",5
fig-004456,19,Ushar / Knight of Ren,4
fig-004457,19,Ap'lek / Knight of Ren,5
fig-004458,10,"Man - Sunglasses, White Torso with Dolphin, Black Legs, White Cap",4
fig-004459,10,"TV Worker - Blue Torso, Green Legs, Female",4
fig-004460,16,Klatooinian Raider with Helmet,5
fig-004461,16,Klatooinian Raider,4
fig-004462,8,"Man - Red/White Striped Shirt, White Arms, Light gray Legs",4
fig-004463,22,"Carasynthia ""Cara"" Dune",4
fig-004464,20,The Mandalorian / Din Djarin,5
fig-004465,8,"Woman - Gold Necklace, White Torso, Blue Legs, Red Hair",4
fig-004467,22,"Imperial Crew, Light Bluish Gray Uniform, Dark Bluish Gray Cap, Printed Arms",4
fig-004468,13,"Man - White Torso with Blue/Red Stripes, Black Legs",4
fig-004469,12,"Woman - Red Torso, Blue Legs",4
fig-004470,6,"Man - White Torso with Dolphin, Black Legs, Sunglasses",4
fig-004471,22,"Imperial Officer / Lieutenant, Dark Bluish Gray Uniform, Dual Molded Legs",4
fig-004472,13,"Lando Calrissian, Yellow and Blue Cape (3626c Head)",5
fig-004473,9,"Man - White Torso with Blue/Red Stripes, Black Legs, Red Cap",4
fig-004474,13,"Rebel Trooper in Hoth Uniform, Dark Tan Hat, Cheek Lines",6
fig-004475,9,"Man - Blue Octan Torso, White Legs",4
fig-004476,13,"Dak Ralter, Printed Visor, Black Hands",4
fig-004477,2,"Knight (Halved Shield) - Black Legs, Chin-Guard",4
fig-004478,2,"Knight (Quartered Shield) - White Legs, Black Visor",5
fig-004479,2,"Knight (Quartered Shield) - Red Legs, Red Visor",5
fig-004480,18,"Padme Amidala / Naberrie, Dark Tan Tunic, Medium Legs",4
fig-004481,18,"Luke Skywalker, Orange Rebel Pilot Outfit, Yellow Skin, Dark Bluish Gray Hips (3626c Head)",4
fig-004482,0,"Droideka / Destroyer Droid, Dark Brown Shell",24
fig-004483,9,"Yoda, Sand Green Head with Gray Hair, Dark Orange Sash (Clone Wars)",3
fig-004484,9,"Padawan, Female",4
fig-004485,2,"Crix Madine, Tan Legs",4
fig-004486,1,"Knight (Halved Shield) - Light Gray Legs, Neck-Protector",4
fig-004487,14,Trudgen / Knight of Ren,4
fig-004488,1,"Knight (Quartered Shield) - Black Legs, Black Visor",5
fig-004489,20,Jannah,5
fig-004490,20,Vicrul / Knight of Ren,4
fig-004491,14,"Anakin Skywalker, Transformation, Yellow Eyes, Black Legs",4
fig-004492,22,"Obi-Wan Kenobi, Tan Legs, Short Combed Sideways Hair",4
fig-004493,11,"Wedge Antilles, Printed Legs, Black Hands",4
fig-004494,9,Knight (Thirded Shield) - Black Legs,4
fig-004495,10,Sith Jet Trooper,5
fig-004496,10,Sith Fleet Officer,4
fig-004497,1,"Knight (Quartered Shield) - Red Legs, Neck-Protector",4
fig-004498,9,"Han Solo, Black Vest, Yellow Skin, Blue Legs (3626c Head)",4
fig-004499,9,"Imperial Shadow Trooper, Black, Printed Legs",4
fig-004500,13,"T-16 Skyhopper Pilot, Dark Red Outfit, Buckles on Shoulder Straps",4
fig-004501,13,"Sandspeeder Pilot, Dark Red Helmet",4
fig-004502,13,"Sandspeeder Gunner, White Helmet",4
fig-004503,12,"Wookiee Warrior, Dark Brown",3
fig-004504,12,"Darth Vader, Light Bluish Gray Skin, No Scars on Right Cheek (3626c Head)",5
fig-004505,10,"Ki-Adi-Mundi, Printed Legs",4
fig-004506,10,"Barriss Offee, Dark Blue Hood and Cape, Skirt",5
fig-004507,10,"Clone Trooper, Phase I Armor, Angry, Printed Legs (61189 Helmet)",4
fig-004508,8,Iden Versio / Inferno Squad Commander,4
fig-004509,8,"Inferno Squad Agent, Utility Belt",5
fig-004510,1,"Knight (Quartered Shield) - Red Legs, Neck-Protector (reissue)",4
fig-004511,8,"Inferno Squad Agent, Angry, Open Mouth",4
fig-004512,8,"Inferno Squad Agent, Sunken Eyes",4
fig-004513,9,Prince (Knights Tournament),4
fig-004514,9,Princess (Knights Tournament),4
fig-004515,9,"Knight (Quartered Shield) - White Legs, Red Visor",5
fig-004516,9,"Knight (Quartered Shield) - Red Legs, Black Visor",5
fig-004517,16,"2-1B Medical Droid, Sand Blue Torso",4
fig-004518,16,"Luke Skywalker, Bacta Tank Outfit, Dark Tan Hair",4
fig-004519,20,"Poe Dameron, Black Jacket, Hair with Headset",4
fig-004520,20,Admiral Ematt,4
fig-004521,20,"Resistance Soldier, Olive Green Helmet, Dark Tan Hoodie with Ammo Pouch",5
fig-004522,8,"Mandalorian Warrior, Dark Azure",5
fig-004523,8,"Mandalorian Tribe Warrior, Dark Blue and Green",6
fig-004524,6,Blacksmith - Plastic Apron,5
fig-004525,8,"Mandalorian Warrior, Dark Brown",5
fig-004526,8,"Mandalorian Tribe Warrior, Dark Tan and Sand Blue",6
fig-004527,9,Corporal Tonc / Rebel Trooper with Reddish Brown Skin,4
fig-004528,9,Private Calfor / Rebel Trooper,4
fig-004529,9,Corporal Rostok / Rebel Trooper with Beard and White Snow Goggles,5
fig-004530,9,Private Kappehl / Rebel Trooper with Black Beard and White Snow Goggles,5
fig-004531,19,Blacksmith - Long Beard,4
fig-004532,14,Blacksmith - Brown Apron,4
fig-004533,33,Blacksmith - Printed Gray Beard,4
fig-004534,13,Blacksmith - Black Hair,4
fig-004535,2,"Maggie Simpson, Worried (CMF)",2
fig-004536,3,Mr. Burns (CMF),3
fig-004537,37,Maggie Simpson (CMF),2
fig-004538,9,Knight (Crusader Axe) - Black Legs,4
fig-004539,9,Archer (Crusader Axe) - Black Legs,5
fig-004540,9,Knight (Crusader Axe) - Black Legs (reissue),4
fig-004541,9,Archer (Crusader Axe) - Black Legs (reissue),5
fig-004542,37,Homer Simpson with Name Badge,3
fig-004543,7,"Knight (Crusader Axe) - Blue Legs, Chin-Guard",4
fig-004544,37,Marge Simpson in Apron,4
fig-004545,37,Ned Flanders in Apron,3
fig-004546,37,Lisa Simpson,4
fig-004547,4,Archer (Crusader Lion) - Blue Legs,5
fig-004548,37,Bart Simpson with Half Closed Eyes,3
fig-004549,38,Marge Simpson,4
fig-004550,38,Chief Wiggum,3
fig-004551,9,"Knight (Crusader Axe) - Blue Legs, Neck-Protector",4
fig-004552,38,Apu Nahasapeemapetilon,3
fig-004553,38,Snake,3
fig-004555,20,Robin with Very Short Cape (3626cpr1766 Head),5
fig-004556,31,Guard,4
fig-004557,22,Two-Face in Orange and Purple Suit,4
fig-004558,22,Two-Face's Henchman in Orange and Purple Outfit with Glasses,4
fig-004559,22,Two-Face's Henchman in Orange and Purple Outfit with Beard,4
fig-004560,8,Wonder Woman - Blocked Open Stud Head,4
fig-004561,15,"Lex Luthor - Black Suit, 3626b Head",3
fig-004562,41,Poison Ivy with Hair Over Shoulder,4
fig-004563,18,"Bane, Black Head, Light Nougat Hands",3
fig-004564,18,"Bruce Wayne, Sand Blue Suit",4
fig-004565,9,"Knight (Crusader Axe) - Red Legs, Neck-Protector",4
fig-004566,8,"Archer (Crusader Lion) - Red Legs, Dark Gray Chin-Guard",5
fig-004567,4,"Knight (Crusader Lion) - Blue Legs, Chin-Guard",4
fig-004568,5,"Knight (Crusader Lion) - Red Legs, Chin-Guard",4
fig-004569,7,Archer (Crusader Axe) - Blue Legs,5
fig-004570,9,"Archer (Crusader Lion) - Red Legs, Black Chin-Guard",5
fig-004571,5,Knight (Crusader Axe) - Light Gray Legs,4
fig-004572,9,"Knight (Crusader Axe) - Red Legs, Chin-Guard",4
fig-004573,9,"Knight (Crusader Lion) - Red Legs, Black Neck-Protector",4
fig-004574,7,Archer (Crusader Axe) - Red Legs,5
fig-004575,8,"Knight (Crusader Axe) - Red Legs, Plastic Cape",5
fig-004576,10,Knight (Crusader Lion) - Black Legs,4
fig-004577,5,"Knight (Crusader Lion) - Light Gray Legs, Plastic Cape",5
fig-004578,5,Archer (Crusader Lion) - Light Gray Legs,5
fig-004579,18,Krypto the Superdog,3
fig-004580,18,Lobo,4
fig-004581,29,"Loki, Dark Bluish Gray Outfit",5
fig-004582,11,Deadpool,4
fig-004583,11,Wolverine,4
fig-004584,11,"Magneto, Red Outfit",5
fig-004585,15,Captain America with Dark Blue Head,3
fig-004586,26,Chitauri Foot Soldier,3
fig-004587,15,Chitauri General,3
fig-004588,16,Catwoman with Purple Lips,4
fig-004589,16,"Batman, Light Bluish Gray Suit, Dark Blue Wings and Cowl",5
fig-004590,20,"Hulk (Big Fig), Black Hair, Dark Tan Pants",7
fig-004591,22,"Black Widow, Black Jumpsuit, Blue Highlights",4
fig-004592,25,"Iron Man Mark 7 Armor, No Red Panels",5
fig-004593,15,Iron Fist,3
fig-004594,15,Dr. Octopus / Doc Ock with Red Sunglasses and Light Bluish Gray Suit,26
fig-004596,40,The Penguin,4
fig-004598,27,The Joker in Prison Clothes with Belt,4
fig-004599,27,Scarecrow with Dark Brown Legs,4
fig-004601,27,Robin with Black Hood and Cape,5
fig-004603,27,Dr. Harleen Quinzel (Harley Quinn),4
fig-004604,27,"Batman, Black Suit, Black Cowl, Wings, White Headband",5
fig-004605,3,Iron Patriot MK 1,7
fig-004606,43,"Batman, Black Suit, Black Cape and Cowl, Utility Belt (3626cpr9996 Head)",6
fig-004608,17,The Joker with Long Coattails with Neck Bracket,6
fig-004609,11,Ned Leeds with Dark Red Plaid Shirt and Dark Blue Legs,4
fig-004610,11,Maria Hill with Black Jacket and Dark Blue Legs,4
fig-004611,29,Spider-Man with Dual Molded Legs with Red Boots,3
fig-004612,2,"Batman, Clown Outfit",5
fig-004613,2,"Batman, White Suit, Gold Cape and Cowl (Roller Disco Batman)",6
fig-004615,7,Mr. Freeze (60's TV Series),4
fig-004616,20,"Nick Fury, Young",4
fig-004617,20,Captain Marvel in Kree Starforce Uniform,4
fig-004618,21,Barbara Gordon in SWAT Vest,5
fig-004619,21,Commissioner James Gordon with Red Sash,4
fig-004620,21,Dick Grayson in Tuxedo,5
fig-004621,21,Poison Ivy with Cloth Skirt,5
fig-004623,21,"The Joker with Long Coattails, and Fang",5
fig-004624,23,Tarantula,4
fig-004625,23,Zebra-Man,4
fig-004626,23,"Killer Croc, Blue Pants (Big Fig)",18
fig-004627,31,"Batgirl, Dark Purple Suit, Yellow Cape, Dark Purple Cowl (3626cpr2096)",7
fig-004628,17,The Joker with Dark Purple Vest and Bright Light Orange Shirt,4
fig-004629,22,Kabuki Twin,3
fig-004630,25,Man-Bat,4
fig-004632,31,Robin with Green Eyes (LEGO Batman Movie),5
fig-004633,12,Mayor McCaskill,4
fig-004634,27,Catwoman with Utility Belt,5
fig-004635,18,"Security Guard with Helmet, Visor, and Air Tanks",7
fig-004636,18,Mr. Freeze with Red Goggles and Shoulder Armor,5
fig-004638,20,Harley Quinn with Black and Red Tutu,5
fig-004639,19,Two-Face (LEGO Batman Movie),4
fig-004640,19,"GCPD Officer in SWAT Gear, Female",5
fig-004641,19,"GCPD Officer in SWAT Gear, Male",5
fig-004642,24,"Batman, Black Suit, Black Cape and Cowl, Utility Belt (3626cpr2287 Head)",6
fig-004643,18,Mutant Leader,3
fig-004644,18,Bane (Big Fig),27
fig-004645,16,Scarecrow with Sand Blue Legs,4
fig-004646,16,"Batman, Black Suit, Black Cowl, Wings, Black Headband",5
fig-004647,33,The Riddler in Prison Clothes,4
fig-004648,33,Two-Face in Prison Clothes,4
fig-004650,33,The Joker in Prison Clothes with 'Arkham' on Back,4
fig-004651,33,Robin with Green Eyes (LEGO Batman Movie),5
fig-004652,33,Poison Ivy in Prison Clothes,4
fig-004653,33,Catwoman in Prison Clothes,5
fig-004654,45,Barbara Gordon in Pinstripe Vest and Holster,4
fig-004655,33,Arkham Asylum Statue,4
fig-004657,33,Dr. Harleen Quinzel (Harley Quinn) with Red Glasses,4
fig-004658,33,"GCPD Officer, Female",4
fig-004659,33,"GCPD Officer, Male",4
fig-004660,33,Aaron Cash,4
fig-004661,20,The Penguin with Fur Collar and Scowl,5
fig-004662,19,Scarecrow in Pizza Delivery Outfit,5
fig-004663,19,Security Guard,4
fig-004664,21,"Bruce Wayne, White Tuxedo",5
fig-004665,21,"Alfred Pennyworth, Balding, Dark Blue Suit with Pinstripe Vest",6
fig-004666,21,"Batman, Light Bluish Gray Suit, Dark Blue Cape and Cowl, Boxing Outfit",5
fig-004667,21,"Batman, Scuba Outfit",6
fig-004668,21,"Batman, Gold Tuxedo, Gold Cape and Cowl",5
fig-004669,21,"Viking Warrior - Armour, Sand Blue Arms, Blue Legs",6
fig-004670,21,"Viking Warrior - Armour, Battle Axe on Torso, Sand Green Arms, Dark Green Legs",6
fig-004671,21,"Viking Warrior - Breast Plate, Dark Green Legs",7
fig-004672,21,"Viking Warrior - Armour, Light Bluish Grey Arms",6
fig-004673,21,"Viking King - Armour, Red Legs, Black Cape",7
fig-004674,25,"Viking Warrior - Armour, Bare Arms, Black Legs",6
fig-004675,11,"Viking Warrior - Black Breast Plate, Dark BLue Legs",7
fig-004676,19,"Viking King - Armour, Black Legs, Red Cape",7
fig-004677,19,"Viking Warrior - Breast Plate, Black Legs",7
fig-004678,19,"Viking Warrior - Armour, Battle Axe on Torso, Sand Green Arms, Dark Green Legs, Gray Hair",6
fig-004679,19,"Viking Warrior - Armour, Sand Blue Arms. Blue Legs",6
fig-004680,19,"Viking Warrior - Breast Plate, Dark Blue Legs",7
fig-004681,15,"Viking Warrior - Armour, Belts, Dark Blue Arms, Black Legs",6
fig-004682,15,"Viking Warrior - Armour, Belts, Dark Blue Arms, Dark Gray Legs",6
fig-004683,15,"Viking Warrior - Armour, Sand Blue Arms, Black  Legs",6
fig-004684,15,"Viking Warrior - Armour, Battle Axe on Torso, Sand Green Arms, Dark Green Legs, Light Gray Hair",6
fig-004685,15,"Viking King - Armour, Reddish Brown Legs",6
fig-004686,15,"Viking Warrior - Armour, Dark Red Arms, Reddish Brown Legs",6
fig-004687,15,"Viking Warrior - Armour, Bare Arms, Dark Green Legs",6
fig-004688,10,"Man - Red/White Striped Shirt, Red Arms, Blue Legs, Black Hat",4
fig-004689,13,"Woman - Red Torso, Black Legs",4
fig-004690,10,"Man - Red/White Striped Shirt, Red Arms, White Legs, Red Hat",4
fig-004691,10,"Man - Blue Torso, Light Grey Legs",4
fig-004692,13,"Racer - White Torso with Red/Blue Stripes, White Legs, White Helmet",5
fig-004693,13,"Man - White Torso, Blue Overall, Green Cap",4
fig-004694,12,Woman - Blue Jogging Suit,4
fig-004695,12,"Man - White Torso, Black Legs, Blue Cap",4
fig-004696,10,LEGOLAND White,4
fig-004697,10,LEGOLAND Red,4
fig-004700,12,"Woman - Red/White Striped Shirt, White Arms, Red Legs (3626b Head)",4
fig-004701,14,"Trolls - Poppy with Cupcake, Flower",7
fig-004702,22,"Trolls - Poppy with Cupcake, Swirl",8
fig-004703,31,Trolls - Poppy,6
fig-004704,27,Trolls - Cooper with Medium Azure Sunglasses,4
fig-004705,28,Trolls - Poppy with Hairbrush,7
fig-004706,28,Trolls - Hickory,6
fig-004707,28,Trolls - Branch with Yellow Sunglasses,6
fig-004709,26,Trolls - Biggie & Mr. Dinkels,13
fig-004710,26,Trolls - Branch with Medium Azure Sunglasses,5
fig-004711,20,Soldier (Bluecoat) - Admiral,5
fig-004712,20,"Soldier (Bluecoat) - Sergeant, Stubble",5
fig-004713,20,"Soldier (Bluecoat) - Sweating, Hat",6
fig-004714,22,"Soldier (Bluecoat) - Sergeant, Brown Goatee",5
fig-004715,22,Soldier (Bluecoat) - Smile,6
fig-004716,23,Soldier (Bluecoat) - Lopsided Smile,6
fig-004717,20,Soldier (Bluecoat) - Grin,6
fig-004718,20,Soldier (Bluecoat) - Governor,6
fig-004719,20,Soldier (Bluecoat) - Reddish Brown Hair,4
fig-004720,20,Soldier (Bluecoat) - Black Hair,4
fig-004721,20,Soldier (Bluecoat) - Tan Hair,4
fig-004722,20,"Soldier (Bluecoat) - Admiral, Chess King",4
fig-004723,11,Soldier (Imperial Armada) - Green,5
fig-004724,11,"Soldier (Imperial Armada) - Red, Captain",6
fig-004725,11,"Soldier (Imperial Armada) - Green, Captain",6
fig-004726,11,"Soldier (Imperial Armada) - Red, Backpack",5
fig-004727,35,Trolls - Poppy with Yellow Flower,5
fig-004728,35,Trolls - Cooper with Yellow Flower,4
fig-004729,35,Trolls - Branch,4
fig-004730,35,Trolls - Guy Diamond,5
fig-004731,35,Trolls - Tiny Diamond,1
fig-004732,20,Trolls - Mermaid,6
fig-004733,28,Trolls - Poppy with Dark Blue Shirt,6
fig-004734,28,Trolls - Barb,5
fig-004735,28,Trolls - Branch with Sad Face,5
fig-004736,4,"Blacktron II - Jetpack, 3626b Head, No Plate 1 x 1 Round",6
fig-004737,26,"C-3PO, Santa Jacket and White Beard",4
fig-004738,26,"Assassin Droid, Dark Bluish Gray",8
fig-004739,22,"Worker - Orange Safety Vest, Blue Legs, Red Helmet, Glasses",4
fig-004740,18,"Worker - Orange Safety Vest, Blue Legs, Red Helmet, Silver Glasses",4
fig-004741,19,"Train Machinist - White Torso, Blue Overall, Blue Hat",5
fig-004742,18,"Worker - Medium Blue Torso, Blue Overall, Glasses",4
fig-004743,24,"Forklift Driver - Orange Vest, Dark Blue Legs, Red Helmet",4
fig-004744,29,"Criminal, Open Black Jacket over Prison Shirt, Dark Bluish Grey Legs, Black Hat, Stubble",4
fig-004745,24,"Security Officer - Bullet-Proof Vest, Dark Green Legs, Cap",4
fig-004746,24,"Train Driver - Orange Vest, Olive Green Legs, Red Cap",4
fig-004747,24,"Train Driver - Orange Vest, Olive Green Legs, Red Helmet, Female",4
fig-004748,24,"Train Worker - Orange Vest, Dark Blue Legs, Light Yellow Hair, Female",4
fig-004749,21,"Train Machinist - White Torso, Blue Striped Overall, Blue Hat",5
fig-004750,17,"Train Worker - Orange Safety Vest, Orange Legs, Red Helmet",4
fig-004751,17,"Train Worker - Orange Safety Vest, Orange Legs, Red Helmet",4
fig-004752,17,"Train Worker - Orange Safety Vest, Orange Legs, Red Helmet, red Hair",4
fig-004753,17,"Man, Black Jacket, White Arms. Blue Legs",4
fig-004754,17,"Dark Blue Jacket, Blue Legs, Red Cap",4
fig-004755,17,"Conductor - Dark Blue Jacket, Black Legs, Black Hat",4
fig-004756,11,Soldier (Imperial Guard) - Admiral,5
fig-004757,16,Soldier (Imperial Guard) - Blue Epaulettes,6
fig-004758,12,"Soldier (Imperial Guard) - Admiral, Plume",6
fig-004759,14,"Soldier (Imperial Soldier) - Backpack, 3626a",6
fig-004760,12,"Soldier (Imperial Soldier) - Governor, Red Plume",6
fig-004761,14,"Soldier (Imperial Soldier) - Yellow Epaulettes, 3626a",5
fig-004762,11,"Soldier (Imperial Soldier) - Backpack, 3626b",6
fig-004763,11,"Soldier (Imperial Soldier) - Governor, Yellow Plume",6
fig-004764,11,Soldier (Imperial Soldier) - Red Epaulettes,5
fig-004765,2,Soldier (Imperial Soldier) - Reissue,5
fig-004767,21,"Snowtrooper, Light Bluish Gray Hips, Neck Bracket with Printed 1 x 1 Tile and 1 x 1 Plate with Clip Light",7
fig-004768,19,"Conductor - Dark Blue Jacket, Dark Bluish Grey Legs, Dark Red Hat",4
fig-004769,19,"Woman - White Shirt with Stars, White Legs",4
fig-004770,19,"Man - Hawaiian Shirt, Dark Blue Legs",4
fig-004771,21,"Worker - Orange Safety Vest, Blue Legs, Red Helmet",4
fig-004772,21,"Worker - Orange Safety Vest, Blue Legs, Red Helmet, Brown Beard",4
fig-004773,21,"Worker - Orange Safety Vest, Blue Legs, Red Helmet, Grin",4
fig-004774,16,"Conductor - Dark Blue Jacket, Sand Blue Legs, Dark Red Hat",4
fig-004775,16,"Worker - Medium Blue Torso, Blue Overall, Red Helmet",4
fig-004776,16,"Man - Red Jacket, Black Legs",4
fig-004777,16,"Man - Tan Shirt, Blue Legs, Blue Cap",4
fig-004778,16,"Man - Black Suit, Grin",4
fig-004779,24,"Worker - Orange Safety Vest, Blue Legs, Red Helmet, Black Moustache",4
fig-004780,24,"Train Machinist - White Torso, Blue Overall, Blue Hat, Red Scarf",5
fig-004781,16,"Man - Dark Blue Jacket, Black Legs, Glasses",4
fig-004782,16,"Man - Red Jacket, Black Legs, Black Cap, Green Backpack",5
fig-004783,24,"Train Conductor - Dark Blue Jacket, Dark Blue Legs, Dark Red Hat, Glasses (3626b head)",4
fig-004784,16,"Woman - Medium Blue Jacket, White Legs",4
fig-004785,17,"Man - Black Suit, Sunglasses",4
fig-004786,15,"Kid - White Torso, Green Legs, Green Cap",4
fig-004787,15,"Woman - White Torso, Yellow Necklace, Red Legs",4
fig-004788,15,"Man, Black Jacket over Red Shirt, Light Gray Legs, Brown Hair (3626b Head)",4
fig-004789,17,"Train Worker - Red Vest, Blue Legs, White Helmet, Moustache",4
fig-004790,17,"Train Worker - Red Vest, Blue Legs, White Helmet, Sunglasses",4
fig-004791,14,"Woman - White Torso with Horse, White Legs",4
fig-004792,14,"Man - Brown Jacket, Black Legs, Red Cap",4
fig-004793,14,"Octan - Green Torso, Green Legs",4
fig-004794,18,"Police - Sheriff, Black Suit",4
fig-004795,17,"Woman - White Torso/Shirt, Blue Legs",4
fig-004796,14,"Conductor - Blue Jacket, Blue Legs, Red Hat",4
fig-004797,15,"Man, Green Jacket, Black Legs, White Cap",4
fig-004798,18,"Conductor - Yellow Jacket, Dark gray Legs, Black Hat",4
fig-004799,35,"Olivia - Adult, Spacesuit",4
fig-004800,12,"Man - White Jacket, Blue Arms, Blue Legs",4
fig-004801,8,"Woman - Red/White Striped Shirt, Red Arms, White Legs (3626b Head)",4
fig-004802,14,"Woman - White Torso, Red Necklace, Red Legs, Brown Hair (3626b Head)",4
fig-004803,24,"Man - White Torso with Palmtree, Blue Legs, Blue Cap",4
fig-004804,8,"Man - Black Shirt, Yellow Legs, Red Cap",4
fig-004805,8,"Man - With Shirt wit Truck, Blue Legs",4
fig-004806,12,"Train Worker - Red/White Shirt, Blue Legs, Brown Hair (3626b Head)",4
fig-004807,12,"Train Worker - Red/White Shirt, Blue Legs, Red Cap",4
fig-004808,13,"Man - Blue Jacket, Green Legs",4
fig-004809,16,"Train Worker - Red Vest, Dark Gray Legs, White Helmet, Moustache",4
fig-004810,11,"Train Worker - Red/White Shirt, Blue Legs, Red Helmet",4
fig-004811,4,"Man - White Torso with Red Brick, Blue Legs, Red Cap",4
fig-004812,4,"Train Employee - Yellow Torso, Yellow Legs, Red Hat, Red Mask, Red Cape",5
fig-004813,17,"Woman - Medium Blue Torso, Light Bluish Gray Legs",4
fig-004814,17,"Man - Dark Blue Plaid Torso, Light Bluish Gray Legs",4
fig-004815,17,"Man - Red Jacket, Red Legs",4
fig-004816,17,"Man - Tan Shirt, Dark Bluish Gary Legs, Black Cap",4
fig-004817,17,"Conductor - Dark Blue Jacket, Dark Blue Legs, Dark Red Hat, Glasses, Beard",4
fig-004818,15,"Man, Blue Overalls, Black Hair (3626b Head)",4
fig-004819,16,"Conductor - Blue Jacket, Black Legs, Red Hat (3626b Head)",4
fig-004820,12,"Man - Blue/White Striped Torso, Blue Legs, Brown Backpack",5
fig-004821,12,"Man - Blue/White Striped Torso, Blue Legs, Brown Hair",4
fig-004822,12,"Woman - Red and White Striped Shirt, Red Legs, Black Hair (3626b Head)",4
fig-004823,12,"Woman - White Torso, Yellow Necklace, White  Legs",4
fig-004824,11,"Woman - White Torso, Red Necklace, Red Legs, Black Tails",4
fig-004825,12,"Train Worker - Blue Jacket, Black Legs, Female",4
fig-004826,16,"Train Worker - Red/White Shirt, Blue Legs, Red hat",4
fig-004827,12,"Man - Black Suit, Light Bluish Gray Cowboy Hat",4
fig-004828,12,"Man - Blue Suit, Blue Legs",4
fig-004829,12,"Man - White Torso with Blue/Red Stripes, Blue Legs, Red Cap",4
fig-004830,13,"Chef - White Torso, Light Gray Legs (3626a Head)",4
fig-004831,14,"Woman - Red/White Striped Shirt, Red Arms, Red Legs, Brown Backpack",5
fig-004832,32,"Astronaut, Pearl Titanium Spacesuit, Pearl Gold Epaulette and Helmet",6
fig-004833,14,"Train Worker - Blue Jacket, Black Legs, Female, Black Hair",4
fig-004834,14,"Man - Blue Jacket, Black Legs",4
fig-004835,21,Iron Drone / Devastator with Red Eyes,8
fig-004836,27,Iron Drone / Devastator,7
fig-004837,18,Gate Guard / Ryo,4
fig-004838,21,Ha-Ya-To,4
fig-004839,16,Devastator with Trans-Neon Green Torso and Red Eyes,8
fig-004840,14,Devastator with Trans-Medium Blue Torso,7
fig-004841,17,Devastator with Trans-Red Torso and Red Eyes,8
fig-004842,22,Devastator with Pearl Light Gray Torso and Red Eyes,8
fig-004843,22,Devastator with Pearl Light Gray Torso,7
fig-004844,25,Meca One,7
fig-004845,20,Keiken,4
fig-004846,13,Ryo in Silver Armor,4
fig-004847,15,Hikaru in Silver Armor,4
fig-004848,12,Takeshi in Silver Armor,4
fig-004849,12,Ha-Ya-To in Silver Armor,4
fig-004851,30,"Skeleton, Standard Face, Straight Mechanical Arms (3626b Head)",6
fig-004852,17,Hitomi in Gold Armor,4
fig-004854,4,Devastator with Trans-Red Torso,7
fig-004855,16,"Bane, Light Nougat Head (Dark Knight Trilogy)",3
fig-004856,16,Commissioner James Gordon (Dark Knight Trilogy),4
fig-004857,16,"Batman, Dark Bluish Gray Suit, Black Cape and Cowl, Light Nougat Head, Black Hips",5
fig-004858,22,Dick Grayson with Red Sweater with Dark Red Robins Pattern,4
fig-004859,22,"Batman, Black Suit, Black Cape, Space Helmet (Space Suit)",7
fig-004860,22,"Batman, Reggae Man Outfit",5
fig-004861,22,"Batman, Dark Red Suit, Bright Light Orange Cape, Dark Red Cowl (Firestarter Outfit)",5
fig-004863,40,"The Joker with Bright Light Orange Shirt, Dark Purple Vest and Large Grin with Sharp Teeth",4
fig-004864,40,"Alfred Pennyworth, Balding, Sand Blue Batsuit",6
fig-004865,40,"Batgirl, White Suit (Disco Outfit)",7
fig-004866,40,"Batman, White Tuxedo, White Cape and Cowl (Disco Batman)",5
fig-004868,40,Robin in Disco Outfit,5
fig-004870,40,The Joker in Disco Outfit,6
fig-004871,40,Nightwing with Long Cape and Wings,10
fig-004872,22,Gentleman Ghost,5
fig-004873,22,Crazy Quilt,5
fig-004874,22,Harley Quinn in Cannon Ball Suit with Cape and Collar,6
fig-004875,18,El Dorado,5
fig-004876,18,Wonder Dog,2
fig-004877,18,Superman with Large Open Mouth Smile,5
fig-004878,18,Hawkgirl,8
fig-004879,18,Green Arrow with Dark Green Hat with Lime Feather,6
fig-004880,22,"Alfred Pennyworth, Chauffeur Batsuit",6
fig-004881,22,Polka-Dot Man,4
fig-004882,22,Flying Monkey with Open Mouth,9
fig-004883,22,Flying Monkey with Closed Mouth,9
fig-004884,19,"Pepper Potts, White Suit",4
fig-004885,19,Extremis Soldier,4
fig-004886,19,"Iron Man Mark 42 Armor, Plain White Head",5
fig-004887,19,The Mandarin with Dark Green Cape,6
fig-004889,19,Tony Stark in Black Shirt with Chest Arc Reactor,4
fig-004890,15,War Machine,9
fig-004891,15,Aldrich Killian,4
fig-004892,15,Iron Man Mark 42 Armor,5
fig-004893,17,Beetle,4
fig-004894,17,Dr. Doom,5
fig-004895,17,"J. Jonah Jameson, Sand Blue Suit",4
fig-004896,17,Nova,4
fig-004897,17,Venom with Black Tentacles,9
fig-004898,17,Nick Fury,3
fig-004899,19,Faora,6
fig-004900,21,"General Zod with Helmet, Armor, and Cape",6
fig-004901,21,Superman in Dark Blue Outfit (Man of Steel),5
fig-004902,19,Tor-An,4
fig-004903,19,Colonel Hardy,3
fig-004904,18,"Bank Employee - Gray Vest, Green Legs, Sunglasses",4
fig-004905,18,"Extreme Team - Black Torso, Green Legs, Female",4
fig-004906,18,"Man - Brown Jacket, Blue Legs, White Cap",4
fig-004907,18,"Woman - Blue Jogging Suite, White Legs",4
fig-004908,18,"Train Employee - Blue Torso, Black Legs, Red Hat",4
fig-004909,18,"Train Employee - Blue Torso, Red Legs, Red Cap",4
fig-004910,18,"Train Worker - Red Vest, Dark Gray Legs, Black Hair, Mustache",4
fig-004911,10,General Zod,4
fig-004912,18,"Man - White Jacket, Dark Gray Legs",4
fig-004913,11,Green Goblin with Unprinted Helmet and Neck Bracket,5
fig-004914,11,Mary Jane with Yellow Skin and Dark Red Outfit,4
fig-004915,16,Spider-Man with Neck Bracket,4
fig-004916,16,Peter Parker in Blue Jacket with Two Pockets,4
fig-004917,16,Policeman with Jacket with Zipper and Sunglasses,4
fig-004918,20,Stuntman / Pilot / Criminal,4
fig-004919,19,Green Goblin with Gold Eyes on Helmet,4
fig-004920,14,Mary Jane with White Jacket and Pink Shirt,4
fig-004921,19,Spider-Man with Silver Webbing,3
fig-004922,14,Taxi Driver,4
fig-004923,13,Mary Jane with Green Jacket and Light Violet Shirt,4
fig-004924,13,Scientist with Open Jacket and Black and Brown Striped Tie,4
fig-004925,13,Peter Parker in Sand Blue Jacket with Blue and Dark Blue Striped Shirt,4
fig-004926,13,Norman Osborn with Plain Torso,4
fig-004927,18,Spider-Man in Balaclava,3
fig-004928,15,Criminal with Sand Green Legs,4
fig-004929,20,Spider-Man with Dark Blue Arms and Legs,3
fig-004930,15,Ambulance Driver / Paramedic with Star of Life Badge,4
fig-004931,15,Harry Osborn in Pinstriped Suit,4
fig-004932,14,"Man - Brown Jacket, Yellow Legs, Blue Cap",4
fig-004933,14,"Woman - Blue Jogging Suite, Dark Gray Legs",4
fig-004935,14,"Train Worker - Red Vest, Black Legs, White Helmet, Sunglasses",4
fig-004936,15,Dr. Octopus / Doc Ock with Green Glasses and Light Nougat Arms,26
fig-004938,14,"Train Worker - Red Vest, Black Legs, White Helmet, Mustache",4
fig-004939,13,Peter Parker in Sand Blue Vest Over Black Jacket with Zipper,4
fig-004940,13,Mary Jane in Medium Blue Sweater,4
fig-004941,13,Harry Osborn in Dark Blue Suit,4
fig-004942,18,"Chef - White Torso, Light Gray Legs, Moustache",4
fig-004943,14,"Woman - White Torso with Horse, Pink Arms, White Legs",4
fig-004944,13,Dr. Octopus / Doc Ock with Green Glasses and Sand Green Suit,26
fig-004945,14,"Woman - Blue Jogging Suite, Blue Legs",4
fig-004946,14,"Man, Green Jacket, Light Grey Legs, Sunglasses, Brown Backpack",5
fig-004947,14,Subway Train Conductor,4
fig-004948,14,"J. Jonah Jameson, Black Suit, Black Hair",4
fig-004950,16,"Police - Sheriff, Black Suit, Brown Hair",4
fig-004953,14,Dr. Octopus / Doc Ock with Green Glasses and Sand Green Suit with Clenched Teeth,26
fig-004954,14,"Chef - White Torso, White Legs, Female",4
fig-004955,13,Aunt May in Dark Tan Outfit,4
fig-004956,14,"Man - Brown Jacket, Dark Grey Legs",4
fig-004957,13,"Security Guard Dark Bluish Gray Shirt with Badge, Dark Blue Cap, Orange Sunglasses",4
fig-004958,13,Dr. Octopus / Doc Ock with Green Glasses and Sand Green Suit with Closed Mouth,26
fig-004959,14,"Train Employee - Yellow Torso, Dark Grey Legs, Red Hat",4
fig-004960,14,"Man - White Jacket, Blue Arms, Light Gray Legs",4
fig-004961,13,"Policeman with Zipped Jacket with Gold Badge, and White Helmet with Black Visor",5
fig-004962,14,"TV Worker - Blue Torso, White Legs, Female",4
fig-004963,16,Jewel Thief with Blue Backpack,5
fig-004964,16,Jewel Thief with Black Jacket and Dark Bluish Gray Hat,4
fig-004965,8,"Man - Red Torso, Blue Legs, Black Hat",4
fig-004966,9,"LEGOLAND Female White Torso, White Legs",4
fig-004967,10,"LEGOLAND Female Blue Torso, White Legs",4
fig-004968,8,"LEGOLAND Red Torso, Blue Legs, Red Hat",4
fig-004969,10,"Race Driver, White Racing Suit and Helmet with Visor",5
fig-004970,7,"Man - Blue Jacket, Black Legs, Red Hat",4
fig-004971,8,"Man - Red Jacket, Red Construction Helmet",4
fig-004972,11,"Man - Red Jacket, Black Legs. Red Hat",4
fig-004973,7,"Man - Blue Torso, Blue Legs, Yellow Helmet, Yellow Vest",5
fig-004974,12,"Man - Black Torso, Blue Legs, Brown Hair",4
fig-004975,6,"Man - Blue Torso, Blue Legs, Black hat",4
fig-004976,20,"Batman, Light Bluish Gray Suit, Black Cape and Cowl, Light Nougat Head",5
fig-004978,20,The Joker with Plain Dark Purple Legs,4
fig-004979,20,The Joker's Henchman with Plain Dark Purple Torso,4
fig-004980,24,"Batman, Black Suit, Black Cape and Cowl, Gold Batman Logo (56630 Cape)",5
fig-004981,16,Two-Face in Black and White Outfit,4
fig-004982,16,Two-Face's Henchman with Black and White Torso,4
fig-004983,13,Killer Croc,3
fig-004984,14,Catwoman in Black Outfit,4
fig-004985,23,Mr. Freeze with Plain Blue Torso,5
fig-004986,23,"Batman, Dark Bluish Gray Suit, Black Cape and Cowl, Light Nougat Head, Dark Bluish Gray Hips",5
fig-004987,22,The Riddler with Black Hair,4
fig-004988,16,"Bane, Black Head, Black Hands",3
fig-004989,22,"Batman, Light Bluish Gray Suit, Dark Blue Cape and Cowl",5
fig-004990,24,Scarecrow with Glow in the Dark Head and Black Hat,4
fig-004991,19,Nightwing with Black Eyemask and Blue Chest Logo and Spiky Hair,4
fig-004992,19,"Arkham Asylum Guard, Black Cap, Medium Brown Head",4
fig-004993,19,"Arkham Asylum Guard, Black Cap, Light Nougat Head",4
fig-004994,19,Poison Ivy with Light Nougat Shoulders and Arms and Dark Red Straight Hair,4
fig-004995,23,The Penguin with Dark Purple Short Legs and Orange Vest,4
fig-004997,21,Robin with Green Eyemask and Plain Green Legs with Red Hips,5
fig-004998,21,Mr. Freeze's Henchman with Plain Blue Torso,4
fig-004999,21,"Bruce Wayne, Dark Blue Suit, Black Hair",4
fig-005000,21,"Alfred Pennyworth, Printed Black Hair",3
fig-005002,17,Harley Quinn in Black and Red Jester Outfit with White Hands,4
fig-005003,15,Robin with Tidy Hair,5
fig-005004,15,Armored Truck Driver,4
fig-005005,15,Dr. Octopus / Doc Ock with Long White Lab Coat,26
fig-005006,11,Electro with Trans-Medium Blue Head and Arms,3
fig-005007,20,Robin with Short Black Legs and Green Hands (Damian Wayne),5
fig-005008,20,Goon with Joker Make-up,4
fig-005009,20,"Batgirl, Black Suit, Medium Lavender Cape",5
fig-005011,20,The Joker with Lime Bow Tie and Wide Brim Dark Purple Hat,4
fig-005012,18,The Riddler in Green and Dark Green Outfit with Zipper,4
fig-005013,18,"Batman, Dark Bluish Gray Suit, Black Cape and Cowl, Light Nougat Head, Black Hips, Muscle Outline",5
fig-005014,13,Nightwing with Dark Red Eyes and Dark Red Chest Symbol,4
fig-005015,15,The Penguin with Printed Fur Collar,4
fig-005016,15,"Batman, Dark Blue Suit, Dark Blue Cowl, Diving Suit with Airtank",5
fig-005017,15,Lois Lane in Light Bluish Gray Vest,4
fig-005018,12,The Mandarin,5
fig-005019,12,Iron Man Mark 17 Armor / Heartbreaker Armor,5
fig-005021,15,The Joker with Green Vest and White Face Make-up (Dark Knight Trilogy),4
fig-005022,15,"Batman, Black Suit, Black Cape and Cowl, Copper Utility Belt (56630 Cape)(Dark Knight Trilogy)",5
fig-005023,17,"Wolverine, Mask, Dark Brown Hands",4
fig-005024,17,Cyclops,3
fig-005025,17,Storm,5
fig-005026,17,"Magneto, Dark Purple Outfit with Hair",5
fig-005027,24,Drax,3
fig-005028,34,The Sakaaran,4
fig-005029,24,Gamora in Dark Red Outfit,4
fig-005030,24,Star-Lord in Dark Red Outfit with Mask,4
fig-005031,24,"Ronan The Accuser, Blue Skin",5
fig-005032,29,Rocket Raccoon in Orange Outfit,4
fig-005033,29,Nebula,3
fig-005034,18,Nova Corps Officer,4
fig-005035,18,Star-Lord in Dark Red Outfit with Open Jacket and Mask,4
fig-005036,16,"Hulk (Big Fig), Black Hair, Dark Purple Pants",7
fig-005037,16,Falcon in Red and White Outfit,5
fig-005038,16,MODOK,3
fig-005039,16,"Taskmaster (Tony Masters), White Cape and Hood",5
fig-005040,16,Thor with No Beard,5
fig-005041,15,Captain America in Blue Suit and Plain Blue Legs,3
fig-005042,15,Red Skull,3
fig-005043,15,HYDRA Henchman,3
fig-005044,16,Power Man,3
fig-005045,16,Mary Jane with Heart Spider-man Logo on Shirt,4
fig-005046,16,Green Goblin (Big Fig),7
fig-005047,19,"Green Lantern, Hal Jordan with White Hands",4
fig-005048,19,Sinestro,4
fig-005049,19,"Batman, White Suit, Silver Cowl, Spacesuit with Wings",9
fig-005050,20,Darkseid (Big Fig),7
fig-005051,20,Hawkman,8
fig-005052,20,Superman,5
fig-005053,6,Iron Man Mark 45 Armor,5
fig-005054,6,Ultron Sentry,3
fig-005055,6,Ultron Sentry Officer,5
fig-005056,20,Hawkeye in Black and Dark Red Outfit,4
fig-005057,20,HYDRA Henchman in Chitauri Armor,4
fig-005058,22,Thor with Plain Dark Blue Legs,5
fig-005059,17,Deathstroke,3
fig-005060,17,Robin with Dark Green Hands and Legs,5
fig-005061,21,Vision with Infinity Stone on Forehead,4
fig-005062,27,"Black Widow, Black Jumpsuit, Dark Azure Highlights",4
fig-005063,23,Ultron / Ultimate Ultron,5
fig-005064,26,Iron Man Mark 43 Armor,5
fig-005065,13,Ultron Prime,4
fig-005066,13,Scarlet Witch with Dark Red Jacket over Black Dress,4
fig-005067,20,"Ultron Mark 1, Trans-Clear Head",3
fig-005068,20,"Iron Legion, Trans-Orange Head",5
fig-005069,18,Sandman,4
fig-005070,18,"Rhino, No Helmet",3
fig-005071,18,Iron Spider,9
fig-005072,18,Spider-Man with Plain Dual Molded Blue and Red Legs,3
fig-005073,13,"Spider-Man (Miles Morales), Red Hands, Red Face Webbing",3
fig-005074,13,Carnage with Red Tentacles,9
fig-005075,13,SHIELD Agent,4
fig-005076,35,Beast Boy,4
fig-005077,35,Harley Quinn in Black and Red Jester Outfit with White Arms,4
fig-005078,20,"Pirate - Short Red Legs, Red Bandana",4
fig-005079,35,Starfire,4
fig-005080,35,Robin with Green Short Sleeves and Legs,5
fig-005081,35,"The Joker with Blue Vest, Orange Shirt, Lime Bow Tie",4
fig-005082,35,"Batman, Dark Bluish Gray Suit, Black Cape and Cowl, Black Head, Black Boots, Small Batman Logo",5
fig-005083,24,"Pirate - Red Stripes, Dark Brown Legs, Red Bandana",4
fig-005084,22,"Pirate - Light Bluish Gray Legs, White Bandana",4
fig-005085,20,"Pirate - Red Stripes, Black Legs, White Bandana",4
fig-005086,20,"Pirate - Red Stripes, Blue Legs, White Bandana",4
fig-005087,23,"Pirate - Red/Black Stripes, Blue Legs, Red Bandana, Scar",4
fig-005088,20,"Pirate - Red Stripes, Red Legs, Red Bandana",4
fig-005089,20,"Pirate - Red Stripes, Black Legs, Red Bandana, Scar",4
fig-005090,20,"Pirate - Red Stripes, Red Legs, Brown Crow's Feet",4
fig-005091,20,"Pirate - Captain, Black Legs, Pearl Gold Hook",4
fig-005092,15,Ant-Man (Hank Pym),4
fig-005094,15,Ant-Man (Scott Lang),4
fig-005095,14,"Pirate - Blue Stripes, Black Legs, Red Bandana",4
fig-005096,12,"Pirate - Blue Stripes, Blue Legs, Black Tricorne",4
fig-005097,15,Yellow Jacket,23
fig-005098,10,"Pirate - Blue Stripes, Blue Legs, Red Bandana, Head Solid Stud",4
fig-005099,13,"Pirate - Blue Stripes, Blue Legs, Red Bandana, Gold Belt Buckle, 3626b",4
fig-005100,10,"Man - Red Torso, Black Legs Brown Hair",4
fig-005101,13,"Woman - Red Torso, Blue Legs, Black Tails",4
fig-005102,9,"Man - White Torso, Red Legs, Red Hat",4
fig-005103,24,Antoc Merrick,4
fig-005104,24,"IG-88, Printed Head, Tile with Clip on Back",8
fig-005105,12,"Man - Blue Torso, Light grey Legs, Black Hair",4
fig-005106,10,"Man - Black Jacket, Blue Legs, Blue Hat",4
fig-005107,10,"Woman -Blue Jacket, Blue Legs, Red Hair",4
fig-005108,10,"Man - Black Jacket, Black Legs, Light Gray Cowboy Hat",4
fig-005109,10,"Woman - White Torso, Yellow Necklace, Blue Legs",4
fig-005110,15,"Chef - White Torso, Light Gray Legs (3626b Head)",4
fig-005111,8,"Pirate - Blue Stripes, Light Gray Legs, Red Bandana, 3626a",4
fig-005112,14,"Man - White Torso, Red Overall, Red Cap (3626b Head)",4
fig-005113,7,"Pirate - Blue Stripes, Light Gray Legs, Red Bandana, 3626b",4
fig-005114,7,"Man - Blue Torso, Blue Legs, Red Helmet, Yellow Vest",5
fig-005115,10,"Shell - White Torso with Logo, Blue Legs, Red Cap",4
fig-005116,8,"Pirate - Blue Stripes, Red Legs, Red Bandana",4
fig-005117,11,"Man - Red Torso, Blue Legs, Light grey Cowboy Head",4
fig-005118,12,"Pirate - Blue Stripes, White Legs, Blue Bandana",4
fig-005119,12,"Woman - Blue Torso, White Legs, Black tails",4
fig-005120,11,"Man - Black Torso, White Legs, Brown Hair",4
fig-005121,11,"Man - Blue Torso, Blue Legs, Brown Hair",4
fig-005122,11,"Man - Blue Torso, Red Legs, Black Hair",4
fig-005123,11,"Man - Red Torso, Black Legs, Black Hat",4
fig-005124,13,"Pirate - Blue Stripes, White Legs, Red Bandana, Gold Belt Buckle, 3626b",4
fig-005125,12,"Pirate - Red/Black Stripes, Black Legs, Black Tricorne",4
fig-005126,13,"Pirate - Red/Black Stripes, Black Legs, Blue Bandana",4
fig-005127,12,"Woman - White Torso, Yellow Necklace, Red Legs, Black Hair",4
fig-005128,21,"Woman - White Sweatshirt, Tan Legs, Reddish Brown Hair",4
fig-005129,21,"Barista, Woman, White Torso, Reddish Brown Apron, Bright Light Yellow Hair",4
fig-005130,21,"Conductor - Dark Blue Jacket, Dark Blue Legs, Dark Red Hat, Glasses, Beard",4
fig-005131,14,"Man - Black Vest, Dark Bluish Gray Legs, Reddish Brown Hair",4
fig-005132,27,"Conductor - Dark Blue Jacket, Black Legs, Black Hat, Beard",4
fig-005133,14,"Man - Red Torso, Blue Legs, Backpack",5
fig-005134,14,"Woman - Red Sweater, Tan Legs, Reddish Brown Hair, Black Eyebrows",4
fig-005135,6,"LEGOLAND Blue Torso, Black Legs, With Cowboy Head",4
fig-005136,8,"Pirate - Red/Black Stripes, Black Legs, Red Bandana, Eyepatch (Old)",4
fig-005137,14,"Pirate - Red/Black Stripes, Blue Legs, Black Tricorne",4
fig-005138,20,Dr. Cyber,4
fig-005139,14,"Pirate - Red/Black Stripes, Blue Legs, Red Bandana",4
fig-005140,11,"Pirate - Red/Black Stripes, Green Legs, Blue Bandana",4
fig-005141,16,Time Cruisers Droid,11
fig-005142,11,"Pirate - Red/Black Stripes, Red Legs, Blue Bandana",4
fig-005143,18,"Time Twisters - Black Torso, Light Gray Vest, Dark Gray Legs",5
fig-005144,13,"Skeleton, Standard Face, Wizard Hat, Black Bandana",8
fig-005145,19,Ghost - White Legs,4
fig-005146,22,"Pirate - Red/Black Stripes, Black Legs, Red Bandana, Eyepatch (New)",4
fig-005147,7,"Woman - White Torso, Red Overall",4
fig-005148,10,"Pirate - Red Stripes, Peg Leg, Black Tricorne",4
fig-005149,13,"Pirate - Red Stripes, Blue Legs, Blue Bandana",4
fig-005150,10,"Pirate - Red Stripes, Blue Legs, Red Bandana, 3626b",4
fig-005151,13,"Pirate - Red Stripes, Light Gray Legs, Blue Bandana, 3626b",4
fig-005152,4,"Pirate - Red Stripes, Light Gray Legs, Blue Bandana, 3626a",4
fig-005153,12,"Pirate - Red Stripes, Light Gray Legs, Red Bandana",4
fig-005154,11,"Pirate - Red Stripes, Red Legs, Red Bandana",4
fig-005155,12,"Pirate - Red Stripes, White Legs, Black Tricorne",4
fig-005156,13,"Pirate - Red Stripes, White Legs, Blue Bandana",4
fig-005157,11,"Pirate - Red Stripes, White Legs, Red Bandana, 3626b",4
fig-005158,12,"Pirate - Red Stripes, White Legs, Red Bandana, 3626a",4
fig-005159,17,"Pirate - Anchor Tattoo, Dark Tan Legs, White Bandana",4
fig-005160,20,"Pirate - Anchor Tattoo, Black Legs, Reddish Brown Tricorne",4
fig-005161,12,"Pirate - Dark Purple Vest, Anchor Tattoo, Blue Legs, Red Bandana",4
fig-005162,15,"Cavalry Soldier - Crooked Smile, Backpack",5
fig-005163,15,"Cavalry Soldier - Crooked Open Smile, Backpack",5
fig-005164,15,Cavalry Soldier - Stubble,4
fig-005165,21,Dan Reid,4
fig-005166,21,Frank,4
fig-005167,21,Ray,4
fig-005168,15,Red Knee,4
fig-005169,27,Butch Cavendish,4
fig-005170,25,Captain J. Fuller,4
fig-005171,25,Danny Reid,4
fig-005172,25,Latham Cole,4
fig-005173,25,Rebecca Reid,4
fig-005174,22,Chief Big Bear,5
fig-005175,22,Kyle,5
fig-005176,22,Lone Ranger - Dirty,4
fig-005177,22,Tonto - Dirty,5
fig-005178,17,Barret,4
fig-005179,17,Jesus,5
fig-005180,17,Red Harrington,6
fig-005181,30,Aragorn,4
fig-005182,16,Frodo Baggins - Dark Green Cape,5
fig-005183,16,Meriadoc Brandybuck (Merry),5
fig-005184,16,Ringwraith / Nazgul,5
fig-005185,14,Aragorn - Dark Red Cape,5
fig-005186,14,Gandalf The White,5
fig-005187,30,Mordor Orc,3
fig-005188,14,Mordor Orc - Helmet,4
fig-005189,14,Mouth of Sauron,5
fig-005190,31,Gandalf The Grey - Wizard Hat,6
fig-005191,17,Mordor Orc - Armour,4
fig-005192,31,Gimli,5
fig-005193,17,King Of The Dead,5
fig-005194,22,Legolas,4
fig-005195,17,Pirate of Umbar,4
fig-005196,17,Soldier of the Dead 1,5
fig-005197,17,Soldier of the Dead 2,5
fig-005198,16,Frodo Baggins - Dark Bluish Gray Cape,5
fig-005199,16,Samwise Gamgee - Dark Bluish Gray Cape,5
fig-005200,15,"Gollum, Oval Eyes",3
fig-005201,23,Haldir,5
fig-005202,23,King Theoden,5
fig-005203,23,Uruk-Hai  - Berserker,3
fig-005204,23,"Uruk-Hai  - Helmet, Armour",5
fig-005205,23,Uruk-Hai  - Helmet,4
fig-005206,11,"Pirate - Anchor Tattoo, Light Gray Legs, Black Bandana",4
fig-005207,21,"Pirate - Anchor Tattoo, Black Legs, Blue Bandana, Gold Tooth",4
fig-005208,10,"Pirate - Anchor Tattoo, Blue Legs, Dark Green Bandana",4
fig-005209,10,"Pirate - Anchor Tattoo, Dark Green Legs, Red Bandana",4
fig-005210,10,"Pirate - Anchor Tattoo, Black Legs, Blue Bandana",4
fig-005211,21,"Pirate - Anchor Tattoo, Castaway, Blue Bandana",5
fig-005212,26,"Pirate - Anchor Tattoo, Castaway, Light Bluish Gray Hair",5
fig-005213,11,"Pirate - Anchor Tattoo, Green Legs, Blue Bandana",4
fig-005214,17,"Astronaut, White Spacesuit, Bright Green Helmet",5
fig-005215,23,"Pirate - Anchor Tattoo, Tan Legs, Blue Bandana",4
fig-005216,13,"Pirate - Shirt with Knife, Peg Leg",4
fig-005217,14,"Pirate - Shirt with Knife, Peg Leg, Blue Epaulettes",5
fig-005218,8,"Pirate - Shirt with Knife, Black Legs, Black Bicorne",4
fig-005219,11,"Pirate - Shirt with Knife, Black Legs, Brown Tricorne",4
fig-005220,18,HYDRA Henchman in Diver Outfit,4
fig-005221,18,Iron Man Mark 37 Scuba Suit / Hammerhead Armor,9
fig-005222,29,"Julian - Adult, Spacesuit",4
fig-005223,18,Iron Skull,3
fig-005224,28,Winter Soldier with Black Hands,4
fig-005225,19,Black Panther,4
fig-005226,19,Captain America with Hair,4
fig-005227,17,Lex Luthor with Hair in Tan Suit (DCEU),4
fig-005228,17,Lois Lane in Black Suit (DCEU),4
fig-005229,33,"Pirate - Captain, Pearl Gold Hook, Bicorne with Skull",5
fig-005230,17,Superman in Dark Blue Suit with Dual Molded Legs with Red Boots,5
fig-005231,21,Wonder Woman with Dark Brown Hair (DCEU),4
fig-005232,20,"Batman, Dark Bluish Gray Suit, Black Cape and Cowl, Black Head, Black Boots, Large Batman Logo",5
fig-005233,14,LexCorp Henchman with Goatee,4
fig-005234,14,LexCorp Henchman with Black Legs,4
fig-005235,23,Superman in Dark Blue Suit (DCEU),5
fig-005236,26,"Pirate - Captain, Pearl Gold Hook, Bicorne",5
fig-005237,13,"Batman, Pearl Titanium Suit, Dark Bluish Gray Cape, Pearl Dark Gray Cowl, Armor",6
fig-005238,19,Nick Fury in Long Leather Coat,3
fig-005239,19,Maria Hill in Dark Blue Outfit,4
fig-005240,13,"Pirate - Captain, No Eyepatch",5
fig-005241,19,Captain America with Hair and Dark Orange Eyebrows,4
fig-005242,7,"Pirate - Captain, Light Gray Hook, Bicorne",4
fig-005243,17,Quicksilver,4
fig-005244,17,Baron Von Strucker,3
fig-005245,22,"Pirate - Captain, Black Legs, Plume, Reddish Brown Eyebrows",5
fig-005246,18,Frodo Baggins - Reddish Brown Torso,4
fig-005247,18,Elrond - Dark Red Cape,5
fig-005248,18,Arwen,4
fig-005249,17,Boromir,5
fig-005250,17,Supergirl with Bright Light Yellow Hair over Shoulder,5
fig-005251,17,Moria Orc,4
fig-005252,17,Martian Manhunter (J'onn J'onzz) with Blue Cape and Collar,5
fig-005253,17,Peregrin Took (Pippin),5
fig-005254,17,Brainiac in Black Outfit with Magenta Wires,3
fig-005255,17,Cave Troll,7
fig-005256,17,Superman in Blue Outfit,5
fig-005257,20,"Pirate - Captain, Flat Silver Hook, Red Plume",6
fig-005258,19,Mordor Orc - Dark Tan,4
fig-005259,19,Lurtz,4
fig-005260,29,Uruk-Hai - Helmet With Hand-print,5
fig-005261,15,"Batman, Dark Tan Suit, Black Cape and Cowl (Desert Batman)",5
fig-005262,16,"Pirate - Captain, Light Gray Hook, Bicorne with Skull, 3626b",5
fig-005263,15,Ra's Al Ghul,6
fig-005264,15,Robin with Black Hood,5
fig-005265,31,Gandalf The Grey - Dark Bluish Gray Cape,6
fig-005266,15,Talia Al Ghul,4
fig-005267,14,"Pirate - Captain, Light Gray Hook, Bicorne with Skull, 3626a",5
fig-005268,27,Grima Wormtongue,5
fig-005269,27,Saruman,5
fig-005270,22,Red Hood,3
fig-005271,22,Katana,4
fig-005272,22,Captain Boomerang in Black Outfit,4
fig-005273,12,Gandalf The Grey,5
fig-005274,12,Saruman - White Legs,5
fig-005275,22,"Killer Croc, Sand Blue Pants (Big Fig)",7
fig-005276,16,Uruk-Hai,4
fig-005277,16,Rohan Soldier,5
fig-005278,16,Eomer,5
fig-005279,23,Farmer,4
fig-005280,23,Scarecrow in Dark Orange Outfit,4
fig-005281,23,"Batman, Black Suit, Black Cape and Cowl, Breathing Apparatus",6
fig-005282,23,Blue Beetle,5
fig-005283,23,"Skeleton, Evil Face, Bicorne Hat",7
fig-005284,23,Killer Moth with Helmet Covering Face,5
fig-005285,13,"Skeleton, Standard Face, Conquistador Helmet",7
fig-005286,17,Deadshot,4
fig-005287,17,Harley Quinn in Blue and Red Outfit and Hair,4
fig-005288,14,"Skeleton, Standard Face, Red Bandana Hat, Ball Joint Arms",7
fig-005289,29,The Riddler with Lavender Eyemask (60's TV Series),4
fig-005290,29,"Alfred Pennyworth, White Hair (60's TV Series)",4
fig-005291,29,"Batman, Sand Blue Suit, Dark Blue Cape and Cowl (60's TV Series)",5
fig-005292,29,"Bruce Wayne, Dark Blue Suit, Dark Brown Hair (60's TV Series)",4
fig-005293,23,Soldier (Imperial Soldier II) - Governor,5
fig-005294,29,Catwoman with Gold Necklace (60's TV Series),4
fig-005295,29,The Penguin (60's TV Series),4
fig-005296,29,"The Joker in Dark Pink Suit, Magenta Hands (60's TV Series)",4
fig-005297,26,"Soldier (Imperial Soldier II) - Governor, Dark Blue Plume",6
fig-005298,29,Robin (60's TV Series),5
fig-005299,29,Dick Grayson (60's TV Series),4
fig-005300,15,"Soldier (Imperial Soldier II) - Governor, Red Plume",6
fig-005301,25,"Soldier (Imperial Soldier II) - Black Beard, Blue Epaulette, Red Plume",6
fig-005302,24,War Machine with Red Eyes,6
fig-005303,24,Scarlet Witch with Cloth Coattail,5
fig-005304,23,"Soldier (Imperial Soldier II) - Brown Beard, Red Plume",6
fig-005305,24,Agent 13,4
fig-005306,24,Iron Man Mark 46 Armor,5
fig-005307,18,Crossbones,4
fig-005308,18,Falcon with Light Bluish Gray and Dark Red Wings,6
fig-005309,19,"Iron Man Mark 39 Armor, White Space Suit / Gemini (Starboost) Armor",8
fig-005310,19,Thanos with Dark Blue Arms (Big Fig),7
fig-005311,26,"Soldier (Imperial Soldier II) - Long Moustache, Red Plume",6
fig-005312,19,Captain America in Space Suit with Printed Mask,5
fig-005313,19,Captain Marvel with Red Sash Belt,4
fig-005314,19,Hyperion,5
fig-005315,27,The Riddler in Lime Suit with Black Shirt,4
fig-005316,10,Soldier (Imperial Soldier II) - Brown Beard,4
fig-005317,10,Soldier (Imperial Soldier II) - Cheek Lines,4
fig-005318,10,Soldier (Imperial Soldier II) - Black Beard,4
fig-005319,10,Soldier (Imperial Soldier II) - Scowl,4
fig-005320,26,"Soldier (Imperial Soldier II) - Shako, Scowl",5
fig-005321,24,"Soldier (Imperial Soldier II) - Shako, Smile",4
fig-005322,24,"Soldier (Imperial Soldier II) - Shako, Smile, Backpack",5
fig-005323,29,"Soldier (Imperial Soldier II) - Printed Shako, Brown Beard",5
fig-005324,27,Green Goblin in Magenta Outfit,4
fig-005325,27,Kraven The Hunter,5
fig-005326,27,Scarlet Spider,4
fig-005327,29,Scorpion,6
fig-005328,27,Spider-Girl,4
fig-005329,27,Aunt May with Medium Lavender Scarf,4
fig-005330,22,The Ancient One,3
fig-005331,22,Doctor Strange,5
fig-005332,22,Karl Mordo,4
fig-005333,18,Captain Stacy,4
fig-005334,18,Dr. Octopus / Doc Ock in Bright Green and Yellow Outfit with No Tentacles,5
fig-005335,18,White Tiger,5
fig-005336,18,Vulture in Green Outfit,4
fig-005337,20,"Ghost Rider, White Head, Torn Jacket",3
fig-005338,20,Hobgoblin,5
fig-005339,20,Mantis,4
fig-005340,29,Rocket Raccoon in Dark Blue Outfit,4
fig-005341,20,Taserface,5
fig-005342,16,"Hulk (Big Fig), Dark Green Hair, Magenta Pants",7
fig-005343,16,Red Hulk (Big Fig),7
fig-005344,16,Red She-Hulk,4
fig-005345,16,She-Hulk,4
fig-005346,18,Justin Hammer,4
fig-005347,18,Agent Coulson,4
fig-005348,18,Iron Man / Invincible Iron Man,4
fig-005349,16,Super-Adaptoid,5
fig-005350,16,Captain America in Pilot Outfit,3
fig-005351,16,"Ms. Marvel, Long Arms",4
fig-005352,21,Wonder Woman with Gold Tiara and Reddish Brown Shoulder Strap,4
fig-005353,21,Steve Trevor with Reddish Brown Hat with Goggles,5
fig-005354,24,Ayesha,4
fig-005355,24,Star-Lord in Dark Red Outfit with Open Jacket and Neck Bracket,5
fig-005356,24,Yondu,4
fig-005357,15,Wolverine with Short Legs,4
fig-005358,15,Magneto with Short Legs,5
fig-005359,17,Iron Man with Short Legs,4
fig-005360,17,Thanos with Short Legs,4
fig-005361,15,Scorpion with Short Legs,6
fig-005362,15,"Spider-Man with Short Legs, Winking",3
fig-005363,11,Wonder Woman with Short Legs,4
fig-005364,11,Doomsday with Short Legs,6
fig-005365,16,Killer Moth with Short Legs,5
fig-005366,16,"Batman, Light Bluish Gray Suit, Dark Blue Cape and Cowl, Short Legs",5
fig-005367,15,Bizarro with Short Legs,5
fig-005368,15,Superman with Short Legs,5
fig-005369,16,"Hulk, Short Legs",4
fig-005370,16,Ultron with Short Legs,4
fig-005371,15,Spider-Man with Short Legs,3
fig-005372,15,Green Goblin with Short Legs,4
fig-005373,18,The Flash with Short Legs,4
fig-005374,18,Captain Cold with Short Legs,4
fig-005375,16,"Bane, Short Legs",3
fig-005376,16,Robin with Short Legs,5
fig-005377,14,"Batman, Dark Bluish Gray Suit, Black Cape and Cowl, Short Legs",5
fig-005378,14,Catwoman with Short Legs,4
fig-005379,19,"Aquaman, Dark Brown Hair, Light Nougat Hands (DCEU)",4
fig-005380,19,"Atlantean Guard, Angry (DCEU)",4
fig-005381,19,"Atlantean Guard, Scared (DCEU)",4
fig-005382,24,Parademon with Bright Light Orange Armor and Open Wings (DCEU),6
fig-005383,20,Iron Man Mark 47 Armor,5
fig-005384,20,The Shocker,3
fig-005385,20,Vulture with Black Jacket with Fur Collar,5
fig-005386,19,Robber with Captain America Mask,4
fig-005387,19,Robber with Hulk Mask,4
fig-005388,24,Drax with Sand Blue Legs,4
fig-005389,24,Nebula in Tattered Outfit,3
fig-005390,24,Gamora in Dark Bluish Gray and Silver Outfit,4
fig-005391,24,Star-Lord in Dark Bluish Gray and Silver Outfit with Hair,5
fig-005392,14,Scarlet Spider with Short Legs,3
fig-005393,14,Sandman with Short Legs,4
fig-005394,21,Thor with Blue Scabbard,5
fig-005395,21,"Hulk (Big Fig), Helmet, Armor, Black Pants",7
fig-005396,21,Grandmaster,4
fig-005397,21,"Loki, Dark Blue Outfit",5
fig-005398,21,Sakaarian Guard,3
fig-005399,20,Parademon in Dark Green Outfit with Closed Wings,6
fig-005400,18,Cyborg with Blaster Arm (DCEU),4
fig-005401,18,"Batman, Dark Bluish Gray Suit, Black Cape and Cowl (Tactical Suit)",5
fig-005402,13,The Flash in Dark Red Outfit (DCEU),4
fig-005403,16,Parademon in Dark Green Outfit with Open Wings,6
fig-005404,13,"Batman, Dark Bluish Gray Suit, Black Cape and Cowl, Black Head, Large Batman Logo",5
fig-005405,17,Reverse Flash,4
fig-005406,17,Killer Frost,4
fig-005407,17,Cyborg with Red and Orange Chest,4
fig-005408,17,Lex Luthor in Green and Dark Purple Armor,3
fig-005409,17,Firestorm,3
fig-005410,17,Cheetah,5
fig-005411,17,"Batman, Light Bluish Gray Suit, Black Cowl, Neck Bracket",5
fig-005412,17,"Wonder Woman with Tiara and Hair, and Gold Belt with Blue Skirt",4
fig-005413,18,"Aquaman, Dark Brown Hair, Green Hands (DCEU)",4
fig-005414,18,Mera (DCEU),4
fig-005415,18,Black Manta (David Kane) with Black Helmet,3
fig-005416,14,Supergirl with Short Legs,5
fig-005417,14,Brainiac with Short Legs,3
fig-005418,14,The Joker with Short Legs,4
fig-005419,14,Nightwing with Short Legs,4
fig-005420,11,"Batman, Black Suit, Black Cape and Cowl, Short Legs",5
fig-005421,11,Harley Quinn with Short Legs,4
fig-005422,14,"Loki, Short Legs",4
fig-005423,14,Thor with Short Legs,5
fig-005424,12,Nebula with Short Legs,3
fig-005425,12,Star-Lord with Short Legs,4
fig-005426,22,Thanos with Medium Lavender Arms (Big Fig),7
fig-005427,22,Gamora in Long Reddish Brown Coat,4
fig-005428,22,"Iron Man Mark 50 Armor, with Neck Bracket",6
fig-005429,22,Star-Lord (Peter Quill) in Dark Red Jacket,4
fig-005430,24,"Iron Man Mark 43 Armor, Plain Trans-Clear Head",5
fig-005431,17,Proxima Midnight,4
fig-005432,17,Falcon in Dark Bluish Gray and Black Suit with Neck Bracket,5
fig-005433,41,Outrider,8
fig-005434,28,Black Panther with Reddish Brown Eyes,4
fig-005435,25,Shuri,4
fig-005436,25,Corvus Glaive,5
fig-005437,22,Thor with 6 Silver Circles on Chest and Medium Nougat Hair,4
fig-005438,22,"Groot, Teen",3
fig-005439,17,"Black Widow, Bright Light Yellow Hair",4
fig-005440,17,Captain America with Beard,4
fig-005441,17,Ulysses Klaue,4
fig-005442,17,Erik Killmonger,4
fig-005443,17,Nakia,4
fig-005444,15,Black Panther with Dark Azure Highlights,4
fig-005445,15,Erik Killmonger / Golden Jaguar,4
fig-005446,15,Okoye,3
fig-005447,14,Ace the Bat-Hound,3
fig-005448,14,Talon,3
fig-005449,14,Talon with Scabbard,4
fig-005450,14,"Batman, Pearl Titanium Suit, Pearl Dark Gray Cowl, Armor, Dark Bluish Gray Head",5
fig-005451,12,Ant-Man (Scott Lang) (Ant-Man & The Wasp),4
fig-005452,12,Ghost (Ava Starr),4
fig-005453,19,"Soldier (Imperial Soldier II) - Printed Shako, Black Beard",5
fig-005454,33,Iron Man Mark 50 Armor,5
fig-005455,28,"Ebony Maw, Light Aqua Head",3
fig-005456,28,Doctor Strange with Red Cape and Collar,6
fig-005457,28,Cull Obsidian (Big Fig),7
fig-005458,28,"Iron Spider-Man, Printed Legs",12
fig-005459,22,"Soldier (Imperial Soldier II) - Printed Shako, Female",4
fig-005460,18,Iron Man Mark 41 Armor / Bones Armor,5
fig-005461,22,"Soldier (Imperial Soldier II) - Printed Shako, Smile, Reddish Brown Eyebrows",4
fig-005462,18,Iron Man Mark 1 Armor,4
fig-005463,18,Iron Man Mark 5 Armor,5
fig-005464,31,"Soldier (Imperial Soldier II) - Printed Shako, Cheek Lines",5
fig-005465,33,"Soldier (Imperial Soldier II) - Printed Shako, Scowl",5
fig-005466,17,Outrider with Shoulder Armor,4
fig-005467,11,"Ant-Man (Scott Lang), White Advanced Tech (Quantum) Suit",4
fig-005468,11,"War Machine, White Advanced Tech (Quantum) Suit",6
fig-005469,26,"Soldier (Imperial Soldier II) - Printed Shako, Gray Beard",5
fig-005470,17,Outrider with Claws,12
fig-005471,17,"Captain America, White Advanced Tech (Quantum) Suit",4
fig-005472,29,"Bruce Wayne, Black Suit",4
fig-005473,29,Catwoman with Red Goggles,4
fig-005474,33,"Robin with Green Eyemask and Hands, Short Legs, and Yellow Cape",5
fig-005475,29,"Two-Face with Red Jacket, Dark Pink Vest and Black Shirt",4
fig-005476,11,"Soldier (Imperial Soldier II) - Printed Shako, Smirk",5
fig-005477,36,"Batman, Dark Bluish Gray Suit, Black Cape and Cowl, Black Head, Dark Bluish Gray Legs, Gold Trim Batman Logo (39444 Cape)",5
fig-005478,24,Shazam with White Hood and Cape,5
fig-005479,24,Commissioner James Gordon with Reddish Brown Hair and Long Coat,4
fig-005480,27,The Joker with Dark Purple Vest Over Green Shirt and Orange Bow Tie,4
fig-005481,18,"Mr. Freeze in Pearl Dark Gray Outfit, with Red Goggles, and Neck Bracket",5
fig-005482,20,The Flash with Dual Molded Red and Yellow Legs,4
fig-005483,20,Poison Ivy in Green Outfit,4
fig-005484,20,Firefly,5
fig-005485,20,"Batman, Light Bluish Gray Suit, Black Cape and Cowl, Light Nougat Head, Gold Trim Batman Logo",5
fig-005486,14,"Aquaman, Long Yellow Hair, Green Hands",4
fig-005487,14,"Batman, Light Bluish Gray Suit, Black Cowl, Breathing Apparatus",5
fig-005488,14,Ocean Master,5
fig-005489,25,Aunt May in Bright Light Blue Sweater,4
fig-005490,35,Spider-Man with Blue Around Eyes,3
fig-005491,33,"Ghost-Spider / Spider-Gwen, Closed Front Hood",4
fig-005492,34,Venom with Open Mouth,3
fig-005493,21,Vulture in Dark Green Outfit with Neck Bracket,4
fig-005494,21,"Sandman, Swirling Dirt Lower Body with Tan Sweater",4
fig-005495,21,"Spider-Man 2099, Bright Light Blue Dots",3
fig-005497,17,"Spider-Man (Miles Morales), Black Hands",3
fig-005498,17,Carnage with Long Tentacles,24
fig-005499,9,Islander - Female,5
fig-005500,13,Islander - Female Archer,6
fig-005501,11,"Islander - King Kahuka, Feathers",5
fig-005502,15,Islander - Male,5
fig-005503,11,"Pirate - Blue Jacket, White Legs, Black Tricorne (3626b Head)",4
fig-005505,35,Captain Redbeard,5
fig-005506,35,Lady Anchor,4
fig-005507,35,Jack 'Dark Shark' Doubloons,4
fig-005508,35,Port,5
fig-005509,35,Quartermaster Riggings,4
fig-005510,35,Robin Loot,4
fig-005511,35,"Skeleton, Standard Face, Missing 1 Leg, Imperial Guard Hat",7
fig-005512,35,Starboard,5
fig-005513,35,Tattooga,4
fig-005514,13,"Pirate - Blue Jacket, Light Gray Legs, Brown Tricorne (3626a Head)",4
fig-005515,20,Pirate - Cook,4
fig-005516,21,Maiden - Black Hair,4
fig-005517,10,"Maiden - Black Hair, One-sided Head",4
fig-005518,20,Maiden - Bright Light Yellow Hair,4
fig-005519,20,Maiden - Medium Nougat Hair,4
fig-005520,26,Maiden - Dark Brown Hair,4
fig-005521,12,"Pirate - Brown Shirt, Peg Leg, Black Tricorne",4
fig-005522,12,"Pirate - Brown Shirt, Green Legs, Black Tricorne",4
fig-005523,11,"Pirate - Brown Shirt, Light Gray Legs, Black Tricorne",4
fig-005524,11,"Pirate - Brown Shirt, Light Gray Legs, Brown Tricorne",4
fig-005525,12,"Pirate - Brown Vest, Blue Legs, Brown Tricorne",4
fig-005526,11,"Pirate - Brown Vest, Light Gray Legs, Black Tricorne",4
fig-005527,20,"Pirate - Female, Black Hair with Bandana, Yellow Arms",4
fig-005528,9,"Pirate - Female, Black Legs, Red Bandana",4
fig-005529,32,"Pirate - Female, Blue Legs, Dark Brown Hair",4
fig-005530,13,"Pirate - Female, Dark Green Legs, Dark Orange Hair",4
fig-005531,10,"Pirate - Female, Skirt, Dark Brown Hair",4
fig-005532,4,"Pirate - Female, White Legs, Blue Bandana, 3626a",4
fig-005533,13,"Pirate - Female, White Legs, Blue Bandana, 3626b",4
fig-005534,12,"Pirate - Female, White Legs, Red Bandana",4
fig-005535,22,"Pirate - Female, Black Hair with Bandana, White Arms",4
fig-005536,11,"Pirate - Green Vest, Peg Leg, Black Bicorne",5
fig-005537,11,"Pirate - Green Vest, Black Legs, Black Bandana",4
fig-005538,8,"Pirate - Green Vest, Black Legs, Brown Tricorne",4
fig-005539,12,"Pirate - Green Vest, Black Legs, Red Bandana",4
fig-005540,7,"Pirate - Green Vest, Blue Legs, Red Bandana",4
fig-005541,9,"Pirate - Green Vest, Red Legs, Brown Tricorne",4
fig-005542,20,"Pirate - Green Jacket, Light Bluish Grey Legs, Brown Tricorne",4
fig-005543,10,"Pirate - Green Stripes, Black Legs, Black Tricorne",4
fig-005544,10,"Pirate - Green Stripes, Black Legs, Blue Bandana",4
fig-005545,10,"Pirate - Green Stripes, Blue Legs, Dark Green Bandana",4
fig-005546,10,"Pirate - Green Stripes, Reddish Brown Legs, Blue Bandana",4
fig-005547,10,"Pirate - Green Stripes, Reddish Brown Legs, Red Bandana",4
fig-005548,21,"Pirate - Green Stripes, Dark Green Legs, Dark Green Bandana",4
fig-005549,11,"Pirate - Green Stripes, Reddish Brown Legs, Dark Green Bandana, Black Beard",4
fig-005550,26,Mermaid - Reddish Brown Hair,4
fig-005551,22,Mermaid - Dark Red Hair,4
fig-005552,22,"Merman - Dark Orange Hair, Reddish Brown Eyebrows",4
fig-005553,24,Mermaid - Green Tail,4
fig-005554,24,Merman - Green Tail,5
fig-005555,21,"Pirate - Blue Vest, Tan Legs, Black Tricorne (3626b Head)",4
fig-005556,10,"Pirate - Blue Vest, Black Legs, Black Tricorne",4
fig-005557,3,"Pirate - Blue Vest, Dark Green Legs, Dark Green Bandana",4
fig-005558,21,"Pirate - Blue Vest, Dark Green Legs, Dark Green Bandana, Long Moustache",4
fig-005559,26,"Pirate - Blue Vest, Green Legs, Dark Green Bandana, Smirk",4
fig-005560,23,"Pirate - Blue Vest, Green Legs, Dark Green Bandana",4
fig-005561,13,"Pirate - Blue Vest, Red Legs, Dark Red Bandana, Bushy Eyebrows",4
fig-005562,13,"Pirate - Blue Vest, Red Legs, Dark Red Bandana, Scowl",4
fig-005563,22,"Pirate - Blue Vest, Reddish Brown Legs, Red Bandana, Reddish Brown Eyebrows",4
fig-005564,26,"Pirate - Blue Vest, Short Tan Legs, Red Bandana",4
fig-005565,24,"Pirate - Blue Vest, Red Legs, Black Bicorne",4
fig-005566,32,Spider-Man with Dark Red Webbing and Plain Blue Legs,3
fig-005567,19,Dr. Octopus / Doc Ock in Green Outfit with Small Back Arms,9
fig-005568,19,Dock Worker,4
fig-005569,12,Green Goblin in Dark Purple Outfit,4
fig-005570,27,"Nebula, White Advanced Tech (Quantum) Suit",3
fig-005571,27,"Hulk (Big Fig), Black Hair, Dark Blue Pants",7
fig-005572,27,Thanos with Gold Armor on Arms (Big Fig),7
fig-005573,29,Captain Marvel with Medium Nougat Hair,4
fig-005574,29,"Iron Man Mark 85 Armor, Pearl Gold Arms, Rounded Helmet",5
fig-005575,19,"Nick Fury in Long Black Coat Over Gray Sweater, Line on Hips",3
fig-005576,19,Happy Hogan,4
fig-005577,39,"Mysterio, Dark Green Outfit",5
fig-005578,28,MJ (Michelle Jones),4
fig-005579,28,Hydro-Man,3
fig-005580,28,Peter Parker Transforming in Spider-Man,4
fig-005581,20,Spider-Man in Black and Gray Outfit,3
fig-005582,20,Firefighter with Reddish Brown Skin and Dark Red Fire Helmet,4
fig-005583,18,Talos (Skrull),4
fig-005584,28,Chitauri,3
fig-005585,22,"Rocket Raccoon, White Advanced Tech (Quantum) Suit",4
fig-005586,22,"Thor, White Advanced Tech (Quantum) Suit",4
fig-005587,22,"Hawkeye, White Advanced Tech (Quantum) Suit and Quiver",5
fig-005588,28,"Black Widow, White Advanced Tech (Quantum) Suit",4
fig-005589,19,Black Panther with Collar,5
fig-005590,32,"AIM Agent with Backpack, Pins",8
fig-005591,32,Thor with Printed Cape Front and Pearl Dark Gray Legs,5
fig-005592,14,Thanos in Dark Blue and Gold Outfit,4
fig-005593,41,"Iron Man Mark 43 Armor, Visor Printed on Helmet",4
fig-005594,29,"Batman, Black Suit, Black Cape and Cowl (Rubber), White Headband",4
fig-005595,25,The Joker with Dark Turquoise Vest and Neckerchief Tied in a Bow,4
fig-005596,25,Vicki Vale,4
fig-005597,16,Spider-Man Noir without Shirt Tail,4
fig-005598,21,"Mysterio, Green Outfit, Trans-Clear Helmet",5
fig-005599,12,Spider-Girl in Black and White Outfit,4
fig-005600,12,Dr. Octopus / Doc Ock in Green Outfit with Back Arms with Claws,37
fig-005601,17,Vulture in Dark Green Outfit with Lime Wings,4
fig-005602,17,Armored Truck Driver with Helmet,5
fig-005603,23,"Hulk (Big Fig), White Jumpsuit with Avengers Logo",7
fig-005604,23,Rescue (Pepper Potts),5
fig-005605,18,"Hawkeye in Black and Dark Purple Outfit with Dark Purple Goggles, and Quiver",5
fig-005606,34,AIM Agent,5
fig-005607,18,AIM Agent with Neck Bracket,6
fig-005608,18,Captain America in Dark Blue Outfit with Black Hands and Hair,4
fig-005609,14,Carnage,3
fig-005610,14,Iron Venom,4
fig-005611,19,Maria Rambeau,6
fig-005612,6,Chief O'Hara,4
fig-005613,6,GCPD Officer in Helmet,4
fig-005614,6,GCPD Officer in Dark Blue Police Hat with Gold Badge,4
fig-005615,8,"Batman, Dark Tan Coat, Black Cowl (Knightmare Batman)",4
fig-005616,12,Ultron Sentry with Neck Armor,4
fig-005617,0,Green Arrow with Dark Green Hood,4
fig-005618,0,Superman in Black Outfit,5
fig-005619,19,Spider-Man,3
fig-005620,1,Bizarro,5
fig-005621,1,Shazam,5
fig-005622,1,"Batman, Black Suit, Black Cape and Cowl, Yellow Utility Belt, Black Batman Logo",5
fig-005623,1,Iron Man Mark 33 Armor / Silver Centurion Armor,8
fig-005624,29,Sparratus,4
fig-005625,5,Iceklaw,4
fig-005626,21,Equila with Shoulder Armor,10
fig-005627,17,Wakz with Shoulder Armor,6
fig-005628,30,Rizzo,10
fig-005630,19,Eris with Shoulder Armor,10
fig-005631,20,Worriz with Cape,5
fig-005632,20,Ewald with No Chi,9
fig-005633,31,Longtooth,4
fig-005634,31,Laval with Shoulder Armor and Cape,7
fig-005635,31,Lagravis with Shoulder Armor,7
fig-005636,31,Ewald,10
fig-005637,31,"Cragger with Shoulder Armor, and Tattered Cape",7
fig-005638,31,Razar with Pearl Gold Shoulder Armor,10
fig-005639,16,Windra,5
fig-005640,16,"Worriz with Flat Silver Shoulder Armor, and Cape",7
fig-005641,16,Eris with Pearl Gold Shoulder Armor,10
fig-005642,22,G'Loona,4
fig-005643,24,Grumlo with Dark Brown Shoulder Armor,6
fig-005644,22,Gorzan with Dark Brown Shoulder Armor,6
fig-005645,26,Eglor,10
fig-005646,19,Razcal in Flat Silver Shoulder Armor,11
fig-005647,19,Lennox with Pearl Gold Shoulder Armor,6
fig-005648,19,Crooler,4
fig-005649,29,Crominus with Tattered Cape,7
fig-005650,30,Cragger with Tattered Cape,7
fig-005651,19,Rawzom with Pearl Gold Shoulder Armor,10
fig-005652,25,Laval with Shoulder Armor and Cape,7
fig-005653,17,Longtooth with Shoulder Armor,6
fig-005654,18,Wakz,4
fig-005655,14,Lagravis,5
fig-005656,16,Rawzom with Flat Silver Shoulder Armor,9
fig-005657,16,Eris with No Chi,9
fig-005658,22,Scorm,7
fig-005659,22,Cragger with Shoulder Armor,6
fig-005660,27,Laval in Shoulder Armor,6
fig-005661,19,Rogon,6
fig-005662,12,Rinona,4
fig-005663,12,Sparacon,10
fig-005664,17,Lavertus with Pearl Gold Shoulder Armor,6
fig-005665,17,Scutter,25
fig-005666,15,Eris in Silver Outfit with Flat Silver Shoulder Armor,10
fig-005667,15,Braptor,10
fig-005669,10,Gorzan with Pearl Gold Shoulder Armor,6
fig-005670,36,Cragger with Shoulder Armor and Fire Chi,6
fig-005671,22,Lavertus with Flat Silver Shoulder Armor,6
fig-005672,17,Spinlyn,27
fig-005673,36,Strainor with Shoulder Armor,6
fig-005674,36,Eris with Fire Chi,10
fig-005675,36,Lagravis in Fire Chi Outfit,5
fig-005676,36,Vardy (with 12825 Tile with Clip),10
fig-005677,36,Lundor with Shoulder Armor and Fire Chi,6
fig-005678,14,Shadowind (Lavertus),4
fig-005679,14,Scolder,4
fig-005680,36,Strainor with Trans-Light Blue Shoulder Armor,6
fig-005681,36,Worriz with Shoulder Armor with Fire Chi,6
fig-005682,36,Voom Voom (with 12825 Tile with Clip),10
fig-005683,36,Tormak in Orange Outfit,6
fig-005684,36,Li'Ella in Dark Red Outfit,6
fig-005685,36,Foltrax,10
fig-005686,36,Fluminox with Shoulder Armor and Skirt,10
fig-005687,36,Flinx,10
fig-005688,36,Voom Voom with Trans-Light Blue Shoulder Armor,10
fig-005689,36,Maula with Shoulder Armor,6
fig-005690,36,Mottrot,6
fig-005691,36,Razar with Shoulder Armor and Fire Chi,10
fig-005692,36,Vornon with Trans-Light Blue Large Shoulder Armor,10
fig-005693,36,Cragger with Shoulder Armor and Fire Chi,6
fig-005694,36,Mungus (Big Fig),12
fig-005695,36,Laval with Shoulder Armor and Fire Chi,6
fig-005696,36,Rogon with Flame Wings,9
fig-005697,36,Rinona in Fire Chi Outfit,4
fig-005698,36,Mottrot with Shoulder Armor,6
fig-005699,36,Maula,4
fig-005700,36,Vardy with Trans-Light Blue Shoulder Armor (with 15712 Tile with Clip),10
fig-005701,36,Vornon with Trans-Light Blue Shoulder Armor (with 15712 Tile with Clip),10
fig-005702,36,Bladvic with Flame Wings,9
fig-005703,36,Iceklaw with Neck Bracket,5
fig-005704,36,Trakkar with Shoulder Armor,6
fig-005705,36,Breezor,3
fig-005706,36,Eris with Flame Wings,9
fig-005707,36,Sibress with Shoulder Armor,6
fig-005708,36,Tazar,4
fig-005709,36,Razar with Flame Wings,9
fig-005710,36,Icepaw,7
fig-005711,36,Icebite,6
fig-005712,36,Tormak with Spiked Shoulder Armor,5
fig-005713,36,Gorzan with Flame Wings,9
fig-005714,36,Sykor with Shoulder Armor,6
fig-005715,36,Flinx with Wings,10
fig-005716,36,Voom Voom (with 15712 Tile with Clip),10
fig-005717,36,Worriz with Flame Wings,9
fig-005718,13,Sir Fangar,4
fig-005719,13,Laval in Fire Chi Outfit,4
fig-005720,15,Cragger in Fire Chi Outfit,4
fig-005721,36,Sirox,6
fig-005722,36,Saber-Tooth Tiger Warrior with Copper Plates on Jaw,4
fig-005723,36,Saber-Tooth Tiger Warrior,4
fig-005724,36,Crocodile Warrior with Yellowish Green Jaw,4
fig-005725,36,Crokenburg,6
fig-005726,36,Crocodile Warrior with Tan Jaw,4
fig-005727,36,Icerlot,6
fig-005728,36,Ice Bear Warrior with White Legs,4
fig-005729,36,Ice Bear Warrior with Trans-Light Blue Right Leg,4
fig-005730,36,Li'Ella in Dark Blue Outfit,6
fig-005731,36,Lion Warrior,4
fig-005732,36,Lioness Warrior,4
fig-005733,36,Frax with Dark Red Legs,10
fig-005734,36,Vultrix,10
fig-005735,36,Cragger with Flame Wings,9
fig-005736,36,Crominus in Fire Chi Outfit,5
fig-005737,36,Icepaw in Shoulder Armor,6
fig-005738,36,Laval with Flame Wings,9
fig-005739,36,Saraw,6
fig-005740,8,Worriz in Fire Chi Outfit with Light Bluish Gray Hands,4
fig-005741,8,Vornon with Flat Silver Shoulder Armor,10
fig-005742,9,Crug with Flat Silver Shoulder Armor,6
fig-005743,9,Wilhurt with Flat Silver Shoulder Armor,6
fig-005745,2,Iceklaw with Trans-Light Blue Shoulder Armor,6
fig-005746,16,Robin with Very Short Cape (3626cpr1764 Head),5
fig-005747,18,Leonardo with Plain Green Legs,4
fig-005748,26,Minnie Mouse with Red with White Spots Skirt and Bow,5
fig-005749,26,Chip in Dark Blue Suit,3
fig-005750,26,Dale in Dark Blue Vest with Pocket Watch Chain,3
fig-005751,26,Goofy,3
fig-005752,26,Mickey Mouse in Blue Overalls with Red Bandana,3
fig-005753,37,Mickey Mouse in Tuxedo,4
fig-005754,37,Minnie Mouse with Red with White Spots Dress and Bow,5
fig-005755,37,Daisy Duck,5
fig-005756,37,Tinker Bell,6
fig-005757,37,Disney Castle Knight / Coat of Armor,6
fig-005758,20,"Astromech Droid, R2-D2, Snowman",6
fig-005759,23,"Astromech Droid, R4-TR3, Christmas Tree",7
fig-005760,24,"Skeleton, Evil Face, Aquaraiders Helmet",8
fig-005761,24,Aquaraider Diver 4 with Dark Bluish Gray Hat,4
fig-005762,24,Aquaraider Diver 3,4
fig-005763,25,Aquaraider Diver 2,6
fig-005764,24,Aquaraider Diver 1,6
fig-005765,29,Aveline,4
fig-005766,20,Aquaraider Diver 5 with Dark Bluish Gray Hat,4
fig-005767,17,Aquaraider Diver 5 with Black Hat,4
fig-005768,22,Jamila,4
fig-005769,13,Stingray 1,4
fig-005770,12,Hydronaut 2,5
fig-005771,12,Hydronaut 3,5
fig-005772,45,Victoria - Orange Dress,3
fig-005773,9,Aquashark 2,5
fig-005774,9,Aquashark 1,5
fig-005775,23,"Danju, Wolf Pattern (Knights Kingdom II)",6
fig-005776,23,"Jayko with Plain Medium Blue Torso, Gold Pattern Armor, and Dark Blue Hips",6
fig-005777,24,"Rascus with Plain Green Torso, Gold Pattern Armor, and Dark Green Hips and Helmet",6
fig-005778,23,"Santis with Gold Pattern Armor, and Dark Tan Hands and Helmet",6
fig-005779,23,"Shadow Knight Vladek, Dark Red Armor with Scorpion",6
fig-005780,0,"Classic Spaceman, Red with Airtanks (2446 Helmet)",5
fig-005781,12,"Islander - Male, Archer",6
fig-005782,2,"Classic Spaceman, Black with Airtanks (2446 Helmet)",5
fig-005783,17,Maccus,4
fig-005784,22,Joshamee Gibbs,4
fig-005785,17,Davy Jones,5
fig-005786,17,Bootstrap Bill,4
fig-005787,24,Will Turner,4
fig-005788,18,Hadras,4
fig-005789,18,Admiral Norrington,4
fig-005790,17,Cannibal with White Face Make-up,5
fig-005791,17,Cannibal,5
fig-005792,17,Captain Jack Sparrow with Cannibal Make-up,4
fig-005793,18,Hector Barbossa with Plume - 3626b Head,5
fig-005794,18,"Hector Barbossa, Skeleton - 3626b Head",8
fig-005795,18,Elizabeth Swann (Turner) - 3626b Head,4
fig-005796,18,Captain Jack Sparrow with Skeleton Face - 3626b Head,4
fig-005797,26,Gunner Zombie,3
fig-005798,19,King George's Officer,6
fig-005799,22,Scrum,4
fig-005800,23,Yeoman Zombie,4
fig-005801,21,Officer Santos,4
fig-005802,21,Silent Mary Masthead,4
fig-005803,21,Officer Magda,4
fig-005804,21,Lieutenant Lesaro,4
fig-005805,21,Henry,4
fig-005806,21,Carina,4
fig-005807,21,Captain Armando Salazar,5
fig-005808,21,Captain Jack Sparrow in Filigree Vest,4
fig-005809,22,Angelica,5
fig-005810,24,"Skeleton, Standard Face, Bent Mechanical Arms",6
fig-005811,22,Quartermaster Zombie,3
fig-005812,22,Cook,4
fig-005813,24,Blackbeard,5
fig-005814,22,Philip Swift,4
fig-005815,22,Mermaid Syrena,4
fig-005816,22,Mermaid,4
fig-005817,19,Coachman,5
fig-005818,19,King George's Soldier,5
fig-005819,14,Hector Barbossa with Pegleg,4
fig-005820,16,Doc Brown,4
fig-005821,18,Clara Oswald,4
fig-005822,18,The Doctor / 11th Doctor,4
fig-005823,18,The Doctor / 12th Doctor in Long Dark Purple Coat,4
fig-005824,18,Weeping Angel,9
fig-005825,18,Dalek,38
fig-005826,17,"Mickey Mouse, Black and White",4
fig-005827,17,"Minnie Mouse, Black and White",5
fig-005828,18,German Pilot with Helmet and Goggles,5
fig-005829,12,Henry Jones Sr. in Dark Bluish Gray Pith Helmet,4
fig-005830,15,Elsa Schneider,4
fig-005831,15,Indiana Jones in Light Bluish Gray Suit,4
fig-005832,15,Kazim,4
fig-005833,15,Grail Guardian,4
fig-005834,12,Cemetery Warrior,4
fig-005835,31,Mutt Williams,4
fig-005836,12,"Skeleton, Evil Face, Armor and Helmet, Bent Arms",8
fig-005837,12,Indiana Jones with Open Mouth,4
fig-005838,11,Marion Ravenwood,4
fig-005839,11,Indiana Jones in Open Tan Shirt,4
fig-005840,11,Cairo Swordsman,4
fig-005841,11,Cairo Thug,4
fig-005842,16,German Soldier with Smirk,4
fig-005843,16,German Soldier with Thin Mouth,4
fig-005844,16,German Soldier with Moustache,4
fig-005845,24,Marion Ravenwood in White Outfit,4
fig-005846,30,"Skeleton, Evil Face, Straight Mechanical Arms",6
fig-005847,7,German Soldier with Black Helmet and Goggles,5
fig-005848,23,Short Round,4
fig-005849,22,"Indiana Jones in Open Tan Shirt, with Open Mouth",4
fig-005850,22,Willie Scott in Sacrificial Outfit,4
fig-005851,22,Mola Ram,6
fig-005852,22,Temple Guard with Dark Red Shirt,4
fig-005853,22,Temple Guard,4
fig-005854,25,Colonel Dovchenko,4
fig-005855,23,Russian Guard,4
fig-005856,28,Russian Guard with Open Mouth Smirk,4
fig-005857,15,Marion Ravenwood in Tan Outfit,4
fig-005858,15,Russian Guard with Backpack,5
fig-005859,30,Irina Spalko,4
fig-005860,19,Jock,4
fig-005861,19,"Rene Belloq, Dark Tan Outfit",4
fig-005862,19,Satipo,4
fig-005863,18,Airplane Mechanic,3
fig-005864,13,Indiana Jones in White Tuxedo,4
fig-005865,13,Willie Scott,5
fig-005866,13,Shanghai Gangster with Moustache,4
fig-005867,13,Shanghai Gangster with Wide Grin,4
fig-005868,20,Pilot,4
fig-005869,23,Ugha Warrior with Hair,4
fig-005870,23,Ugha Warrior,3
fig-005871,22,Akator Skeleton with Crystal Skull,6
fig-005872,22,"Skeleton, Evil Face, Armor and Helmet, Straight Arms",8
fig-005874,15,"Fireman with Reflective Stripe Vest with Pockets and Radio on Shoulder Strap, White Helmet, and Glasses",4
fig-005875,15,"Fireman with Reflective Stripe Vest with Pockets and Radio on Shoulder Strap, White Fire Helmet, and Beard",4
fig-005876,17,Princess in White and Medium Blue Dress,4
fig-005877,19,"Skeleton, Standard Face, Angular Rib Cage, Bent Mechanical Arms",6
fig-005878,17,"Racer with Lime Jacket with Black and White Checks, Red Helmet with Trans-Brown Visor",5
fig-005879,17,"Racer with Dark Azure Jacket with Zipper and Yellow Lightning Bolt, Blue Helmet with Trans-Brown Visor",5
fig-005880,19,Green Goblin (Juniors),4
fig-005881,19,"Policeman in Vest with Gold Badge, Radio, and Pockets. White Helmet with Trans-Clear Visor",5
fig-005882,34,"Child with Bright Pink Top with Butterflies and Flowers, Red Legs, Off-center Ponytail",4
fig-005883,34,"Dad with Dark Azure Shirt with Buttons, and Beard",4
fig-005884,34,Mom in Dark Purple and Medium Lavender Striped Top,4
fig-005885,14,"Skeleton, Standard Face, Red Bandana",7
fig-005886,14,"Pirate with Blue Jacket over Red and White Striped Shirt, Peg Leg, and Pirate Hat with Skull",4
fig-005887,21,Mermaid - Long with Bracket,6
fig-005888,26,Balin the Dwarf,5
fig-005889,26,Bilbo Baggins,4
fig-005890,26,Bofur the Dwarf,5
fig-005891,26,Bombur the Dwarf,4
fig-005892,26,Dwalin the Dwarf,5
fig-005893,18,Bifur the Dwarf,5
fig-005894,18,Hunter Orc (3626c Head),4
fig-005895,18,Hunter Orc - Archer (3626c Head),5
fig-005896,18,Thorin Oakenshield - Chain Mail,4
fig-005897,18,Yazneg,4
fig-005898,14,Bain Son of Bard - Fur Coat,4
fig-005899,14,Bard the Bowman,4
fig-005900,14,"Hunter Orc - Archer, Top Knot",5
fig-005901,14,Hunter Orc - Top Knot,4
fig-005902,14,Tauriel - Green/Reddish Brown,4
fig-005903,19,Gloin the Dwarf,4
fig-005904,19,Mirkwood Elf Chief,4
fig-005905,19,Mirkwood Elf Guard,4
fig-005906,19,Oin the Dwarf,5
fig-005907,12,Beorn,3
fig-005908,12,Gundabad Orc - Hair and Shoulder Spikes,5
fig-005909,12,Gundabad Orc - Hair,4
fig-005910,25,Gundabad Orc - Bald and Shoulder Spikes,4
fig-005911,25,Gundabad Orc - Bald,3
fig-005912,19,Necromancer of Dol Guldur,3
fig-005913,19,Radagast,6
fig-005914,19,Statue at Dol Guldur,3
fig-005915,13,Fili the Dwarf,5
fig-005916,13,Kili the Dwarf,5
fig-005917,13,Tauriel - Dark Green/Dark Brown,4
fig-005918,17,Bard the Bowman,4
fig-005919,17,Lake-town Guard,4
fig-005920,17,Master of Lake-town,6
fig-005921,17,Thorin Oakenshield - Lake-Town,4
fig-005922,15,Mirkwood Elf  - Dark Green,4
fig-005923,15,Mirkwood Elf Archer,5
fig-005924,15,Thranduil,5
fig-005925,17,Dain Ironfoot,5
fig-005926,17,"Gundabad Orc - Bald, White Forehead Paint",3
fig-005927,17,Azog - Wide Open Mouth,3
fig-005928,17,Thorin Oakenshield - Crown,4
fig-005929,19,Goblin King,10
fig-005930,19,Dori the Dwarf,5
fig-005931,19,Goblin Scribe,4
fig-005932,19,Goblin Soldier,4
fig-005933,19,Goblin Soldier,4
fig-005934,19,Nori the Dwarf,4
fig-005935,19,Ori the Dwarf,5
fig-005936,23,Balin the Dwarf,4
fig-005937,23,Bilbo Baggins - Dark Blue Coat,4
fig-005938,23,Dwalin the Dwarf,4
fig-005939,23,Fili the Dwarf,4
fig-005940,23,Kili the Dwarf,4
fig-005941,14,"Elrond - Crown, Olive Green Cape",5
fig-005942,14,Galadriel,5
fig-005943,14,Witch-King,5
fig-005944,19,"Actor - Male Driver, Black",5
fig-005945,9,Mummy,4
fig-005946,17,Grip - Blue Legs,4
fig-005947,10,Actress - Pippin Read,4
fig-005948,19,"Policeman, Black Vest with Badge and Pockets, Black Cap, Sunglasses",4
fig-005949,17,"Policeman, Black Jacket with Zipper and Badge, White Helmet with Trans-Light Blue Visor",5
fig-005950,5,"Female, Plain White Torso and Legs, Black Pigtails Hair",4
fig-005951,18,"Skeleton, Red Eyes, Bicorne Hat",7
fig-005953,21,"Stephanie - Lime Bikini, Magenta Skirt and Life Jacket",5
fig-005955,21,"Andrea - Bright Light Orange Layered Skirt, Halter Top with Bright Light Orange Chevron Stripes and Life Jacket",5
fig-005957,15,Anna,4
fig-005958,25,Zoltar,3
fig-005959,25,Lloyd in ZX Hood (Rebooted),4
fig-005960,25,Jay in ZX Hood (Rebooted),4
fig-005961,15,Lasha (Rebooted),4
fig-005962,15,Kai in ZX Hood (Rebooted),4
fig-005963,11,Mr. Freeze in Diver Helmet with Black Legs,5
fig-005964,17,Chopper Maroon with Black Helmet and Shoulder Armor,6
fig-005965,17,Zane with Scabbard (Sons of Garmadon),6
fig-005966,18,"Guard in Dark Blue Cap, Scared",4
fig-005967,18,Scientist with Dark Brown Hair and Glasses,4
fig-005968,13,"Guard with Reddish Brown Skin, and Dark Blue Cap",4
fig-005969,15,"Guard in Dark Blue Cap, with Gray Straps",4
fig-005970,15,"Guard in Helmet with Trans-Brown Visor, Female",5
fig-005971,16,"Dr. Henry Wu, Suspicious",4
fig-005972,16,Guard in Dark Bluish Gray Beanie Hat,4
fig-005973,19,"Tracker in Helmet with Visor, Female",5
fig-005974,21,Barry Sembene (Sembène),3
fig-005975,21,Vet with Bowl Cut Hair,4
fig-005976,22,Zach Mitchell,4
fig-005977,22,Vet with Fedora Hat,4
fig-005978,22,ACU Trooper with Sand Blue Armor and Reddish Brown Skin,6
fig-005979,11,"Actress - Pippin Read, Red Leg, Brown Backpack",5
fig-005981,22,"Vet with Fedora Hat, Stern",4
fig-005982,20,Frankenstein's Monster,4
fig-005983,23,Gent,4
fig-005984,22,Vic Hoskins,4
fig-005985,20,Lady,4
fig-005986,22,"ACU Trooper with Sand Blue Armor, Female",6
fig-005987,20,"Mad Scientist, Dark Gray Hands",4
fig-005988,22,Claire Dearing in White Outfit,4
fig-005989,22,ACU Trooper with Sand Blue Armor and Dark Blue Cap,5
fig-005990,19,Gray Mitchell,4
fig-005991,19,ACU Trooper in Dark Blue Cap,4
fig-005992,16,Simon Masrani,4
fig-005993,16,"ACU Trooper with Sand Blue Armor, Scared",6
fig-005994,37,Dennis Nedry,4
fig-005995,39,"Alan Grant, Hat (3626c Head)",4
fig-005996,37,"Ellie Sattler, Bright Pink Shirt, Ponytail",4
fig-005997,37,Ian Malcolm with Open Shirt,4
fig-005998,37,"Ray Arnold, Lab Coat",4
fig-005999,37,"John Hammond, Light Nougat Arms",4
fig-006000,35,Danny Nedermeyer,4
fig-006001,37,Sinjin Prescott,5
fig-006002,22,"Park Worker, Female",4
fig-006003,22,Hudson Harper,4
fig-006004,24,Guard with Scarf,5
fig-006005,24,Zia Rodriguez,4
fig-006006,24,Guard in Black Hat,4
fig-006007,19,"Ellie Sattler, Bright Pink Shirt",4
fig-006008,19,Lex Murphy,4
fig-006009,19,Tim Murphy,4
fig-006010,23,Tracker with Mohawk,4
fig-006011,23,"Guard, Female",4
fig-006012,23,Guard in Helmet with Night Vision Goggles,5
fig-006013,29,Eli Mills,4
fig-006014,29,Maisie Lockwood - Child,4
fig-006015,32,Ken Wheatley,4
fig-006016,29,Gunnar Eversol,4
fig-006017,22,Owen Grady with Backpack,5
fig-006018,22,Guard in Helmet with Goggles,5
fig-006019,33,Vic Hoskins with Black Hair,4
fig-006020,33,Claire Dearing in Sand Green Shirt,4
fig-006021,45,Owen Grady in Light Bluish Gray Shirt,4
fig-006022,33,Danny Nedermeyer in Hawaiian Shirt,4
fig-006023,22,Allison Miles,4
fig-006024,22,Simon Masrani in Dark Blue Suit,4
fig-006025,22,Park Guest in Dark Pink Vest Jacket,4
fig-006026,24,Jack-Jack Parr,2
fig-006027,24,Dash Parr,4
fig-006028,24,Violet Parr,4
fig-006029,24,Brick,4
fig-006030,23,Mrs. Incredible (Elastigirl),4
fig-006031,23,Mr. Incredible,4
fig-006032,23,Underminer,6
fig-006033,14,Mrs. Incredible (Elastigirl) with Long Arms,4
fig-006034,14,Screenslaver,4
fig-006036,3,"Aquaman, Long Yellow Hair, Hook Hand (CMF)",4
fig-006037,3,Bat-Mite,5
fig-006038,3,Bumblebee (CMF),5
fig-006039,13,Cheetah,5
fig-006040,3,Cyborg (CMF),4
fig-006041,4,"Green Lantern, Simon Baz",3
fig-006042,3,"The Flash, Jay Garrick (CMF)",5
fig-006043,4,Huntress (CMF),6
fig-006044,4,The Joker in White Suit,4
fig-006045,3,Mister Miracle (CMF),5
fig-006046,4,Sinestro (CMF),4
fig-006047,3,Superman (CMF),5
fig-006048,13,Wonder Woman (1941 First Appearance) (CMF),5
fig-006049,24,"Professor Severus Snape, Glow in the Dark Head, Long Purple Robes with Dark Gray Buttons, Cape",5
fig-006050,24,Peeves,3
fig-006051,28,"Ron Weasley, Yellow Skin, Gryffindor Sweater with Crest, Cape with Stars",5
fig-006052,25,"Harry Potter, Yellow Skin, Gryffindor Sweater with Crest, Cape with Stars",5
fig-006053,11,Chess Queen (Harry Potter),4
fig-006054,9,"Professor Quirinus Quirrell (Voldemort), Yellow Skin, Purple Turban",5
fig-006055,24,"Rubeus Hagrid, Yellow Skin",3
fig-006056,23,"Albus Dumbledore, Yellow Skin, Purple Robes",6
fig-006057,23,"Draco Malfoy, Yellow Skin, Slytherin Sweater, Cape with Stars",5
fig-006058,23,Hogwarts Knight Statue,6
fig-006059,24,"Hermione Granger, Yellow Skin, Gryffindor Sweater with Crest, Cape with Stars",5
fig-006060,17,"Harry Potter, Yellow Skin, Open Blue Jacket",4
fig-006061,13,"Hermione Granger, Yellow Skin, Hogwarts Sweater with Crest, Cape with Stars",5
fig-006062,19,"Ron Weasley, Yellow Skin, Blue Sweater",4
fig-006063,15,"Harry Potter, Yellow Skin, Red Shirt",4
fig-006064,15,"Vernon Dursley, Yellow Skin",4
fig-006065,9,"Harry Potter, Yellow Skin, Dark Blue Jacket with Zipper",4
fig-006066,9,"Ron Weasley, Yellow Skin, Plaid Sweater",4
fig-006067,12,"Madame Hooch, Yellow Skin",5
fig-006068,12,"Harry Potter, Yellow Skin, Dark Red Gryffindor Quidditch Uniform",5
fig-006069,12,"Draco Malfoy, Yellow Skin, Green Slytherin Quidditch Uniform",5
fig-006070,15,"Harry Potter, Yellow Skin, Sand Green Sweater",4
fig-006071,15,"Lucius Malfoy, Yellow Skin, Black Suit",4
fig-006072,12,"Goblin, Dark Red Jacket",3
fig-006073,12,"Goblin, Black Jacket",3
fig-006074,8,"Troll (Harry Potter) (Big Fig), Fabric Clothes",4
fig-006075,41,"Rubeus Hagrid, Dark Brown Overcoat",3
fig-006076,35,"Hermione Granger, Gryffindor Sweater with Crest",4
fig-006077,28,"Ron Weasley, Gryffindor Sweater with Crest",4
fig-006078,12,"Madame Hooch, Dark Bluish Gray Hands",5
fig-006079,12,"Marcus Flint, Dark Green, Dark Bluish Gray, and White Slytherin Quidditch Uniform - 3626c Head",5
fig-006080,12,"Draco Malfoy, Dark Green and White Slytherin Quidditch Uniform",5
fig-006081,12,"Harry Potter, Dark Red, Yellow, and White Gryffindor Quidditch Uniform",5
fig-006082,12,"Oliver Wood, Dark Red, Yellow, and White Gryffindor Quidditch Uniform",5
fig-006083,9,"Dobby, Tan Vest",3
fig-006084,37,"Lucius Malfoy, Black Robes and Cape, Death Eater Mask",5
fig-006085,12,"Gregory Goyle / Harry Potter, Yellow Skin, Slytherin Sweater with Crest, Cape with Stars",5
fig-006086,12,"Vincent Crabbe / Ron Weasley, Yellow Skin, Slytherin Sweater with Crest, Cape with Stars",5
fig-006087,9,"Professor Gilderoy Lockhart, Green Outfit",5
fig-006088,8,"Dobby, Sand Green Vest, Unprinted Head",3
fig-006089,8,"Lucius Malfoy, Yellow Skin, Dark Bluish Gray Suit",5
fig-006090,19,"Professor Gilderoy Lockhart, Sand Red Outfit",5
fig-006091,20,"Ginny Weasley, Yellow Skin, Gryffindor Sweater with Crest, Cape with Stars",5
fig-006092,19,"Tom Riddle, Yellow Skin, Slytherin Sweater with Crest, Cape",5
fig-006093,15,"Professor Minerva McGonagall, Yellow Skin, Green Robes, Hat, Cape",5
fig-006094,12,"Stan Shunpike, Dark Purple Tie",4
fig-006095,12,"Harry Potter, Open Blue Jacket",4
fig-006096,21,"Professor Snape Boggart, Black Hair",4
fig-006097,21,"Neville Longbottom, Gryffindor Sweater, Cape",5
fig-006098,25,"Remus Lupin, Dark Green Suit",5
fig-006099,11,"Harry Potter, Gryffindor Sweater, Violet Cape",5
fig-006100,11,Hogwarts Statue,3
fig-006101,11,"Professor Severus Snape, Glow in the Dark Head, Long Purple Robes with Black Buttons, Cape",5
fig-006102,9,"Draco Malfoy, Slytherin Sweater, Cape",5
fig-006103,17,"Viktor Krum, Shark Head, Light Nougat Legs",4
fig-006104,17,"Harry Potter, Tournament Uniform Red Diving Outfit with Hogwarts Crest, Light Nougat Legs",4
fig-006105,27,"Hermione Granger, Gryffindor Sweater, Mid-Length Hair",4
fig-006106,17,Merman with Dark Red Hair,4
fig-006107,38,"Ron Weasley, Gryffindor Sweater",4
fig-006108,21,"Harry Potter, Open Dark Bluish Gray Jacket over Dark Red Shirt, Dark Blue Legs",4
fig-006109,21,"Ron Weasley, Open Reddish Brown Jacket over Striped Shirt",4
fig-006110,23,"Professor Sybill Trelawney, Blue Robe, Light Purple Hat",4
fig-006111,23,"Draco Malfoy, Green Slytherin Quidditch Uniform",5
fig-006112,23,"Albus Dumbledore, Light Purple Robes",6
fig-006113,23,"Harry Potter, Gryffindor Sweater, Low Arms on Glasses",4
fig-006114,23,"Ron Weasley, Gryffindor Sweater (Single Sided Head)",4
fig-006115,23,"Hermione Granger, Gryffindor Sweater with Time Turner",4
fig-006116,22,"Remus Lupin, Dark Green Suit, Wolf Head",5
fig-006117,22,"Peter Pettigrew, Light Bluish Gray Suit, Printed Hair",3
fig-006118,22,"Harry Potter, Open Dark Bluish Gray Jacket over Dark Red Shirt, Dark Tan Legs",4
fig-006119,30,"Albus Dumbledore, Sand Blue Outfit",5
fig-006120,30,Argus Filch,4
fig-006121,30,Hogwarts Knight Statue,5
fig-006122,34,"Dementor, Dark Bluish Gray",7
fig-006123,30,"Professor Filius Flitwick, Black Suit with Printed Bow Tie",4
fig-006124,32,"Voldemort, Black Cape (3626b Head)",4
fig-006125,30,"Professor Minerva McGonagall, Dark Green Robes, Hat, and Cape",5
fig-006126,30,"Professor Severus Snape, Black Vest, Cape",5
fig-006127,12,"Narcissa Malfoy, Dress",4
fig-006128,13,"Stan Shunpike, Reddish Brown Shoulder Strap",4
fig-006129,13,"Ernie Prang, Dark Bluish Gray Sweater",4
fig-006130,37,"Harry Potter, Open Dark Blue Jacket over White Shirt, Black Legs",4
fig-006131,18,"Luna Lovegood, Dark Pink Jacket, Printed Skirt, Ponytail",4
fig-006132,18,"Ron Weasley, Red Tartan Sweater Vest, Black Legs",4
fig-006133,18,"Draco Malfoy, Slytherin Sweater with Crest",4
fig-006134,18,"Ginny Weasley, Gryffindor Sweater with Crest",4
fig-006135,26,"Arthur Weasley, Open Sand Green Jacket",4
fig-006136,26,"Molly Weasley, Apron with Pocket",4
fig-006137,26,"Bellatrix Lestrange, Black Dress, Printed Skirt",4
fig-006138,37,Fenrir Greyback,4
fig-006139,26,"Ginny Weasley, Light Bluish Gray Sweater with Zipper",4
fig-006140,25,"Harry Potter, Tournament Uniform Red and Black with Hogwarts Crest",4
fig-006141,35,"Albus Dumbledore, Sand Blue Outfit with Braid Clasps",5
fig-006142,21,"Viktor Krum, Dark Bluish Gray Outfit, Hat",4
fig-006143,21,Professor Igor Karkaroff,4
fig-006144,11,"Harry Potter, Tournament Uniform Tattered Black Jacket with Hogwarts Crest",4
fig-006145,11,"Alastor Mad-Eye Moody, Pearl Light Gray Peg Leg",4
fig-006146,15,"Skeleton, Evil Face, Black and Sand Green",6
fig-006147,15,"Skeleton, Evil Face, Black",6
fig-006148,15,"Peter Pettigrew, Light Bluish Gray Suit, Dark Orange Hair",4
fig-006149,15,"Voldemort, Glow in the Dark Head, Poncho Cape",4
fig-006150,15,"Death Eater, Poncho Cape, Long Tan Hair",5
fig-006151,27,"Professor Severus Snape, Dark Purple Vest, Cape",5
fig-006152,27,"Professor Dolores Umbridge, Dark Pink Outfit",4
fig-006153,27,"Death Eater, Black Hood and Cape",5
fig-006154,27,"Draco Malfoy, Slytherin Sweater",4
fig-006155,27,"Harry Potter, Gryffindor Sweater, High Arms on Glasses",4
fig-006156,27,"Hermione Granger, Gryffindor Sweater, Mid-Length Hair with Braid",4
fig-006157,23,"Remus Lupin, Dark Tan Suit, Dark Orange Hair",4
fig-006159,23,"Gregory Goyle, Slytherin Sweater with Crest",4
fig-006160,23,"Neville Longbottom, Dark Bluish Gray Sweater",4
fig-006161,23,Professor Pomona Sprout in Dark Tan Robes,4
fig-006162,30,"Ron Weasley, Red Tartan Sweater Vest, Reddish Brown Legs",4
fig-006163,30,Fred / George Weasley in Dark Orange Suit,4
fig-006164,30,"Garrick Ollivander, Reddish Brown Jacket",4
fig-006165,30,"Goblin, Black Jacket and Light Bluish Gray Legs",3
fig-006166,30,"Goblin, Black Jacket and Reddish Brown Legs",3
fig-006167,30,"Hermione Granger, Light Bluish Gray Sweater with Zipper",4
fig-006168,19,"Viktor Krum, Reddish Brown Jacket Over Shirt with Durmstrang Crest",4
fig-006169,19,"Cedric Diggory, Long Black Robe over Yellow Shirt, Shirt Tails",4
fig-006170,19,"Fleur Delacour, Tan Jacket with ""FD"" Monogram",4
fig-006171,19,"Harry Potter, Tournament Uniform Black and Dark Red with Hogwarts Crest, Medium Legs",4
fig-006172,34,"Harry Potter, Open Dark Blue Jacket, Medium Legs",4
fig-006173,51,"Dementor, Black",5
fig-006174,14,"Sirius Black, Dark Bluish Gray Prison Outfit with Long Jacket",4
fig-006175,45,Godric Gryffindor,6
fig-006176,45,Salazar Slytherin,6
fig-006177,45,Rowena Ravenclaw,4
fig-006178,45,Helga Hufflepuff,5
fig-006179,23,"Garrick Ollivander, Reddish Brown Jacket, Hair Swept Back",4
fig-006180,31,"Harry Potter, Dark Blue Jacket with Zipper, Short Legs",4
fig-006181,23,"Remus Lupin, Dark Bluish Gray Jacket over Olive Green Vest",4
fig-006182,23,"Trolley Witch, Dark Bluish Gray Legs",4
fig-006183,31,"Ron Weasley, Light Bluish Gray Plaid Jacket with Zipper, Short Legs",4
fig-006184,23,"Hermione Granger, Light Bluish Gray Hoodie with Stripes, Short Legs",4
fig-006185,36,"Albus Dumbledore, Dark Red Robes, Light Bluish Gray Hair and Beard",5
fig-006186,35,"Draco Malfoy, Slytherin Sweater, Short Legs",4
fig-006187,35,Nearly Headless Nick,4
fig-006188,35,"Susan Bones, Hufflepuff Sweater, Short Legs, Rubber Hair",4
fig-006189,59,"Rubeus Hagrid, Medium Nougat Overcoat, Arms with Pins (3626c Head)",6
fig-006190,35,"Ron Weasley, Gryffindor Sweater, Short Legs",4
fig-006191,35,"Professor Quirinus Quirrell (Voldemort), Medium Lavender Turban, Black Suit",4
fig-006192,35,"Professor Minerva McGonagall, Dark Green Robes, Black Hat (Dual Sided Head)",4
fig-006193,30,"Seamus Finnigan, Gryffindor Sweater, Short Legs",4
fig-006194,40,"Ron Weasley, Dark Tan Sweater with Stripes, Short Legs",4
fig-006195,31,"Harry Potter, Open Red Flannel Shirt, Dark Bluish Grey Short Legs",4
fig-006196,30,"Argus Filch, Bald on Top",4
fig-006197,30,"Jacob Kowalski, Reddish Brown Helmet",4
fig-006198,30,"Newt Scamander, Dark Orange Vest over White Shirt",4
fig-006199,30,"Queenie Goldstein, Bright Pink Outfit",4
fig-006200,30,"Tina Goldstein, Light Bluish Gray Jacket",4
fig-006201,13,Seraphina Picquery,4
fig-006202,13,Gellert Grindelwald,4
fig-006204,28,"Albus Dumbledore, Lavender Robes",5
fig-006205,28,"Madame Maxime, White Outfit",4
fig-006206,28,"Fleur Delacour, Light Bluish Gray Dress",4
fig-006207,28,"Cedric Diggory, Tuxedo",4
fig-006208,38,"Harry Potter, Black Tuxedo, Medium Legs",4
fig-006209,38,"Ron Weasley, Reddish Brown Suit, Medium Legs",4
fig-006210,28,"Viktor Krum, Red Jacket with Straps",4
fig-006211,38,"Hermione Granger, Bright Pink and Dark Pink Brick-Built Dress",5
fig-006212,28,Executioner,4
fig-006213,28,Cornelius Fudge (Minister of Magic) - 970c03pr0957 Legs,4
fig-006214,31,"Ron Weasley, Dark Red Sweater, Medium Legs",4
fig-006215,19,"Death Eater, Black Head, Tall Pointed Hat",4
fig-006216,19,Tom Riddle Grave Statue,11
fig-006217,19,"Peter Pettigrew, Black Suit, Odd Hands",4
fig-006218,19,"Harry Potter, Tournament Uniform Red and Black with Hogwarts Crest, Medium Legs",4
fig-006219,19,"Madame Maxime, Dark Red Dress",4
fig-006220,19,"Rubeus Hagrid, Reddish Brown Overcoat, Arms with Pins",6
fig-006221,19,"Fleur Delacour, Bright Light Blue Outfit and Hat",4
fig-006222,19,Gabrielle Delacour,4
fig-006223,18,"Stan Shunpike, Red Band on Hat",4
fig-006224,18,"Ernie Prang, Olive Green Sweater, Dark Tan Legs",4
fig-006225,18,"Harry Potter, Dark Red and White Quidditch Uniform, Short Legs",5
fig-006226,18,"Marcus Flint, Dark Green and White Slytherin Quidditch Uniform, Bowl Cut Hair",5
fig-006227,18,"Lucian Bole, Dark Green and White Slytherin Quidditch Uniform",5
fig-006228,18,"Oliver Wood, Dark Red and White Gryffindor Quidditch Uniform",5
fig-006229,23,"Professor Filius Flitwick, Light Bluish Gray Vest over White Shirt",5
fig-006230,23,"Hermione Granger, Gryffindor Robe Closed with Scarf, Short Legs",4
fig-006231,23,"Ron Weasley, Dark Red Sweater with 'R' Monogram",4
fig-006232,23,"Professor Minerva McGonagall, Dark Green Robes, Black Hat (Single Sided Head)",4
fig-006233,23,"Harry Potter, Dark Blue Sweater with 'H' Monogram",4
fig-006234,23,"Statue, Wizard, Tied Beard",5
fig-006235,22,"BB-8, Santa Hat",4
fig-006236,22,Imperial Officer / Major / Colonel / Commodore,4
fig-006239,22,"Snowtrooper, First Order, No Neck Bracket",4
fig-006240,22,Major Brance (Resistance Officer),4
fig-006241,1,Bain,4
fig-006242,0,Vitruvius with Medallion and White Pupils,6
fig-006243,0,Clark Kent Transforming into Superman,4
fig-006244,4,"Skeleton, Standard Face, Top Hat, Ball Joint Arms",7
fig-006245,6,Neuro,4
fig-006246,6,"Nindroid, White",5
fig-006247,6,Kai in Golden Power Outfit,5
fig-006248,6,"Krux, Young",4
fig-006249,5,"Batman/Baturion, Centurion Outfit",5
fig-006250,5,"Batman, Dollar Bill Tuxedo",4
fig-006251,5,"Batman, Bunny Outfit",5
fig-006252,5,"Batman/Wizbat, Wizard Outfit",6
fig-006253,6,"Swamp Police / Ranger, Dark Tan Campaign Hat, Dark Blue Legs",4
fig-006254,6,Lloyd DX,5
fig-006255,6,Lavertus in Fire Chi Outfit with Cape,5
fig-006256,4,Future Jay,4
fig-006257,4,Harumi with Oni Mask,8
fig-006258,4,Mohawk,4
fig-006259,4,Nya in Kabuki Outfit,4
fig-006260,6,Claire Dearing in Long Light Bluish Gray Coat,4
fig-006261,6,Ian Malcolm with Necklace (3626c Head),4
fig-006262,6,"Owen Grady with Reddish Brown Vest, and Dark Bluish Gray Legs with Belt",4
fig-006263,6,Horace Slughorn,4
fig-006264,6,"Madame Hooch, Light Nougat Hands",5
fig-006265,6,"Professor Dolores Umbridge, Dark Pink Outfit with Bright Pink Cardigan",4
fig-006266,6,"Professor Snape Boggart, Black Hat",5
fig-006267,5,Henry Jones Sr. in Dark Tan Pith Helmet,4
fig-006268,6,"Obi-Wan Kenobi, Old, Tan Robes, Hair, Reddish Brown Cape",5
fig-006269,5,"Female, Dark Pink Vest and Necklace, White Legs, Dark Brown Hair French Braided",4
fig-006270,23,Abby Yates,5
fig-006271,23,Patty Tolan,5
fig-006272,23,Erin Gilbert,5
fig-006273,23,Jillian Holtzmann,5
fig-006274,23,Kevin Beckman,4
fig-006275,23,Mayhem,8
fig-006276,42,Dana Barrett,4
fig-006277,42,Zombie Driver,4
fig-006278,42,Louis Tully in Bright Light Blue Shirt,4
fig-006279,42,Library Ghost,4
fig-006280,42,Janine Melnitz,4
fig-006281,42,Dr. Winston Zeddemore,5
fig-006282,42,Dr. Ray Stantz,5
fig-006283,42,"Dr. Peter Venkman, Slimed",5
fig-006284,42,Dr. Egon Spengler,5
fig-006285,18,"Dr. Winston Zeddemore, Plain Arms",4
fig-006286,18,"Dr. Egon Spengler, Plain Arms",4
fig-006287,18,"Dr. Peter Venkman, Plain Arms",4
fig-006288,18,"Dr. Ray Stantz, Plain Arms",4
fig-006289,12,Breez in Flat Silver Armor,9
fig-006290,16,Rocka in Pearl Dark Gray Armor,9
fig-006291,21,Evo with Datapad,11
fig-006292,20,"Furno in Pearl Dark Gray Armor, Bright Light Blue Head",9
fig-006293,16,Stormer with Datapad,11
fig-006294,16,Stormer in Flat Silver Armor,9
fig-006295,16,Evo in Pearl Dark Gray Armor,9
fig-006296,16,"Furno in Pearl Dark Gray Armor, Blue Head",9
fig-006297,15,Surge in Pearl Dark Gray Armor,9
fig-006298,15,Rocka in Flat Silver Armor,9
fig-006299,16,Breez in Pearl Dark Gray Armor,9
fig-006300,20,Bulk in Pearl Dark Gray Armor,9
fig-006301,7,Surge in Flat Silver Armor with Datapad,11
fig-006302,17,Tamah,4
fig-006303,17,Alamut Guard,4
fig-006304,17,"Alamut Guard, Smirk",4
fig-006305,25,Dastan with Scabbard,5
fig-006306,17,Gool,5
fig-006307,20,Nizam,3
fig-006308,17,Seso,3
fig-006309,21,Princess Tamina,5
fig-006310,15,Zolm,5
fig-006311,20,Asoka,6
fig-006312,20,Alamut Merchant,4
fig-006313,11,"Dastan, Shirtless with Scabbard",5
fig-006314,11,Sheik Amar,4
fig-006315,11,Ostrich Jockey,4
fig-006316,14,Ghazab,4
fig-006317,14,Setam,5
fig-006318,12,"Dwayne, Possessed",4
fig-006319,34,"Jack Davids, White Hoodie with Hood and Red Cap",4
fig-006320,44,"Parker L. Jackson, Bright Light Blue Denim Jacket, Bright Light Yellow Beanie Hat, Medium Lavender Hair",4
fig-006321,23,"Rocky, Reddish Brown Apron with Cup on Front",4
fig-006322,11,"Douglas Elton / El Fuego, Skeleton with Red Helmet, Black Feet",7
fig-006323,11,"Chef Enzo, Possessed",5
fig-006324,36,Wade,4
fig-006325,40,"Douglas Elton / El Fuego, Green Outfit with Hair",4
fig-006326,48,"Jack Davids, Red Jacket with White Hood and Red Cap, Scared / Smirk",4
fig-006327,36,Mr. Clarke,4
fig-006328,36,Paola,4
fig-006329,37,"Parker L. Jackson, Black Top, Bright Light Yellow Beanie Hat, Medium Lavender Hair, Scared / Open Mouth",4
fig-006330,36,Rose Davids,4
fig-006331,50,"Skeleton, Standard Face, Bent Arms (60115 Torso)",6
fig-006332,34,Chuck,4
fig-006333,34,Paul,4
fig-006334,34,Ms. Santos,4
fig-006335,37,Bill,5
fig-006336,37,Nanna,4
fig-006337,37,"Parker L. Jackson, Bright Light Blue Denim Jacket, Bright Light Yellow Beanie Hat, Medium Lavender Hair, Scared / Open Mouth",4
fig-006338,36,Ronny,4
fig-006339,36,Sally,4
fig-006340,36,Chef Enzo,4
fig-006341,39,"Jack Davids, White Hoodie with Hood and Red Cap, Angry / Large Grin",4
fig-006342,26,"Douglas Elton / El Fuego, Green Outfit with Red Helmet and Cape",5
fig-006343,26,Dwayne,4
fig-006344,26,Joey,4
fig-006345,25,Mr. Branson,4
fig-006346,28,Captain Jonas,4
fig-006347,28,Jonas Jr.,4
fig-006348,41,Terry Top,5
fig-006349,41,Jimbo Loblo,5
fig-006350,41,"Parker L. Jackson, Bright Light Blue Denim Jacket, Medium Lavender Hair with Headphones",4
fig-006351,41,"Jack Davids, White Hoodie with Downed Hood and Red Backwards Cap, Scared / Open Mouth",5
fig-006352,45,"J.B. Watt, Lab Coat, Medium Lavender Hair with Goggles, Scared / Smile",4
fig-006353,36,Claus Stormward,5
fig-006354,36,"Jack Davids, Red Jacket with Backwards Red Cap",4
fig-006355,36,Jennie Napo,6
fig-006356,42,"Parker L. Jackson, Bright Light Blue Denim Jacket, Medium Lavender Hair with Headphones, Angry / Smirk",4
fig-006357,24,Pete Peterson,4
fig-006358,33,"Jack Davids, White Hoodie with Hood and Red Cap, Angry / Smile",4
fig-006359,24,"Parker L. Jackson, Black Top, Medium Lavender Hair with Headphones",4
fig-006360,23,"Douglas Elton / El Fuego, Skeleton with Red Helmet and Cape, Black Feet",8
fig-006361,23,Mary Breaksom,5
fig-006362,37,"Jack Davids, White Hoodie with Downed Hood and Red Backwards Cap, Angry / Smile",5
fig-006363,22,"Parker L. Jackson, Black Top, Medium Lavender Hair with Headphones, Smile / Disgusted",4
fig-006364,29,"Jack Davids, Red Jacket with Backwards Red Cap, Scared / Open Mouth",4
fig-006365,22,Scott Francis,5
fig-006366,14,"Jack Davids, Light Aqua Hoodie with Hood and Dark Azure Cap",4
fig-006367,14,Waylon (28621 Head),3
fig-006368,14,Scrimper (28621 Head),3
fig-006369,14,Axel Chops (28621 Head),4
fig-006370,14,Waylon (3626c Head),3
fig-006371,14,Scrimper (3626c Head),3
fig-006372,14,Axel Chops (3626c Head),4
fig-006373,3,Possessed Pizza Delivery Man,4
fig-006374,3,"Joey, Possessed",4
fig-006375,8,"Woman, Plain Red Torso, Black Legs, Black Hair",4
fig-006376,10,"Female, Plain White Torso and Legs, Red Pigtails Hair",4
fig-006377,10,"Female, Plain White Torso and Blue Legs, Black Pigtails Hair",4
fig-006378,10,"Football Player, Plain Blue Torso and White Legs, Brown Hair (3626a Head)",4
fig-006379,9,"Female, Plain Blue Torso and Legs, Black Pigtails Hair, Yellow Bib",5
fig-006380,10,LEGOLAND Black with White Hat,4
fig-006381,9,"LEGOLAND Red Torso, Black Legs, Black Hat",4
fig-006382,9,"LEGOLAND Female Red Torso, Red Legs",4
fig-006383,9,"LEGOLAND White Torso, Blue Legs, Black Hat",4
fig-006384,7,"LEGOLAND Female Blue, Red Hair",4
fig-006385,7,"LEGOLAND Blue Torso, Yellow Legs, Red Hat",4
fig-006386,6,LEGOLAND Female Black,4
fig-006387,6,"LEGOLAND Female Red Torso, Blue Legs",4
fig-006388,6,"LEGOLAND Red Torso, Blue Legs, Blue Hat",4
fig-006389,6,LEGOLAND Red with Blue Hat,4
fig-006390,6,"LEGOLAND Blue Torso, Black Legs, With Black Head, Red Bandana",5
fig-006391,15,"Assistant - Female, White Bandanna, Blue Cap",5
fig-006392,15,"Female - Red Jacket, Blue Top, White Legs",4
fig-006393,15,"Res-Q - White Torso, White Legs, White Helmet",4
fig-006394,5,Stuntman,4
fig-006395,11,Grip - Bat,4
fig-006396,11,"Hunchback - Brown Cap, Brown Basket",5
fig-006397,11,Vampire,5
fig-006398,12,"Female - Dark Red Torso, Dark Red Legs, White Shirt",4
fig-006399,12,Werewolf,4
fig-006400,40,Chief Jim Hopper,4
fig-006401,40,Demogorgon,4
fig-006402,40,Dustin Henderson,4
fig-006403,40,Eleven,5
fig-006404,40,Joyce Byers,4
fig-006405,40,Lucas Sinclair,4
fig-006406,40,Mike Wheeler,4
fig-006407,40,Will Byers,4
fig-006408,10,Soccer Player Goalie Red/Blue #1,4
fig-006409,7,"Soccer Player Red Torso, White Legs, #9",4
fig-006410,7,"Soccer Player Red Torso, White Legs, #11",4
fig-006411,7,"Soccer Player White Torso, Blue Legs, #4",4
fig-006412,7,"Soccer Player White Torso, Blue Legs, #18",4
fig-006413,9,Soccer Player Goalie Black/White #1,4
fig-006414,9,"Soccer Player Goalie Green Torso, Black Legs, Blue Cap",4
fig-006415,9,"Soccer Player Blue Torso, White Legs, Brown Hair, Mustache",4
fig-006416,9,"Soccer Player Blue Torso, White Legs, Tan Hair",4
fig-006417,9,"Soccer Player Blue Torso, White Legs, Black Hair, Mustache",4
fig-006418,9,"Soccer Player, Plain Blue Torso and White Legs, Brown Hair (3626b Head)",4
fig-006419,9,"Soccer Player Blue Torso, White Legs, Black Hair, Freckles",4
fig-006420,8,"Soccer Player Goalie Green Torso, Black Legs, Black Cap",4
fig-006421,8,"Soccer Player White Torso, Black Legs, Brown Hair, Mustache",4
fig-006422,8,"Soccer Player White Torso, Black Legs, Tan Hair",4
fig-006423,8,"Soccer Player White Torso, Black Legs, Black Hair. Mustache",4
fig-006424,8,"Soccer Player White Torso, Black Legs, Black Hair, Freckles",4
fig-006425,9,"Soccer Player Goalie Green Torso, Black Legs, White Cap",4
fig-006426,9,"Soccer Player White Torso, Blue Legs, Brown Hair, Mustache",4
fig-006427,9,"Soccer Player White Torso, Blue Legs, Black Hair, Mustache",4
fig-006428,9,"Soccer Player White Torso, Blue Legs, Tan Hair",4
fig-006429,9,"Soccer Player White Torso, Blue Legs, Black Hair, Freckles",4
fig-006430,19,Sky Lane,4
fig-006431,19,Brickster Henchman with Neck Bracket,5
fig-006432,19,Brickster Henchman,4
fig-006433,19,Infomaniac,4
fig-006434,11,Sky Lane with Neck Bracket,5
fig-006435,3,Vampire,4
fig-006436,3,Wacky Witch,4
fig-006437,4,Spider Lady,4
fig-006438,16,Monochrome Red,3
fig-006439,16,"LEGO Store Employee, LEGO Logo on Back",4
fig-006440,37,Gingerbread Man with Moustache,3
fig-006441,37,Gingerbread Woman,4
fig-006442,2,Jor-El (CMF),6
fig-006443,25,Wilma Flintstone,4
fig-006444,25,Barney Rubble,4
fig-006445,25,Fred Flintstone,4
fig-006446,25,Betty Rubble,4
fig-006447,33,Chandler Bing,4
fig-006448,33,Gunther,4
fig-006449,33,Ross Geller,4
fig-006450,33,Joey Tribbiani,4
fig-006451,33,Monica Geller,4
fig-006452,33,Phoebe Buffay,4
fig-006453,33,Rachel Green,4
fig-006454,5,"LEGOLAND Female, White Torso, Yellow Legs, Red Hair",4
fig-006455,6,"LEGOLAND White Torso, Black Legs, Red Hat",4
fig-006456,6,"LEGOLAND White Torso, Black Legs, White Hat",4
fig-006457,8,"LEGOLAND Blue Torso, Red Legs, Red Hat",4
fig-006458,7,"LEGOLAND White Torso, Black Legs, Black Hat",4
fig-006459,6,"LEGOLAND Female, White Torso, Red Legs, Black Hair",4
fig-006460,6,"LEGOLAND Black Torso, Blue Legs, Black Cowboy Hat",4
fig-006461,7,"LEGOLAND Black Torso, Black Legs, Black Cowboy Hat",4
fig-006462,7,"LEGOLAND Female, Black Torso, Black Legs, White Hair",4
fig-006463,7,"LEGOLAND Blue Torso, Blue Legs, Blue Cowboy Hat",4
fig-006464,7,"LEGOLAND Blue Torso, Yellow Legs, Red Cowboy Hat",4
fig-006465,7,"LEGOLAND Red Torso, Blue Legs, Blue Cowboy Hat",4
fig-006466,7,"LEGOLAND Red Torso, Blue Legs, White Cowboy Hat",4
fig-006467,7,"LEGOLAND White Torso, Red Legs, Black Cowboy Hat",4
fig-006468,7,"LEGOLAND Female, Black Torso, White Legs, Red Hair",4
fig-006469,8,"LEGOLAND Blue Torso, Blue Legs, White Cowboy Hat",4
fig-006470,8,"LEGOLAND Red Torso, Blue Legs, Blue Cowboy Hat, Black Scarf",5
fig-006471,8,"LEGOLAND Blue Torso, Black Legs, Red Cowboy Hat, White Scarf",5
fig-006472,8,"LEGOLAND White Torso, Blue Legs, Red Cowboy Hat, Black Scarf",5
fig-006473,8,"LEGOLAND Red Torso, Black Legs, Black Cowboy Hat, White Scarf",5
fig-006474,3,Flashback Garmadon (CMF),5
fig-006475,2,Garmadon (CMF),5
fig-006476,3,Garmadon in Pajamas (CMF),5
fig-006477,48,Zombie,3
fig-006478,52,Creeper,4
fig-006479,19,Snow Golem,15
fig-006480,43,"Skeleton, Square Skull (60115 Torso)",6
fig-006481,17,"Enderman, Tan Box",14
fig-006482,33,Steve in Flat Silver Helmet and Armor,5
fig-006483,25,Steve in Medium Azure Helmet and Armor,5
fig-006484,28,Zombie Villager,3
fig-006485,29,"Villager, Reddish Brown",3
fig-006486,28,"Villager, White",3
fig-006487,28,"Enderman, Bright Green Box",14
fig-006488,27,"Skeleton, Square Skull, Flat Silver Helmet",7
fig-006489,27,"Skeleton, Square Skull, Flat Silver Armor",7
fig-006490,27,Steve in Pearl Gold Helmet and Armor,5
fig-006491,31,"Wither Skeleton, Square Skull, Straight Arms (60115 Torso)",6
fig-006492,28,Steve in Flat Silver Helmet,4
fig-006493,26,Alex with Flat Silver Legs,3
fig-006494,24,"Enderman, Light Bluish Gray Box",14
fig-006495,22,"Steve in Medium Azure Helmet and Armor, Purple Legs",5
fig-006496,22,Alex with Medium Azure Helmet,4
fig-006497,24,Zombie Pigman,3
fig-006498,27,Blaze,14
fig-006499,21,"Skeleton, Square Skull, Flat Silver Helmet and Armor",8
fig-006500,25,Alex in Medium Lavender Helmet and Armor,5
fig-006501,27,Steve with Dark Orange Legs,3
fig-006502,24,Alex with Pearl Gold Legs,3
fig-006503,24,Steve with Flat Silver Legs,3
fig-006504,37,"Enderman, Green Box",14
fig-006505,30,"Witch, Fixed Hat",3
fig-006506,30,Alex in Flat Silver Armor,4
fig-006507,21,Steve in Dark Orange Helmet and Armor,5
fig-006508,22,Snow Golem with 1x2 Tile with Bar,17
fig-006509,17,Steve in Medium Azure Armor,4
fig-006510,22,Baby Zombie,2
fig-006511,30,Alex in Flat Silver Armor and Legs,4
fig-006512,41,Charged Creeper,6
fig-006513,35,"Skeleton, Square Skull, Pearl Gold Armor",7
fig-006514,35,Alex with Medium Azure Helmet and Armor,5
fig-006515,35,Zombie with Gold Helmet and Legs,4
fig-006516,35,"Steve in Flat Silver Helmet, Armor and Legs",5
fig-006517,17,"Skull Arena Player, Dark Bluish Gray",3
fig-006518,17,"Skull Arena Player, Medium Blue",3
fig-006519,27,Baby Zombie Pigman,2
fig-006520,27,"Steve in Medium Lavender Helmet, Medium Azure Armor, and Flat Silver Legs",5
fig-006521,23,Stray,7
fig-006522,23,Alex in Medium Azure Helmet and Dark Orange Legs,4
fig-006523,28,Husk,3
fig-006524,28,Blacksmith,3
fig-006525,23,Alex in Medium Azure Armor,4
fig-006526,23,"Blaze, Trans-Brown Cone Stand",16
fig-006527,24,Pirate,3
fig-006528,24,Zombie on Fire,4
fig-006529,19,Dragon Slayer,3
fig-006530,19,"Enderman, Dark Tan Box",14
fig-006531,32,"Skeleton, Square Skull, Medium Lavender Helmet (60115 Torso), Spider Jockey",7
fig-006532,11,"Skin, Orange",3
fig-006533,11,"Skin, Bright Light Blue",3
fig-006534,11,"Skin, Shoulder Strap",3
fig-006535,11,"Skin, Female with Flower in Hair",3
fig-006536,8,"Skin, Green",3
fig-006537,8,"Skin, Blue and Red",3
fig-006538,8,"Skin, Beard and Moustache",3
fig-006539,8,"Skin, Dark Blue",3
fig-006540,12,Steve with Pearl Gold Legs,3
fig-006541,30,Kai (Minecraft),3
fig-006542,30,"Villager, Cleric",3
fig-006543,30,"Villager, Farmer",3
fig-006544,30,"Pillager, Black Legs, Neck Bracket, Wide Eyes",4
fig-006545,37,"Illager, Vindicator, Dark Blue Legs, Wide Eyes",3
fig-006546,22,Knight,3
fig-006547,23,"Pillager, Black Legs, Wide Eyes",3
fig-006548,19,MBA Level Four Kit 12,5
fig-006549,19,MBA Level Four Kit 11,5
fig-006550,19,MBA Level Four Kit 10,4
fig-006551,15,"Witch (Fright Knights) - Willa, no Cape",4
fig-006552,14,"Knight (Royal Knights) - Black Legs, Dark Gray Helmet",5
fig-006553,6,"Knight (Crusader Lion) - Red Legs, Plastic Cape",5
fig-006554,9,"Knight (Crusader Lion) - Red Legs, Dark Gray Neck-Protector",4
fig-006555,8,"Knight (Crusader Lion) - Blue Legs, Neck Protector",4
fig-006556,20,Blacksmith - Short Legs,4
fig-006557,10,"Knight (Breastplate on Red) - Black Legs, Red Plume",7
fig-006558,10,"Knight (Breastplate on Red) - Blue Legs, Red Feather",7
fig-006559,9,"Knight (Breastplate on Red) - Black Legs, Yellow Plume",6
fig-006560,7,"Knight (Breastplate on Red) - Blue Legs, Black Neck-Protector",4
fig-006561,7,"Knight (Breastplate on Red) - Blue Legs, Red Plume",5
fig-006562,8,"Knight (Breastplate on Red) - Blue Legs, Red Plume, Plastic Cape",6
fig-006563,9,"Knight (Breastplate on Red) - Blue Legs, White Plume",6
fig-006564,9,"Knight (Breastplate on Red) - Blue Legs, Yellow Plume, Plastic Cape",6
fig-006565,9,"Knight (Breastplate on Red) - Blue Legs, Yellow Plume",5
fig-006566,7,"Knight (Breastplate on Red) - Blue Legs, Dark Gray Neck-Protector",4
fig-006567,10,"Knight (Breastplate on Red) - Red Legs, Blue Dragon Plume",5
fig-006568,6,"Knight (Breastplate on Red) - Red Legs, Neck-Protector",4
fig-006569,7,"Knight (Breastplate on Red) - Black Legs, Blue Plume",5
fig-006570,9,"Knight (Breastplate on Red) - Blue Legs, Brown Hair",4
fig-006571,9,"Knight (Breastplate on Red) - Red Legs, Blue Plume",6
fig-006572,9,"Knight (Breastplate on Red) - Red Legs, Red Plume",6
fig-006573,7,"Knight (Breastplate on Blue) - Blue Legs, Armor, Red Plume",7
fig-006574,10,"Knight (Breastplate on Blue) - White Legs, White Dragon Plume",9
fig-006575,9,"Knight (Breastplate on Blue) - Black Legs, Black Plume",6
fig-006576,9,"Knight (Breastplate on Blue) - Black Legs, Dark Gray Helmet, Red Plume, Plastic Cape",6
fig-006577,4,"Knight (Breastplate on Blue) - Black Legs, Black Helmet, Red Plume",5
fig-006578,9,"Knight (Breastplate on Blue) - Blue Legs, Chin-Guard",4
fig-006579,9,"Knight (Breastplate on Blue) - Blue Legs, Yellow Plume, 3626a",6
fig-006580,9,"Knight (Breastplate on Blue) - Blue Legs, Yellow Plume, 3626b",6
fig-006581,9,"Knight (Breastplate on Blue) - Blue Legs, Neck-Protector",4
fig-006582,9,"Knight (Breastplate on Blue) - Red Legs, Blue Plume",6
fig-006583,9,"Knight (Breastplate on Blue) - Red Legs, Red Plume",5
fig-006584,9,"Knight (Breastplate on Blue) - Blue Legs, Dark Gray Helmet, Yellow Plume",5
fig-006585,7,"Knight (Breastplate on Blue) - Black Legs, Red Plume",5
fig-006586,10,"Knight (Breastplate on Blue) - Black Legs, Red Dragon Plume",5
fig-006587,9,"Knight (Breastplate on Black) - Black Legs, Armor, Blue Plume",7
fig-006588,8,"Knight (Breastplate on Black) - Black Legs, Armor, Red Plume, Solid Stud Head",7
fig-006589,10,"Ghost - Glow in the Dark, Brick Built Legs, 3626a",5
fig-006590,10,"Knight (Breastplate on Black) - Black Legs, Armor, Yellow Dragon Plume",9
fig-006591,9,"Knight (Breastplate on Black) - Black Legs, Black Helmet, Blue Plume",6
fig-006592,9,"Knight (Breastplate on Black) - Black Legs, Black Helmet, Red Plume",6
fig-006593,9,"Knight (Breastplate on Black) - Black Legs, Neck-Protector",5
fig-006594,8,"Knight (Breastplate on Black) - Black Legs, Black Helmet, Black Plume",5
fig-006595,8,Knight (Breastplate on Black) - Light Gray Legs,6
fig-006596,15,"Samurai, Blue",4
fig-006597,14,"Samurai, Blue with Green Headband",4
fig-006598,16,"Robber, Printed Brown Armor",4
fig-006599,3,"Shogun, Helmet with Horn, White Robe",5
fig-006600,3,"Ninja, Green",4
fig-006601,3,"Ninja, Green, Female",4
fig-006602,3,"Samurai, Red with Moustache",4
fig-006603,3,"Samurai, Red",4
fig-006604,24,Soldier: 76,4
fig-006605,24,McCree,5
fig-006606,24,Reaper with Legs,5
fig-006607,15,Reinhardt,4
fig-006608,15,D.Va,4
fig-006609,20,Genji,6
fig-006610,20,Hanzo,6
fig-006611,20,Shimada Henchman,4
fig-006612,13,Tracer,5
fig-006613,12,Widowmaker,4
fig-006615,25,Mummy with Wings,5
fig-006616,14,Mac McCloud with Hat and Goggles,5
fig-006617,16,Mummy Warrior,4
fig-006618,11,Jake Raines with Ammo Belt (3626c Head),4
fig-006619,23,Mummy Warrior with Tan Headdress,4
fig-006620,20,Professor Archibald Hale,4
fig-006621,20,Mac McCloud,4
fig-006622,20,Amset-Ra,3
fig-006623,20,Anubis Guard,3
fig-006624,16,Jake Raines in Reddish Brown Jacket,4
fig-006625,17,Helena Tova Skvalling,4
fig-006626,23,"Firax, Trans Orange",2
fig-006627,23,Eruptorr (Big Fig),12
fig-006628,23,"Duke, Light Bluish Gray",5
fig-006629,23,"Doc, Light Bluish Gray",5
fig-006630,18,"Infernox, Trans-Red",2
fig-006631,18,"Brains, Light Bluish Gray with Armor",6
fig-006632,16,"Power Miner, Engineer with Armor and Helmet",6
fig-006633,13,"Combustix, Trans-Yellow",2
fig-006634,13,"Rex, Light Bluish Gray",5
fig-006635,13,"Sulfurix, Trans-Neon Green",2
fig-006636,19,"Power Miner, Orange Scar",4
fig-006637,19,"Rex, Blue",4
fig-006638,19,Geolix with 2 Crystals (Big Fig),5
fig-006639,16,"Duke, Blue with Yellow Arms, Goggles",5
fig-006640,18,"Power Miner, Duke, Goggles",5
fig-006641,18,Tremorox (Big Fig),6
fig-006642,19,"Glaciator, Trans-Dark Blue",2
fig-006643,16,"Power Miner, Engineer with Hat",4
fig-006644,18,"Meltrox, Trans-Red",2
fig-006645,16,"Brains, Blue, with Visor",5
fig-006646,16,"Doc, Blue, with Visor",5
fig-006647,14,Geolix with 3 Crystals (Big Fig),6
fig-006648,14,"Rex, Blue, with Goggles",5
fig-006649,9,"Power Miner, Orange Scar, Hair",4
fig-006650,17,"Brains, Blue, with Goggles",5
fig-006651,13,"Doc, Blue",4
fig-006652,13,"Firox, Trans-Orange",2
fig-006653,11,"Boulderax, Trans-Green",2
fig-006654,11,"Brains, Blue",4
fig-006655,6,"Unikitty, Light Aqua Foot, Open Mouth, 'Cute' Pupils (CMF)",14
fig-006656,2,Calamity Drone (CMF),5
fig-006657,2,Where are my Pants? Guy (CMF),4
fig-006658,1,Wild West Wyldstyle (CMF),4
fig-006659,10,Rinzler,5
fig-006660,10,Quorra,5
fig-006661,10,Sam Flynn,5
fig-006662,11,Sally Ride,4
fig-006663,11,Mae Jemison,4
fig-006664,11,Margaret Hamilton,4
fig-006665,11,Nancy G. Roman,4
fig-006666,26,Paul McCartney,4
fig-006667,26,John Lennon,4
fig-006668,26,George Harrison,4
fig-006669,26,Ringo Starr,4
fig-006670,30,Sheldon Cooper,4
fig-006671,30,Raj Koothrappali,4
fig-006672,30,Penny,4
fig-006673,30,Leonard Hofstadter,4
fig-006674,30,Howard Wolowitz,4
fig-006675,30,Bernadette Rostenkowski,4
fig-006676,30,Amy Farrah Fowler,4
fig-006677,16,"Hot Rod Driver, Orange Jacket with Zipper",4
fig-006678,16,"Hot Rod Driver, Plaid Shirt",4
fig-006679,16,"Hot Rod Driver, Tan Outfit",4
fig-006680,16,"Hot Rod Mechanic, Blue Overalls",4
fig-006681,10,"Space Skull, Plain Black",5
fig-006682,11,"Star Justice Droid, Light Bluish Gray",12
fig-006683,11,"Star Justice Droid, White",15
fig-006684,11,"Star Justice Astronaut, Beard, Plain Light Bluish Gray",5
fig-006685,11,"Star Justice Astronaut, Glasses, Plain Light Bluish Gray",5
fig-006686,11,"Star Justice Astronaut, Beard Stubble, Plain Light Bluish Gray",5
fig-006687,23,"Man, Plain, Red Torso, Blue Legs, White Helmet with Visor",5
fig-006688,3,Maleficent (CMF),6
fig-006689,7,"Axel, Black Visor",5
fig-006690,7,Docs with Black Hips,5
fig-006691,7,"Jet, Trans-Light Blue Visor",5
fig-006692,5,Docs with Backpack,5
fig-006693,9,"Taejo Togokahn, White Outfit",4
fig-006694,12,Racer X,5
fig-006695,12,Taejo Togokahn,3
fig-006696,12,Cruncher Block,3
fig-006697,12,Cruncher's Driver,3
fig-006698,12,"Speed Racer, Blue Sweater",4
fig-006699,12,Snake Oiler,4
fig-006700,10,Cannonball Taylor,4
fig-006701,10,Commentator,4
fig-006702,10,Gray Ghost,4
fig-006703,10,Pops Racer,4
fig-006704,10,Spritle,4
fig-006705,10,Trixie,4
fig-006706,10,"Speed Racer, White Outfit",4
fig-006707,20,"Man, Blue Overalls, Red Cap (3626b Head)",4
fig-006708,13,"Boat Worker, White Shirt with Anchor, Blue Legs, White Hard Hat, Yellow Life Vest",5
fig-006709,15,"Boat Admiral, Black Suit with Gold Anchor (3626b Head)",4
fig-006710,23,"Scientist, Dark Blue Legs, Name Badge, Glasses, Female",4
fig-006711,18,"Astronaut, White and Dark Azure Spacesuit, Dark Azure Helmet",5
fig-006712,14,"Astronaut, White, Diver Helmet, Gold Visor, Side Light",9
fig-006713,13,"Policeman, Black Jacket with Zipper, Radio, Badge, and 'POLICE' on Back, White Cap (3626c Head)",4
fig-006714,17,"Forest Police / Ranger, Dark Tan Shirt with Radio and Badge, Dark Blue Legs, Tan Campaign Hat, Silver Sunglasses",4
fig-006715,15,"Policeman, Black Suit with Badge, White Hat, Life Vest, Glasses",5
fig-006716,16,"Policeman, Black Suit with Badge, White Hat, Sunglasses, Stubble",4
fig-006717,16,"Policeman, Black Suit with Badge, White Hat, Cheek Lines, Brown Eyebrows",4
fig-006718,23,"Criminal Joe Frankfurter, Red Overalls over Prison Shirt, Black Hat",4
fig-006719,14,LEGO Factory Employee,4
fig-006720,13,"Knight (Scale Mail on Red) - Black Arms, Blue Legs, White Plume",5
fig-006721,8,"Knight (Scale Mail on Red) - Black Arms, Light Gray Legs, Dark Gray Chin-Guard",4
fig-006722,9,"Knight (Scale Mail on Red) - Black Arms, Light Gray Legs, Dark Gray Neck-Protector",4
fig-006723,10,"Knight (Scale Mail on Red) - Blue Arms, Black Legs, Black Chin-Guard",4
fig-006724,9,"Knight (Scale Mail on Red) - Blue Arms, Black Legs, Dark Gray Neck-Protector",4
fig-006725,12,"Knight (Scale Mail on Red) - Blue Arms, Blue Legs, Black Neck-Protector",4
fig-006726,14,"Knight (Scale Mail on Red) - Blue Arms, Light Gray Legs, Dark Gray Chin-Guard",4
fig-006727,14,"Knight (Scale Mail on Red) - Blue Arms, Light Gray Legs, Dark Gray Neck-Protector",4
fig-006728,5,"Knight (Scale Mail on Red) - Blue Arms, Red Legs, Black Neck-Protector",4
fig-006729,12,"Knight (Scale Mail on Red) - Black Arms, White Legs",4
fig-006730,9,"Knight (Scale Mail on Red) - Red Arms, Blue Legs, Black Neck-Protector",4
fig-006731,7,"Knight (Scale Mail on Red) - Red Arms, Blue Legs, Dark Gray Neck-Protector",4
fig-006732,9,"Knight (Scale Mail on Red) - Red Arms, Red Legs, Black Chin-Guard",4
fig-006733,9,"Knight (Scale Mail on Red) - Red Arms, Red Legs, Black Neck-Protector",4
fig-006734,10,"Archer (Scale Mail on Red) - Black Arms, Red Legs",5
fig-006735,10,"Archer (Scale Mail on Red) - Blue Arms, Blue Legs",5
fig-006736,10,"Archer (Scale Mail on Red) - Blue Arms, Red Legs",5
fig-006737,9,"Archer (Scale Mail on Blue) - Black Arms, Red Legs",5
fig-006738,9,"Knight (Scale Mail on Blue) - Black Arms, Blue Legs, Black Chin-Guard",4
fig-006739,7,"Knight (Scale Mail on Blue) - Black Arms, Red Legs",4
fig-006740,34,Princess Alyssa (Fantasy Era) - Reddish Brown Hair,4
fig-006741,21,Maiden (Kingdoms) - Dark Orange Hair,4
fig-006742,14,Maiden (Knights Kingdom I) - Black Cone Hat,4
fig-006743,13,Maiden - Brown Hair,4
fig-006744,9,"Maiden - Blue Legs, Red Cone Hat, 3626a",5
fig-006745,9,"Maiden - Blue Legs, Red Cone Hat, 3626b",5
fig-006746,9,"Maiden - White Legs, Red Cone Hat",4
fig-006747,5,"Maiden - Blue Legs, White Cone Hat",4
fig-006748,10,"TV Worker - White Torso, Blue Legs, Blue Cap",4
fig-006749,10,"TV Worker - White Torso, Blue Legs, Female",4
fig-006750,7,"Soccer Player Green Torso, White Legs, Brown Hair, Standard Face #2",4
fig-006751,10,"Maiden - Blue Skirt, Red Cone Hat",4
fig-006752,7,"Soccer Player Green Torso, White Legs, Sweat Band #3",3
fig-006753,7,"Soccer Player Green Torso, White Legs, Black Hair, Standard Face #7",4
fig-006754,7,"Soccer Player Green Torso, White Legs, Tan Hair, Mustache, #9",4
fig-006755,7,"Soccer Player Green Torso, White Legs, Brown Hair, Standard Face, #10",4
fig-006756,33,Maiden (Fantasy Era) - Dark Brown Hair,4
fig-006757,7,"Soccer Player Goalie Dark Grey Torso, Black Legs, White Cap",4
fig-006758,7,"Soccer Player White Torso, Blue/Res Stripes, Blue Legs, Black Hair, #2",4
fig-006759,7,"Soccer Player White Torso, Blue/Res Stripes, Blue Legs, Sweat Band, #3",3
fig-006760,39,"Maiden (Fantasy Era) - Brown Skirt, Reddish Brown Hair",4
fig-006761,7,"Soccer Player White Torso, Blue/Res Stripes, Blue Legs, Brown Hair, #7",4
fig-006762,7,"Soccer Player White Torso, Blue/Res Stripes, Blue Legs, Tan Hair, #9",4
fig-006763,7,"Soccer Player White Torso, Blue/Res Stripes, Blue Legs, Brown Hair, #10",4
fig-006764,22,Maiden (Blue Lion) - Dark Red Hair,5
fig-006765,7,"Soccer Player Red Torso, White Legs #2",4
fig-006766,7,"Soccer Player Red Torso, White Legs #4",4
fig-006767,27,Maiden (Kingdoms) - Reddish Brown Hair,4
fig-006768,7,"Soccer Player White Torso, Blue Legs #2",4
fig-006769,21,Maiden (Kingdoms) - Dark Orange Hair,4
fig-006770,10,"Soccer Player White Torso, Blue Legs #9",4
fig-006771,7,"Soccer Player White Torso, Blue Legs #10",4
fig-006772,22,Maiden (Kingdoms) - Black Hair,4
fig-006773,7,"Soccer Player Blue Torso, White Legs 1",4
fig-006774,7,"Soccer Player Blue Torso, White Legs 2",4
fig-006775,7,"Soccer Player Blue Torso, White Legs 3",4
fig-006776,7,"Soccer Player Blue Torso, White Legs 4",4
fig-006777,7,"Soccer Player Blue Torso, White Legs 5",4
fig-006778,7,"Soccer Player Red Torso, Blue Legs, #2",4
fig-006779,7,"Soccer Player Red Torso, Blue Legs, #4",4
fig-006780,7,"Soccer Player Red Torso, Blue Legs, #9",4
fig-006781,7,"Soccer Player Red Torso, Blue Legs, #10",4
fig-006782,7,"Soccer Player Red Torso, Blue Legs, #11",4
fig-006783,33,Peasant (Fantasy Era) - Tan Hair,4
fig-006784,33,Peasant (Fantasy Era) - Dark Brown Hood,5
fig-006785,33,Peasant (Fantasy Era) - Dark Tan Hair,4
fig-006786,21,Peasant (Kingdoms) - Dark Tan Hair,4
fig-006787,21,Peasant (Kingdoms) - Dark Brown Hood,4
fig-006788,5,Peasant - Blue Legs,5
fig-006789,6,"Peasant - Light Gray Legs, Black Hood",4
fig-006790,9,"Peasant - Red Legs, Brown Hair",4
fig-006791,8,"Peasant - Red Legs, Black Hood",4
fig-006792,12,"Fireman, Shirt with Gauge and Pocket, Light Gray Legs, White Helmet",4
fig-006793,16,"Man, Plaid Shirt, Dark Red Legs, Reddish Brown Hair",4
fig-006794,16,"Girl, Cardigan Tied with Bow, Necklace, Short Red Legs",4
fig-006795,17,"Girl, Cardigan Light Bright Blue, Short Medium Lavender Legs",4
fig-006796,17,"Boy, Green Sweater, Short Dark Blue Legs, Santa Hat",4
fig-006797,14,"Girl, White Hoodie, Short Dark Blue Legs",4
fig-006798,14,"Man, Bright Green Jacket, Blue Legs",4
fig-006799,13,"Woman, Medium Blue Polo Shirt with Necklace, Dark Blue Legs, Red Bandana Scarf, Medium Lavender Hat",5
fig-006800,13,"Man, Green Overalls over Red Shirt, Red Cap",4
fig-006801,11,"Elf, Green Overalls, Short Red Legs, Light Bluish Gray Hair, Glasses",4
fig-006802,9,"Boy, Green Jacket, Short Light Bluish Gray Legs, Dark Orange Hair",4
fig-006803,9,"Female, White Blouse, Dark Blue Legs, Black Hair",4
fig-006804,9,"Girl, Medium Blue Jacket with Medium Lavender Scarf, Short Dark Purple Legs",4
fig-006805,9,"Sleigh Driver, Black Suit, Top Hat",4
fig-006806,20,"Elf, Dark Red Flannel Shirt, Bright Green Hat",4
fig-006807,20,"Elf, Medium Blue Jacket with Medium Lavender Scarf, Bright Green Hat",4
fig-006808,12,"Boy, Lime Jack with Black and White Checks, Short Black Legs, Light Bluish Gray Helmet",4
fig-006809,12,"Girl, Medium Blue Jacket with Medium Lavender Scarf, Short Dark Blue Legs, Dark Blue Hat",4
fig-006810,29,"Santa, Coat and Belt, Plain Red Legs, Santa Hat, Brown Eyebrows",5
fig-006811,11,"Boy, White and Blue Hoodie, Short Dark Purple Legs, Reddish Brown Hair",4
fig-006812,25,"Girl, Classic Spaceman on Shirt, Short Blue Legs, Reddish Brown Ponytail",4
fig-006813,25,"Man, Red Flannel Shirt, Dark Blue Legs, Glasses",4
fig-006814,21,"Boy, Argyle Sweater, Short Blue Legs, Glasses",4
fig-006815,21,"Girl, Cardigan Light Bright Blue, Short Bright Light Orange Legs",4
fig-006816,21,"Female, Open Medium Lavender Jacket over Lavender Shirt, White Legs, Glasses",4
fig-006817,14,"Barista, Man, White Shirt, Reddish Brown Apron, Black Hair",4
fig-006818,14,Christmas Train Driver with Dark Red Hat,4
fig-006819,14,"Girl, Medium Blue Jacket with Medium Lavender Scarf, Short Medium Lavender Legs, Dark Orange Hair",4
fig-006820,20,"Woman, Medium Blue Polo Shirt with Necklace, Dark Blue Legs, Reddish Brown Ponytail",4
fig-006821,20,"Boy, Floating Classic Spaceman on Shirt, Short Blue Legs, Dark Orange Hair",4
fig-006822,19,"Woman, Lime Halter Top with Dolphins, Medium Azure Legs, Black Hair",4
fig-006823,19,"Boy, Plaid Shirt, Short Medium Nougat Legs, Dark Orange Hair",4
fig-006824,19,"Girl, White Corset with Stars, Short Dark Azure Legs, Black Witch Hat",4
fig-006825,19,"Vampire, Ruffled Shirt, Gold Chain",4
fig-006826,13,"Woman, White Corset with Red Sides, Necklace, Red Legs",4
fig-006827,13,"Man, Green V-Neck Sweater, Red Legs",4
fig-006828,23,"Man, Green V-Neck Sweater, Dark Bluish Gray Legs, Beard",4
fig-006829,23,"Woman, Red Cardigan, Red Legs, Dark Bluish Gray Hair, Glasses",4
fig-006830,17,"Girl, Cardigan Tied with Bow, Necklace, Short Dark Red Legs",4
fig-006831,17,"Man, Green Overalls over Red Shirt, Tan Wide Brim Hat",4
fig-006832,19,"Woman, Dark Purple Outfit with Blouse, Flowers and Gold Sash, Dark Brown Hair",4
fig-006833,19,"Man, Dark Blue Pinstripe Suit with Gold Tie, Black Hair",4
fig-006834,22,"Woman, Bright Pink Halter Top with Butterflies, Dark Purple Legs",4
fig-006835,22,"Man, Open Bright Light Blue Hoodie over Dark Purple Shirt with Star, Dark Blue Legs",4
fig-006836,12,"Man, White and Blue Hoodie, Blue Legs, Lime Cap",4
fig-006837,12,"Woman, Orange Outfit with Flowers, Dark Brown Ponytail",4
fig-006838,19,"Santa, Plain Red, Dark Bluish Gray Legs",5
fig-006839,14,"Classic Spaceman, Green, Helmet with Visor / Pete",6
fig-006840,14,"Classic Spacewoman, Green, Helmet and Visor (Yve)",6
fig-006841,8,Viking Red Chess Pawn,6
fig-006842,8,Viking Red Chess King,7
fig-006843,8,Viking Red Chess Bishop,6
fig-006844,8,Viking Blue Chess Pawn,6
fig-006845,8,Viking Blue Chess Bishop,6
fig-006846,8,Viking Blue Chess King,7
fig-006847,35,"Mrs. Claus, White Corset with Red Sides, Apron with Candy Canes, Red Dress",5
fig-006848,35,"Elf, Blue and White Stripes Shirt",4
fig-006849,35,"Elf, Dark Blue Plaid Button Shirt",4
fig-006850,35,"Elf, Green Overalls, Short Green Legs",4
fig-006851,35,"Elf, Blue Overalls",4
fig-006852,8,Forestman (Forestmen) - Black,6
fig-006853,8,"Forestman (Forestmen) - Blue, Yellow Triple-Plume",5
fig-006854,9,"Forestman (Forestmen) - Blue, Yellow Plume",5
fig-006855,7,"Forestman (Forestmen) - Blue, Red Triple-Plume",5
fig-006856,7,"Forestman (Forestmen) - Yellow, Brown Hat, Red Plume",5
fig-006857,9,"Forestman (Forestmen) - Yellow, Green Hat, Red Plume",5
fig-006858,9,"Forestman (Forestmen) - Yellow, White Plume",5
fig-006859,1,"Forestman (Reissue) - Yellow, Red Plume",5
fig-006860,5,"Forestman (Forestmen) - Red, Brown Hat, Red Plume",5
fig-006861,9,"Forestman (Forestmen) - Red, Green Hat, Red Plume",5
fig-006862,8,"Forestman (Forestmen) - Red, Yellow Plume",5
fig-006863,0,Forestwoman (Reissue),4
fig-006864,8,"Forestman Archer (Forestmen) - Black, Red Plume",6
fig-006865,8,"Forestman Archer (Forestmen) - Blue, Brown Hat, Blue Plume",6
fig-006866,9,"Forestman Archer (Forestmen) - Blue, Green Hat, Blue Plume",6
fig-006867,8,"Forestman Archer (Forestmen) - Yellow, Red Plume",6
fig-006868,6,"Forestman Archer (Forestmen) - Yellow, Black Plume",6
fig-006869,8,"Forestman Archer (Forestmen) - Yellow, Yellow Plume",6
fig-006870,9,"Forestman Archer (Forestmen) - Red, Brown Hat, Red Plume",6
fig-006871,9,"Forestman Archer (Forestmen) - Red, Brown Hat, Yellow Plume",6
fig-006872,8,"Forestman Archer (Forestmen) - Red, Green Hat, Small Red Plume",6
fig-006873,7,"Forestman Archer (Forestmen) - Red, Green Hat, Red Plume",6
fig-006874,8,Forestwoman Archer (Forestmen),5
fig-006875,12,Forestman (Dark Forest) - Green Hat,5
fig-006876,12,Forestman (Dark Forest) - Brown Hat,5
fig-006877,14,"Forestman (Dark Forest) - Brown Legs, Brown Hood",4
fig-006878,14,Forestman Archer (Dark Forest) - Black Hood,5
fig-006879,14,"Forestman (Dark Forest) - Light Gray Legs, Brown Hood",4
fig-006880,13,Forestman Archer (Dark Forest) - Green Hat,6
fig-006881,13,Forestman Archer (Dark Forest) - Brown Hat,6
fig-006882,10,Fighter (Wolfpack) - Brown Hood,5
fig-006883,8,"Fighter (Wolfpack) - Black Hood, Black Plastic Cape",5
fig-006884,14,Fighter (Wolfpack) - Black Hood,4
fig-006885,5,"Fighter (Wolfpack) - Black Hood, Red Plastic Cape",5
fig-006886,9,"Knight (Black Falcons) - Black Legs, Chin-Protector",4
fig-006887,9,"Knight (Black Falcon) - Black Legs, Red Hips, Rounded Shield, Neck-Protector",4
fig-006888,1,"Knight (Black Falcon) - Black Legs, Black Hips, Rounded Shield, Neck-Protector, 3626b",4
fig-006889,9,"Knight (Black Falcon) - Light Gray Legs, Neck-Protector",4
fig-006890,9,"Archer (Black Falcon) - Light Gray Legs, Chin-Guard",5
fig-006891,10,"Man, Green Jacket, Black Legs, Blue Cap",4
fig-006892,10,"Man - Black Jacket, Light Gray Legs",4
fig-006893,9,"Archer (Black Falcon) - Black Legs, Red Hips, Chin-Guard",5
fig-006894,9,"Woman - Black Jacket, Brown Legs",4
fig-006895,9,"Man - Red Torso, Black Legs, Black Cap",4
fig-006896,9,"Soccer Fan, Green Torso, White Legs, Green Cap",4
fig-006897,9,"Archer (Black Falcon) - Black Legs, Black Hips, Rounded Shield, Chin-Guard",5
fig-006898,5,"Dragon Master (Dragon Knights) - Blue Plumes, Cape",8
fig-006899,12,"Dragon Master (Dragon Knights) - Red Plumes, Cape",8
fig-006900,14,"Dragon Master (Dragon Knights) - Yellow Plumes, Cape",8
fig-006901,14,"Knight (Dragon Knights) - Light Gray Legs, Light Gray Hips",4
fig-006902,14,"Knight (Dragon Knights) - Black Legs, Red Hips, Blue Plumes",6
fig-006903,15,"Knight (Dragon Knights) - Black Legs, Red Hips, Red Plumes",7
fig-006904,10,"Knight (Dragon Knights) - Black Legs, Yellow Plumes",7
fig-006905,5,"Classic Spaceman, White with Blue Jet Pack",10
fig-006906,12,"Knight (Dragon Knights) - Black Legs, Neck-Protector",4
fig-006907,14,"Knight (Dragon Knights) - Black Legs, Black Hips, Red Plumes",7
fig-006908,10,"Classic Spaceman, Yellow with Airtanks (3842a Helmet)",5
fig-006909,15,Archer (Dragon Knights),5
fig-006910,7,"Classic Spaceman, Black with Airtanks (3842a Helmet)",5
fig-006911,22,Wizard (Red Dragon),6
fig-006912,24,Wizard - Black Hood,5
fig-006913,22,"Wizard - Sand Blue Body, Dark Green Legs, Reddish Brown Eyebrows",5
fig-006914,34,"Wizard Morax (Fantasy Era) - Evil, Cape",6
fig-006915,33,"Wizard (Fantasy Era) - Good, Cape",6
fig-006916,0,"Wizard (Kingdoms) - Blue, 3626c",5
fig-006917,5,"Soccer Player White Torso with Blue/Red Stripes, Blue Legs #4",4
fig-006918,5,"Soccer Player Green Torso, White Legs #4",4
fig-006919,5,"Soccer Player Green Torso, White Legs #11",4
fig-006920,24,"Wizard (Kingdoms) - Blue, 3626b",5
fig-006921,7,"Soccer Player Red Torso, Blue Legs, #5",4
fig-006922,7,"Soccer Player Red Torso, Blue Legs, #7",4
fig-006923,7,"Soccer Player Red Torso, Blue Legs, #8",4
fig-006924,7,"Soccer Player Red Torso, Blue Legs, #14",4
fig-006925,7,"Soccer Player Red Torso, Blue Legs, #18",4
fig-006926,7,"Soccer Player White Torso, White Legs 1",4
fig-006927,7,"Soccer Player White Torso, White Legs 2",4
fig-006928,7,"Soccer Player White Torso, White Legs 3",4
fig-006929,10,"Soccer Player White Torso, White Legs 4",4
fig-006930,7,"Soccer Player White Torso, White Legs",4
fig-006931,7,"Soccer Player White Torso, White Legs 6",4
fig-006932,7,"Soccer Player White Torso, White Legs 7",4
fig-006933,7,"Soccer Player White Torso, White Legs 8",4
fig-006934,7,"Soccer Player White Torso, White Legs 9",4
fig-006935,7,"Soccer Player White Torso, White Legs 10",4
fig-006936,7,"Soccer Player Red Torso, White Legs, #5",4
fig-006937,7,"Soccer Player Red Torso, White Legs, #7",4
fig-006938,7,"Soccer Player Red Torso, White Legs, #8",4
fig-006939,7,"Soccer Player Red Torso, White Legs, #14",4
fig-006940,7,"Soccer Player White Torso, Blue Legs, #5",4
fig-006941,7,"Soccer Player White Torso, Blue Legs, #7",4
fig-006942,7,"Soccer Player White Torso, Blue Legs, #8",4
fig-006943,7,"Soccer Player White Torso, Blue Legs, #14",4
fig-006944,3,"Classic Spaceman, Yellow with Jetpack",10
fig-006945,14,"Wizard (Kingdoms) - Dark Green, Cape",6
fig-006946,5,"Futuron Spaceman, Red with Airtanks and Dark Blue Visor",6
fig-006947,20,Wizard (Knights Kingdom) - Blue,5
fig-006948,12,"Futuron Spaceman, Black and Yellow with Airtanks and Dark Blue Visor",6
fig-006949,12,"Futuron Spaceman, Red and Green with Airtanks and Trans-Red Visor",6
fig-006950,11,Spyrius Droid / Major Kartofski,4
fig-006951,11,"UFO Alien, Gray Overlord",5
fig-006952,9,Unitron,6
fig-006953,10,Unitron Chief,6
fig-006954,10,Exploriens Droid,4
fig-006955,7,"Martian, Altair - Lime Torso",5
fig-006956,5,"Martian, Orange with Face Mask",5
fig-006957,25,"Martian, Vega",5
fig-006958,11,"Spaceman, Mac",5
fig-006959,11,"Spaceman, BB",5
fig-006960,8,"Martian, Centauri",5
fig-006961,10,"Martian, Antares",5
fig-006962,22,"Martian, Mizar",5
fig-006963,8,"Martian, Orange and Black",5
fig-006964,16,"Martian, Canopus",5
fig-006965,16,"Martian, Pollux",5
fig-006966,7,"Martian, Blue and Orange",5
fig-006967,22,"Martian, Arcturus",5
fig-006968,22,"Martian, Cassiopeia",5
fig-006969,22,"Martian, Rigel",6
fig-006970,9,Danny Longlegs / Corporal Steel with Airtanks,5
fig-006971,9,Professor Webb / Locust with Shoulder Armor,5
fig-006972,7,"Captain Wizer / Captain Zec, with Shoulder Armor",5
fig-006973,19,"Martian, Alien Commander",6
fig-006974,25,Martian,2
fig-006975,19,"Mars Astronaut, Cheek Lines",5
fig-006976,23,"Mars Astronaut, Orange Sunglasses, Stubble",5
fig-006977,16,"Mars Astronaut, Stubble",5
fig-006978,18,"Mars Astronaut, Sunglasses",5
fig-006979,19,"Mars Astronaut, Printed Hair",5
fig-006980,18,"Mars Astronaut, Stubble, Printed Hair",5
fig-006981,22,"Mars Astronaut, Stubble, Printed Hair over Eyes",5
fig-006982,11,"Mars Astronaut, Balaclava",5
fig-006983,18,"Mars Astronaut, Balaclava, and Backpack",6
fig-006984,18,"Mars Astronaut, Cheek Lines, and Backpack",6
fig-006985,23,Alien Trooper,3
fig-006986,21,Alien Pilot,3
fig-006987,15,"ADU Soldier, Orange Sunglasses, Dark Bluish Gray Hips",5
fig-006988,14,"Man, Dark Blue Pinstripe Suit with Gold Tie, Black Hair, Glasses, 3626cpr0792",4
fig-006989,4,"ADU Soldier, Orange Sunglasses, Azure Hips",5
fig-006990,4,"ADU Soldier, Snarl / Surprised, Dark Azure Hips",5
fig-006991,19,"ADU Trooper, Big Smile / Confused",5
fig-006992,21,Alien Android,6
fig-006993,21,Scientist in Hazmat Suit with Hair,4
fig-006994,22,"ADU Soldier, Gray Moustache",5
fig-006995,21,"ADU Soldier, Female",5
fig-006996,16,"Reporter, Red Jacket with Name Badge, Glasses",4
fig-006997,16,Alien Commander,7
fig-006998,18,"Man, Sand Blue Overalls, Reddish Brown Hair, Beard (Farmer)",4
fig-006999,30,Mosquitoid with Wings,6
fig-007000,33,Solomon Blaze,5
fig-007001,27,Max Solarflare,5
fig-007002,27,"Robot, Dark Azure with Neck Bracket",4
fig-007003,30,Mantizoid,7
fig-007004,24,"Robot, Red with Neck Bracket",4
fig-007005,24,Billy Starbeam,5
fig-007006,23,"Robot, Orange",6
fig-007007,23,Jack Fireblade,5
fig-007008,26,Chuck Stonebreaker,5
fig-007009,26,"Alien Buggoid, Olive Green",3
fig-007010,22,Ashlee Starstrider,5
fig-007011,24,"Robot, Bright Green",4
fig-007012,27,"Alien Buggoid, Dark Red",3
fig-007013,27,"Robot, Dark Azure",3
fig-007014,15,Benny,5
fig-007015,7,"Classic Spaceman, Dark Pink with Airtanks (Lenny)",5
fig-007016,16,"Classic Space, White with Airtanks (Jenny)",5
fig-007017,7,"Classic Spaceman, Yellow with Airtanks (Kenny)",5
fig-007018,12,"Robot Police, Armor, Cap",5
fig-007019,24,"Unikitty, Light Aqua Foot, Open Mouth, Simple Pupils",14
fig-007020,25,"Skeleton, Robot (Robo-Skeleton)",6
fig-007021,24,"Emmet, Piece of Resistance, Happy / Scared, Red Plate",7
fig-007022,31,"Unikitty, Queasy",14
fig-007023,18,Benny,5
fig-007024,18,President Business,4
fig-007025,18,"Vitruvius, Ghost",5
fig-007026,18,"Emmet, Happy / Sad",4
fig-007027,18,"Unikitty, Sitting, Confused",14
fig-007028,9,"Batman, Black Suit, Black Cape and Cowl, Yellow Batman Logo, Black Headband",5
fig-007029,9,"Unikitty, Angry Kitty, Big Open Mouth",14
fig-007030,17,"Unikitty, Classic Space Outfit",14
fig-007032,15,Lloyd / Green Ninja (LEGO Movie),5
fig-007034,15,Johnny Thunder (LEGO Movie),4
fig-007035,15,"Emmet, Piece of Resistance, Eyebrows, Happy / Scream, Red Plate",7
fig-007036,15,"Robot Police, Aviator Helmet, Armor",6
fig-007037,15,"Robot Police, Helmet with Night Vision Goggles, Neck Bracket",6
fig-007038,15,"Robot Police, Hat, Neck Bracket",5
fig-007039,18,"Unikitty, Angry Kitty",14
fig-007040,7,"Batman, Black Suit, Black Cowl",4
fig-007041,5,"Vitruvius, Legs",5
fig-007042,5,"Wyldstyle, No Hood",4
fig-007043,5,President Business,4
fig-007044,5,"Ice Cream Jo, Reddish Brown Hair",4
fig-007045,5,"Emmet, Eyebrows, Happy / Scream",4
fig-007046,13,"Unikitty, Light Aqua Foot, Closed Mouth, Crescent Eyes",14
fig-007047,13,Ice Cream Cone,8
fig-007048,13,Chocolate Bar,31
fig-007049,28,Rex Dangervest,4
fig-007050,36,Lucy Wyldstyle,4
fig-007051,28,"Emmet, Worn Outfit, Happy / Confused",4
fig-007052,14,Susan,5
fig-007053,14,Banarnar,37
fig-007054,43,"Lucy Wyldstyle, Goggles, Scarf, Quiver",6
fig-007055,25,Sharkira,5
fig-007056,31,Melody,4
fig-007057,31,Tempo,4
fig-007058,39,"Unikitty, Disco Outfit, Sunglasses",14
fig-007059,25,"Emmet, Worn Outfit, Happy / Screaming",4
fig-007060,28,"Ice Cream Cone, Printed Arms",4
fig-007061,28,"Batman, Glitter Silver Suit, White Cowl",4
fig-007062,28,Balthazar,6
fig-007063,28,"Balthazar, Bat",3
fig-007064,28,Benny,5
fig-007065,28,"Lucy Wyldstyle, Medium Azure Hair",4
fig-007066,28,"Unikitty / Warrior Kitty, Calm",14
fig-007067,12,Maddox,4
fig-007068,12,"Batman, Battle Armor, Black Boots",7
fig-007069,30,"Emmet, Worn Outfit, Happy (Wink) / Scared",4
fig-007070,24,"Apocalypse Benny, Neck Bracket",7
fig-007071,17,"Unikitty, Sitting, Printed Brick Tail",10
fig-007072,32,"Unikitty / Warrior Kitty, Sleeping",11
fig-007073,32,"Rex Dangervest, Spacesuit with Neck Bracket",6
fig-007074,7,Sewer Baby,2
fig-007075,7,Sewer Baby with Orange Stripe Across Eyes,2
fig-007076,7,"Sharkira, Hair",4
fig-007077,21,"Rex Dangervest, Neck Bracket",5
fig-007078,21,"Emmet, Dark Blue Rex Dangervest Vest",4
fig-007079,21,"Lucy Wyldstyle, Medium Azure Hair",5
fig-007080,27,"Benny, Disco Outfit",6
fig-007081,15,"Sparkle Baby, Bright Pink",2
fig-007082,15,"Sparkle Baby, Dark Turquoise",2
fig-007083,15,"Emmet, Worn Outfit, Happy / Closed Eyes",4
fig-007084,15,"Lucy Wyldstyle, Medium Azure Hair",4
fig-007085,15,"Unikitty / Warrior Kitty, Bushy Tail",26
fig-007086,40,"Where Are My Pants? Guy, Apocalypseburg",5
fig-007087,40,"Batman, Battle Armor, Brown Boots",7
fig-007089,40,"Harley Quinn, Apocalypseburg",4
fig-007090,40,Chainsaw Dave,4
fig-007092,40,"Bad Cop / Scribble-face Cop, Apocalypseburg",5
fig-007093,40,Mo-Hawk,4
fig-007094,40,"Larry the Barista, Apocalypseburg",6
fig-007095,40,Roxxi,5
fig-007096,40,"Green Lantern, Hal Jordan, Apocalypseburg",6
fig-007097,40,Fuse,4
fig-007098,40,"Skeleton, Robot, Mannequin",11
fig-007099,24,Rex Dangervest,4
fig-007100,24,"Emmet, Dark Blue Rex Dangervest Vest, Smudged Stubble",4
fig-007101,20,Cheetah (Dr Barbara Minerva),5
fig-007102,20,Maxwell Lord,4
fig-007103,20,Wonder Woman - Golden Wings,5
fig-007104,14,"King (Royal Knights) - Blue Legs, Black Hips",4
fig-007106,12,"King (Royal Knights) - White Legs, Black Hips",5
fig-007107,12,"King (Royal Knights) - Blue Legs, Blue Hips, Cape",6
fig-007108,12,"Knight (Royal Knights) - Black Legs, Red Helmet, Red Plume",6
fig-007109,13,Knight (Royal Knights) - Red Legs,4
fig-007110,15,Archer (Royal Knights) - Red Legs,5
fig-007111,9,"Knight (Royal Knights) - Blue Legs, Black Neck-Protector",4
fig-007112,16,"Knight (Fright Knights) - Black Helmet, Red Triple-Plume",5
fig-007113,14,"Knight (Fright Knights) - Black Helmet, Red Plume",5
fig-007114,16,"Knight (Fright Knights) - Dark Gray Legs, Black Chin-Guard",4
fig-007115,11,"Knight (Fright Knights) - Dark Gray Legs, Black Neck-Protector",4
fig-007116,14,"Knight (Fright Knights) - Red Legs, Red Hips",4
fig-007117,16,"Witch (Fright Knights) - Willa, Cape",5
fig-007118,10,"Soccer Player Goalie Black Torso, Light Bluish Gray Legs, Blue Cap",4
fig-007119,10,"Soccer Player Goalie Black Torso, Light Bluish Gray Legs, Red Cap",4
fig-007120,10,"Man - Blue Torso, White Arms, White Legs, Red Cap",4
fig-007121,10,"Woman - Red Torso, Sand Blue Legs",4
fig-007122,10,"Soccer Player Red Plain Torso, White Legs 1",4
fig-007123,10,"Soccer Player Red Plain Torso, White Legs 2",4
fig-007124,10,"Soccer Player Red Plain Torso, White Legs 3",4
fig-007125,10,"Soccer Player Red Plain Torso, White Legs 4",4
fig-007126,10,"Soccer Player Red Plain Torso, White Legs 5",4
fig-007127,10,"Soccer Player White Plain Torso, Black Legs 1",4
fig-007128,10,"Soccer Player White Plain Torso, Black Legs 2",4
fig-007129,10,"Soccer Player White Plain Torso, Black Legs 3",4
fig-007130,10,"Soccer Player White Plain Torso, Black Legs 4",4
fig-007131,10,"Soccer Player White Plain Torso, Black Legs 5",4
fig-007132,10,"Man - Black Torso, Blue Legs, Red Cap",4
fig-007133,10,"Man - Red Torso, Dark Grey Legs",4
fig-007134,9,"Man - Blue Jacket, Green Legs, Light Grey Cowboy Hat",4
fig-007135,9,"Woman - Blue Jogging Suite, Light Gray Legs",4
fig-007136,13,"Man, Open Black Jacket over Red Shirt, Black Legs, Red Cap",4
fig-007137,9,"Doctor - EMT Star, Blue Cap",4
fig-007138,9,"Doctor - White Legs, Female",4
fig-007139,9,"Soccer Player Goalie Green Torso, Black Legs, Red Cap",4
fig-007140,9,"Soccer Player Red Plain Torso, White Legs 6",4
fig-007141,9,"Soccer Player Red Plain Torso, White Legs 8",4
fig-007142,9,"Soccer Player Red Plain Torso, White Legs 7",4
fig-007143,9,"Soccer Player Red Plain Torso, White Legs 9",4
fig-007144,9,"Soccer Player Red Plain Torso, White Legs 10",4
fig-007145,6,"Soccer Player Green Torso, White Legs #18",4
fig-007146,6,"Soccer Player Blue Torso, White Legs #10 - Zidane",4
fig-007147,10,"Snowboarder, Dark Gray, Black Helmet, White Vest",6
fig-007148,10,"Snowboarder, Red, Black Legs, White Vest",6
fig-007149,10,"Skateboarder, Medium Blue, Black Helmet",4
fig-007150,10,"Skateboarder, Dark Blue, White Helmet",4
fig-007151,13,"Snowboarder, Blue, Blue Helmet",6
fig-007152,13,"Snowboarder, Red, Dark Gray Legs, White Vest",6
fig-007153,25,"Boy, Floating Classic Spaceman on Shirt, Short Tan Legs, Red Cap",4
fig-007154,25,"Racer, White and Green Jumpsuit with Octan Logo, Red Helmet with Trans-Brown Visor",5
fig-007155,25,"Firewoman, Safety Vest with Shoulder Straps, Red Helmet",4
fig-007156,25,"Robber, Striped Sweater with Rope and Belt, Black Eyemask, Red Scarf",5
fig-007157,26,"Policeman, Vest with Badge, Pockets, and Radio, Black Cap",4
fig-007158,0,"Man - Blue Torso, Black Legs, White Cap",4
fig-007159,0,"Man - Yellow Torso, Black Legs, Light Grey Cap",4
fig-007160,6,"Man - Red Torso, White Legs",4
fig-007161,6,"Man - White Torso, Blue Legs, Blue Cap",4
fig-007162,10,"Man - Black Jacket, Light Gray Legs, White Bandanna, Black Cap",5
fig-007163,10,"Police - Black vest, Light Gray Legs, Black Hat",4
fig-007164,10,"Policewoman, Black Jacket with Zipper and Badge, White Helmet with Trans-Light Blue Visor",5
fig-007165,8,"Man - Black Torso, Red Legs, Red Cap",4
fig-007166,8,"Man - Blue Torso, Sand Blue Legs, Black Cap",4
fig-007167,8,"Man - Blue Torso, Black Legs, Blue Cap",4
fig-007168,8,"Man - Red Torso, Dark Grey Legs, Black Hair",4
fig-007169,9,"Man - White Torso R.E.S.Q, White Legs, White Cap",4
fig-007170,9,"Doctor - White Legs, Female",4
fig-007171,9,"Soccer Player White Torso with Blue/Red Stripes, Blue Legs #9",4
fig-007172,9,"TV Worker - White Torso, Black Legs, Blue Cap",4
fig-007173,11,"Man - Brown Jacket, Green Legs",4
fig-007174,11,"Man - Red Octan Torso, Light Grey Legs",4
fig-007175,11,"Man - Black Torso, Blue Legs, Red Cap",4
fig-007176,10,"Soccer Player Goalie Blue Torso, Red Legs, Black Cap",4
fig-007177,10,"Soccer Player Blue Torso, Red Legs, Yellow Vest, Female 1",5
fig-007178,10,"Soccer Player Blue Torso, Red Legs, Female 2",4
fig-007179,10,"Soccer Player Blue Torso, Red Legs, Yellow Vest, Female 3",5
fig-007180,10,"Soccer Player Blue Torso, Red Legs, Yellow Vest, Female 4",5
fig-007181,10,"Soccer Player Blue Torso, Red Legs, Yellow Vest, Female 5",4
fig-007182,10,Hockey Player Black Vest #1,6
fig-007183,10,Hockey Player Black Vest #3,6
fig-007184,10,Hockey Player Black Vest #5,6
fig-007185,10,Hockey Player Black Vest #7,6
fig-007186,10,Hockey Player White Vest #2,6
fig-007187,10,Hockey Player White Vest #4,6
fig-007188,10,Hockey Player White Vest #6,6
fig-007189,10,Hockey Player White Vest #8,6
fig-007190,12,"Man - Dark Blue Torso, Red Legs, Blue Cap",4
fig-007191,12,"Man - Red Torso, Tan Legs, Red Helmet",4
fig-007192,2,"Basketball Player, White Torso, White Legs 1",3
fig-007193,2,"Basketball Player, White Torso, White Legs 2",3
fig-007194,2,"Basketball Player, White Torso, White Legs 3",3
fig-007195,2,"Basketball Player, White Torso, White Legs 5",3
fig-007196,2,"Basketball Player, White Torso, White Legs 4",3
fig-007197,12,"Basketball Player, Violet Torso, violet Legs 1",3
fig-007198,12,"Basketball Player, Violet Torso, violet Legs 5",3
fig-007199,12,"Basketball Player, Violet Torso, violet Legs 7",3
fig-007200,12,"Basketball Player, Violet Torso, violet Legs 9",3
fig-007201,12,"Basketball Player, Red  Torso, Red Legs #2",3
fig-007202,12,"Basketball Player, Red  Torso, Red Legs #4",3
fig-007203,12,"Basketball Player, Red  Torso, Red Legs #6",3
fig-007204,12,"Basketball Player, Red  Torso, Red Legs #8",3
fig-007205,12,"Basketball Player, Red  Torso, Red Legs #10",4
fig-007206,9,"Basketball Player, Red  Torso, Red Legs #8, Black Hair",4
fig-007207,43,Michelle,4
fig-007208,16,"Arctic Crew, Green, Cap",4
fig-007209,9,"Basketball Player, Red  Torso, Red Legs #2",3
fig-007210,16,"Arctic Crew, Blue, Hood",4
fig-007211,16,"Arctic Medic, Red",4
fig-007212,16,"Arctic Crew, Red, Helmet and Visor",5
fig-007213,26,"Arctic Explorer, Hood, Printed Orange Goggles, Woman",4
fig-007214,23,"Arctic Explorer, Hood, Printed Light Blue Goggles",4
fig-007215,22,"Arctic Explorer, Climbing Gear",4
fig-007216,23,"Arctic Explorer, Expedition Leader",4
fig-007217,19,"Arctic Explorer, Dirt Bike Helmet, Snow Goggles, Woman",5
fig-007218,21,"Arctic Explorer, Pilot, Dark Azure Helmet",5
fig-007219,23,"Arctic Explorer, Dirt Bike Helmet, Snow Goggles",5
fig-007220,19,Arctic Photographer / Biologist,4
fig-007221,18,"Arctic Explorer, Beanie Hat",4
fig-007222,18,"Arctic Explorer, Pilot, Black Helmet, Stubble",5
fig-007223,21,"Arctic Explorer, Ship Captain",4
fig-007224,21,"Arctic Explorer, Scientist",4
fig-007225,23,"Arctic Explorer, Pilot, Black Helmet",5
fig-007226,43,Irene,4
fig-007227,43,Petch,5
fig-007228,21,"Arctic Explorer, Scientist, Beard",4
fig-007229,23,"Arctic Explorer, Dark Blue Hat, Orange Sunglasses",4
fig-007230,18,Zoya,3
fig-007231,20,"Arctic Explorer, Pilot, Black Helmet, Sunglasses",5
fig-007232,21,"Woman, Orange Safety Vest, Dark Tan Legs, Glasses",4
fig-007233,21,"Man, Open Blue Jacket over Dark Red Shirt, Dark Bluish Gray Legs, Red Cap",4
fig-007234,21,"Man, Safety Vest with Belt, Black Legs, Red Hard Hat with Ear Defenders",4
fig-007235,21,"Woman, Safety Jacket over Hoodie with Belt, Dark Blue Legs,",4
fig-007236,14,"Man, Blue Overalls, Red Hard Hat, Stubble",4
fig-007237,14,"Man, Dark Blue Plaid Shirt, Dark Bluish Gray Legs, Silver Sunglasses",4
fig-007238,16,"Man, Blue Jacket with Orange Stripes, Blue Legs, Blue Cap, Ear Defenders",5
fig-007239,16,"Man, Blue Overalls, Red Cap, Stubble",4
fig-007240,16,"Woman, Blue Overalls, Red Cap",4
fig-007241,17,"Man, Blue Overalls, Blue Cap, Silver Sunglasses",4
fig-007242,15,"Pilot, Blue Jacket with Plane Logo and Blue Tie, Blue Hat",4
fig-007243,15,"Ground Crew, Orange Jacket with Zipper and Reflective Stripes, Blue Legs, Blue Cap, Glasses",4
fig-007244,15,"Ground Crew, Orange Jacket with Zipper and Reflective Stripes, Blue Legs, Blue Cap, Stubble",4
fig-007245,15,"Man, Orange Overalls over Blue Sweater, Reddish Brown Legs, Dark Bluish Gray Hat, Beard",4
fig-007246,18,"Coast Guard, Yellow Jacket with Zipper, Radio and Badge, Blue Cap, Goatee Beard",4
fig-007247,18,"Coast Guard, Yellow Jacket with Zipper, Radio and Badge, Blue Helmet with Visor",5
fig-007248,15,"Coast Guard Diver, Blue Helmet, Airtank, Mask",6
fig-007249,16,"Man, Blue Overalls over Shirt, Blue Legs, Black Hat, Cheek Lines",4
fig-007250,16,"Coast Guard, Yellow Jacket with Zipper, Radio and Badge, Light Bluish Gray Helmet, Orange Sunglasses",4
fig-007251,16,"Coast Guard, Yellow Jacket with Zipper, Radio and Badge, Blue Helmet with Visor, Brown Eyebrows",5
fig-007252,15,"Coast Guard, Light Bluish Gray Shirt with Badge, Blue Cap, Ear Defenders, Yellow Life Vest",6
fig-007253,15,"Coast Guard Diver, Orange, White Helmet, Airtank, Mask",6
fig-007254,15,"Coast Guard, Orange Jumpsuit, White Helmet with Visor",5
fig-007255,15,"Man, Black Wetsuit, Yellow Life Vest",5
fig-007256,12,"Coast Guard, Light Bluish Gray Shirt with Badge, Blue Cap, Yellow Life Vest",5
fig-007257,12,"Coast Guard, Orange Jumpsuit, Blue Cap, Stubble",4
fig-007258,9,"Coast Guard, Light Bluish Gray Shirt with Badge, Blue Helmet with Visor, Yellow Life Vest, Silver Sunglasses",6
fig-007259,9,"Man, Black Wetsuit, Mid-Length Dark Orange Hair",4
fig-007260,15,"Man, Red Shirt with Dark Blue Arms, Red Legs, Black Hair, Orange Sunglasses",4
fig-007261,15,"Coast Guard, Yellow Jacket with Zipper, Radio and Badge, Blue Cap, Cheek Lines",4
fig-007262,16,"Coast Guard, Yellow Jacket with Zipper, Radio and Badge, Blue Cap, Silver Sunglasses",4
fig-007263,15,"Coast Guard, Yellow Jacket with Zipper, Radio and Badge, Light Bluish Gray Helmet, Yellow Life Vest, Orange Sunglasses",5
fig-007264,16,"Coast Guard, Open Sand Blue Jacket with Badge over Orange Sweater, Blue Cap, Yellow Life Vest, Silver Sunglasses",5
fig-007265,16,"Man, Hoodie over Green and Lime Shirt, Life Vest, Black Hair",5
fig-007266,22,"Man, Sunset Shirt with Palm Trees, Green Legs, Yellow Life Vest, Glasses",5
fig-007267,22,"Coast Guard, Open Sand Blue Jacket with Badge over Orange Sweater, White Hat, Yellow Life Vest, Beard",5
fig-007268,22,"Coast Guard, Open Sand Blue Jacket with Badge over Orange Sweater, White Helmet with Visor, Sunglasses",5
fig-007269,22,"Coast Guard, Woman, Sand Blue Shirt with Badge, Glasses",4
fig-007270,22,"Coast Guard, Dark Red Wetsuit, Dark Red Cap, Yellow Life Vest",5
fig-007271,22,"Coast Guard, Woman, Orange Jumpsuit, Yellow Life Vest, Dark Brown Hair",5
fig-007272,22,"Coast Guard, Woman, Sand Blue Shirt with Badge, Blue Cap, Yellow Life Vest",5
fig-007273,19,"Man, Light Bluish Gray Hoodie over Dark Red Shirt, Dark Blue Legs, Yellow Life Vest",5
fig-007274,19,"Coast Guard, Open Sand Blue Jacket with Badge over Orange Sweater, White Helmet with Visor, Moustache",5
fig-007275,19,"Coast Guard, Woman, Orange Jumpsuit, Yellow Life Vest, Dark Red Hair",5
fig-007276,19,"Coast Guard, Woman, Orange Jumpsuit, White Helmet with Diving Mask, Yellow Life Vest",6
fig-007277,20,"Coast Guard, Woman, Orange Jumpsuit, Yellow Life Vest, Reddish Brown Hair, Glasses",5
fig-007278,21,"Coast Guard Diver, Black and Lime Wetsuit, Black Helmet, Airtank, Mask",6
fig-007279,20,"Coast Guard, Open Sand Blue Jacket with Badge over Orange Sweater, Blue Cap",4
fig-007280,11,"Coast Guard, Orange Jumpsuit, Blue Cap, Yellow Life Vest",5
fig-007281,11,"Man, Open Red Jacket over Dark Red Sweater, Dark Red Hat, Yellow Life Vest, Beard",5
fig-007282,11,"Tom, Black and Lime Wetsuit, Tan Hair",4
fig-007283,11,"Coast Guard, Woman, Sand Blue Shirt with Badge, Reddish Brown Hair, Glasses",4
fig-007284,11,"Lifeguard, Dark Red Wetsuit, Dark Red Cap, Yellow Life Vest, Stubble",5
fig-007285,18,"Coast Guard, Orange Jumpsuit, White Helmet with Visor, Silver Sunglasses",5
fig-007286,18,"Man, Blue Overalls over Shirt, Blue Legs, Dark Bluish Gray Hair, Beard",4
fig-007287,18,"Man, Dark Blue Plaid Shirt, Sand Blue Legs, Dark Red Cap",4
fig-007288,20,"Coast Guard Ship Captain, Light Bluish Gray Shirt with Badge, White Hat, Beard and Glasses",4
fig-007289,20,"Coast Guard, Light Bluish Gray Shirt with Badge, Blue Cap, Ear Defenders, Yellow Life Vest, Stubble",6
fig-007290,20,"Coast Guard, Light Bluish Gray Shirt with Badge, Blue Cap, Yellow Life Vest",5
fig-007291,20,"Woman, Orange Halter Top with Flowers, Blue Legs, Yellow Life Vest, Dark Brown Hair",5
fig-007292,20,"Man, White Vest Top, Dark Blue Legs, Red Cap, Yellow Life Vest, Glasses",5
fig-007293,20,"Coast Guard, Orange Jumpsuit, White Helmet with Visor, Yellow Life Vest, Sunglasses",6
fig-007294,1,"Allan Houston, New York Knicks #20",3
fig-007295,1,"Chris Webber, Sacramento Kings #4",3
fig-007296,1,"Tracy McGrady, Orlando Magic #1",3
fig-007297,1,"Jalen Rose, Chicago Bulls #5",3
fig-007298,1,"Kevin Garnett, Minnesota Timberwolves #21",3
fig-007299,1,"Predrag Stojakovic, Sacramento Kings #16",3
fig-007300,1,"Jerry Stackhouse, Detroit Pistons #42",3
fig-007301,1,"Paul Pierce, Boston Celtics #34",3
fig-007302,12,"Steve Nash, Dallas Mavericks #13",3
fig-007303,1,"Allen Iverson, Philadelphia 76ers #3",3
fig-007304,1,"Karl Malone, Utah Jazz #32",3
fig-007305,1,"Steve Francis, Houston Rockets #3",3
fig-007306,1,"Jason Kidd, New Jersey Nets #5",3
fig-007307,1,"Toni Kukoc, Milwaukee Bucks #7",3
fig-007308,12,"Dirk Nowitzki, Dallas Mavericks #41",4
fig-007309,1,"Gary Payton, Seattle SuperSonics #20",3
fig-007310,1,"Vince Carter, Toronto Raptors #15",3
fig-007311,1,"Antoine Walker, Boston Celtics #8",3
fig-007312,1,"Shaquille O'Neal, Los Angeles Lakers #34",3
fig-007313,1,"Ray Allen, Milwaukee Bucks #34",3
fig-007314,1,"Tim Duncan, San Antonio Spurs #21",3
fig-007315,12,"Allen Iverson, Philadelphia 76ers #3, White",3
fig-007316,12,"Antoine Walker, Boston Celtics #8, White",3
fig-007317,12,"Jason Kidd, New Jersey Nets #5, White",3
fig-007318,12,"Kevin Garnett, Minnesota Timberwolves #21, Dark Blue",3
fig-007319,12,"Kobe Bryant, Los Angeles Lakers #8, Violet",3
fig-007320,12,"Shaquille O'Neal, Los Angeles Lakers #34, Violet",3
fig-007321,12,"Tracy McGrady, Orlando Magic #1, White",3
fig-007322,12,"Vince Carter, Toronto Raptors #15, White",3
fig-007323,9,"Basketball Player, Light Gray Torso and Dark Blue Legs, Black Hat",4
fig-007324,9,"Basketball Player, Red Torso with #10, Blue Legs, Black Flat Top Hair",4
fig-007325,9,"Basketball Player, Red Torso with #4, Dark Gray Legs",3
fig-007326,9,"Basketball Player, White Torso, Orange Legs",3
fig-007327,23,"Caroler, Man, Jacket with Plane",5
fig-007328,23,"Man, Green Overalls over Red Shirt, Light Bluish Gray Hair, Glasses and Beard",4
fig-007329,23,"Boy, Plain Blue Torso, Short Tan Legs, Red Scarf, Helmet",5
fig-007330,23,"Boy, Plain Light Bluish Gray Torso, Short Dark Blue Legs, Black Hat, Orange Vest",5
fig-007331,23,"Caroler, Female, Two Capes",6
fig-007332,23,"Girl, Plain Red Torso, Short Dark Purple Legs, Tan Hair (3626bpr0892 Head)",4
fig-007333,23,"Woman, Red Jacket, White Legs, Black Hair (3626bpr0892 Head)",4
fig-007334,23,"Woman, Red Jacket, White Legs, Black Hair (3626bpr0043 Head)",4
fig-007335,23,"Girl, Plain Red Torso, Short Dark Purple Legs, Tan Hair (3626bpr0043 Head)",4
fig-007336,27,"Man, Green Overalls over Red Shirt, Dark Tan Hair, Beard",4
fig-007337,27,"Caroler, Man, Ruffled Shirt and Gold Chain",5
fig-007338,27,"Caroler, Woman, One Cape",5
fig-007339,27,"Man, Dark Blue Pinstripe Suit with Gold Tie, Dark Brown Hair",4
fig-007340,27,"Woman, Dark Bluish Gray Jacket with Magenta Scarf, White Legs, Dark Orange Hair",4
fig-007341,27,"Boy, Green Jacket, Short Dark Blue Legs, Dark Blue Hat",4
fig-007342,27,"Girl, Medium Blue Jacket with Medium Lavender Scarf, Short Medium Lavender Legs, Bright Light Yellow Hair",4
fig-007343,27,"Boy, White and Green Jacket with Octan Logo, Red Scarf, Short Green Legs, Helmet",5
fig-007344,10,"White Torso with Surfboard, Green Legs, Red Cap (3626b Head)",4
fig-007345,9,"White Torso with Surfboard, Reddish Brown Legs, Red Hair",4
fig-007346,9,"White Torso with Surfboard, Reddish Brown Legs, Lime Cap",4
fig-007347,18,Astronaut White,5
fig-007348,18,Astronaut Orange,5
fig-007349,21,"Man, Blue Jacket with Zipper, Blue Legs, Blue Cap, Sunglasses",4
fig-007350,9,"Black Jacket, Black Legs, Black Helmet, Female",5
fig-007351,9,"Black Jacket, Black Legs, Black Helmet",5
fig-007352,12,"Black Torso, Yellow Arms, Black Legs, Black Cap",4
fig-007353,12,"Green Torso, Black Legs, Black Cap",4
fig-007354,12,"Yellow Torso, Black Legs, Black Cap",4
fig-007355,20,"Ghost - Glow in the Dark, White Legs, Yellow Hands",4
fig-007356,20,King Leo (Knights Kingdom I) - Armor,5
fig-007357,44,"Baby, Dark Turquoise with Moose and Snowflakes",2
fig-007358,29,"Statue, Light Bluish Gray, Fire Helmet",4
fig-007359,29,"Girl, Red Flannel Shirt, Short Light Bluish Gray Legs, Orange Scarf, Glasses",5
fig-007360,29,"Man, Argyle Sweater, Blue Legs, Hat",4
fig-007361,29,"Firewoman, Jacket with 8 Buttons and Belt, Dark Orange Hair",4
fig-007362,29,"Fireman, Jacket with 8 Buttons and Belt, Dark Tan Hair",4
fig-007363,29,"Fireman, Jacket with 8 Buttons and Belt, Light Bluish Gray Hair, Beard",4
fig-007364,29,"Musician, Black Jacket and Tie, Dark Green Epaulettes, Black Hat, Moustache",5
fig-007366,27,"Man, Blue Jacket with Orange Stripes, Dark Blue Legs, Black Hat, Glasses and Beard",4
fig-007368,27,"Chef, Red Neckerchief, Light Bluish Gray Legs, Light Bluish Gray Beard",4
fig-007369,27,"Man, Orange Overalls over Blue Sweater, Black Legs, Dark Bluish Gray Hat, Brown Eyebrows",4
fig-007370,27,"Boy, Plaid Shirt, Short Blue Legs, Dark Blue Hood",4
fig-007371,27,"Boy, Plain Black Torso, Short Tan Legs",4
fig-007372,27,"Woman, Cardigan Tied with Bow and Necklace, Red Skirt (3626bpr0043 Head)",4
fig-007373,27,"Woman, Dark Bluish Gray Jacket with Magenta Scarf, Blue Legs, Bright Light Yellow Hair",4
fig-007374,27,"Woman, Cardigan Tied with Bow and Necklace, Red Skirt (3626bpr0892 Head)",4
fig-007375,27,"Man, Orange Overalls over Blue Sweater, Black Legs, Dark Bluish Gray Hat",4
fig-007376,23,"Man, Open Dark Blue Jacket, Dark Red Legs, Red Scarf, Black Hat, Stubble",5
fig-007377,23,"Woman, Medium Blue Jacket with Medium Lavender Scarf, Black Skirt",4
fig-007378,23,"Boy, Blue Overalls, Short Blue Legs",4
fig-007379,23,"Man, Dark Blue Plaid Shirt, Black Legs, Beard",4
fig-007380,23,"Man, Plain Light Bluish Gray Torso, Blue Legs, Bright Green Hood",4
fig-007381,23,"Postal Worker, Red Jacket with Zipper and Letter Logo, Dark Blue Legs, Black Cap, Glasses",4
fig-007382,23,"Postal Worker, Woman, Red Jacket with Zipper and Letter Logo, Dark Orange Hair",4
fig-007383,28,"Woman, Dark Bluish Gray Jacket with Magenta Scarf, Dark Blue Legs, Dark Tan Hair",4
fig-007384,28,"Boy, Green Jacket, Short Tan Legs, Dark Orange Hair",4
fig-007385,28,"Woman, Corset, Black Legs, Black Hair",4
fig-007386,28,"Man, Green V-Neck Sweater, Dark Brown Legs, Moustache",4
fig-007387,28,"Boy, Black Jacket with Zipper, Short Light Bluish Gray Legs, Helmet",4
fig-007388,28,"Girl, Medium Blue Jacket with Medium Lavender Scarf, Short Dark Blue Legs, Dark Brown Hair",4
fig-007389,28,"Man, Green Overalls over Red Shirt, Dark Bluish Gray Hat, Stubble",4
fig-007390,28,"Man, Dark Blue Plaid Shirt, Tan Legs, Dark Red Cap, Beard",4
fig-007391,33,"Man, Open Dark Blue Jacket, Dark Green Legs, Red Scarf, Black Beret, Beard",5
fig-007392,33,"Woman, Dark Bluish Gray Jacket with Magenta Scarf, Black Legs",4
fig-007393,33,"Woman, Medium Blue Jacket with Medium Lavender Scarf, Dark Blue Legs",4
fig-007394,33,"Boy, Open Orange Jacket, Short Light Bluish Gray Legs",4
fig-007395,33,"Man, Dark Blue Plaid Shirt, Red Legs, Blue Hat, White Beard",5
fig-007396,33,"Woman, Sand Green Corset, Sand Green Legs, Dark Brown Hair",4
fig-007397,33,"Girl, Cardigan Tied with Bow, Necklace, Short Dark Azure Legs",4
fig-007398,33,"Boy, White and Blue Hoodie, Short Blue Legs, Black Hat",4
fig-007399,33,"Girl, Green Jacket, Short Red Legs, Reddish Brown Hair",4
fig-007400,26,"Man, Open Denim Jacket, Black, Legs, Red Scarf, Black Hat",5
fig-007401,26,"Boy, Open Dark Azure Hoodie with Zipper, Short Dark Green Legs, Dark Red Cap",4
fig-007402,26,"Woman, Bright Light Blue Cardigan, Dark Red Legs, Dark Grayish Blue Hair",4
fig-007403,26,"Barista, Woman, White Torso, Reddish Brown Apron, Reddish Brown Hair",4
fig-007404,26,"Conductor, Blue Suit with Train Logo, Dark Brown Hair",4
fig-007405,9,"Forest Police / Ranger, Dark Tan Shirt with Radio and Badge, Dark Tan Legs, Tan Campaign Hat",4
fig-007406,1,Cave Woman with Bone in Hair,5
fig-007407,1,Cave Man,4
fig-007408,5,"Explorer, Jacket with Pouches, Radio, and Rope, Dark Tan Cap, Moustache",4
fig-007409,5,"Explorer, Shirt with Radio and Green Belt, Dark Tan Cap, Glasses, Woman",4
fig-007410,5,"Mechanic, Dirty White Shirt, Dark Blue Legs, Orange Goggles, Woman",4
fig-007411,5,"Scientist, Open White Jacket, Dark Blue Legs",4
fig-007412,13,"Girl, White Shirt with Unicorn, Short Medium Lavender Legs, Star and Rainbow Face Paint",4
fig-007413,13,"Man, Dark Blue Plaid Shirt, Medium Nougat Legs, Moustache",4
fig-007414,13,"Fairground Worker, Woman, Bright Light Yellow Hair",4
fig-007415,13,"Fairground Worker, Man, Moustache, Top Hat",5
fig-007417,14,"Man, White Tank Top with Windsurfer, Dark Azure Legs, Sunglasses",4
fig-007418,14,"Woman, Red Swimsuit, Bright Light Yellow Hair",4
fig-007419,14,"Surfer, Woman, Black Wetsuit, Reddish Brown Hair",4
fig-007420,14,"Diver, Man, Black and Lime Wetsuit, Black Helmet and Mask",5
fig-007421,0,"Classic Spaceman, Blue with Airtanks (2446 Helmet)",5
fig-007422,0,"Blacktron I, Yellow Hands",6
fig-007423,0,"Doctor, Woman, White Torso with Stethoscope and Red Cross, Red Legs, Black Hair (3626b Head)",4
fig-007424,13,"Chef, Red Neckerchief, Black Legs, Moustache",4
fig-007425,7,"Postal Worker, Red Shirt with Horn Logo, Black Legs, Black Hat (3626b Head)",4
fig-007426,16,"Jailbreak Joe, Prison Shirt with #23768, Light Gray Legs",4
fig-007427,0,"Jailbreak Joe, Prison Shirt with #23768, Light Bluish Gray Legs, Black Hair, Moustache",4
fig-007428,0,"Woman, Open Red Hoodie over Crop Top with LEGO Logo on Back, White Legs",4
fig-007429,0,"Man, Blue Jacket with Orange Stripes, Red Legs, Red Helmet with Visor",5
fig-007430,0,"Chef, Red Neckerchief, White Legs, Annoyed",4
fig-007431,0,"Woman, Dark Purple Outfit with Blouse, Flowers and Gold Sash, Bright Light Yellow Hair",4
fig-007432,0,"Fireman, Black Fire Jacket with Badge, White Helmet, Stubble and Scar",4
fig-007433,0,"Man, Black Vest, Blue Legs, Dark Tan Hair, Glasses",4
fig-007434,0,"Woman, White Dress with Necklace, Dark Brown Hair",4
fig-007435,0,"Pirate Captain, Black Jacket, Pearl Gold Hook, Bicorne Hat",4
fig-007436,0,"Astronaut, Woman, White, Diver Helmet, Gold Visor",5
fig-007437,0,"Knight / King, Red, Lion on Torso, Crown",4
fig-007438,0,"Woman, Orange Outfit with Flowers, Dark Brown Ponytail, Eye Shadow",4
fig-007439,0,"Doctor, Woman, White Torso with Stethoscope and Pocket, White Legs, Dark Brown Hair",4
fig-007440,0,"Policeman, Medium Blue Shirt with Badge and Tie, Reddish Brown Hair, Sunglasses",4
fig-007441,0,"Criminal, Overalls over Prison Shirt, Dark Bluish Gray Hat",4
fig-007442,1,Hockey Player,6
fig-007443,1,"Racer, White and Green Jacket with Octan Logo, Red Helmet with Trans-Clear Visor",5
fig-007444,1,"Tennis Player, Woman",4
fig-007445,1,"Surfer, White Tank Top with Windsurfer, Yellow Legs with Black Swim Trunks",4
fig-007446,1,"Warrior, Woman, Dark Green Armor, Skirt",4
fig-007447,1,"Warrior King, Fleur de Lis on Vest, Crown, Beard",4
fig-007448,1,"Man, Crossed Ammo Belts, Reddish Brown Fedora",4
fig-007449,1,"Warrior, White Gi with Black Belt",4
fig-007451,1,"Musician, Woman, Dark Purple Outfit with Blouse, Flowers and Gold Sash, Lavender Skirt",4
fig-007452,1,"Musician, Woman, Tank Top with Rainbow Colored Stars, Dark Azure Hair",4
fig-007453,1,"Musician, Man, Open Vest Jacket over Lime Shirt, Black Afro",4
fig-007454,1,"Musician, Man, White Vest over Dark Purple Shirt, Black Hair with Silver Streaks, Glasses",4
fig-007455,1,"Boxer, Black Eye",4
fig-007456,1,"Flower Child, Open Sand Blue Vest over Bright Light Orange Shirt, Long Dark Tan Hair",4
fig-007457,1,"Cheerleader, Green, 'J' on Uniform",4
fig-007458,1,"Sailor, Dark Blue Uniform, Sailor Hat with Anchor",4
fig-007459,17,"Airline Worker, Woman, Blue Jacket with Plane Logo and White Scarf, White Legs, Black Hair, Red Lips",4
fig-007460,0,Blacktron I (3626b Head),6
fig-007462,0,"Classic Spaceman, Yellow with Airtanks (2446 Helmet)",5
fig-007463,0,"Mad Scientist, Dark Bluish Gray Hands",4
fig-007464,7,"Coast Guard, Yellow Jacket with Zipper, Radio and Badge, Light Bluish Gray Helmet, Sunglasses",4
fig-007465,7,"Man, Green Overalls over White Shirt, Reddish Brown Hair, Orange Sunglasses",4
fig-007466,7,"Man, Red Shirt with Dark Blue Arms, Red Hard Hat",4
fig-007467,7,"Woman, White Tank Top with Flowers, Red Legs, Reddish Brown Hair",4
fig-007468,1,"Criminal, Prison Shirt with #50380, Bright Light Orange Legs, Black Hair",4
fig-007469,1,"Criminal, Open Leather Jacker over Prison Shirt, Reddish Brown Hair",4
fig-007470,1,"Policeman, Blue Jacket with Zipper, Blue Cap, Blue and Purple Sunglasses",4
fig-007471,1,"Swamp Police / Ranger, Woman, Tan Campaign Hat, Dark Brown Legs",4
fig-007472,39,"Man, Plain Black Torso, Blue Legs, Reddish Brown Hair",4
fig-007473,39,"Woman, Plain Red Torso, Lime Legs, Dark Orange Hair",4
fig-007474,39,"Man, Plain White Torso, Pearl Gold Legs, Tan Hair",4
fig-007475,28,"Woman, Plain Dark Purple Torso, Medium Azure Legs, Reddish Brown Hair",4
fig-007476,28,"Man, Plain Orange Torso, Dark Red Legs, Tan Hair",4
fig-007477,39,"Man, Plain Blue Torso and Red Legs, Dark Orange Hair",4
fig-007478,39,"Woman, Plain Dark Pink Torso, Medium Blue Legs, Bright Light Yellow Hair",4
fig-007479,13,"Boy, Open Bright Light Blue Hoodie over Dark Purple Shirt with Star, Short Blue Legs, Tan Hair",4
fig-007480,10,"Birthday Clown, Lime Afro",4
fig-007481,10,"Boy, Plain White Torso, Short Blue Legs, Dark Brown Hair",4
fig-007482,9,"Boy, Open Dark Azure Hoodie with Zipper, Short Red Legs, Dark Orange Hair",4
fig-007483,16,"Man, White Shirt with Balloons, Party Hats, and Streamers, Lime Legs, Dark Purple Top Hat, Star Glasses",4
fig-007484,8,"Girl, Plain Red Torso, Short Dark Purple Legs, Dark Brown Hair",4
fig-007485,8,"Man, Blue Overalls over White V-Neck Shirt, Red Cap, Open Mouth",4
fig-007486,8,"Woman, Green Overalls over Red Paid Shirt, Tan Hair",4
fig-007487,29,"Volcano Explorer, Man, Olive Green Jumpsuit with Straps, White Hard Hat with Visor, Breathing Apparatus",7
fig-007488,29,"Volcano Explorer, Man, Olive Green Shirt, Sand Blue Legs, Dark Tan Cap, Stubble",4
fig-007489,25,"Girl, Medium Blue Jacket with Medium Lavender Scarf, Short Dark Azure Legs, Magenta Helmet with Visor",5
fig-007490,27,"Firefighter, Female, Black Fire Suit with Gauge and Straps, White Helmet, Breathing Apparatus, Airtanks (3626cpr0893 Head)",7
fig-007491,25,"Boy, Green Jacket, Short Red Legs, Black Helmet with Visor",5
fig-007492,17,"Race Driver, Tan Torso, Tan Legs, White Helmet",5
fig-007493,17,"Race Driver, Black Torso, Black Legs, Black Helmet",5
fig-007494,17,"Race Driver, Black Torso, Black Legs, Reddish Brown Hair",4
fig-007495,17,"Blue Jacket, Sand Green Legs, Beard, Red Cap",4
fig-007496,17,"Race Driver, Tan Torso, Tan Legs, White Helmet, ford",5
fig-007497,17,"Race Driver, White Torso, White Legs, Blue Helmet, Ford",5
fig-007498,17,"Race Official, Ford",4
fig-007499,16,"Race Driver, Sand Blue Torso, Dark Blue Legs, Black Helmet, Dodge",5
fig-007500,16,"Race Driver, Black Torso, Black Legs, White Helmet. Demon",5
fig-007501,16,"Track Official, Light Bluish Gray Torso, Sand Blue Legs, Dark Red Hair",4
fig-007502,13,"Race Driver, Red Torso, Red Legs, White Helmet, Ferrari",5
fig-007503,13,"Race Driver, White Torso, White Legs, Blue Helmet, Audi",5
fig-007504,11,"Race Driver, Dark Blue Torso, Dark Blue Legs, Blue Helmet, Bugatti",5
fig-007505,17,"Race Official, Dark Blue Torso, Medium Blue Legs, Red Cap",4
fig-007506,17,"Race Driver, Red Torso, Red Legs, Black Helmet, Chevrolet",5
fig-007507,17,"Race Driver, Red Torso, Red Legs, White Helmet, Chevrolet",5
fig-007508,12,"Race Driver, White Torso, White Legs, White Helmet, Chevrolet",5
fig-007509,15,"Race Driver, Red Torso, Red Legs, Blue Helmet, Ferrari 1",5
fig-007510,15,"Race Driver, Red Torso, Red Legs, Dark Pearl Helmet, Ferrari",5
fig-007511,15,"Crew Member Ferrari, Sunglasses",5
fig-007512,15,Crew Member Ferrari,5
fig-007513,15,"Crew Member Ferrari, Beard",5
fig-007514,15,"Crew Member Ferrari, Dark Brown Hair",4
fig-007515,14,"Race Driver, Red Torso, Red Legs, Black Helmet, Ferrari, Bright Light Hair",4
fig-007516,15,"Race Driver, White Torso, White Legs, White Helmet, Ferrari",5
fig-007517,15,"Engineer, Ferrari, Female",4
fig-007518,15,"Engineer, Ferrari, Male",4
fig-007519,15,"Engineer, Ferrari, Female, Black Legs",4
fig-007520,19,"Race Driver, Tan Torso, Red Legs, White Helmet, Ferrari",5
fig-007521,19,"Race Driver, Red Torso, Red Legs, Blue Helmet, Ferrari 2",5
fig-007522,19,"Race Driver, White Torso, White Legs, Black Helmet, Ferrari",5
fig-007523,19,"Race Marshall, Ferrari",4
fig-007524,19,"Engineer, Ferrari, Male, Black Legs",4
fig-007525,19,"Medium Lavender Torso, White Legs, Medium Nougat Hair",4
fig-007526,19,"Tan Torso Sweater, Dark Tan Legs",4
fig-007527,21,"Race Driver, White Torso, Dark Blue Legs, White Helmet, Ford",5
fig-007528,21,"Race Driver, Red Torso, Medium Blue Legs, Black Helmet, Ford",5
fig-007529,21,"Mechanic, Dark Blue Torso, Medium Blue Legs, Welding Mask",4
fig-007530,21,"Race Official, Blue Torso, Black Blue Legs, Dark Red Cap",4
fig-007531,14,"Race Driver, White Torso, White Legs, Jaguar",4
fig-007532,14,"Race Driver, Black Torso, Black Legs, Jaguar",4
fig-007533,16,"Race Driver, Black Torso, Black Legs, Black Helmet, Lamborghini, Male",4
fig-007534,16,"Race Driver, Black Torso, Black Legs, Black Helmet, Lamborghini, Female",4
fig-007535,13,"Race Driver, Black Torso, Tan Legs, McLaren",4
fig-007536,12,"Pit Crew, White Torso, White Legs, White Cap, Female",4
fig-007537,12,"Pit Crew, White Torso, White Legs, Red Cap, Male",5
fig-007538,12,"Race Driver, White Torso, White Legs, Blue Helmet, McLaren",5
fig-007539,11,"Race Driver, Dark Bluish Gray Torso, Dark Bluish Gray Legs, Black Helmet, McLaren",5
fig-007540,12,"Race Driver, Black Torso, Black Legs, Black Helmet, Mercedes",5
fig-007541,21,"Red Torso, Dark Blue Legs, Reddish Brown Hair",4
fig-007542,21,"Orange Torso, White Legs, White Cap",4
fig-007543,21,"Pit Crew, Black Torso, Black Legs, Medium Nougat Hair",4
fig-007544,21,"Team Manager, Mercedes",4
fig-007545,21,"Race Driver, White Torso, White Legs, Black Helmet, Mercedes",5
fig-007546,21,"Pit Crew, Black Torso, Black Legs, Dark Brown Hair",4
fig-007547,21,"Race Driver, White Torso, White Legs, White Helmet, Mercedes",5
fig-007548,21,"Orange Torso, Tan Legs, Dark Brown Hair",4
fig-007549,20,"Blue Torso, Black Legs, Red Cap, Sunglasses",4
fig-007550,20,"Race Driver, White Torso, Orange Legs, Blue Helmet, Porsche",5
fig-007551,20,"Race Driver, White Torso, White Torso, Red Helmet, Porsche",5
fig-007552,20,"Woman, Red Jacket, Black Legs, Reddish Brown Long Hair",4
fig-007553,15,"Race Driver, Black Torso, Dark Blue Legs, White Helmet, Porsche",5
fig-007554,15,"Race Driver, White Torso, White Legs, Black Helmet, Porsche",5
fig-007555,15,"Engineer, Porsche, White Torso, White Legs",4
fig-007556,17,"Race Driver, Red Torso, Red Legs, White Helmet, Porsche",5
fig-007557,17,"Race Driver, White Torso, White Legs, Blue Helmet, Porsche",5
fig-007558,17,"Mechanic, White Torso, Light Bluish Grey Legs, Reddish Brown Hair",4
fig-007559,17,"Mechanic, White Torso, Light Bluish Grey Legs, White Cap",4
fig-007560,17,"Orange Torso, Black Legs, Dark Blue Cap",4
fig-007561,27,"Explorer, Jacket with Pouches, Radio, and Rope, Dark Tan Cap",4
fig-007562,27,"Coast Guard, Woman, Orange Jumpsuit, Reddish Brown Hair, Glasses",4
fig-007563,27,"Coast Guard, Woman, Sand Blue Shirt with Badge, Blue Cap",4
fig-007564,27,"Woman, Bright Light Blue Cardigan, Dark Blue Legs, Light Grayish Blue Hair",4
fig-007565,27,"Boy, Green Jacket, Short Dark Azure Legs, Light Bluish Gray Helmet",4
fig-007566,29,"Santa, Coat and Belt, Plain Red Legs, Santa Hat (3626c Head)",5
fig-007567,29,"Chef, Tan Sweater, Dark Green Legs, Moustache",4
fig-007568,29,"Girl, Cardigan Tied with Bow, Necklace, Short Dark Tan Legs, Glasses",4
fig-007569,29,"Woman, Medium Blue Jacket with Medium Lavender Scarf, White Legs",4
fig-007570,29,"Boy, Green Jacket, Short Dark Blue Legs, Dark Bluish Gray Beanie Hat",4
fig-007571,34,"Girl, Dark Azure Ski Jacket, Short Medium Lavender Legs, Dark Azure Ushanka Hat",4
fig-007572,25,"Man, Tan Sweater, White Legs, Dark Bluish Gray Hair, Beard",4
fig-007573,25,"Woman, Dark Tan Cardigan with Zipper, Tan Legs, Nougat Hair, Glasses",4
fig-007574,34,"Woman, Open Medium Nougat Jacket, Light Bluish Gray Legs, Dark Bluish Gray Beanie Hat, Orange Scarf",5
fig-007575,25,"Boy, Green Sweater, Short Tan Legs, Blue Cap with Propeller",5
fig-007576,25,"Man, Medium Blue Jacket, Dark Azure Legs, Hood, Moustache",4
fig-007577,25,"Girl, Medium Blue Jacket with Medium Lavender Scarf, Short Medium Lavender Legs, Reddish Brown Hair",4
fig-007578,25,"Swamp Police / Ranger, Tan Shirt with Badge and Radio, Dark Tan Campaign Hat, Dark Blue Legs",4
fig-007579,30,"Criminal, Open Prison Shirt, Dark Tan Legs, Dark Bluish Gray Hat, Backpack",5
fig-007580,25,"Boy, Green Sweater, Short Blue Legs, Dark Orange Hair",4
fig-007581,25,"Boy, Plain Blue Torso, Short Tan Legs, Hood",4
fig-007582,27,"Policeman, Blue Shirt with Badge and Pouches, Dark Blue Legs, Dark Blue Police Hat with Badge, Open Mouth",4
fig-007583,27,"Policeman, Blue Shirt with Badge and Pouches, Dark Blue Legs, Dark Blue Police Hat with Badge",4
fig-007584,27,"Criminal, Prison Shirt with #86753, Black Legs, Black Hat, Black Eyemask",4
fig-007585,27,"Girl, Green Jacket, Short Dark Purple Legs",4
fig-007586,27,"Woman, Green Overalls over Red Paid Shirt, Dark Brown Hair",4
fig-007587,27,"Boy, White and Blue Hoodie, Short Blue Legs, Dark Orange Hair, 3626cpr1579 Hair",4
fig-007588,19,"Santa, Plain Red, White Hands",5
fig-007589,23,"Fireman, Bright Light Orange Fire Suit, Dark Red Helmet, Scar",4
fig-007590,19,"Firewoman, Bright Light Orange Fire Suit, Reddish Brown Hair",4
fig-007591,19,"Fireman, Bright Light Orange Fire Suit, Dark Red Helmet, Orange Sunglasses",4
fig-007592,19,"Girl, Cardigan Tied with Bow, Necklace, Short Blue Legs, Dark Brown Hair",4
fig-007593,19,"Man, Blue Overalls over Shirt, Blue Legs, Black Cap",4
fig-007594,22,"Boy, Green Jacket, Short Dark Blue Legs, Light Bluish Gray Helmet",4
fig-007595,20,Race Driver - Bart Blaster,4
fig-007596,20,Race Driver - Bubba Blaster,4
fig-007597,20,Race Driver - Billy Bob Blaster,4
fig-007598,20,Race Official 1,5
fig-007599,20,Race Driver - Team Daredevil 1,5
fig-007600,20,Race Driver - Team Daredevil 2,5
fig-007601,19,Race Driver - Bart Blaster,5
fig-007602,19,Race Driver - Bubba Blaster,5
fig-007603,19,"Crew Member Lime Torso, Dark Bluish Grey Legs 1",4
fig-007604,19,"Crew Member Lime Torso, Dark Bluish Grey Legs 2",4
fig-007605,19,"Crew Member Lime Torso, Dark Bluish Grey Legs 3",4
fig-007606,19,Race Official 2,4
fig-007607,19,Race Driver - Team Daredevil 3,5
fig-007608,19,Race Driver - Team Daredevil 4,5
fig-007609,19,Race Driver - Bubba Blaster,5
fig-007610,19,Race Driver - Billy Bob Blaster,5
fig-007611,19,Race Official 3,4
fig-007612,19,Race Driver - Team Daredevil 3,4
fig-007613,19,Race Driver - Team Daredevil 4,4
fig-007614,33,"Alien, Lime, Large",2
fig-007615,12,Race Driver - Team Daredevil 5,4
fig-007616,16,Race Driver - Billy Bob Blaster,5
fig-007617,16,Race Driver - Bart Blaster,5
fig-007618,16,Race Driver - Team Daredevil 7,5
fig-007619,16,Race Driver - Team Daredevil 8,5
fig-007620,12,Race Driver - F. Massa,5
fig-007621,14,Race Driver - M. Schumacher,5
fig-007622,12,"Engineer, Ferrari, Sunglasses, White Hands",4
fig-007623,13,"Engineer, Ferrari, Beard",4
fig-007624,12,"Engineer, Ferrari, Sunglasses",4
fig-007625,20,"Pit Crew, Red Torso, Red Legs, Ferrari",4
fig-007626,14,"Engineer, Ferrari",4
fig-007627,12,Race Driver - K.Raikkonen,5
fig-007628,11,"Pit Crew, Red Torso, Red Legs, Ferrari,  Fuel",5
fig-007629,20,"Knight (Knights Kingdom I) - Dark Bluish Gray Legs, Armor",5
fig-007630,20,"Knight (Knights Kingdom I) - Black Legs, Armor",5
fig-007631,20,"Knight (Knights Kingdom I) - Light Bluish Gray Legs, Armor, Black Moustache",5
fig-007632,20,"Knight (Knights Kingdom I) - Light Bluish Gray Legs, Armor, Brown Moustache",5
fig-007633,20,"Knight (Knights Kingdom I) - Red Legs, Armor",5
fig-007634,17,"Knight (Knights Kingdom I) - Cedric the Bull, Black Helmet, Horn",5
fig-007635,11,"Black Tuxedo, Black Hair",4
fig-007636,11,"White Torso, Orange Vest, Blue Legs, Black Cap",5
fig-007637,11,"Blue Vest, Blue Legs, Reddish Brown Hair, Beard",4
fig-007638,11,Race Driver - R. Barrichello RF. Massa - Printed Helmet,5
fig-007639,14,"Pit Crew, Red Torso, Red Legs, Ferrari,  Scuba Tank",6
fig-007640,14,"Engineer, Ferrari, Black Sunglasses",4
fig-007641,9,"Race Driver - F. Massa, Blue Helmet",5
fig-007642,9,Race Driver - K. Raikkonen,5
fig-007643,9,"Black Torso, Black Legs, Silver Sunglasses",4
fig-007644,13,"Red Torso, Red Legs, Red Cap, Blue Sunglasses",4
fig-007645,9,"White Torso, Black Legs, Reddish Brown Hair, Female",4
fig-007646,9,"Red Torso, Red Legs, Dark Brown Hair",4
fig-007647,9,"Pit Crew, Red Torso, Red Legs, Red Helmet, Ferrari",5
fig-007648,13,"Race Driver, Orange Torso, Orange Legs, Orange Helmet",5
fig-007649,13,"Race Driver, Black Torso, Red Legs, Red helmet",5
fig-007650,18,"Doctor, Orange Hair",4
fig-007651,18,"Barista, White Torso, Reddish Brown Apron",4
fig-007652,18,"Worker - Orange Safety Vest, Orange Legs, Red Helmet",4
fig-007653,18,"Dark Bluish Grey Torso, Suit, Dark Bluish Grey Legs",4
fig-007654,13,"Dark Azure Torso, Dark Blue Legs, Dark Orange Hair",4
fig-007655,13,"Yellow Torso, Dark Purple Legs, Dark Brown Hair",4
fig-007656,17,"Boy, Dark Azure Torso, Dark Blue Legs, Dark Orange Hair",4
fig-007657,17,Hans Christian Andersen,4
fig-007658,9,"Kid - White Torso, Classic Space Figure, Dark Azure Legs, Dark Brown Hair",4
fig-007659,9,"Kid - Lime Torso, Medium Lavender Legs, Dark Brown Hair",4
fig-007660,21,"Dark Azure Torso, Dark Blue Legs, Medium Nougat Hair",4
fig-007661,21,"Kid - White Torso, Tan Legs, Red Cap",4
fig-007662,21,"White Torso, Yellow Legs, Bright Light Yellow Hair",4
fig-007663,21,"White Torso, Green Legs, Black Hair",4
fig-007664,21,"Bright Light Blue Torso, Blue Legs, Dark Brown Hair",4
fig-007665,21,"Lime Torso, Green Legs, Black Hair",4
fig-007666,21,"White Torso, Blue Legs, Dark Brown Hair",4
fig-007667,21,"Red Flannel Torso, Red Legs, Dark Orange Hair, Glasses",4
fig-007668,21,"White Torso, Yellow Legs, Tan Hair",4
fig-007669,21,"Red Jacket Torso, Red Legs, Dark Orange Hair, Glasses",4
fig-007670,14,"Knight (Knights Kingdom I) - Gilbert the Bad, Black Helmet",4
fig-007671,7,"Archer (Knights Kingdom I) - Gilbert the Bad, Black Helmet, Horn",6
fig-007672,12,"Skeleton, Standard Face, Helmet with Neck-Protector",7
fig-007673,12,"Knight (Knights Kingdom I) - Leather on Legs, Armor",5
fig-007674,10,Knight (Knights Kingdom I) - Leather on Legs,4
fig-007675,14,Archer (Knights Kingdom I) - Leather on Legs,5
fig-007676,14,Knight (Knights Kingdom I) - Princess Storm,6
fig-007677,15,"Knight (Knights Kingdom I) - Plate on Legs, Red Plume",6
fig-007678,15,Knight (Knights Kingdom I) - Plate on Legs,4
fig-007679,20,"Mace Windu, Light-up Lightsaber",2
fig-007680,7,"Obi-Wan Kenobi, Light-Up Lightsaber",2
fig-007681,7,"Anakin Skywalker, Light-up Lightsaber [Complete Assembly]",2
fig-007682,17,"Train Worker, Orange Safety Vest with Train Logo, Orange Legs, Red Hard Hat, Glasses and Beard",4
fig-007683,17,"Woman, Blue and White Striped Overalls, Black Hair",4
fig-007684,17,"Man, Red Shirt with Dark Blue Arms, Dark Bluish Gray Hat, Orange Sunglasses",5
fig-007685,17,"Policeman, Black Jacket with Pocket and Badge, Black Cap",4
fig-007686,17,"Coast Guard Diver, Yellow Jacket with Zipper, Radio, and Badge, Blue Helmet with Mask",5
fig-007687,23,"Chef, Red Neckerchief, White Legs, Smile, Reddish Brown Eyebrows",4
fig-007688,17,"Woman, White Tank Top with Windsurfer, Blue Legs, Black Ponytail",4
fig-007689,17,"Man, Tan Shirt with Pockets, Reddish Brown Legs, Black Hair",4
fig-007690,50,"Baby, White Body - Head with no neck",2
fig-007691,25,"Chef, Red Neckerchief, Blue Legs, Butchers Hat",4
fig-007692,25,"Woman, Blue Overalls over White V-Neck Shirt, Light Bluish Gray Hair",4
fig-007694,25,"Woman, Corset, Pearl Gold Legs, Black Hair",4
fig-007695,25,"Woman, Corset with Bow, Medium Azure Legs, Dark Azure Hair",4
fig-007696,25,"Firefighter, Black Fire Jacket with Straps and Gauge, Dark Red Helmet, Goatee Beard",4
fig-007697,25,"Woman, Open Medium Lavender over Lavender Shirt, Blue Legs, Reddish Brown Hair",4
fig-007698,25,"Train Worker, Orange Safety Vest with Train Logo, Orange Legs, Red Hard Hat with Ear Defenders, Moustache",4
fig-007699,25,"Man, Light Bluish Gray Overalls with Paint Stains, Black Beret, Glasses and Moustache",4
fig-007700,25,"Man, Dark Blue Plaid Shirt, Tan Legs, Dark Orange Hair, Glasses and Beard",4
fig-007701,25,"Boy, Plain Red Torso, Short Red Legs, Black Hair",4
fig-007702,25,"Criminal, Prison Shirt with #86753, Dark Bluish Gray Legs, Dark Bluish Gray Beanie Hat, Beard",4
fig-007703,25,"Policeman, Vest with Gold Badge, Radio, and Pockets. Black Hat, Beard",4
fig-007704,25,"Postal Worker, Woman, Red Jacket with Zipper and Letter Logo, Dark Blue Legs, Red Cap",4
fig-007705,25,"Woman, Pink Striped Tank Top with Cat Face, Dark Purple Legs",4
fig-007706,25,"Boy, Black and Lime Jacket with Zipper, Short Dark Green Legs, White Helmet",4
fig-007707,25,"Woman, Orange Halter Top with Flowers, Blue Legs, Bright Light Yellow Hair, Glasses",4
fig-007708,25,"Woman, Open Green Jacket with Necklace, Tan Hair",4
fig-007709,25,"Woman, Dark Pink Striped Top with Flower Necklace, Medium Azure, Tan Hair, Glasses",4
fig-007710,25,"Woman, Dark Purple Outfit with Blouse, Flowers and Gold Sash, Black Cape",5
fig-007711,25,"Doctor, Woman, White Torso with Stethoscope and Pocket, Dark Green Legs, Dark Brown Hair",4
fig-007712,24,"Pilot, Blue Jacket with Plane Logo and Blue Tie, Blue Legs, Blue Hat, Smile, Reddish Brown Eyebrows",4
fig-007713,21,"Pilot, Woman, Blue Jacket with Plane Logo and Blue Tie, Blue Legs, Dark Brown Hair",4
fig-007714,20,"Boy, Floating Classic Spaceman on Shirt, Short Blue Legs, Lime Cap, Reddish Brown Eyebrows",4
fig-007715,20,"Doctor, White Shirt with Star of Life Logo, Dark Orange Hair, Reddish Brown Eyebrows",4
fig-007716,21,"Doctor, Woman, White Torso with Stethoscope and Pocket, White Legs, Dark Brown Ponytail",4
fig-007717,28,"Fireman, Black Fire Jacket with Radio and Badge, White Helmet, Reddish Brown Eyebrows (3626b Head)",4
fig-007718,21,"Firewoman, Black Fire Jacket with Radio and Badge, White Helmet",4
fig-007719,20,"Mechanic, Blue Jumpsuit with Octan Logo, Red Cap, Smile, Reddish Brown Eyebrows",4
fig-007720,20,"Man, Green Overalls over Red Shirt, Reddish Brown Hair, Reddish Brown Eyebrows",4
fig-007721,21,"Woman, Green Overalls over Red Plaid Shirt, Tan Ponytail",4
fig-007722,20,"Boy, Blue Overalls, Short Blue Legs, Orange Cap, Reddish Brown Eyebrows",5
fig-007723,21,"Woman, Plain Blue Torso, Dark Bluish Gray Legs, Blue Cap",4
fig-007724,21,"Policewoman, Black Jacket with Badge, Pocket, and Black Tie, Black Hair",4
fig-007725,20,"Postal Worker, Red Jacket with Zipper and Letter Logo, Red Legs, Black Cap, Reddish Brown Eyebrows",4
fig-007726,21,"Woman, Red Shirt with Dark Blue Arms, Dark Blue Legs, Tan Hair",4
fig-007727,21,"Woman, Tank Top with Rainbow Colored Stars, Blue Legs, Dark Orange Hair",4
fig-007728,21,"Girl, Tank Top with Rainbow Colored Stars, Short Dark Purple Legs, Tan Hair",4
fig-007729,21,"Woman, Black Suit with Tie, Dark Red Hair",4
fig-007730,20,"Man, Blue Jacket with Orange Stripes, Blue Legs, Yellow Hard Hat, Light Bluish Gray Beard, Reddish Brown Eyebrows",5
fig-007731,21,"Train Worker, Woman, Orange Safety Vest with Train Logo, Orange Legs, Yellow Hard Hat",4
fig-007732,20,"Criminal, Prison Shirt with #50380, Dark Bluish Gray Legs, Black Hat and Dark Tan Back Pack (3626bpr0387 Head)",5
fig-007733,27,"Jester, Red and Blue",4
fig-007734,37,"Witch, Dark Green Dress with Spider Necklace and Bottles, Black Hat",4
fig-007735,27,"Dwarf, Armor with Shoulder Strap, Short Reddish Brown Legs, Beard, Winged Helmet",5
fig-007736,27,"Knight, Armor with Shoulder Strap, Light Bluish Gray Legs, Wide Brimmed Helmet",4
fig-007737,33,"Skeleton, Red Eyes, Black",6
fig-007738,24,"Blacksmith, Dark Brown Hood, Brown Beard",4
fig-007739,10,"Knight (Knights Kingdom I) - Bull Robber, Black Neck-Protector",4
fig-007740,27,"Scientist, Woman, White Jacket over Hoodie with Sunglasses, Dark Blue Legs, Black Hair",4
fig-007741,27,"Mechanic, Dirty White Shirt with Suspenders, Dark Blue Legs, Dark Tan Cap, Goatee Beard",4
fig-007742,26,"Explorer, Woman, Shirt with Radio and Green Belt, Bright Light Yellow Hair, Glasses",4
fig-007743,27,"Pilot, Woman, Dark Orange Jumpsuit, White Helmet with Visor",5
fig-007744,26,"Explorer, Jacket with Pouches, Radio, and Rope, Dark Orange Hair, Moustache",4
fig-007745,26,"Explorer, Jacket with Pouches, Radio, and Rope, Dark Tan Cap, Stubble",4
fig-007746,26,"Explorer, Jacket with Pouches, Radio, and Rope, Dark Tan Cap, Sweat Drops",4
fig-007747,25,"Scientist, Open White Jacket over Dark Orange Shirt, Dark Blue Legs, Glasses",4
fig-007748,25,"Explorer, Jacket with Pouches, Radio, and Rope, Dark Tan Cap, Backpack",5
fig-007749,25,"Explorer, Jacket with Pouches, Radio, and Rope, Dark Orange Hair, Yellow Life Vest, Moustache",5
fig-007750,25,"Mechanic, Dirty White Shirt with Suspenders, Dark Blue Legs, Dark Tan Cap",4
fig-007751,25,"Explorer, Woman, Shirt with Straps and Radio, Dark Tan Cap",4
fig-007752,25,"Explorer, Woman, Shirt with Straps and Radio, Black Hair",4
fig-007753,23,"Explorer, Jacket with Pouches, Radio, and Rope, Dark Tan Cap, Yellow Life Vest",5
fig-007754,24,"Explorer, Woman, Shirt with Straps and Radio, Reddish Brown Hair",4
fig-007755,23,"Explorer, Woman, Shirt with Straps and Radio, Dark Brown Hair",4
fig-007756,21,"Explorer, Jacket with Pouches, Radio, and Rope, Dark Tan Cap, Stubble and Scar",4
fig-007757,18,"Explorer, Jacket with Pouches, Radio, and Rope, Dark Tan Cap, Goatee Beard",4
fig-007758,16,"Scientist, Open White Jacket over Dark Orange Shirt, Dark Blue Legs, Neat Black Hair, Glasses",4
fig-007759,16,"Explorer, Jacket with Pouches, Radio, and Rope, Dark Tan Cap, Scar",4
fig-007760,11,"Explorer, Jacket with Pouches, Radio, and Rope, Dark Tan Cap, Backpack, Stubble",5
fig-007761,17,"Racer, Blue Jumpsuit with Octan Logo, Red Cap",4
fig-007762,17,"Racer, Blue Jumpsuit with Octan Logo, Red Cap, Orange Sunglasses",4
fig-007763,11,"Criminal, Red Jacket over Prison Shirt, Red Cap",4
fig-007764,14,"Racer, White and Green Jumpsuit with Large 'Octan', Red Helmet with Visor, Stubble",5
fig-007765,14,"Racer, Woman, White and Green Jumpsuit with Large 'Octan', Red Cap",4
fig-007766,15,"Woman, Open Green Jacket with Necklace, Dark Orange Hair",4
fig-007767,15,"Man, Open Blue Jacket over Dark Red Shirt, Sand Blue Legs, Red Cap, Stubble",4
fig-007768,15,"Policewoman, Black Jacket with Badge, Pocket, and Blue Tie, Reddish Brown Hair",4
fig-007769,15,"Man, White and Blue Hoodie, Dark Green Legs, Dark Orange Hair, Sunglasses",4
fig-007770,15,"Policeman, Black Jacket with Zipper, Radio, and Badge, White Helmet and Visor",5
fig-007771,26,"Criminal, Overalls over Prison Shirt, Dark Red Cap",4
fig-007772,25,"Criminal, Torn Prison Shirt, Dark Brown Legs, Dark Bluish Gray Hat",4
fig-007773,25,"Forest Police / Ranger, Woman, Dark Tan Shirt with Olive Green Tie and Badge, Dark Tan Legs, Tan Campaign Hat",4
fig-007774,14,"Policeman, Dark Blue Jacket with Pockets and Badge, White Helmet with Visor, Yellow Life Vest, Orange Sunglasses",6
fig-007775,14,"Policeman, Dark Blue Jacket with Pockets and Badge, White Helmet with Visor, Yellow Life Vest, Sunglasses and Wavy Mouth",6
fig-007776,26,"Forest Police / Ranger, Dark Tan Shirt with Radio and Badge, Dark Blue Legs, Tan Campaign Hat, Stern",4
fig-007777,22,"Criminal, Open Light Bluish Gray Jacket over Prison Shirt, Reddish Brown Hat with Goggles",5
fig-007778,15,"Forest Police / Ranger, Dark Tan Shirt with Radio and Badge, Dark Blue Legs, White Helmet with Visor, Sunglasses, 3626c Head",5
fig-007779,17,"Criminal, Overalls over Prison Shirt, Dark Red Cap, Yellow Life Vest",5
fig-007780,17,"Forest Police / Ranger, Dark Tan Shirt with Radio and Badge, Dark Blue Legs, Tan Campaign Hat, Yellow Life Vest, Orange Sunglasses",5
fig-007781,20,"Woman, Dark Bluish Gray Jacket with Magenta Scarf, Light Bluish Gray Legs, Dark Brown Hair",4
fig-007782,20,"Policeman, Medium Blue Shirt with Badge and Tie, White Cap, Beard and Glasses",4
fig-007783,20,"Policeman, Black Jacket with Pocket and Badge, White Hat",4
fig-007784,20,"Criminal, Prison Shirt with #50380, Dark Bluish Gray Legs, Black Hat, Dark Tan Back Pack, Open Mouth",5
fig-007785,16,"Criminal, Prison Shirt with #50380, Dark Bluish Gray Legs, Dark Bluish Gray Hat, Gold Tooth",4
fig-007786,16,"Policeman, Black Jacket with Zipper, Radio, Badge, and 'POLICE' on Back, White Helmet with Visor",5
fig-007787,16,"Policeman, Black Jacket with Zipper, Radio, Badge, and 'POLICE' on Back, White Cap (3626b Head)",4
fig-007788,18,"Policeman, Black Jacket with Pocket and Badge, White Hat, Open Mouth",4
fig-007789,4,"Policeman, Black Jacket with Pocket and Badge, White Cap, Yellow Life Vest, Sunglasses",5
fig-007790,12,"Policeman, Dark Blue Jacket with Pockets and Badge, White Helmet with Visor, Sunglasses and Wavy Mouth",5
fig-007791,23,"Criminal, Open Light Bluish Gray Jacket over Prison Shirt, Dark Bluish Gray Legs, Black Hat, Missing Tooth (3626c Head)",4
fig-007792,25,"Criminal, Prison Shirt with #50380, Dark Bluish Gray Legs, Black Hat, Stubble",4
fig-007793,17,"Policeman, Medium Blue Shirt with Badge and Tie, Black Legs, Dark Brown Hair",4
fig-007794,19,"Policeman, Black Jacket with Zipper, Radio, Badge, and 'POLICE' on Back, White Helmet with Visor, Silver Sunglasses",5
fig-007795,13,"Policeman, Black Suit with Badge, White Hat, Yellow Life Vest, Cheek Lines and Brown Eyebrows",5
fig-007796,13,"Policeman, Black Jacket with Zipper, Radio, Badge, and 'POLICE' on Back, White Cap, Yellow Life Vest",5
fig-007797,13,"Criminal, Open Light Bluish Gray Jacket over Prison Shirt, Black Hat, Gold Tooth",4
fig-007798,15,"Criminal, Prison Shirt with #50380, Dark Bluish Gray Legs, Dark Bluish Gray Hat, Dark Tan Backpack, Gold Tooth",5
fig-007799,10,"Policeman, Black Suit with Badge, White Cap",4
fig-007800,10,"Criminal, Open Light Bluish Gray Jacket over Prison Shirt, Dark Bluish Gray Hat, Dark Tan Backpack, Gold Tooth",5
fig-007801,16,"Policeman, Black Suit with Badge, White Hat, Gray Beard",4
fig-007802,16,"Policeman, Black Suit with Badge, White Helmet with Visor",5
fig-007803,18,"Criminal, Prison Shirt with #50380, Dark Bluish Gray Legs, Black Hat",4
fig-007804,18,"Policeman, Black Suit with Badge, White Hat, Stubble",4
fig-007805,18,"Policeman, Black Suit with Badge, White Hat, Beard and Glasses",4
fig-007806,18,"Policeman, Black Suit with Badge, Reddish Brown Hair",4
fig-007807,18,"Policeman, Black Jacket with Zipper, Radio, and Badge, White Helmet and Visor, Orange Sunglasses",5
fig-007808,22,"Criminal, Open Light Bluish Gray Jacket over Prison Shirt, Dark Bluish Gray Legs, Black Hat, Missing Tooth (3626b Head)",4
fig-007809,22,"Policeman, Black Suit with Badge, White Cap, Open Mouth",4
fig-007810,22,"Policeman, Black Suit with Badge, White Hat, Brown Beard",4
fig-007811,22,"Policewoman, Black Suit with Badge, Black Hair",4
fig-007812,22,"Policeman, Medium Blue Shirt with Badge and Tie, Black Legs, Dark Orange Hair",4
fig-007813,16,Gru,4
fig-007814,14,Minion Stuart - Blue Overall,5
fig-007815,14,"Minion Bob - Blue Overall, Half Closed Eyes",6
fig-007816,27,Minion Bob - Bright Light Orange Pants,6
fig-007817,27,Minion Stuart - Bright Blue Pajamas,5
fig-007818,27,"Minion Kevin - Blue Overalls, Half Closed Eyes",7
fig-007819,14,"Orange Torso, Dark Purple Legs, Reddish Brown Hair",4
fig-007820,19,"White Torso, Blue Overall, Red Helmet",4
fig-007821,17,"Dark Blue Torso, Dark Tan Legs, Reddish Brown Hair",4
fig-007822,8,"Rock Band - Black Torso, Dark Blue Legs, Lime Mohawk",4
fig-007823,8,"Rock Band - White Torso, White Legs, Black Hair",4
fig-007824,8,"Rock Band - White Torso, Black Legs, Black Cap",4
fig-007825,23,"Criminal, Open Dark Green Jacket over Prison Shirt, Black Hat, Beard",4
fig-007826,25,"Policewoman, Bright Light Blue Shirt with Radio and Badge, Dark Blue Legs, Police Hat with Badge, Sunglasses",4
fig-007827,19,"Criminal, Woman, Open Black Jacket over Prison Shirt, Dark Red Hair",4
fig-007828,21,"Policeman, Dark Blue Jacket with Pockets and Badge, White Helmet with Visor, Sunglasses",5
fig-007829,22,"Criminal Gary Goldrush, Open Prison Shirt #18675 over Orange Top, Dark Bluish Gray Hat, Stubble",4
fig-007830,21,"Criminal, Woman, Open Black Jacket over Prison Shirt, Dark Brown Hair, Dark Tan Backpack",5
fig-007831,23,"Criminal, Prison Shirt with #86753, Dark Bluish Gray Legs, Dark Bluish Gray Hat, Dark Tan Backpack, Stubble",5
fig-007832,8,"Policeman, Dark Blue Jacket with Zipper, Badge, and 'POLICE' on Back, Dark Blue Cap, Yellow Life Vest",5
fig-007833,21,"Policewoman, Dark Blue Vest over Dark Tan Jacket with Zipper and Badge, White Helmet with Visor",5
fig-007834,20,"Policeman, Sand Blue Jacket with Badge, Rope, and Straps, White Helmet, Blue Goggles",4
fig-007835,20,"Man, White Underwear with Red Paw Prints, Beard",4
fig-007836,20,"Criminal, Woman, Open Red Flannel Shirt over Prison Shirt, Medium Nougat Hair",4
fig-007837,27,"Criminal, Black Striped Top with Rope, Dark Bluish Gray Hat, Stubble",4
fig-007838,24,"Policeman, Dark Bluish Gray Vest with Radio, Badge and Pouches over Medium Blue Shirt, Black Cap, Beard",4
fig-007839,20,"Vito, Dark Red Jacket",4
fig-007840,7,"Criminal, Prison Shirt with #86753, Black Legs, Dark Bluish Gray Hat, Stubble and Mutton Chops",4
fig-007841,7,"Criminal, Woman, Open Red Jacket over Prison Shirt, Red Cap with Hair",4
fig-007842,7,"Policewoman, Bright Light Blue Shirt with Radio and Badge, Dark Blue Legs, Police Hat with Badge, Open Mouth",4
fig-007843,28,"Policeman, Dark Blue Jacket with Zipper, Badge, and 'POLICE' on Back, White Helmet with Visor, Silver Sunglasses",5
fig-007844,11,"Criminal, Torn Prison Shirt, Dark Bluish Gray Legs, Black Hat, Dark Tan Backpack Beard",5
fig-007845,27,"Criminal, Black Striped Top with Rope, Dark Bluish Gray Hat, Black Eyemask",4
fig-007846,27,"Policeman, Dark Bluish Gray Vest with Radio, Badge and Pouches over Medium Blue Shirt, Black Hat with Visor",5
fig-007847,27,"Policeman, Dark Bluish Gray Vest with Radio, Badge and Pouches over Medium Blue Shirt, Black Hat with Visor, Open Mouth",5
fig-007848,24,"Criminal, Black Striped Top with Rope, Black Hair, Black Eyemask",4
fig-007849,17,"Chase McCain, Dark Bluish Gray Vest with Radio, Badge and Pouches over Medium Blue Shirt, Dark Blue Legs",4
fig-007850,21,"Chase McCain, Dark Bluish Gray Vest with Radio, Badge and Pouches over Dark Blue Shirt",4
fig-007851,21,"Criminal, Open Orange Safety Vest Over Prison Shirt, Black Hat, Stubble",4
fig-007852,22,"Policeman, Bright Light Blue Shirt with Dark Blue Tie, Badge, and Radio on Belt, Dark Blue Police Hat with Badge, Sunglasses",4
fig-007853,17,"Policeman, Dark Bluish Gray Vest with Radio, Badge and Pouches over Medium Blue Shirt, Black Helmet with Visor, Open Mouth",5
fig-007854,17,"Criminal, Woman, Open Black Jacket over Prison Shirt, Reddish Brown Hair",4
fig-007855,24,"Criminal, Open Black Jacket over Prison Shirt, Dark Bluish Grey Legs, Black Hat, Dark Tan, Stubble",5
fig-007856,17,"Policeman, Blue Shirt with Badge and Pouches, Dark Blue Legs, Dark Blue Police Hat with Badge, Sunglasses",4
fig-007858,14,"Swamp Police / Ranger, Tan Shirt with Badge and Radio, Dark Blue Legs, Dark Tan Cap",4
fig-007859,20,"Criminal, Prison Shirt with #86753, Dark Bluish Gray Legs, Dark Bluish Gray Hat, Dark Tan Backpack",5
fig-007860,25,"Criminal, Torn Prison Shirt, Dark Bluish Gray Legs, Dark Bluish Gray Hat, Beard",4
fig-007861,21,"Criminal, Open Black Jacket over Prison Shirt, Dark Bluish Grey Legs, Black Hair, Black Eyemask",4
fig-007862,21,"Criminal, Torn Prison Shirt, Dark Tan Legs, Black Hat, Beard",4
fig-007863,21,"Policeman, Blue Shirt with Badge and Pouches, Dark Blue Legs, Dark Blue Police Hat with Badge, Beard",4
fig-007864,22,"Criminal, Prison Shirt with #86753, Dark Bluish Gray Legs, Dark Bluish Gray Hat, Black Eyemask",4
fig-007865,23,"Policeman, Blue Shirt with Badge and Pouches, Dark Blue Legs, Dark Blue Police Hat with Badge, Cheek Lines",4
fig-007866,20,"Policewoman, Blue Shirt with Badge and Pouches, Dark Blue Legs, Dark Orange Hair",4
fig-007867,20,"Policeman, Dark Blue Jacket with Zipper, Badge, and 'POLICE' on Back, White Helmet with Visor, Open Mouth",5
fig-007868,20,"Policeman, Dark Blue Jacket with Zipper, Badge, and 'POLICE' on Back, White Helmet with Visor, Sunglasses",5
fig-007869,23,"Policeman, Blue Shirt with Badge and Pouches, Dark Blue Legs, Dark Blue Cap with Ear Defenders",5
fig-007870,23,"Criminal, Open Black Jacket over Prison Shirt, Dark Bluish Grey Legs, Black Hat, Black Eyemask",4
fig-007871,20,"Policeman, Blue Shirt with Badge and Pouches, Dark Blue Legs, Dark Blue Cap",4
fig-007872,20,"Policeman, Blue Shirt with Badge and Pouches, Dark Blue Legs, Dark Blue Cap with Ear Defenders, Sunglasses",5
fig-007873,20,"Criminal, Open Black Jacket over Prison Shirt, Dark Bluish Grey Legs, Black Hat, Dark Tan Backpack, Black Eyemask",5
fig-007874,16,"Policeman, Blue Shirt with Badge and Pouches, Dark Blue Legs, Dark Blue Police Hat with Badge, Stern",4
fig-007875,16,"Criminal, Prison Shirt with #86753, Dark Bluish Gray Legs, Dark Bluish Gray Hat, Stubble and Scar",4
fig-007876,14,"Criminal, Open Black Jacket over Prison Shirt, Dark Bluish Grey Legs, Black Hat with Goggles",5
fig-007877,13,"Criminal, Open Prison Shirt #18675 over Orange Top, Dark Bluish Gray Hat, Dark Tan Backpack, Stubble",5
fig-007878,22,"Policewoman, Bright Light Blue Jacket with Zipper, Radio, Badge, and Tie, Dark Blue Legs, Medium Nougat Hair",4
fig-007879,22,"Criminal, Open Black Jacket over Prison Shirt, Sand Blue Legs, Black Hat, Beard",4
fig-007880,18,"Policeman, Bright Light Blue Jacket with Zipper, Radio, Badge, and Tie, Dark Blue Legs, Dark Blue Cap, Yellow Life Vest, Orange Sunglasses",5
fig-007881,22,"Criminal Simon Sin, Orange Vest with #92116 and Waist Tied Prison Shirt, Black Hat, Moustache",4
fig-007882,29,"Swamp Police / Ranger, Tan Shirt with Badge and Radio, Dark Blue Legs, Dark Tan Cap, Yellow Life Vest",5
fig-007883,29,"Criminal, Prison Shirt with Suspenders, Black Hat, Dark Orange Beard",5
fig-007884,30,"Criminal, Woman, Prison Shirt, Sand Blue Legs, Dark Orange Hair",4
fig-007885,30,"Criminal, Open Prison Shirt, Dark Tan Legs, Dark Bluish Gray Hat",4
fig-007886,29,"Swamp Police / Ranger, Woman, Dark Tan Vest with Zipper, Radio, and Badge, Dark Blue Legs, Dark Brown Hair",4
fig-007887,29,"Swamp Police / Ranger, Dark Tan Vest with Zipper, Radio, and Badge, Dark Blue Legs, Tan Campaign Hat, Sunglasses",4
fig-007888,29,"Swamp Police / Ranger, Tan Shirt with Badge and Radio, Dark Blue Legs, Dark Tan Campaign Hat, Beard",4
fig-007889,23,"Policeman, Dark Bluish Gray Vest with Radio, Badge and Pouches over Dark Blue Shirt, Dark Blue Cap",4
fig-007890,23,"Policewoman, Dark Blue Jacket with Radio, Badge, and Belt with Pouches, White Helmet with Visor, Light Blue Sunglasses",5
fig-007891,16,"Criminal, Open Orange Safety Vest Over Prison Shirt, Black Hat, Moustache",5
fig-007892,21,"Criminal, Woman, Prison Shirt with Dark Red Scarf, Dark Orange Hair, Black Eyemask",4
fig-007893,17,"Criminal, Open Orange Safety Vest Over Prison Shirt, Black Hat, Bushy Moustache",4
fig-007894,17,"Policewoman, Dark Blue Jacket with Radio, Badge, and Belt with Pouches, White Helmet with Trans-Brown Visor, Smirk (3626cpr2113 Head)",5
fig-007895,17,"Bright Light Blue Shirt with Dark Blue Tie, Badge, and Radio on Belt, Dark Blue Legs, White Helmet with Visor, Moustache",5
fig-007896,15,"Criminal Joe Frankfurter, Red Overalls over Prison Shirt, Black Hat, Dark Tan Backpack",5
fig-007897,15,"Criminal, Woman, Green Overalls over Prison Shirt, Dark Orange Hair",4
fig-007898,15,"Policewoman, Bright Light Blue Shirt with Radio and Badge, Dark Blue Legs, Reddish Brown Hair, Sunglasses",4
fig-007899,14,"Criminal Barry Barrel, Prison Shirt with Suspenders and Belt, Black Hat",4
fig-007900,11,"Policeman, Bright Light Blue Shirt with Dark Blue Tie, Badge, and Radio on Belt, White Helmet with Visor, Beard",5
fig-007901,23,"Criminal Carl Cold, Open Prison Shirt #86737 over Orange Top, Black Hair",4
fig-007902,22,"Criminal, Woman, Open Black Jacket over Prison Shirt, Dark Brown Legs, Dark Orange Hair",4
fig-007903,22,"Policeman, Bright Light Blue Jacket with Zipper, Radio, Badge, and Tie, Dark Blue Legs, Dark Blue Police Hat with Badge, Beard",4
fig-007904,22,"Policeman, Dark Blue Jacket with Pockets and Badge, White Helmet with Visor, Open Mouth",5
fig-007905,18,"Criminal Monica Million, Woman, Open Black Jacket over Prison Shirt, Dark Brown Hair",4
fig-007906,18,"Policeman, Bright Light Blue Jacket with Zipper, Radio, Badge, and Tie, Dark Blue Legs, Dark Blue Cap, Yellow Life Vest",5
fig-007907,17,"Policeman, Bright Light Blue Jacket with Zipper, Radio, Badge, and Tie, Dark Blue Legs, Dark Blue Cap",4
fig-007908,21,"Criminal, Prison Shirt with Suspenders and Belt, Black Hat, Beard",4
fig-007909,22,"Criminal, Prison Shirt with #86753, Prison Striped Legs, Black Hat",4
fig-007910,21,"Policeman, Bright Light Blue Shirt with Dark Blue Tie, Badge, and Radio on Belt, White Helmet with Visor, Scar",5
fig-007911,21,"Policewoman, Dark Blue Jacket with Radio, Badge, and Belt with Pouches, White Helmet with Trans-Brown Visor",5
fig-007912,16,"Criminal, Woman, Green Overalls over Prison Shirt, Black Hair, Backpack",5
fig-007913,17,"Policeman, Bright Light Blue Shirt with Dark Blue Tie, Badge, and Radio on Belt, Dark Blue Cap, Moustache",4
fig-007914,14,"Criminal, Prison Shirt with #50380, Dark Red Hat",4
fig-007915,14,"Policeman, Pilot, Black Vest with Badge and Pouches, White Helmet with Visor",5
fig-007916,25,"Policeman, Pilot, Black Vest with Badge and Pouches, White Helmet with Visor, Breathing Apparatus",6
fig-007917,18,"Statue, Pearl Gold, Fire Helmet",4
fig-007918,21,"Criminal, Prison Shirt with #86753, Dark Red Hat, Headset",4
fig-007919,16,"Policeman, Dark Blue Shirt with Radio and Badge, Dark Tan Legs, Dark Blue Cap",4
fig-007920,22,"Criminal, Open Dark Brown Jacket over Prison Shirt, Red Cap, Beard",4
fig-007921,16,"Policewoman, Sand Blue Vest with Zipper, Radio, Badge and Pouches, Tan Legs, Dark Blue Dirt Bike Helmet with Goggles",5
fig-007922,14,"Criminal, Woman, Open Red Flannel Shirt over Prison Shirt, Medium Nougat Hair, Backpack",5
fig-007923,22,"Criminal, Prison Shirt with #86753, Dark Bluish Gray Legs, Black Hair, Gold Tooth",4
fig-007924,25,"Policewoman, Sand Blue Vest with Zipper, Radio, Badge and Pouches, Tan Legs, Dark Blue Cap with Hair",4
fig-007925,24,"Policeman, Dark Blue Shirt with Radio and Badge, Dark Tan Legs, White Helmet with Visor",5
fig-007926,24,"Knight - Black Torso, Black Legs",4
fig-007927,24,"Queen - Red Torso, Red Slope for Legs, Black Hair",5
fig-007928,24,"Prince - Dark Red Torso, Dark Red Legs, Black Hair",4
fig-007929,24,"Barmaid - Dark Green Torso, Dark Bluish Grey Slope for Legs, Dark Brown Hair",4
fig-007930,32,"Lion Knight, Wide Brim Helmet",4
fig-007931,24,"Knight - Dark Bluish Gray Torso, Light Bluish Grey Legs, Quiver",5
fig-007932,23,"Criminal, Prison Shirt with #50380, Dark Bluish Gray Legs, Dark Bluish Gray Hat, Stubble",4
fig-007933,23,"Policeman, Bright Light Blue Shirt with Dark Blue Tie, Badge, and Radio on Belt, Dark Blue Cap, Beard",4
fig-007934,23,"Policewoman, Dark Blue Jacket with Radio, Badge, and Belt with Pouches, White Helmet with Trans-Clear Visor, Sunglasses",5
fig-007935,23,"Policewoman, Bright Light Blue Shirt with Radio and Badge, Dark Blue Legs, Dark Blue Cap with Hair, Freckles",4
fig-007936,23,"Policeman, Bright Light Blue Shirt with Dark Blue Tie, Badge, and Radio on Belt, Medium Nougat Spiked Hair",4
fig-007937,23,"Criminal, Prison Shirt with #50380, Dark Blue Hat",4
fig-007938,23,"Criminal, Woman, Prison Shirt with #86753, Reddish Brown Hair",4
fig-007939,31,Police Chief Wheeler,4
fig-007940,34,"Criminal, Daisy Kaboom",4
fig-007941,24,"Criminal, Open Black Jacket over Prison Shirt, Dark Brown Legs, Dark Bluish Gray Hat",4
fig-007942,24,"Security Guard, Dark Bluish Gray Vest with ID Badge, Reddish Brown Hair",4
fig-007943,29,Tom Bennett,4
fig-007944,24,"Policewoman, Dark Blue Jacket with Radio, Badge, and Belt with Pouches, White Helmet with Trans-Clear Visor",5
fig-007945,32,"Criminal, Big Betty",4
fig-007946,21,"Criminal, Frankie Lupelli",4
fig-007947,21,"Rooky Partnur, Black Hair",4
fig-007948,21,"Criminal, Woman, Open Dark Bluish Gray Jacket with Zipper over Prison Shirt, Red Cap with Hair",4
fig-007949,33,"Criminal, Snake Rattler",4
fig-007950,21,"Sam Grizzled, Helmet and Visor",5
fig-007951,21,"Criminal, Woman, Prison Shirt with #50382, Dark Orange Hair",4
fig-007952,21,"Policewoman, Dark Blue Jacket with Radio, Badge, and Belt with Pouches, White Helmet with Trans-Clear Visor, Smirk",5
fig-007953,17,"Policeman, Bright Light Blue Shirt with Dark Blue Tie, Badge, and Radio on Belt, Medium Nougat Hair",4
fig-007954,17,"Criminal, Prison Shirt with #86753, Dark Bluish Gray Legs, Dark Red Hat",4
fig-007955,2,"Criminal, Prison Shirt with #86753, Reddish Brown Legs, Black Hat",4
fig-007956,2,"Policeman, Bright Light Blue Shirt with Dark Blue Tie, Badge, and Radio on Belt, Dark Blue Cap, Open Mouth",4
fig-007957,5,"Policewoman, Dark Bluish Gray Vest with Radio, Badge and Pouches over Medium Blue Shirt, Dark Brown Hair",4
fig-007958,5,"Policeman, Dark Bluish Gray Vest with Radio, Badge and Pouches over Medium Blue Shirt, Black Hair, Sunglasses",4
fig-007959,5,"Policeman, Dark Bluish Gray Vest with Radio, Badge and Pouches over Medium Blue Shirt, Black Helmet with Visor, Stubble",5
fig-007960,5,"Policeman, Dark Bluish Gray Vest with Radio, Badge and Pouches over Medium Blue Shirt, Black Helmet with Visor, Beard and Glasses",5
fig-007961,7,"Construction Worker, Orange Jacket with Zipper and Reflective Stripes, Orange Legs, Red Hard Hat",4
fig-007962,6,"Fireman, Black Fire Jacket with Radio and Badge, Silver Helmet with Visor, Airtanks, Breathing Apparatus, Beard",7
fig-007963,14,"Criminal, Red Jacket over Prison Shirt, Reddish Brown Hair, Beard",4
fig-007964,14,"Policeman, Sand Blue Jacket with Pockets and 'POLICE' on Back, Dark Blue Cap, Yellow Life Vest, Sunglasses",5
fig-007965,20,"Security Guard, Dark Bluish Gray Vest with ID Badge, Dark Green Cap",4
fig-007966,25,"Policewoman, Dark Blue Vest over Dark Tan Jacket with Zipper and Badge, White Helmet with Visor, Sunglasses",5
fig-007967,23,"Criminal, Red Jacket over Prison Shirt, Tree Disguise",4
fig-007968,23,"Criminal, Open Dark Brown Jacket over Prison Shirt, Reddish Brown Hat with Goggles",5
fig-007969,23,"Policeman, Sand Blue Jacket with Pockets and 'POLICE' on Back, Dark Blue Cap",4
fig-007970,23,"Criminal, Prison Shirt with #50380, White Legs with Prison Stripes, Black Hair, Beard",4
fig-007971,23,"Policewoman, Dark Blue Jacket with Radio and Badge, White Helmet with Visor  (3626cpr2589 Head)",5
fig-007972,23,"Criminal Tony ""T"" Colorado, Prison Shirt with #50380, White Legs with Prison Stripes, Dark Bluish Gray Hair",4
fig-007973,23,"Criminal, Woman, Prison Shirt with #50382, Black Hair",4
fig-007974,23,"Policewoman, Black Vest with Badge and Pouches over Bright Light Blue Shirt, White Helmet with Visor, Neck Bracket",6
fig-007975,36,"Policewoman, Bright Light Blue Shirt with Radio and Badge, Dark Blue Legs, Dark Blue Cap with Hair",4
fig-007976,23,"Criminal, Open Dark Bluish Gray Jacket with Zipper over Prison Shirt, Black Helmet with Visor, Breathing Apparatus",6
fig-007977,23,"Criminal, Woman, Open Dark Bluish Gray Jacket with Zipper over Prison Shirt, Black Helmet with Visor",5
fig-007978,23,"Policeman, Black Vest with Badge and Pouches over Bright Light Blue Shirt, White Helmet with Visor, Neck Bracket, Headset",6
fig-007979,21,"Policeman, Black Vest with Badge and Pouches over Bright Light Blue Shirt, White Helmet with Visor, Breathing Apparatus",6
fig-007980,21,"Criminal, Woman, Prison Shirt with #50382, Black Helmet with Visor, Headset",5
fig-007981,21,"Criminal, Open Dark Bluish Gray Jacket with Zipper over Prison Shirt, Black Helmet with Visor, Neck Bracket, Headset",6
fig-007982,15,"Jailbreak Joe, Prison Shirt with #23768, White Legs",4
fig-007983,15,"Woman, White Shirt with Pockets, Black Legs, Black Hair",4
fig-007984,12,"Policeman, Black Vest with Badge and Pockets, Black Legs, Black Cap with 'POLICE', Blue Sunglasses",4
fig-007985,16,"Policeman, Black Jacket with Zipper and Badge, White Helmet with Visor, Sunglasses",5
fig-007986,11,"Policeman, Black Suit with Tie and Badge, White Cap, Yellow Life Vest, Moustache",5
fig-007987,7,"Policeman, Black Jacket with Zipper and Badge, Black Helmet with Visor",5
fig-007988,16,"Policeman, Black Jacket with Zipper and Badge, White Helmet with Visor (3626b Head)",5
fig-007989,16,"Policeman, Black Vest with Badge and Pockets, Light Gray Legs, Black Cap with 'POLICE', Blue Sunglasses",4
fig-007990,18,"Policeman, Black Suit with Tie and Badge, White Hat, Moustache",4
fig-007991,16,"Policeman, Black Jacket with Zipper and Badge, White Cap, Sunglasses",4
fig-007992,13,"Man, Red Torso, Blue Legs, Black Hair (3626a Head)",4
fig-007993,12,"Jailbreak Joe, Prison Shirt with #23768, White Cap",4
fig-007994,14,"Policewoman, Black Jacket with Zipper and Badge, Black Hair",4
fig-007995,12,"Policeman, Black Jacket with Tie and Badge, Light Gray Legs, Black Hair, Moustache",4
fig-007996,12,"Policeman, Black Suit with Tie and Badge, Black Cap with 'POLICE', Moustache",4
fig-007997,12,"Policeman, Black Vest with Badge and Pockets, Black Hair, Sunglasses",4
fig-007998,12,"Policeman, Black Vest with Badge and Pockets, White Helmet with 'POLICE' and Trans-Green Visor, Sunglasses",5
fig-007999,9,"Policeman, Black Jacket with Zipper and Badge, White Helmet with Trans-Green Visor, Sunglasses",5
fig-008000,14,"Policeman, Black Vest with Badge and Pockets, Black Cap, Yellow Life Vest, Sunglasses",5
fig-008001,14,"Policeman, Black Suit with Tie and Badge, Black Hair, Yellow Life Vest, Moustache",5
fig-008002,14,"Policewoman, Black Jacket with Zipper and Badge, Black Cap, Yellow Life Vest",5
fig-008003,13,"Criminal, Dark Blue Plaid Shirt, Dark Gray Hat, Gold Tooth",4
fig-008004,13,"Security Guard, Dark Gray Shirt with Badge, Dark Blue Cap, Dark Blue Vest, Orange Sunglasses",5
fig-008005,11,"Policeman, Dark Blue Shirt with Radio and Badge, Black Legs, Black Cap",4
fig-008006,11,"Criminal, Orange Prison Outfit with #50380, Dark Gray Hat, Gold Tooth",4
fig-008007,11,"Policeman, Dark Blue Suit with Tie and Badge, Light Gray Hair, Beard",4
fig-008008,11,"Policeman, Dark Blue Shirt with Radio and Badge, Black Legs, Brown Hair",4
fig-008009,11,"Policeman, Dark Blue Shirt with Radio and Badge, Black Legs, White Helmet with Visor",5
fig-008010,13,"Woman, Blue and White Stripe Shirt, Blue Legs, Brown Hair",4
fig-008011,12,"Fireman, Classic, Black Fire Jacket with Red Belt and Buttons, Black Hair",4
fig-008012,12,"Fireman, Classic, Black Fire Jacket with Red Belt and Buttons, White Helmet with Visor",5
fig-008013,12,"Fireman, Classic, Black Fire Jacket with Red Belt and Buttons, White Hard Hat",4
fig-008014,20,"Police Officer, Vibrant Yellow Police Vest, White Helmet with Visor",5
fig-008015,14,"Woman, Black Vest over Red Top, Black Legs, Black Hair",4
fig-008016,15,"Fireman, Black Fire Jacket with Red Belt and Badge, White Helmet with Fire Logo, Moustache",4
fig-008017,12,"Fireman, Black Fire Jacket with Red Belt and Badge, White Helmet with Visor",5
fig-008018,15,"Policeman, Dark Bluish Gray Vest with Radio, Badge and Pouches over Medium Blue Shirt, Black Helmet with Visor",5
fig-008019,15,"Criminal, Prison Shirt with #86753, Light Bluish Gray Legs, Dark Bluish Gray Hat",4
fig-008020,20,"Criminal, Prison Shirt with #86753, Dark Bluish Gray Legs, Reddish Brown Helmet with Goggles, Dark Tan Backpack, Beard",6
fig-008021,18,"Rebel Pilot A-wing, Dark Green Uniform, Black Helmet Stripe",4
fig-008022,18,"Fireman, Bright Light Orange Fire Suit, Dark Red Helmet",4
fig-008023,18,"Fireman, Bright Light Orange Fire Suit, Dark Red Helmet, Breathing Apparatus, Airtanks, Sweat Drops",7
fig-008024,16,"Fireman, Bright Light Orange Fire Suit, Black Cap, Beard and Glasses",4
fig-008025,25,"Fireman, Bright Light Orange Fire Suit, Dark Red Helmet, Sweat Drops",4
fig-008026,25,"Firewoman, Red Jacket with Straps, Dark Blue Legs, White Helmet with Visor",5
fig-008027,29,"Fireman, Red Jacket with Straps, Dark Blue Legs, White Helmet with Visor, Orange Sunglasses",5
fig-008028,16,"Fireman, Black Fire Jacket with Reflective Stripes, Radio, and Badge, White Helmet with Visor, Stubble",5
fig-008029,16,"Fireman, Black Fire Jacket with Reflective Stripes, Radio, and Badge, White Helmet, Glasses",4
fig-008030,16,"Fireman, Black Fire Jacket with Reflective Stripes, Radio, and Badge, White Helmet with Visor, Breathing Apparatus, Airtanks, Beard and Glasses",7
fig-008031,13,"Fireman, Black Fire Jacket with Radio and Badge, Silver Helmet, Beard",4
fig-008032,20,"Fireman, Black Fire Jacket with Reflective Stripes, Radio, and Badge, Silver Helmet, Beard and Glasses",4
fig-008033,15,"Fireman, Black Fire Jacket with Reflective Stripes, Radio, and Badge, White Helmet, Stern",4
fig-008034,15,"Fireman, Black Fire Jacket with Reflective Stripes, Radio, and Badge, Silver Helmet, Goatee Beard",4
fig-008035,16,"Fireman, Black Fire Jacket with Reflective Stripes, Radio, and Badge, White Helmet, Sunglasses",4
fig-008036,17,"Fireman, Black Fire Jacket with Reflective Stripes, Radio, and Badge, White Helmet, Glasses",4
fig-008037,17,"Fireman, Black Fire Jacket with Reflective Stripes, Radio, and Badge, White Helmet, Beard",4
fig-008038,17,"Fireman, Black Fire Jacket with Reflective Stripes, Radio, and Badge, Silver Helmet, Breathing Apparatus, Airtanks, Beard and Glasses",7
fig-008039,16,"Fireman, Black Fire Jacket with Reflective Stripes, Radio, and Badge, White Helmet, Yellow Life Vest 2610, Stubble",5
fig-008040,15,"Fireman, Black Fire Jacket with Reflective Stripes, Radio, and Badge, White Helmet, Yellow Life Vest 2610",5
fig-008041,15,"Fireman, Black Fire Jacket with Reflective Stripes, Radio, and Badge, White Helmet, Yellow Life Vest 2610, Open Mouth",5
fig-008042,15,"Fireman, Black Fire Jacket with Reflective Stripes, Radio, and Badge, Silver Helmet, Yellow Life Vest 2610, Beard and Glasses",5
fig-008043,14,"Fireman, Black Fire Jacket with Reflective Stripes, Radio, and Badge, White Helmet, Yellow Life Vest, Orange Sunglasses",5
fig-008044,15,"Fireman, Black Fire Jacket with Reflective Stripes, Radio, and Badge, Silver Helmet, Beard and Glasses",4
fig-008045,13,"Fireman, Black Fire Jacket with Reflective Stripes, Radio, and Badge, White Helmet, Breathing Apparatus, Airtanks, Cheek Lines",7
fig-008046,13,"Fireman, Black Fire Jacket with Reflective Stripes, Radio, and Badge, White Helmet, Brown Eyebrows",4
fig-008047,24,"Fireman, Black Fire Suit with Gauge and Straps, White Helmet, Breathing Apparatus, Airtanks, Sweat Drops",7
fig-008048,24,"Firefighter, Female, Black Fire Suit with Gauge and Straps, White Helmet, Breathing Apparatus, Airtanks (3626cpr1580 Head)",7
fig-008049,19,"Fireman, Orange Safety Vest with Radio, Dark Red Helmet, Yellow Life Vest, Goatee Beard",5
fig-008050,6,"Fireman, Black Fire Jacket with Reflective Stripes, Radio, and Badge, Silver Helmet",4
fig-008051,20,"Fireman, Red Jacket with Straps, White Helmet with Visor, Silver Sunglasses",5
fig-008052,19,"Fireman, Black Fire Suit with Gauge and Straps, Dark Red Helmet, Stubble and Scar",4
fig-008053,17,"Racer, White and Green Jacket with Octan Logo, Red Helmet with Trans-Brown Visor, Yellow Life Vest, Stubble",6
fig-008054,17,"Racer, White and Green Jacket with Octan Logo, Red Helmet with Trans-Brown Visor, Yellow Life Vest, Silver Sunglasses",6
fig-008055,17,"Fireman, Black Fire Suit with Gauge and Straps, Dark Red Helmet, Yellow Life Vest, Sweat Drops",5
fig-008056,17,"Fireman, Orange Safety Vest with Radio, Dark Red Cap, Yellow Life Vest, Orange Sunglasses",5
fig-008057,24,"Fireman, White Shirt with Red Tie, Badge, and Radio on Belt, Gold Helmet, Beard",4
fig-008058,22,"Fireman, Orange Safety Vest with Radio, Dark Red Helmet, Goatee Beard",4
fig-008059,21,"Fireman, Black Fire Suit with Gauge and Straps, Dark Red Helmet, Sweat Drops",4
fig-008060,22,"Firewoman, Black Fire Suit with Gauge and Straps, Dark Red Helmet",4
fig-008061,19,"Fireman, Black Fire Suit with Gauge and Straps, Dark Red Helmet, Breathing Apparatus, Airtanks, Sweat Drops",7
fig-008062,15,"Woman, Medium Blue Polo Shirt with Necklace, White Legs, Light Bright Yellow Hair",4
fig-008063,15,"Fireman, Orange Safety Vest with Radio, Gold Helmet, Beard",4
fig-008064,20,"Man, Blue Overalls over Shirt, Blue Legs, Dark Blue Hat, Beard",4
fig-008065,20,"Fireman, White Shirt with Red Tie, Badge, and Radio on Belt, White Hat, Beard",4
fig-008066,21,"Diver, Man, Black and Lime Wetsuit, White Helmet and Mask, Stubble",6
fig-008067,20,"Firewoman, Safety Vest with Flashlight, Pocket, and Belt, White Helmet, Yellow Life Vest",5
fig-008068,20,"Fireman, Safety Vest with Flashlight, Pocket, and Belt, White Helmet, Yellow Life Vest, Goatee Beard",5
fig-008069,19,"Firewoman, Safety Vest with Flashlight, Pocket, and Belt, Black Legs with Straps, White Helmet with Visor",5
fig-008070,19,"Fireman, Safety Vest with Flashlight, Pocket, and Belt, White Helmet with Visor",5
fig-008071,19,"Construction Worker, Orange Safety Vest with Zipper and Pockets, Red Hard Hat with Ear Defenders, Stubble",4
fig-008072,15,"Firewoman, Black Fire Suit with Gauge and Straps, White Helmet",4
fig-008073,23,"Chef, Red Neckerchief, Light Bluish Gray Legs, Lime Cap",4
fig-008074,23,"Fireman, Safety Vest with Flashlight, Pocket, and Belt, Black Legs with Straps, White Helmet with Visor, Silver Sunglasses",5
fig-008075,12,"Construction Worker, Orange Jacket with Zipper and Reflective Stripes, Dark Blue Legs, Dark Blue Cap",4
fig-008076,19,"Fireman, Black Fire Suit with Gauge and Straps, White Helmet, Breathing Apparatus, Airtanks, Stubble and Scar",7
fig-008077,12,"Firewoman, Safety Vest with Flashlight, Pocket, and Belt, Black Legs with Straps, White Helmet with Visor, Yellow Life Vest",6
fig-008078,18,"Construction Worker, Orange Safety Vest with Pen and ID Badge, Red Hard Hat, Glasses",4
fig-008079,11,"Man, Blue Overalls over Shirt, Blue Legs, Black Cap, Sweat Drops",4
fig-008080,11,"Firewoman, Black Fire Suit with Gauge and Straps, Dark Red Helmet, Breathing Apparatus, Airtanks",7
fig-008081,11,"Fireman, Black Fire Suit with Gauge and Straps, Dark Red Helmet, Breathing Apparatus, Airtanks, Stubble and Scar",7
fig-008082,23,"Chef, Red Neckerchief, Black Legs, Dark Brown Hair",4
fig-008083,23,"Firewoman, Black Fire Suit with Gauge and Straps, Red Helmet",4
fig-008084,23,"Fireman, Dark Tan Fire Suit with Gauge and Straps, Red Helmet, Breathing Apparatus, Airtanks, Goatee Beard",7
fig-008085,22,"Fireman, Bright Light Orange Fire Suit, Red Helmet, Orange Life Vest, Orange Sunglasses",5
fig-008086,14,"Worker, Blue Shirt with Orange Stripes and Pockets, Olive Green Legs, Dark Blue Hat, Beard",4
fig-008087,25,"Fireman, Black Fire Suit with Gauge and Straps, Red Helmet, Stubble and Scar",4
fig-008088,14,"Man, Open Dark Azure Hawaiian Shirt, Blue Legs, Black Hair",4
fig-008089,8,"Fireman, Bright Light Orange Fire Suit, Dark Red Helmet, Breathing Apparatus, Airtanks",7
fig-008090,8,"Firewoman, Bright Light Orange Fire Suit, Dark Red Helmet, Breathing Apparatus, Airtanks",7
fig-008091,7,"Fireman, White Shirt with Red Tie, Badge, and Radio on Belt, Dark Orange Hair, Mutton Chops and Moustache",4
fig-008092,7,"Fireman, Black Fire Suit with Gauge and Straps, Dark Red Helmet, Beard",4
fig-008093,7,"Firewoman, Orange Safety Vest with Radio, Dark Brown Hair",4
fig-008094,15,"Freya McCloud, Dark Tan Fire Suit with Gauge and Straps",4
fig-008095,15,"Fireman, Bright Light Orange Fire Suit, White Helmet with Visor",5
fig-008096,15,"Construction Worker, Orange Jacket with Zipper and Reflective Stripes, Dark Blue Legs, Welding Mask",5
fig-008097,31,"Freya McCloud, Open Dark Red Jacket with Badge, Dark Red Hair",4
fig-008098,21,"Fireman, Black Fire Suit with Gauge and Straps, Red Helmet, Goatee Beard",4
fig-008099,21,"Fireman, Dark Tan Fire Suit with Gauge and Straps, Red Helmet, Breathing Apparatus, Airtanks, Open Mouth",7
fig-008100,25,"Construction Worker, Orange Overalls over Blue Sweater, White Hard Hat, Beard",4
fig-008101,26,"Firewoman, White Polo Shirt with Radio and Badge, Red Cap with Hair, Glasses",4
fig-008102,25,"Construction Worker, Woman, Orange Safety Vest with Zipper and Pockets, White Hard Hat with Hair",4
fig-008103,25,"Fireman, Safety Vest with Flashlight, Pocket, and Belt, White Helmet with Visor, Silver Sunglasses",5
fig-008104,25,"Fireman, Bright Light Orange Fire Suit, White Helmet with Visor, Headset",5
fig-008105,26,"Firewoman, Dark Tan Fire Suit with Gauge and Straps, Red Helmet, Breathing Apparatus, Airtanks, Dirty",7
fig-008106,22,"Fireman, White Shirt with Red Tie, Badge, and Radio on Pocket, Gold Helmet, Beard",4
fig-008107,22,"Fireman, Black Fire Suit with Gauge and Straps, Red Helmet",4
fig-008108,15,"Fireman, Orange Safety Vest with Radio, White Helmet with Visor",5
fig-008109,15,"Firewoman, Orange Safety Vest with Radio, White Helmet with Visor, Airtanks",6
fig-008110,22,"Fireman, Orange Safety Vest with Radio, White Helmet, Goatee Beard",5
fig-008111,22,"Firewoman, Orange Safety Vest with Radio, White Helmet with Visor, Airtanks",6
fig-008112,13,"Man, Blue Suit with Tie and Three Buttons, Black Hat",4
fig-008113,13,"Man, Blue Jacket with Zipper, Blue Legs, Black Helmet with Visor",5
fig-008114,13,"Fireman, Blue Jacket with Zipper, Black Helmet, Yellow Life Vest",5
fig-008115,11,"Fireman, Classic, Black Fire Jacket with Red Belt and Buttons, Black Hat",4
fig-008116,12,"Fireman, Red Jacket with Zipper, White Helmet",4
fig-008117,16,"Policeman, Medium Blue Shirt with Badge and Tie, Dark Blue Legs, Black Hat, Beard",4
fig-008118,16,"Criminal, Open Light Bluish Gray Hoodie over Prison Shirt with #60675, Dark Bluish Gray Hat, Stubble",4
fig-008119,13,"Construction Worker, Blue Overalls over Orange Sweater, White Hard Hat, Printed Hair and Stubble",4
fig-008120,3,"Pete - Construction Worker, Blue Overalls over Orange Sweater, Brown Cavalry Cap, Printed Hair and Stubble",4
fig-008121,19,"Racer, Extreme Team, Black Jacket, Blue Helmet with Flames and Visor",5
fig-008122,9,"Fireman, Light Gray Jacket with Radio and Pocket, Black Hair, Moustache",4
fig-008123,9,"Fireman, Light Gray Fire Suit with Gauges and Straps, Black Helmet, Headset",4
fig-008124,9,"Fireman, Light Gray Fire Suit with Zipper, Gauge, and Pouches, Breathing Apparatus with Visor, Airtanks, Printed Hair and Stubble",6
fig-008125,17,"Man, Black Overalls, Red Cap (3626b Head)",4
fig-008126,15,"Man, Red Torso, Blue Legs, Black Hair (3626b head)",4
fig-008127,15,"Man, Red Torso, Black Legs, Red Hard Hat (3626b Head)",4
fig-008128,15,"Man, White Vest with Truck, Blue Legs, Blue Cap (3626b Head)",4
fig-008129,15,"Policeman, Black Jacket with Tie and Badge, Black Legs, White Cap, Moustache",4
fig-008130,15,"Man, White Jacket with Zipper, Light Gray Legs, Brown Hair",4
fig-008131,15,"Man, Red and White Striped Shirt, Blue Legs, Blue Cap",4
fig-008132,15,"Man, White Jacket with Zipper, White Legs, White Hat",4
fig-008133,15,"Fireman, Plain Black, White Helmet, Airtanks",5
fig-008134,25,"Chef, Woman, Red Neckerchief",4
fig-008135,25,"Woman, Cardigan Tied with Bow and Necklace, White Legs, Dark Red Hair",4
fig-008136,10,"Fireman, Shirt with Gauge and Pocket, Light Gray Legs, White Helmet, Breathing Apparatus, Airtanks, Moustache",7
fig-008137,14,"Chef, Red Neckerchief, Light Bluish Gray Legs, Moustache",4
fig-008138,17,"Man, Blue Overalls, Black Cap",4
fig-008139,9,"Woman, Black Vest over Blue Top, White Legs, Red Hair",4
fig-008140,7,"Man, Blue Torso, Red Legs, Black Hat",4
fig-008141,7,"Policewoman, Black Suit with Badge, White Hair",4
fig-008142,7,"Doctor, Woman, White Jacket with Red Cross, Red Hair",4
fig-008143,12,"Fireman, Light Gray Jacket with Radio and Pocket, White Cap, Moustache",4
fig-008144,12,"Fireman, Light Gray Fire Suit with Gauges and Straps, White Cap, Headset",4
fig-008145,12,"Fireman, Light Gray Fire Suit with Gauges and Straps, Breathing Apparatus with Visor, Airtanks, Headset",6
fig-008146,12,"Fireman, Light Gray Fire Suit with Zipper, Gauge, and Pouches, White Cap, Printed Hair and Stubble",4
fig-008147,14,"Fireman, Shirt with Gauge and Pocket, Light Gray Legs, Black Helmet with Visor",5
fig-008148,13,"Fireman, Shirt with Gauge and Pocket, Light Gray Legs, White Helmet, Yellow Life Vest",5
fig-008149,13,"Fireman, Black Fire Jacket with Red Belt and Badge, White Helmet, Yellow Life Vest",5
fig-008150,13,"Fireman, Black Fire Jacket with Reflective Stripes, Radio, and Badge, White Helmet, Orange Vest, Silver Sunglasses",5
fig-008151,13,"Fireman, Black Fire Jacket with Reflective Stripes, Radio, and Badge, White Hat, Beard",4
fig-008152,13,"Fireman, Black Fire Jacket with Reflective Stripes, Radio, and Badge, White Helmet, Orange Vest",5
fig-008153,11,"Man, Blue Torso, White Legs, White Hat",4
fig-008154,11,"Man, Blue Torso, White Legs, White Helmet",4
fig-008155,11,"Coast Guard, Blue Torso, White Legs, White Helmet, Airtanks",5
fig-008156,6,"Man, Blue Shirt with Buttons and Pockets, Blue Legs, White Helmet",4
fig-008157,6,"Man, Blue Shirt with Buttons and Pockets, Blue Legs, White Helmet, Yellow Vest",5
fig-008158,14,"Man, Plain Black Swimsuit, Red Cap",4
fig-008159,14,"Man, Red Jacket with Zipper and Pockets, Red Helmet with Visor",5
fig-008160,14,"Man, Red Jacket with Zipper and Pockets, Red Cap",4
fig-008161,16,"Policeman, Black Suit with Badge, Black Hair, Yellow Life Vest",5
fig-008162,13,"Policeman, Black Suit with Badge, White Hat, Yellow Life Vest",5
fig-008163,22,"Waiter, Man, Black Suit and Bow Tie, Black Hair, Moustache",4
fig-008164,11,"Man, Red Jacket with Zipper, Red Helmet with Visor (3626b Head)",5
fig-008165,11,"Man, Red Jacket with Zipper, Red Helmet with Visor, Yellow Life Vest",6
fig-008166,14,"Coast Guard, Light Gray Shirt with Red Tie and Badge, Blue Cap with Badge, Moustache",4
fig-008167,14,"Coast Guard, Light Gray Jacket with Zipper and Badge, Blue Helmet with Visor, Sunglasses",5
fig-008168,14,"Coast Guard, Light Gray Jacket with Zipper and Badge, Blue Cap with Badge, Yellow Life Vest, Sunglasses",5
fig-008169,17,"Man, Black Vest over White Shirt with Tie, Dark Bluish Gray Legs, Light Bluish Gray Hair, Beard and Glasses",4
fig-008170,11,"Doctor, White Shirt with Star of Life Logo, Black Hair, Glasses",4
fig-008171,15,"Man, Dark Blue Plaid Shirt, Light Bluish Gray Legs, Reddish Brown Hair, Moustache",4
fig-008172,15,"Doctor, White Torso with Stethoscope and Pocket, White Legs, Reddish Brown Hair, Glasses",4
fig-008173,15,"Doctor, White Shirt with Star of Life Logo, Blue Helmet with Visor, Silver Sunglasses",5
fig-008174,15,"Doctor, White Shirt with Star of Life Logo, Blue Cap, Sunglasses",4
fig-008175,12,"Doctor, White Shirt with Star of Life Logo, Blue Cap, Silver Sunglasses",4
fig-008176,6,"Doctor, Woman, White Torso with Stethoscope and Pocket, White Legs, Reddish Brown Ponytail",4
fig-008177,15,"Man, Dark Blue Plaid Shirt, Light Bluish Gray Legs, Dark Tan Hair, Glasses",4
fig-008178,15,"Paramedic, Woman, Red Uniform, Black Hair",4
fig-008179,19,"Man, Green V-Neck Sweater, Light Bluish Gray Legs, Reddish Brown Hair",4
fig-008180,19,"Doctor, White Lab Coat over Dark Azure Scrubs with ID Badge and Stethoscope, Black Hair",4
fig-008181,19,"Paramedic, Woman, Red Uniform, Blue Cap",4
fig-008182,31,"Baby, Medium Azure Body",2
fig-008183,31,"Doctor Grey, Woman, White Shirt over Medium Azure Scrubs with Star of Life and Pocket, Dark Orange Hair, Glasses",4
fig-008184,31,"Doctor Mink, Woman, Open White Jacket over Light Bluish Gray Shirt with Pockets and ID Badge, Bright Light Yellow Hair, Glasses",4
fig-008185,31,"Doctor Tuck, White Shirt over Medium Azure Scrubs with Stethoscope and Pocket, Dark Tan Hair, Beard",4
fig-008186,31,"Doctor Mack, White Shirt over Medium Azure Scrubs with Stethoscope and Pocket, Medium Nougat Hair",4
fig-008187,31,"Woman, Bright Light Blue Cardigan, Blue Legs, Bright Light Yellow Hair",4
fig-008188,31,"Man, Green V-Neck Sweater, Sand Green Legs, Reddish Brown Hair, Beard and Glasses",4
fig-008189,31,"Paramedic, Red Jacket with Star of Life, White Helmet with Visor, Orange Sunglasses",5
fig-008190,31,"Paramedic, Woman, Red Jacket with Star of Life, Red Cap with Hair",4
fig-008191,31,"Man, Light Bluish Gray Overalls with Paint Stains, White Cap, Stubble",4
fig-008192,31,"Man, Medium Dark Argyle Sweater, Dark Tan Legs, Black Hair, Glasses",4
fig-008193,31,"Man, Open Orange Jacket over Dark Blue Shirt, Reddish Brown Hair, Goatee Beard",4
fig-008194,14,"Man, Green Jacket, Lime Legs, White Helmet, Blue Goggles",4
fig-008195,14,"Paramedic, Woman, Red Jacket with Star of Life, Red Cap with Hair, Open Mouth",4
fig-008196,17,"Paramedic, Red Jacket, White Legs, Red Cap, Silver Sunglasses",4
fig-008197,17,"Paramedic, Woman, Red Jacket, White Legs, Red Helmet with Visor",5
fig-008198,17,"Racer, Lime Jacket, Dark Bluish Gray Legs, Black Helmet with Visor",5
fig-008199,12,"Paramedic, White Jacket with Zipper, Radio and Star of Life, Blue Helmet with Visor, Silver Sunglasses",5
fig-008200,12,"Paramedic, White Jacket with Zipper, Radio and Star of Life, Blue Helmet with Visor, Glasses",5
fig-008201,9,"Man, White Jacket with Zipper, White Legs, Black Hair",4
fig-008202,15,"Man, White Jacket with Zipper, White Legs, Brown Hair",4
fig-008203,9,"Man, White Jacket with Zipper, White Legs, Blue Helmet with Visor (3626b Head)",5
fig-008204,9,"Woman, Red Halter Top, Red Legs, Black Hair",4
fig-008205,9,"Axel - Doctor, White Shirt with Pocket and Star of Life, White Cap with Star of Life, Sunglasses",4
fig-008206,10,"Man, Plain Black Swimsuit, Black Hair",4
fig-008207,10,"Man, Red Jacket with Zipper, Blue Legs, White Cap",4
fig-008208,10,"Man, Red Jacket with Zipper, Blue Legs, White Helmet with Visor",5
fig-008209,13,"Man, Red Jacket with Zipper, Blue Legs, Black Hair",4
fig-008210,13,"Woman, Red Overalls, Black Hair",4
fig-008211,13,"Doctor, Woman, White Jacket with Red Cross, White Legs, Brown Hair",4
fig-008212,13,"Doctor, White Torso with Stethoscope and Red Cross, White Legs, Black Hair",4
fig-008213,13,"Doctor, White Jacket with Red Cross, Light Gray Legs, White Hat",4
fig-008214,12,"Doctor, Woman, White Torso with Stethoscope and Red Cross, Red Legs, Black Hair (3626a Head)",4
fig-008215,12,"Man, Black Vest over Red Shirt, Black Legs, Brown Hair",4
fig-008216,7,"Woman, Blue Torso, Light Gray Legs, Black Hair",4
fig-008217,7,"Doctor, White Jacket with Red Cross, Red Legs, Black Hair",4
fig-008218,15,"Pilot, Black Suit with Tie and Airplane Badge, Black Hat (3626a Head)",4
fig-008219,7,"Woman, Blue Torso with White Arms, Blue Legs, Black Hair",4
fig-008220,13,"Doctor, White Jacket with Red Cross, White Legs, Brown Hair",4
fig-008221,9,"Doctor, Woman, White Jacket with Red Cross, White Legs, Black Pigtails",4
fig-008222,7,"Doctor, White Jacket with Red Cross, White Legs, Red Hat",4
fig-008223,16,"Doctor, Woman, White Shirt with Pocket and Stethoscope, Blue Legs, Dark Brown Hair, Glasses",4
fig-008224,16,"Fireman, Black Fire Suit with Gauge and Straps, Black Legs, Dark Red Helmet, Beard",4
fig-008225,16,"Racer, White and Green Jacket with Octan Logo, Red Legs, White Helmet with Trans-Brown  Visor",5
fig-008226,16,"Man, Blue Overalls over White V-Neck Shirt, Dark Brown Hair, Sunglasses",4
fig-008227,16,"Policewoman, Medium Blue Shirt with Tie and Badge, Black Legs, Reddish Brown Hair",4
fig-008228,16,"Criminal, Prison Shirt with #50380, Black Legs, Dark Bluish Gray Hat",4
fig-008229,16,"Woman, Red Suit, Dark Orange Hair",4
fig-008230,16,"Woman, Red Swimsuit, White Helmet with Divers Mask",5
fig-008231,19,"Criminal, Prison Shirt with #86753, Dark Bluish Gray Legs, Black Hat, Backpack, Black Eyemask",5
fig-008232,19,"Paramedic, Red Jacket, Red Legs, White Helmet with Visor",5
fig-008233,19,"Firewoman, Orange Safety Vest with Radio, Red Helmet, Yellow Life Vest",5
fig-008234,19,"Policeman, Dark Bluish Gray Vest with Radio, Badge and Pouches over Medium Blue Shirt, Dark Blue Cap, Yellow Life Vest",5
fig-008235,19,"Paramedic, Red Jacket, Red Legs, Blue Cap, Stubble",4
fig-008236,19,"Policeman, Black Jacket with Zipper, Radio, and Badge, White Helmet and Visor, Brown Eyebrows",5
fig-008237,19,"Criminal, Prison Shirt with #50380, Dark Bluish Gray Legs, Dark Bluish Gray Hat, Backpack, Black Eyemask",5
fig-008238,10,"Policewoman, Black Vest with Badge and Pouches over Bright Light Blue Shirt, White Helmet with Trans-Brown Visor, Neck Bracket",6
fig-008239,21,"Miner, White Shirt with Tie and Suspenders, Mining Hat, Mutton Chops and Moustache",5
fig-008240,21,"Construction Worker, Blue Jacket with Orange Stripes, Blue Legs, Black Cap, Beard",4
fig-008241,17,"Construction Worker, Blue Overalls over Medium Blue Shirt, Red Hard Hat",4
fig-008242,17,"Miner, Dark Red Flannel Shirt, Dark Tan Legs, Mining Hat, Goatee Beard and Goggles",5
fig-008243,17,"Miner, Dark Blue Shirt with Harness, Red Cap, Stubble",4
fig-008244,13,"Construction Worker, Orange Safety Vest with Zipper and Pockets, Orange Legs, Red Hard Hat",4
fig-008245,13,"Construction Worker, Open Orange Jacket over Blue Shirt with Tie, Red Hard Hat, Beard and Glasses",4
fig-008246,38,Pigsy,4
fig-008247,28,Princess Iron Fan,5
fig-008248,43,Monkie Kid,5
fig-008249,28,Monkie Kid - Open Mouth,5
fig-008250,51,Grunt / Roar / Growl / Snort / Bob,6
fig-008251,44,Sandy (Big Fig),7
fig-008252,23,Ai,4
fig-008253,41,Red Son,5
fig-008254,41,Mei - Helmet,4
fig-008255,37,Pigsy - Chef Jacket,4
fig-008256,41,Monkie Kid - Scared,4
fig-008257,29,Uncle Qiao,4
fig-008258,37,Lee,4
fig-008259,38,Mei,4
fig-008260,45,General Ironclad,8
fig-008261,44,Jia,4
fig-008262,39,Monkey King,8
fig-008263,39,An,4
fig-008264,50,Monkie Kid - Angry,5
fig-008265,13,"Construction Worker, Orange Jacket with Zipper and Reflective Stripes, Orange Legs, Red Hard Hat, Moustache",4
fig-008266,17,"Construction Worker, Orange Jacket with Zipper and Reflective Stripes, Orange Legs, Red Hard Hat, Silver Sunglasses",4
fig-008267,15,"Man, Dark Blue Plaid Shirt, Dark Bluish Gray Legs, Red Hard Hat, Beard and Glasses",4
fig-008268,14,"Construction Worker, Orange Jacket with Zipper and Reflective Stripes, Orange Legs, Red Hard Hat, Beard and Glasses",4
fig-008269,13,"Construction Worker, Blue Overalls over Medium Blue Shirt, Red Hard Hat, Silver Sunglasses",4
fig-008270,17,"Construction Worker, Woman, Safety Jacket over Hoodie with Belt, Dark Blue Legs, Red Hard Hat with Hair",4
fig-008271,17,"Construction Worker Rob, Orange Safety Vest with Zipper over Reddish Brown Shirt, Dark Tan Legs, Red Hard Hat with Ear Defenders, Orange Safety Glasses",4
fig-008272,26,"Construction Worker, Woman, Safety Jacket over Hoodie with Belt, Orange Legs, Red Hard Hat with Hair",4
fig-008273,23,"Construction Worker, Orange Safety Vest with Zipper over Reddish Brown Shirt, Dark Blue Legs, Red Hard Hat with Ear Defenders, Orange Safety Glasses",4
fig-008274,23,"Construction Worker, Dark Red Flannel Shirt, Red Hard Hat, Goatee Beard and Safety Glasses",4
fig-008275,19,"Man, Blue Overalls over White V-Neck Shirt, Red Hard Hat, Stubble and Scar (3626c Head)",4
fig-008276,17,"Construction Worker, Dark Blue Shirt with Harness, Red Hard Hat with Ear Defenders, Sweat Drops",4
fig-008277,18,"Construction Worker, White Shirt with Tie and Suspenders, Red Hard Hat, Mutton Chops and Moustache",4
fig-008278,16,"Construction Worker, Safety Jacket over Hoodie with Belt, Orange Legs, Red Hard Hat with Ear Defenders, Stubble",4
fig-008279,12,"Construction Worker, Orange Overalls over Blue Sweater, Black Cap",4
fig-008280,12,"Construction Worker, Orange Jacket with Zipper and Reflective Stripes, Dark Tan Legs, Red Hard Hat, Goatee Beard and Safety Glasses",4
fig-008281,9,"Construction Worker, Blue Jacket with Orange Stripes, Blue Legs, Red Hard Hat",4
fig-008282,22,"Miner, Open Orange Jacket with ID Badge, White Hard Hat",4
fig-008283,22,"Miner, Open Orange Jacket with ID Badge, White Hard Hat, Goatee Beard",4
fig-008284,22,"Miner, Woman, Dark Blue Jacket with Straps and ID Badge, White Hard Hat with Hair",4
fig-008285,22,"Miner, Woman, Open White Jacket with Shoulder Belt and ID Badge, White Hard Hat with Hair, Safety Glasses",4
fig-008286,22,"Miner, White Shirt with Straps and ID Badge, White Mining Hat, Mutton Chops and Moustache",5
fig-008287,22,"Miner, Orange Vest with Suspenders, Mining Hat, Goatee Beard and Dirty",5
fig-008288,19,"Miner, Orange Vest with Suspenders, Mining Hat, Sweat Drops",5
fig-008289,12,"Miner, Woman, Dark Blue Jacket with Straps and ID Badge, White Hard Hat with Hair, Smirk",4
fig-008290,6,Eddy Erker,4
fig-008291,13,"Construction Worker, Orange Safety Vest with Zipper over Reddish Brown Shirt, Blue Legs, Red Hard Hat, Glasses",4
fig-008292,13,"Construction Worker, Blue Jacket with Orange Stripes, Orange Legs, Red Hard Hat, Goatee Beard and Dirty",4
fig-008293,11,"Doctor, White Jacket with Red Cross, Red Legs, Red Hat",4
fig-008294,14,"Man, Red Jacket with Zipper and Pockets, Blue Legs, White Cap",4
fig-008295,11,"Man, Black Overalls, Blue Cap",4
fig-008296,11,"Man, Blue Shirt with Buttons and Pockets, White Legs, Blue Cap",4
fig-008297,15,"Man, Blue Jacket with Tie and Three Buttons, Light Gray Legs, Black Hair",4
fig-008298,14,"Woman, Blue and White Stripe Shirt, Blue Legs, Black Hair",4
fig-008299,12,"Man, Plain White, Helmet and Visor",5
fig-008300,17,"Black Widow, Black Jumpsuit, Gold Belt",4
fig-008301,17,Yelena Belova,4
fig-008302,17,"Taskmaster, Hood",4
fig-008303,12,"White Torso with Anchor, Blue Legs, White Hat, Life Vest",5
fig-008304,12,"White/Blue Striped Torso, White Legs, Blue Cap, Life Vest",5
fig-008305,12,"Black Torso Shirt, Black Legs, Black Hat",4
fig-008306,12,"Policeman with Zipper Jacket, White Hat, Life Vest",5
fig-008307,12,"Light Grey Jacket, Red Legs, Blue Cap, Sunglasses",5
fig-008308,12,"Light Grey Jacket, Red Legs, White Helmet, Breathing Apparatus",7
fig-008309,12,"Admiral - Black Jacket, Black Legs, White Hat (3626a Head)",4
fig-008310,11,"White Torso with Anchor, Black Legs, White Hat",4
fig-008311,43,"Chef, Red Neckerchief, Light Bluish Gray Legs",4
fig-008312,43,Ballerina,5
fig-008313,43,"Barista, White Torso, Reddish Brown Apron, Sand Blue Legs, Dark Gray Side Shadows",4
fig-008314,43,Dentist,4
fig-008315,43,"Medium Lavender Torso, Tan Legs, Dark Bluish Gray Hair",4
fig-008316,43,"Bright Light Blue Torso, Jacket, Olive Green Legs, Dark Orange Hair",4
fig-008317,43,"Red Torso Plaid, Dark Bluish Grey Legs, Reddish Brown Hair",4
fig-008318,43,"Light Bluish Grey Torso, Dark Tan Legs, Mustache, Barrett",5
fig-008319,22,"White Torso with Space Figure, Blue Legs, Black Hair",4
fig-008320,22,Bride,4
fig-008321,22,"Kid, Orange Torso, Red Legs, Dark Orange Hair",4
fig-008322,22,Groom,4
fig-008323,22,"Medium Blue Torso, Blue Legs, Blue Cap, White Beard",5
fig-008324,22,"Dark Blue Torso, Suit, Dark Blue Legs, Light BLuish Grey Hair",4
fig-008325,22,"Red Torso, Dark Green Legs, Reddish Brown Hair",4
fig-008326,22,"Dark Bluish grey Torso, Jacket, Dark Purple Legs, Black Hair",4
fig-008327,32,"Kid, Bright Pink Torso, Medium Lavender Legs, Medium Nougat Hair",4
fig-008328,32,"Tan Torso Sweater, Dark Green Legs, Dark Brown Hair",4
fig-008329,32,"Mechanic, Medium Blue Torso, Blue Overall, Blu Cap with Hair",4
fig-008330,32,"Mechanic, Medium Blue Torso, Blue Overall, Blue Hat",4
fig-008331,32,"White Torso Lab Coat, Sand Blue Legs, Light Bluish Grey Legs",4
fig-008332,32,"Dark Red Torso, Tan Legs, Tan Hair",4
fig-008333,39,"Kid, Dark Blue Torso, Dark Green Legs, Blue Cap, Lime Scarf",5
fig-008334,39,"Medium Lavender Torso, Medium Blue Legs, Black Hair",4
fig-008335,39,"Medium Nougat Torso, Dark Blue Legs, Reddish Brown Hair",4
fig-008336,39,"Red Torso Plaid, Light Bluish Grey Legs, Hair",4
fig-008337,39,"Red Torso, Dark Orange Legs, Medium Nougat Hair",4
fig-008338,29,"Lime Torso, Lime Legs, Bright Light Yellow Hair",4
fig-008339,29,"Boxer, Blue Shorts, Red Gloves",4
fig-008340,29,"Chef - White Torso, Reddish Brown Legs",4
fig-008341,29,"Dark Bluish grey Torso, Jacket, Dark Purple Legs, Dark Orange Hair",4
fig-008342,29,"Bright Light Blue Torso, Dark Blue Legs, Dark Brown Hair",4
fig-008343,29,"White Torso, Medium Azure Legs, Black Hair",4
fig-008344,32,"White Torso, Blue Legs, Dark Brown Hair",4
fig-008345,32,"Black Torso Jacket, White Legs, Dark Brown Hair",4
fig-008346,32,"Dark Blue Torso, Jacket, Dark Tan Legs, Tan Hair",4
fig-008347,32,"Chef - White Torso, White Legs, White Hat",4
fig-008348,32,"Medium Blue Torso, Tan Legs, Dark Orange Hair",4
fig-008349,39,"Light Bluish Grey Torso Jacket, Dark BLuish Grey Legs, Black Hair",4
fig-008350,39,"Black Torso Jacket, Light Bluish Gray Legs, Dark Orange Hair",4
fig-008351,39,"Green Torso, Red Legs, Tan Hair",4
fig-008352,39,"Kid, Red Torso, Medium Lavender Legs, Dark Brown Hair",4
fig-008353,39,"Bright Pink Torso, Lime Legs, Dark Orange Hair",4
fig-008354,25,"Medium Blue Torso, Blue Overalls, Reddish Brown Hair",4
fig-008355,25,"White Torso, Sand Green Legs, Reddish Brown Hair",4
fig-008356,25,"Kid, Tan Torso, Reddish Brown Legs, Red Cap, Bandana",5
fig-008357,25,"Groom, Black Torso, Sand Blue Legs",4
fig-008358,32,"Man, Blue Torso, White Legs, Light Bluish Grey Hair",4
fig-008359,32,"Blue Torso, Dark Brown Legs, Black Hair",4
fig-008360,32,"Detective Ace Brickman - Sand Blue Torso, Tan Legs, Dark Tan Hair",4
fig-008361,32,"Red Torso, Red Legs, Medium Nougat Hair",4
fig-008362,32,"Police, Medium Blue Torso, Dark Blue Legs, Dark Brown Hair",4
fig-008363,32,"Man, Plaid Shirt, Dark Tan Legs, Dark Bluish Gray Cap",4
fig-008364,21,"Fire Fighter, Black Torso, Black Legs, Dark Brown Hair",4
fig-008365,21,"Fire Fighter, Black Torso, Black Legs, Tan Hair",4
fig-008366,21,"Fire Fighter, Black Torso, Black Legs, White Hat",4
fig-008367,21,"Sand Blue Torso, White Legs, Reddish Brown Hair",4
fig-008368,23,"Black Torso Jacket, Black Legs, Black Hat",4
fig-008369,23,"Kid, Dark Purple Torso, Dark Purple Legs, Dark Brown Hair",4
fig-008370,23,"Blue Torso, White Legs, Blue Hat",4
fig-008371,23,"Red Torso, Red Legs, Reddish Brown Hair",4
fig-008372,23,"Black Torso Jacket, Black Legs, Medium Nougat Hair",4
fig-008373,23,"Black Torso Jacket, Dark Brown Legs, Tan Hat",4
fig-008374,27,"Black Torso Jacket, Yellow Legs, Black Hair",4
fig-008375,27,"Dark Bluish Grey Torso, White Legs, Dark Brown Hair",4
fig-008376,27,"Bride - Mannequin, Medium Blue Underdress",4
fig-008377,27,"Groom, Mannequin, Dark Tan Hair",4
fig-008378,27,"Red Torso, Green Overall, Red Hat",4
fig-008379,27,"Red Torso, Green Legs, Black Hair",4
fig-008380,27,"Kid, Blue Torso, Dark Blue Legs, Red Cap",4
fig-008381,18,"Black Torso Jacket, Light Bluish grey Legs, Light Bluish Grey Hair",4
fig-008382,18,"Medium Blue Torso, White Legs, Dark Tan",4
fig-008383,18,"White Torso, Red Legs, Reddish Brown Hair",4
fig-008384,33,"Red Torso, Dark Red Legs, Reddish Brown Hair",4
fig-008385,33,"Green Torso, Light Bluish Grey Legs, Dark Orange Hair",4
fig-008386,33,"White Torso, Blue Overall, White Cap",4
fig-008387,33,"Kid, White Torso, Dark Purple Legs, Dark Brown Hair",4
fig-008388,17,"Dark Blue Torso, Dark Bluish Grey Legs, Dark Tan Hair",4
fig-008389,17,"Medium Blue Torso, Dark Blue Legs, Reddish Brown Hair",4
fig-008390,17,"White Torso, Green Overall, Light BLuish Grey Hair",4
fig-008391,34,Dr. Fox,12
fig-008392,28,"Puppycorn, Scared, Square Eyes",14
fig-008393,34,Rick,4
fig-008394,39,"Unikitty, Dark Azure Foot, Closed Mouth",14
fig-008395,25,Hawkodile,41
fig-008396,43,Master Frown,11
fig-008397,25,"Puppycorn, Open Mouth Smile",14
fig-008398,25,"Unikitty, Dark Azure Foot, Open Mouth, Big Pupils",14
fig-008399,33,"Puppycorn, Half Open Mouth Smile",14
fig-008400,34,Dino Dude,21
fig-008401,34,Kick Flip,7
fig-008402,32,"Puppycorn, Closed Mouth, Smile",14
fig-008403,40,Brock,10
fig-008404,35,"Unikitty, Dark Azure Foot, Open Mouth, Small Pupils",14
fig-008405,36,Fee Bee,16
fig-008406,36,Square Bear,11
fig-008407,18,"Skeleton, Standard Face, Fedora",7
fig-008408,18,Paleontologist,4
fig-008409,2,Mime,4
fig-008410,2,Kimono Girl,4
fig-008411,2,Egyptian Queen,4
fig-008412,10,"Timmy - Green Wizard Hat, Black Legs",4
fig-008413,10,"White Torso, Freestyle, White Legs, Black Cap",4
fig-008414,11,"Man, Green Jacket, Red Legs, White Cap",4
fig-008415,1,Flamenco Dancer,4
fig-008416,5,Lady Liberty (3626b Head),4
fig-008417,27,"Kid, Dark Azure Torso, Light Bluish Grey Legs, White Cap",4
fig-008418,27,"Tan Torso Sweater, Dark Blue Legs, Captain Hat",4
fig-008419,27,"Light Bluish Grey Torso, Olive Green Overall. Dark Bluish Grey Cap",4
fig-008420,27,"Tan Torso, Sand Blue Legs, Reddish Brown Hair",4
fig-008421,23,Grandmother,4
fig-008422,23,Little Red Riding Hood,6
fig-008423,23,The Giant,4
fig-008424,23,The Wolf,3
fig-008425,12,"Dark Bluish Gray Torso, Dark Blue Legs, Bright Yellow Hair",4
fig-008426,12,"Medium Blue Torso, Dark Tan Legs, Dark Orange Hair",4
fig-008427,12,"White Torso Lab Coat, Light Bluish Grey Legs, Dark Brown Hair",4
fig-008428,35,"Kid, Dark Red Torso, Dark Tan Leg, Dark Orange Hair",4
fig-008429,35,"Tan Torso, Dark Brown Legs, Medium Nougat Hair",4
fig-008430,35,"Kid, Dark Tan Torso, Dark Brown Legs, Dark Blue Hat",4
fig-008431,35,"Medium Nougat Torso, Dark Bluish Grey Legs, Dark Brown Hair",4
fig-008432,19,"Bright Pink Torso, White Legs, Reddish Brown Hair",4
fig-008433,19,"Kid, Lime Torso, Dark Green Legs, Dark Brown Hair",4
fig-008434,19,"Kid, White Torso, Dark Azure Legs, Black Hair",4
fig-008435,19,"Police - Bright Light Blue Shirt, Dark Blue Legs",4
fig-008436,21,"Boy, White Torso, Black Legs, Dark Orange Hair",4
fig-008437,21,"Bright Light Blue Torso, Dark Azure Legs, Bright Light Yellow Hair",4
fig-008438,21,"LEGOLAND Employee, Red Torso, Dark Blue Legs, Dark Blue Cap",4
fig-008439,38,"Kid, Dark Azure Torso, Green Legs, Reddish Brown Hair",4
fig-008440,38,"Kid, White Torso, Blue Legs, Tan Hair",4
fig-008441,38,"Bright Pink Torso, Medium Azure Legs, Dark Brown Hair",4
fig-008442,38,"Medium Lavender Torso, Black Legs, Dark Orange Hair",4
fig-008443,38,"Kid, Bright Light Blue Torso, White Legs, Black Hair",4
fig-008444,38,"Kid, Bright Pink Torso, Medium Lavender Legs, Medium Nougat Hair",4
fig-008445,38,"Lime Torso, Dark Green Legs, Black Hair",4
fig-008446,38,"Medium Nougat Torso, Tan Legs, Dark Brown Hair",4
fig-008447,38,"LEGOLAND Employee, Red Torso, Dark Blue Legs, Dark Blue Cap, Reddish Brown Hair",4
fig-008448,38,"LEGOLAND Employee, Red Torso, Dark Blue Legs, Dark Blue Cap, Glasses",4
fig-008449,12,"Kid, White Torso, Dark Azure Legs, Yellow Hair",4
fig-008450,12,"Dark Purple Torso, Dark Purple Legs, Dark Brown Hair",4
fig-008451,12,"Dark Blue Torso, Dark Red Legs, Dark Tan Hair",4
fig-008452,12,"Light Bluish Grey Torso Jacket, Black Legs, Light BLuish Grey Hair, 3626cpr0388",4
fig-008453,11,"Kid, White Torso, Dark Tan Legs, Red Cap",4
fig-008454,11,"Dark Bluish Grey Torso, Medium Blue Legs, Black Hair",4
fig-008455,11,"Red Torso, Black Legs, Black Hat",4
fig-008456,11,"Dark Blue Torso, Olive Green Legs, Dark Orange Hair",4
fig-008457,11,"White Torso, Dark Purple Legs, Dark Red Hair",4
fig-008458,11,"Medium Blue Torso, Dark Brown Legs, Beret",4
fig-008459,11,"Kid, White Torso, Red Legs, Reddish Brown Hair",4
fig-008460,9,Indian Chief,4
fig-008461,9,"Indian, Black Hair",4
fig-008462,24,"Medium Lavender Torso, Sand Blue Legs, Dark Brown Hair",4
fig-008463,24,"Man, LEGO House 'Home of the Brick', White Legs, White Cap",4
fig-008464,24,"Black Torso, Tan Legs, Black Hair",4
fig-008465,24,"Kid, Bright Pink Torso, Dark Red Legs, Dark Orange Hair",4
fig-008466,24,"Dark Azure Torso, Dark Bluish Grey Legs, Dark Brown Hair",4
fig-008467,24,"Sand Blue Torso, Dark Blue Legs, Light Bluish Grey Hair",4
fig-008468,0,"Batman, Black Suit, Black Cowl (Electro Suit)",4
fig-008469,3,"Volcano Explorer, Male, Olive Green Torso, Sand Blue Legs, Tan Hat",4
fig-008470,7,"Kid, White Torso, Light Bluish Grey Legs, Blue Cap (41879b)",4
fig-008471,7,"Astronaut, White Torso, White Legs, White Helmet",5
fig-008472,8,"Man, Black Vest over Blue Shirt, Black Legs, Red Hard Hat",4
fig-008473,8,"Construction Worker, Blue Shirt with Pockets and Buttons, Black Legs, Red Hard Hat, Yellow Vest",5
fig-008474,15,"Racer, Brown Jacker with Zipper, White Legs, White Helmet with Visor, Yellow Life Vest, Blue Sunglasses",6
fig-008475,15,"Racer, Blue Jacket with Octan Logo, Blue Legs, Blue Helmet with Stars and Visor, Yellow Life Vest",6
fig-008476,15,"Racer, Red Jacket with Octan Logo and 'RACING', Red Legs, Red Helmet with Star and Visor, Yellow Life Vest, Sunglasses",6
fig-008477,15,"Man, Black Torso with Yellow Arms, Red Legs, Red Cap, Yellow Life Vest, Sunglasses",5
fig-008478,7,"Woman, White Top with Yellow Necklace, Blue Legs, Red Hair",4
fig-008479,5,"Man, Black Jacket over Red Shirt, White Legs, Brown Hair",4
fig-008480,5,"Man, Blue Jacket with Tie and Three Buttons, Black Legs, Black Hat",4
fig-008481,12,"Woman, White Top with Large Red Stripe and 2 Blue Stripes, Red Legs, Black Hair",4
fig-008482,2,"Fireman, Classic, Black Fire Jacket with Red Belt and Buttons, Black Helmet, Airtanks",5
fig-008483,4,"Man, White Top with Large Red Stripe and 2 Blue Stripes, Red Legs, Red Helmet",4
fig-008484,8,"Doctor, Woman, White Jacket with Red Cross and Stethoscope, Black Hair (3626a Head)",4
fig-008485,8,"Woman, Red and White Striped Shirt, Red Legs, Brown Hair (3626a Head)",4
fig-008486,6,"Postal Worker, Red Shirt with Horn Logo, Black Legs, Black Hair",4
fig-008487,6,"Man, Red Overalls, Black Hair (3626a Head)",4
fig-008488,15,"Man, White Shirt with Airplane, Blue Legs, Blue Cap",4
fig-008489,16,"Policeman, Black Suit with Badge, Black Hat",4
fig-008490,15,"Man, White Shirt with Airplane, Blue Legs, Black Hair",4
fig-008491,16,"Woman, White Top with Red Necklace, Blue Legs, Brown Hair",4
fig-008492,6,"Woman, Red and White Striped Shirt, Red Legs, Red Hair",4
fig-008493,6,"Woman, Red Riding Jacket, Light Gray Legs, Black Hair",4
fig-008494,10,"Pink Torso, Light Grey Legs, Black Hair",4
fig-008495,10,"White Torso, Blue Legs, Black Hair",4
fig-008496,12,"White Torso, Light Grey Legs, Back Hair",4
fig-008497,12,"Medium Dark Pink Torso, Pink Legs, Black Hair",4
fig-008498,11,"Blue Torso, Light Grey Legs, Blue Cap",4
fig-008499,11,"Man, White Top with Large Red Stripe and 2 Blue Stripes, Red Legs, Brown Hair (3626b Head)",4
fig-008500,13,"Blue Torso, Black Legs, Red Cap",4
fig-008501,13,"Red Torso, Green Legs, Reddish Brown Hair",4
fig-008502,18,"Blue Torso, Orange Overall, Orange Cap",4
fig-008503,18,"Black Torso Suit, Black Legs, Reddish Brown Hair",4
fig-008504,6,"Astronaut - White Torso and Legs, Orange Trim",5
fig-008505,29,"Astronaut, Woman, Orange Torso and Legs, White Helmet, Trans-Light Blue Visor",6
fig-008506,24,"Technician - Dark Blue Torso, Dark Blue Legs, White Helmet",4
fig-008507,23,"Launch Director - Black Torso, Dark Bluish Grey Legs, Reddish Brown Hair",4
fig-008508,23,"Scientist - Dark BLuish Grey Torso, Light Bluish Grey Legs, Dark Orange Hair",4
fig-008509,29,"Scientist - White Torso, Labcoat, Light Bluish grey Legs, Medium Nougat Hair",4
fig-008510,21,"Astronaut - Blue Torso and Legs, Tan Hair",4
fig-008511,21,"Astronaut - Orange Torso and Legs, White Helmet, Trans-Light Blue Visor, Female",6
fig-008512,21,"Astronaut - Blue Torso and Legs, Dark Bluish Grey Hair",4
fig-008513,9,"Astronaut - White Torso and Legs, Orange Trim, White Helmet, Side Lamp",8
fig-008514,18,"Astronaut, Woman, White Torso and Legs, Orange Trim",5
fig-008515,23,"Astronaut - Orange Torso and Legs, White Helmet, Trans-Light Blue Visor, Moustache",6
fig-008516,24,"Astronaut - Orange Torso and Legs, White Helmet, Trans-Light Blue Visor, Stubble",6
fig-008517,28,Droid Engineer,4
fig-008518,24,"Technician - Dark Blue Torso, Dark Blue Legs, White Helmet, Reddish Brown Hair",4
fig-008519,23,"Launch Director - Black Torso, Dark Bluish Grey Legs, Dark Bluish Grey Hair",4
fig-008520,23,"Scientist - White Torso, Labcoat, Light Bluish grey Legs, Red Cap",4
fig-008521,9,"Astronaut - White Torso and Legs, Lime decor, White Helmet Trans Orange Visor",6
fig-008522,9,"Scientist - White Torso, Lab Coat, Light Bluish Grey Legs, Reddish Brown Hair",4
fig-008523,23,"Astronaut - White Torso and Legs, Orange Trim, White Helmet, Side Lamp Red",11
fig-008524,23,"Astronaut - Blue Torso and Legs, Reddish Brown Hair",4
fig-008525,23,"Astronaut - Blue Torso and Legs, Black Hair",4
fig-008526,23,"Astronaut - Blue Torso and Legs, Dark Brown Hair",4
fig-008527,23,"Astronaut - Bright Light Blue Torso and Legs, White Helmet, Trans Orange Visor",6
fig-008528,23,"Astronaut - Orange Torso and Legs, White Helmet, Trans-Light Blue Visor, Reddish Brown Mustache",6
fig-008529,23,"Dark Azure Torso, Tan Legs, Medium Nougat Hair",4
fig-008530,23,"Physician - White Labcoat, Dark Blue Legs, Red Cap",4
fig-008531,23,"Sand Blue Torso, Sand Blue Legs, Black Hair",4
fig-008532,23,"Technician - Dark Blue Torso, Dark Blue Legs, White Helmet, Dark Brown Hair",4
fig-008533,23,"Technician - Dark Blue Torso, Dark Blue Legs, Welding Mask",4
fig-008534,13,"Res-Q Man, Black Cap, Yellow Life Vest, Moustache",5
fig-008535,12,"Res-Q Man, Black Cap, Yellow Life Vest, Sunglasses",5
fig-008536,12,"Res-Q Man, Black Cap, Headset",4
fig-008537,12,"Res-Q Man, Black Hair, Headset",4
fig-008538,12,"Res-Q Man, White Helmet with Visor, Headset",5
fig-008539,12,"Diver, Man, Black, Yellow, and Blue Wetsuit with Extreme Team Logo, Blue Helmet with Mask, Airtank",6
fig-008540,12,"Res-Q Man, Helmet with Mask, Airtanks, Headset",6
fig-008541,8,"Res-Q Woman, Pink Swimsuit, Yellow Life Vest",5
fig-008542,8,"Res-Q Man, Yellow Legs, White Helmet with Visor, Headset",5
fig-008544,14,"Racer, Extreme Team, Black Jacket, Black Legs, Green Helmet with Visor, Yellow Life Vest, Blue Sunglasses",6
fig-008545,18,"Racer, Extreme Team, Black Jacket, Red Helmet with Flames and Visor, Sunglasses",5
fig-008546,12,"Fireman, Light Gray Fire Suit with Gauge and Pocket, Dark Gray Helmet with Visor, Moustache",5
fig-008547,7,"Racer, Extreme Team, Black Jacket, Black Legs, Green Cap, Blue Sunglasses",4
fig-008548,15,"Racer, White Jacket with Octan Logo and 'RACE' and 'TEAM', Green Legs, White Cap, Moustache",4
fig-008549,16,"Man, White Shirt with TV Logo, Blue Cap, Sunglasses",4
fig-008550,18,"Diver, Man, Red Wetsuit, Black Helmet with Mask, Airtank, Stubble",6
fig-008551,20,"Marine Explorer, Red Shirt with Divers Logo, Black Cap, Glasses and Headset",4
fig-008552,20,"Marine Explorer, Red Shirt with Divers Logo, Black Cap, Headset",4
fig-008553,11,"Marine Explorer, White Shirt with Fish, Blue Cap, Sunglasses",4
fig-008554,21,"Diver, Man, Blue Wetsuit, Black Helmet with Mask, Airtank, Moustache",6
fig-008555,16,"Marine Explorer, Red Shirt with Divers Logo, Red Legs, Red Cap, Glasses and Headset",4
fig-008556,19,"Diver, Man, Red Wetsuit, Black Helmet with Mask, Airtank, Stubble",6
fig-008557,19,"Diver, Man, Red Wetsuit, Black Helmet with Mask, Airtank, Printed White Hair",6
fig-008558,19,"Marine Explorer, Red Shirt with Divers Logo, Black Cap, Yellow Life Vest, Headset",5
fig-008559,18,"Marine Explorer, Red Shirt with Divers Logo, White Cap, Headset",4
fig-008560,18,"Marine Explorer, Red Shirt with Divers Logo, White Cap, Glasses and Headset",4
fig-008561,18,"Diver, Man, Red Wetsuit, Black Helmet with Mask, Airtank, Stubble",6
fig-008562,18,"Marine Explorer, Red Wetsuit, White Cap, Printed White Hair",4
fig-008564,18,"Marine Explorer, Red Shirt with Divers Logo, Black Legs, Red Cap, Glasses and Headset",4
fig-008565,18,"Marine Explorer, Red Shirt with Divers Logo, Red Legs, Black Cap, Yellow Life Vest, Headset",5
fig-008566,20,"Marine Explorer, White Shirt with Fish, Brown Hair, Sunglasses",4
fig-008567,21,"Marine Explorer, White Shirt with Fish, Blue Cap, Yellow Life Vest, Sunglasses",5
fig-008568,20,"Marine Explorer, Blue Wetsuit, Red Cap, Headset",4
fig-008569,8,"Chef, Woman, Red Neckerchief, Red Legs",4
fig-008570,12,"Banker, Light Gray Vest with Badge and ID Badge, Black Legs, White Hat, Sunglasses",4
fig-008571,8,"Woman, White Shirt with Pockets, Green Legs, Brown Hair",4
fig-008572,9,"Racer, Green Jacket with Zipper and Octan Logo, Red Helmet with Visor, Yellow Life Vest",6
fig-008573,9,"Racer, Green Jacket with Zipper and Octan Logo, Red Helmet with Visor, Yellow Life Vest, Stubble",6
fig-008574,11,"Man, Blue Shirt with Buttons and Pockets, Black Legs, Red Cap",4
fig-008575,9,"Woman, White Top with Red Necklace, Blue Legs, Black Hair (3626b Head)",4
fig-008576,14,"Racer, Blue Jacket with Octan Logo, Blue Legs, Red Helmet with Stars and Visor",5
fig-008577,11,"Racer, White Jacket with Octan Logo and 'RACE' and 'TEAM', Red Cap, Moustache",4
fig-008578,11,"Racer, Red Jacket with Octan Logo and 'RACING', Red Legs, Black Helmet with Visor, Sunglasses",5
fig-008579,5,"Man, Plain Blue with White Arms, Blue Cap",4
fig-008580,13,"Racer, Red Jacket with Octan Logo and 'RACING', Red Legs, Red Helmet with Visor, Sunglasses",5
fig-008581,13,"Man, Blue Jacket with Zipper, Blue Legs, Black Hair, Sunglasses",4
fig-008582,14,"Man - White Torso, Red Overall, Red Cap (3626a Head)",4
fig-008583,9,"Man, Blue Jacket with Zipper, Blue Legs, Blue Helmet",4
fig-008584,9,"Man, White and Blue Striped Shirt, White Legs, Red Cap",4
fig-008585,14,"Racer, White Jacket with 2 Stars, Red Cap, Sunglasses",4
fig-008586,16,"Racer, Blue Jacket with Octan Logo, Blue Legs, Blue Cap",4
fig-008587,14,"Racer, White Jacket with Octan Logo and 'RACE' and 'TEAM', White Helmet with Stripes and Visor, Moustache",5
fig-008588,14,"Racer, Red Jacket with Octan Logo and 'RACING', Red Legs, Red Cap, Sunglasses",4
fig-008589,16,"Woman, White Shirt with Pockets, Red Legs, Black Hair",4
fig-008590,14,"Racer, White Jacket with Octan Logo and 'RACE' and 'TEAM', White Legs, White Cap, Moustache",4
fig-008591,14,"Coast Guard, Light Gray Jacket with Zipper and Badge, Blue Cap, Sunglasses",4
fig-008592,14,"Racer, White Jacket with 2 Stars, Red Helmet with Stars and Visor, Yellow Life Vest, Sunglasses",6
fig-008593,14,"Man, White Tank Top with Windsurfer, Yellow Legs, Blue Cap, Yellow Life Vest, Moustache",5
fig-008594,10,"Racer, Red Jacket with 'RACING' and '1', Black Helmet with Visor, Sunglasses",5
fig-008595,10,"Racer, Red Jacket with 'RACING' and '1', Red Cap, Sunglasses",4
fig-008596,10,"Racer, Blue Jacket with 'TEAM 5', Blue Helmet with Visor, Sunglasses",5
fig-008597,10,"Racer, Blue Jacket with 'TEAM 5', Red Helmet with Visor, Sunglasses",5
fig-008598,10,"Racer, White Jacket with Zipper, Red Helmet with Visor (3626b Head)",5
fig-008599,10,"Racer, Black Jacket with Zipper, Black Helmet with Visor (3626b Head)",5
fig-008600,10,"Racer, White Jacket with Zipper, White Legs, Blue Helmet with Visor (3626a Head)",5
fig-008601,15,"Man, Brown Jacket, Light Gray Legs, Black Hair, Blue Sunglasses",4
fig-008602,15,"Man, Open Black Jacket over Red Shirt, Black Legs, Black Hair, Eyebrows",4
fig-008603,15,"Man, Black Torso with Yellow Arms, White Legs, White Cap, Sunglasses",4
fig-008604,12,"Man, White Jacket with Zipper, Black Legs, Blue Cap",4
fig-008605,16,"Man, Black Torso with Yellow Arms, Light Gray Legs, Black Hair, Sunglasses",4
fig-008606,12,"Woman, Red and White Striped Tank Top, Blue Legs, Black Hair",4
fig-008607,12,"Man, Black Suit and Bow Tie, White Cap",4
fig-008608,12,"Man, White Torso with Red and Blue Stripes, White Legs, Red Helmet with Visor",5
fig-008609,16,"Man, Green Jacket, Blue Legs, Red Cap, Blue Sunglasses",4
fig-008610,15,"Man, Red Vest with Zipper, Red Legs, White Cap",4
fig-008611,15,"Man, White Top with Large Octan Logo, Green Legs, Black Hair",4
fig-008612,15,"Racer, White Shirt with Two Stripes and 'S', White Legs, Red Cap",4
fig-008613,8,"Racer, Red Jacket with 2 Stars, Black Cap, Sunglasses",4
fig-008614,12,"Racer, Blue Jacket with Octan Logo, Blue Legs, Blue Helmet with Visor",5
fig-008615,12,"Man, Open White Vest over Blue and Green Striped Shirt, Black Legs, Black Hair",4
fig-008616,9,"Racer, Red Jacket with Octan Logo and 'RACING', Blue Helmet with Stars and Visor, Sunglasses",5
fig-008617,12,"Racer, Blue Jacket with Octan Logo, Blue Legs, Red Cap",4
fig-008618,10,"Racer, White Jacket with Zipper and Octan Logo, Black Helmet with Visor, Blue Sunglasses and Moustache",5
fig-008619,16,"Pilot, Dark Blue Suit with Airplane Badge, Black Hat",4
fig-008620,17,"Man, Black Tank Top with Yellow Arms, Brown Legs, Dark Gray Hat",4
fig-008621,17,"Man, Blue Jacket over White Sweater, Black Hat, Beard",4
fig-008622,13,"Coast Guard, Orange Jumpsuit with Zipper, Radio, and Badge, Dark Gray Helmet with Visor, Silver Sunglasses",5
fig-008623,13,"Coast Guard, Orange Jumpsuit with Zipper, Radio, and Badge, Black Hair",4
fig-008624,13,"Coast Guard, Orange Jumpsuit with Zipper, Radio, and Badge, Dark Blue Cap, Dark Blue Vest",5
fig-008625,13,"Doctor, White Shirt with Stethoscope and Side Buttons, Black Hair, Glasses",4
fig-008626,12,"Coast Guard, Orange Jumpsuit with Zipper, Radio, and Badge, Dark Bluish Gray Hands, Dark Bluish Gray Helmet with Visor, Silver Sunglasses",5
fig-008627,12,"Coast Guard, Orange Jumpsuit with Zipper, Radio, and Badge, Dark Bluish Gray Hands, Dark Bluish Gray Helmet with Visor, Orange Sunglasses",5
fig-008629,12,"Coast Guard, Orange Jumpsuit with Zipper, Radio, and Badge, Dark Gray Hands, Dark Bluish Gray Helmet with Visor, Silver Sunglasses",5
fig-008630,12,"Coast Guard, Orange Jumpsuit with Zipper, Radio, and Badge, Dark Gray Hands, Dark Bluish Gray Helmet with Visor, Orange Sunglasses",5
fig-008631,15,"Timmy, Short Black Legs, Red Cap",4
fig-008632,15,"Woman, White Shirt with Pockets, Red Legs, Dark Orange Hair",4
fig-008633,26,"Man, Black Vest over White Shirt with Tie, Dark Red Legs, Dark Red Hat, Moustache",4
fig-008634,26,"Chef, Woman, Red Neckerchief, Dark Red Legs, Black Hair",4
fig-008635,26,"Mechanic, Blue Jacket with Octan Logo, Dark Blue Legs, Blue Cap",4
fig-008636,26,"Mechanic, Blue Jacket with Octan Logo, Dark Bluish Gray Legs, Blue Hat, Stubble",4
fig-008637,26,"Man, Dark Blue Plaid Shirt, Light Bluish Gray Legs, Reddish Brown Hair",4
fig-008638,26,"Man, White Tank Top with Windsurfer, Blue Legs, Red Cap, Glasses",4
fig-008639,26,"Groom, Black Suit, Black Top Hat",4
fig-008640,26,"Bride, White Dress with 3 Flowers",4
fig-008641,16,"Coast Guard, Woman, Blue Jacket with Zipper and ID Badge. Black Hair",4
fig-008642,16,"Coast Guard, Woman, Blue Jacket with Zipper and ID Badge. Blue Cap, Yellow Life Vest",5
fig-008643,16,"Coast Guard, Blue Jacket with Zipper and ID Badge. White Helmet with Visor, Headset",5
fig-008644,16,"Coast Guard Diver, Blue Jacket with Zipper and ID Badge. White Helmet with Mask, Blue Sunglasses",6
fig-008645,16,"Coast Guard, Blue Jacket with Red Tie and ID Badge, Black Hair, Moustache",4
fig-008646,14,"Construction Worker, Blue Jacket with Zipper and Bulldozer Badge, Blue Legs, Red Cap, Moustache",4
fig-008647,14,"Pilot, Blue Jacket with Plane Logo and ID Badge, Dark Gray Helmet with Visor",5
fig-008648,14,"Cargo Worker, Green Jacket with Pocket, Red Hard Hat, Sunglasses",4
fig-008649,14,"Cargo Worker, White Shirt with Tie, Black Hair",4
fig-008650,16,"Racer, Woman, Green and White Outfit with Crocodile, Green Helmet with Flames and Visor",5
fig-008651,10,"Racer, Red and White Outfit with Scorpion, Black Helmet with Visor with Antenna",5
fig-008652,16,"Man, Black Vest over White Shirt with Tie, Dark Gray Legs, Black Cap, Moustache",4
fig-008653,15,"Astronaut, Woman, White, Light Gray Hips, Helmet with Breastplate and Large Chrome Gold Visor, Headset",5
fig-008654,15,"Space Port Ground Crew, Red Jumpsuit, White Hard Hat, Headset and Glasses",4
fig-008655,15,"Space Port Ground Crew, Red Jumpsuit, Red Cap, Headset and Glasses",4
fig-008656,11,"Fireman, Light Gray Fire Suit with Gauge and Pocket, White Helmet with Visor, Breathing Apparatus, Airtanks, Moustache",7
fig-008657,8,"Astronaut, White, Light Gray Hips, Helmet with Large Chrome Gold Visor, Rocket Pack, Headset",6
fig-008658,14,"Launch Command Ground Crew, Blue Jumpsuit, Red Cap, Headset",4
fig-008659,11,"Launch Command Pilot, Blue Jumpsuit, Red Helmet with Visor, Headset",5
fig-008660,14,"Astronaut, White, Helmet with Large Chrome Gold Visor, Headset",5
fig-008661,14,"Launch Command Ground Crew, White Jacket, Black Hair, Moustache and Glasses",4
fig-008662,13,"Man, Green Jacket, Black Legs, Black Cap, Sunglasses",4
fig-008663,11,"Banker, Light Gray Jacket with Badge and Tie, Black Legs, White Hat, Moustache",4
fig-008664,14,"Man, Open Black Jacket over Red Shirt, Blue Legs, Red Cap",4
fig-008665,12,"Man, Green Jacket, Light Gray Legs, Blue Cap, Sunglasses",4
fig-008666,12,"Policeman, Black Vest with Badge and Pockets, Black Cap with 'POLICE', Sunglasses",4
fig-008667,12,"Policeman, Black Jacket with Zipper and Badge, White Helmet with 'POLICE' and Black Visor, Sunglasses",5
fig-008668,13,"Mechanic, Woman, Red Overalls, Red Cap",4
fig-008669,13,"Fireman, Black Fire Jacket with Red Belt and Badge, Black Hair, Moustache",4
fig-008670,13,"Policewoman, Black Jacket with Zipper and Badge, White Helmet with Trans-Dark Blue Visor",5
fig-008671,15,"Man, Brown Jacket, Light Gray Legs, Black Hair, Sunglasses",4
fig-008672,13,"Mechanic, Woman, Red Overalls, Green Cap",4
fig-008673,13,"Mechanic, Red Overalls, Green Cap, Printed Hair",4
fig-008674,13,"Mechanic, Red Jacket with Zipper, Black Hair, Moustache",4
fig-008675,11,"Man, White Shirt with Pockets, Blue Legs, Black Hair",4
fig-008676,14,"Man, Open White Vest over Blue and Green Striped Shirt, Light Gray Legs, Black Cap",4
fig-008677,8,"Man, Green Jacket, Green Legs, Black Cap, Sunglasses",4
fig-008678,8,"Racer, White Jacket with Zipper, Red Helmet with Stars and Visor, Blue Sunglasses",5
fig-008679,11,"Man, Green Jacket with Zipper and Octan Logo, Red Cap",4
fig-008680,11,"Man, Black Tank Top with Yellow Arms, Red Legs, Black Hair, Sunglasses",4
fig-008681,15,"Woman, White Shirt with Pockets, Blue Legs, Brown Hair",4
fig-008682,18,"Woman, White Shirt with Shell Logo, Red Cap",4
fig-008683,18,"Man, Open Black Jacket over Red Shirt, Light Gray Legs, Brown Hair",4
fig-008684,21,"Woman, Blue and White Jogging Suit, Red Hair",4
fig-008685,11,"Man, Red Riding Jacket, Light Gray Legs, Black Hard Hat (3626b Head)",4
fig-008686,14,"Woman, Pink Top with Horse, Light Gray Legs, Red Hair",4
fig-008687,15,"Woman, White Shirt with Palm Tree and Horse, Yellow Legs, Black Hair",4
fig-008688,11,"Waiter, Black Vest over White Shirt with Bow Tie, Light Gray Legs, Black Hair, Moustache",4
fig-008689,13,"Woman, Pink Top with Spots, White Legs, Brown Hair - Open Mouth",4
fig-008690,10,"Man, Red and White Striped Swimsuit, White Cap",4
fig-008691,13,"Woman, White Top with Desert Island, Yellow Legs, Red Hair",4
fig-008692,7,"Man Blue and White Striped Swimsuit, Blue Cap, Moustache",4
fig-008693,7,"Woman, Tied Pink Tank Top with Flowers, Yellow Legs, Black Hair",4
fig-008694,6,"Man, Blue and White Striped Swimsuit, Brown Hair, Yellow Life Vest, Moustache",5
fig-008695,15,"Woman, Red Swimsuit, Black Hair - Open Mouth",4
fig-008696,16,"Woman, White Swimsuit with Desert Island and Dolphin, Black Hair",4
fig-008697,9,"Man, White Tank Top with Windsurfer, Yellow Legs, Blue Cap, Moustache",4
fig-008698,22,"Man, White Tank Top with Windsurfer, Blue Legs, Blue Cap, Moustache",4
fig-008699,14,"Woman, White Swimsuit with Desert Island and Dolphin, Red Hair",4
fig-008700,14,"Woman, Pink Top with Lace Collar, Yellow Legs, Black Hair",4
fig-008701,14,"Woman, Tied Pink Tank Top with Flowers, Pink Legs, Brown Hair",4
fig-008702,10,"Man, White Tank Top with Windsurfer, Yellow Legs, Black Hair, Moustache",4
fig-008703,10,"Woman, Pink Swimsuit with Lace Collar, Yellow Life Vest, Brown Hair",5
fig-008704,14,"Woman, Red Riding Jacket, Black Legs, Brown Hair",4
fig-008705,14,"Man, Blue and White Striped Tank Top, Black Hard Hat, Moustache",4
fig-008706,14,"Woman, Tied Pink Tank Top with Flowers, Yellow Legs, Brown Hair",4
fig-008707,17,"Man, Black Torso with Yellow Arms, White Legs, Brown Hair, Sunglasses",4
fig-008708,13,"Woman, White Top with Desert Island, Yellow Legs, Black Hair",4
fig-008710,14,"Woman, Tied Pink Tank Top with Flowers, Yellow Legs, White Cap",4
fig-008711,18,"Man, White Tank Top with Windsurfer, White Legs, Blue Cap, Moustache",4
fig-008712,13,"Woman, Pink Top with Spots, Yellow Legs, Brown Hair, Yellow Life Vest",5
fig-008713,13,"Man, White Top with Desert Island, Light Gray Legs, Blue Cap",4
fig-008714,12,"Man, White Tank Top with Windsurfer, Yellow Legs, Brown Hair, Moustache",5
fig-008715,12,"Woman, Pink Top with Spots, White Legs, White Cap",4
fig-008716,12,"Woman, Tied Pink Tank Top with Flowers, Yellow Legs, Red Hair",4
fig-008717,12,"Man, Blue and White Striped Tank Top, Light Gray Cowboy Hat, Moustache",4
fig-008718,13,"Man, Green Jacket, Green Legs, Red Cap, Sunglasses",4
fig-008719,12,"Woman, Blue Top with TV Logo, White Legs, Black Hair",4
fig-008720,15,"Man, Green Jacket, Green Legs, White Cap, Sunglasses",4
fig-008721,15,"Man, Open Black Jacket over Red Shirt, Black Legs, Blue Cap",4
fig-008722,8,"Woman, Black Vest over Red Top, Blue Legs, Black Hair",4
fig-008723,8,"Man, Blue Jacket with Tie and Three Buttons, Red Legs, Red Hat",4
fig-008724,8,"Man, Black Vest over Blue Shirt, Black Legs, Black Hair",4
fig-008725,10,"Man, Plain Blue, Red Hat",4
fig-008726,13,"Man, Red Overalls, White Cap",4
fig-008727,10,"Woman, Blue and White Stripe Shirt, White Legs, Brown Hair",4
fig-008728,9,"Man, Black Overalls, White Hard Hat",4
fig-008729,9,"Man, Blue Shirt with Buttons and Pockets, Blue Legs, White Hard Hat",4
fig-008730,9,"LEGOLAND Black, Top Hat",4
fig-008731,9,"Knight, Blue Torso, Black Legs, Dark Gray Helmet",4
fig-008732,9,"Chef, Red Neckerchief, White Legs, Top Hat",4
fig-008733,12,"Woman, White Shirt with Gold Necklace, Red Legs, Black Hair",4
fig-008734,9,"Man, Blue Vest over White Shirt, Top Hat",4
fig-008735,9,"Man, Black Vest over Red Shirt, Red Legs, Brown Hair",4
fig-008736,9,"Man, Blue Suit with Tie and Three Buttons, Blue Hat",4
fig-008737,13,"Man, Black Jacket over Red Shirt, Light Gray Legs, Brown Hair (3626a Head)",4
fig-008738,11,"Man, Black Shirt with Buttons and Pockets, Black Legs, White Hat",4
fig-008739,11,"Man, Red Jacket with Zipper, Red Legs, White Hat",4
fig-008740,11,"Woman, Plain Black Torso, Blue Legs, Black Hair",4
fig-008741,10,"Man, Plain Black, Black Cowboy Hat",4
fig-008742,11,"Woman, White Top with Red Necklace, Blue Legs, Black Hair (3626a Head)",4
fig-008743,11,"Man, Black Vest over Blue Shirt, Black Legs, Brown Hair",4
fig-008744,9,"Man, White Shirt with Two Stripes and 'S', Red Legs, White Helmet with Visor",5
fig-008745,12,"Fireman, Light Gray Fire Suit with Gauge and Pocket, Dark Gray Helmet with Breathing Apparatus, Moustache",5
fig-008746,12,"Ground Crew, Blue Jumpsuit with Plane and ID Badge, White Helmet, Breathing Apparatus with Visor, Airtanks",7
fig-008747,7,"Man, White and Red Striped Shirt, Red Legs, Red Cap",4
fig-008748,7,"Woman, White Top with Large Red Stripe and 2 Blue Stripes, White Legs, Black Hair",4
fig-008749,12,"Man, Black Overalls, Light Gray Cap",4
fig-008750,12,"Man, Blue Jacket with Highway Logo, Blue Legs, White Cap",4
fig-008751,13,"Man, Blue Jacket with Tie and Three Buttons, Black Legs, Black Cowboy Hat",4
fig-008752,12,"Man, Red Jacket with Zipper, Blue Legs, Red Hard Hat",4
fig-008753,13,"Chef, Red Neckerchief, Black Legs (3626a Head)",4
fig-008754,11,"Man, Black Jacket with Zipper, Brown Hair",4
fig-008755,12,"Woman, White Shirt with Gold Necklace, Red Legs, Black Hair (3626b Head)",4
fig-008756,12,"Policeman, Black Suit with Badge, Black Hat (3626b Head)",4
fig-008757,12,"Chef, Red Neckerchief, Black Legs (3626b Head)",4
fig-008758,12,"Man, Red Jacket with Zipper, Blue Legs, Red Hard Hat (3626b Head)",4
fig-008759,12,"Man, Blue Shirt with Buttons and Pockets, Black Legs, Red Hard Hat (3626b Head)",4
fig-008760,12,"Man, Blue Shirt, Blue Legs, Red Hard Hat (3626b Head)",4
fig-008761,12,"Man, Blue Jacket with Tie and Three Buttons, Black Legs, Black Cowboy Hat (3626b Head)",4
fig-008762,9,"Racer, White Shirt with Two Stripes and 'S', Black Legs, Red Helmet",4
fig-008763,8,"Woman, White Top with Large Red Stripe and 2 Blue Stripes, Red Legs, Red Hair",4
fig-008764,8,"Man, Blue Overalls, Black Hat",4
fig-008765,8,"Man, Blue Shirt with Buttons and Pockets, Blue Legs, Black Hair",4
fig-008766,6,"Woman, Plain Blue, Brown Hair",4
fig-008767,6,"Postal Worker, Red Shirt with Horn Logo, Red Legs, Red Helmet",4
fig-008768,11,"Woman, Red and White Striped Shirt, Blue Legs, Brown Hair",4
fig-008769,3,Bride,6
fig-008770,3,Viking Woman,6
fig-008771,2,Actor,5
fig-008772,3,Alien Villainess,7
fig-008773,2,Forest Maiden,4
fig-008774,2,Fortune Teller,4
fig-008775,2,Hollywood Starlet,4
fig-008776,2,Fairytale Princess,4
fig-008777,3,Wizard,7
fig-008778,22,"Danju, Geometric Pattern (Knights Kingdom II)",6
fig-008779,2,Evil Wizard,6
fig-008780,13,"Dracus, Angry (Knights Kingdom II)",5
fig-008781,18,"Dracus, Sad (Knights Kingdom II)",5
fig-008782,18,"Knight (Knights Kingdom II) - Hero, Black Beard",5
fig-008783,18,"Knight (Knights Kingdom II) - Hero, Smile",5
fig-008784,18,"Knight (Knights Kingdom II) - Hero, Dark Gray Beard",5
fig-008785,18,"Knight (Knights Kingdom II) - Hero, Light Gray Beard",5
fig-008786,2,Spider Lady,6
fig-008787,2,"Baby, Bright Light Blue Body, Bib",2
fig-008788,2,Babysitter (CMF),4
fig-008789,2,Ice Queen,7
fig-008790,3,Elf Maiden,4
fig-008791,2,Bucky Barnes / Winter Soldier,4
fig-008792,2,Tony Stark - Silver Cameo,4
fig-008793,2,War Machine,10
fig-008794,2,"Wong, Printed Legs",3
fig-008795,16,Viking (CMF),6
fig-008796,16,Pinata Boy (CMF),6
fig-008797,16,Space Fan (CMF),4
fig-008798,17,Tournament Knight (CMF),5
fig-008799,16,80's Musician (CMF),4
fig-008800,16,Super Warrior (CMF),4
fig-008801,16,Pajama Girl,4
fig-008802,16,Brick Costume Guy (CMF),4
fig-008803,17,Sea Rescuer (CMF),5
fig-008804,16,Athlete (CMF),5
fig-008805,16,Martial Arts Boy (CMF),4
fig-008806,16,Llama Costume Girl (CMF),4
fig-008807,16,Pirate Girl (CMF),5
fig-008808,16,Peapod Costume Girl (CMF),4
fig-008809,16,Breakdancer (CMF),4
fig-008810,13,"Woman, Red Torso with Exxon Logo, Blue Legs, Black Hair",4
fig-008811,11,"Man, Red Jacket with Zipper and Pockets, Red Legs, White Helmet",4
fig-008812,11,"Man, White Torso with Shell Logo, Black Legs, White Cap",4
fig-008813,14,"Man, Green Jumpsuit with Octan Logo, Red Cap",4
fig-008814,14,"Woman, White Top with Large Octan Logo, Green Legs, Black Hair",4
fig-008815,14,"Man, Black Jacket over Red Shirt, Black Legs, Black Hair (3626b Head)",4
fig-008816,14,"Man, White and Blue Striped Shirt, Blue Legs, Black Hair",4
fig-008817,13,"Woman, Red and White Striped Shirt, Black Legs, Black Hair",4
fig-008818,13,"Racer, Yellow Shirt with Two Stripes and 'S', Blue Legs, Blue Helmet with Visor",5
fig-008819,13,"Woman, White Torso with Shell Logo, Blue Legs, Black Hair",4
fig-008820,10,"Man, White Vest with Truck, Blue Legs, Red Cap (3626b Head)",4
fig-008821,10,"Woman, Red and White Striped Shirt, White Legs, Black Hair, Yellow Life Vest",5
fig-008822,11,"Man, Brown Jacket, Black Legs, Black Hat, Yellow Life Vest, Sunglasses",5
fig-008823,11,"Man, Open Black Jacket over Red Shirt, Light Gray Legs, Helmet and Visor, Yellow Life Vest",6
fig-008824,11,"Man, Open Black Jacket over Red Shirt, Black Legs, Helmet and Visor",5
fig-008825,11,"Man, Brown Jacket, Light Gray Legs, Green Cap, Sunglasses",4
fig-008826,12,"Man, Black Torso, Blue Legs, Blue Cap, Yellow Life Vest",5
fig-008827,12,"Man, Brown Jacket, Black Legs, Red Cap, Yellow Life Vest, Sunglasses",5
fig-008828,9,"Man, Green Jacket, Green Legs, Light Gray Cowbot Hat, Yellow Life Vest, Blue Sunglasses",5
fig-008829,9,"Man, Brown Jacket, Blue Legs, Black Hair, Yellow Life Vest, Blue Sunglasses",5
fig-008830,9,"Woman, Blue and White Jogging Suit, Blue Cap, Yellow Life Vest",5
fig-008831,9,"Man, Blue and White Striped Tank Top, Blue Cap, Moustache",4
fig-008832,9,"Woman, Red Halter Top, Red Legs, Red Hair",4
fig-008833,16,"Man, Open Black Jacket over Red Shirt, Red Legs, Red Cap",4
fig-008834,16,"Man, Brown Jacket, Blue Legs, Black Hair, Sunglasses",4
fig-008835,16,"Man, Green Jacket, Blue Legs, Light Gray Cowboy Hat, Yellow Life Vest, Sunglasses",5
fig-008836,14,"Woman, Blue and Light Gray Jogging Suit, Light Gray Cowboy Hat, Backpack",5
fig-008837,9,"Man, Blue Torso, Red Legs, Light Gray Cowboy Hat",4
fig-008838,9,"Man, Red Jacket with Zipper and Pockets, White Legs, Red Cap",4
fig-008839,6,"Man, White Torso, Red Legs, Red Cap (3626a Head)",4
fig-008840,14,"Boat Admiral, Black Suit with Gold Anchor, Yellow Life Vest",5
fig-008841,14,"Sailor, White Top with Anchor, Red Hard Hat, Yellow Life Vest",5
fig-008842,16,"Policeman, Black Suit with Pocket and Badge, White Hat (3626b Head)",4
fig-008843,13,"Policeman, Black Suit with Tie and Badge, White Hat, Yellow Life Vest, Moustache",5
fig-008844,13,"Policeman, Black Vest with Badge and Pockets, White Cap, Blue Sunglasses",5
fig-008845,13,"Man, Brown Jacket, Light Gray Legs, Black Hair, Yellow Life Vest, Blue Sunglasses",5
fig-008846,15,"Policeman, Black Jacket with Zipper and Badge, White Hat, Yellow Life Vest",5
fig-008847,12,"Man, Blue Overalls, White Cap",4
fig-008848,12,"Woman, Red Halter Top, Red Legs, Black Ponytail Hair",4
fig-008849,13,"Man, White Torso, Red Legs, Red Cap (3626b Head)",4
fig-008850,11,"Man, Brown Jacket, Dark Gray Legs, White Cap",4
fig-008851,11,"Chef, Red Neckerchief, White Legs (3626b Head)",4
fig-008852,11,"Woman, White Shirt with Gold Necklace, Red Legs, Red Hair (3626b Head)",4
fig-008853,11,"Man, Blue Jacket with Tie and Three Buttons, Light Gray Legs, Light Gray Cowboy Hat (3626b Head)",4
fig-008854,20,"Waiter, Man, Black Suit and Bow Tie, Black Hair (3626b Head)",4
fig-008855,11,"Chef, Red Neckerchief, White Legs (3626a Head)",4
fig-008856,11,"Man, Black Jacket over Red Shirt, Black Legs, Black Hair (3626a Head)",4
fig-008857,11,"Waiter, Man, Black Suit and Bow Tie, Black Hair (3626a Head)",4
fig-008858,11,"Woman, White Shirt with Gold Necklace, Red Legs, Red Hair (3626a Head)",4
fig-008859,11,"Man, Blue Jacket with Tie and Three Buttons, Light Gray Legs, Light Gray Cowboy Hat (3626a Head)",4
fig-008860,8,"Woman, Red Jacket with Zipper and Pockets, Red Legs, Black Hair",4
fig-008861,12,"Policeman, Bright Light Blue Shirt with Dark Blue Tie, Badge, and Radio on Belt, Blue Legs, Blue Hat",4
fig-008862,12,"Criminal, Prison Shirt with #86753, Light Bluish Gray Legs, Black Helmet with Visor, Eyemask",5
fig-008863,16,"Criminal, Torn Prison Shirt, Black Legs, Black Hat, Dark Tan Backpack, Stubble and Scar",5
fig-008864,16,"Policeman, Medium Blue Shirt with Badge and Tie, Blue Legs, Blue Hat, Brown Eyebrows",4
fig-008865,16,"Policeman, Medium Blue Shirt with Badge and Tie, Blue Legs, Blue Hat, Scowl",4
fig-008866,15,"Man, Red and White Striped Shirt, Blue Legs, Brown Hair",4
fig-008867,15,"Woman, White Jacket with Zipper, Green Legs, Black Hair",4
fig-008868,15,"Man, White Jacket with Zipper, Green Legs, Black Hair",4
fig-008869,15,"Woman, White Jacket with Zipper, White Legs, Black Hair",4
fig-008870,15,"Woman, White Jacket with Zipper, White Legs, Brown Hair",4
fig-008871,15,"Woman, White Jacket with Zipper, White Legs, Red Hair",4
fig-008872,15,"Woman, White Top with Red Necklace, Red Legs, Black Hair (3626b Head)",4
fig-008873,15,"Man, Plain Blue, Black Hair",4
fig-008874,26,"Woman, Red Torso, Red Legs, Brown Hair (3626b Head)",4
fig-008875,15,"Woman, Plain White, Brown Hair",4
fig-008876,15,"Man, Plain White, Brown Hair",4
fig-008877,15,"Woman, Plain White, Red Hair",4
fig-008878,15,"Man, White Jacket with Zipper, Green Legs, Brown Hair",4
fig-008879,25,"Man, Floating Classic Spaceman on Shirt, Dark Bluish Gray Legs, Light Bluish Gray Helmet",4
fig-008880,25,"Man, Green Overalls over Red Shirt, Red Cap, Brown Eyebrows, Reddish Brown Eyebrows",4
fig-008881,25,"Man, Blue Torso, White Legs, Dark Brown Hair",4
fig-008882,25,"Postal Worker, Woman, Red Jacket with Zipper and Letter Logo, Red Legs, Reddish Brown Hair",4
fig-008883,25,"Woman, White Vest with Stars, Orange Legs, Black Hair",4
fig-008884,25,"Man, Medium Blue Shirt with Palm Trees and Sunset, Red Legs, Lime Cap",4
fig-008885,11,"Man, Blue Jacket with Highway Logo, Black Legs, Red Hard Hat",4
fig-008886,11,"Man, Blue Jacket with Highway Logo, Light Gray Legs, Black Hat",4
fig-008887,11,"Woman, Red and White Striped Shirt, Blue Legs, Red Hair",4
fig-008888,11,"Woman, Red and White Striped Shirt, Red Legs, Black Hair",4
fig-008889,11,"Woman, Red Jacket with Zipper and Pockets, Black Legs, Black Hair",4
fig-008890,11,"Man, Red Jacket with Zipper and Pockets, White Legs, Blue Cap",4
fig-008891,11,"Man, White Jacket with Zipper, Blue Legs, Blue Helmet",4
fig-008892,11,"Man, White Jacket with Zipper, White Legs, Blue Helmet",4
fig-008893,11,"Woman, Blue Overalls, Red Hair",4
fig-008894,12,"Postal Worker, Red Shirt with Horn Logo, Red Legs, Black Hat",4
fig-008895,11,"Woman, Black Vest over Blue Top, Red Legs, Red Hair",4
fig-008896,11,"Woman, Black Vest over Blue Top, White Legs, Brown Hair",4
fig-008897,11,"Man, Black Jacket over Red Shirt, Light Gray Legs, Red Hard Hat",4
fig-008898,11,"Man, Blue Jacket with Tie and Three Buttons, Light Gray Legs, Brown Hair",4
fig-008899,11,"Man, Blue Jacket with Tie and Three Buttons, White Legs, White Hat",4
fig-008900,11,"Woman, White Top with Large Red Stripe and 2 Blue Stripes, Blue Legs, Black Hair",4
fig-008901,11,"Woman, White Top with Large Red Stripe and 2 Blue Stripes, Red Legs, Brown Hair",4
fig-008903,40,"Andrea - Tan Jacket, Tan Skirt, Dark Brown Hair",4
fig-008904,39,"Stephanie - Olive Green Jacket, Olive Green Skirt, Bright Light Yellow Hair",4
fig-008905,40,"Olivia - Dark Pink Top, Sand Green Skirt, Reddish Brown Hair",4
fig-008907,17,"Mia - Dark Purple Top, Olive Green Skirt, Tan Helmet",4
fig-008908,39,"Emma - Tan Overall, Black Hair",4
fig-008909,18,"Harry Potter, Long Gryffindor Robe with Scarf",4
fig-008910,27,Claire Dearing in White Outfit with Open Shirt,4
fig-008911,27,Gray Mitchell with Short Legs,4
fig-008912,27,Zach Mitchell (20597 Hair),4
fig-008913,28,"Park Worker, Reddish Brown Jacket, Tan Legs, Cap",4
fig-008914,31,"ACU Trooper, Dark Blue Shirt with Straps, Dark Blue Cap",4
fig-008917,23,"Dr. Henry Wu, Scared",4
fig-008918,37,"Owen Grady with Strap with Canisters, Dark Blue Legs",4
fig-008919,23,"Hulk (Big Fig), Black Hair, Magenta Pants",7
fig-008920,42,"Black Widow, Black Jumpsuit, Silver Highlights",4
fig-008921,43,Spider-Ham,3
fig-008922,16,Iron Spider with Neck Bracket and One-Piece Mechanical Arms,8
fig-008923,28,"Beast, Blue Jacket, Medium Blue Legs, Dark Purple Cape",5
fig-008924,28,"Belle, Bright Light Orange and Bright Light Yellow Full Dress with Roses, Closed Mouth",4
fig-008926,33,"Dobby, Tan Vest, Open Mouth",3
fig-008927,33,"Harry Potter, Open Dark Red Shirt, Short Black Legs",4
fig-008928,33,Dudley Dursley,4
fig-008929,33,Vernon Dursley,4
fig-008930,33,Petunia Dursley,4
fig-008931,17,"Harry Potter, Open Gryffindor Sweater with Tie",4
fig-008933,17,"Luna Lovegood, Ravenclaw Sweater",4
fig-008935,17,"Hermione Granger, Gryffindor Sweater with Buttons",4
fig-008936,47,"Harry Potter, Open Light Bluish Gray Jacket over Dark Red Shirt, Dark Blue Legs",4
fig-008937,42,"Ron Weasley, Dark Red Sweater over Red Shirt, Black Legs",4
fig-008938,42,"Fenrir Greyback, Black Undershirt",4
fig-008939,42,Molly Weasley with Skirt,4
fig-008940,42,"Ginny Weasley, Sand Green Top",4
fig-008941,42,"Bellatrix Lestrange, Black Dress, Plain Skirt",4
fig-008942,42,"Nymphadora Tonks, Dark Brown Hair",4
fig-008943,42,"Arthur Weasley, Patchwork Cardigan",4
fig-008944,22,"Hermione Granger, Light Bluish Gray Sweater with Stripes, Black Legs",4
fig-008945,22,Centaur,5
fig-008946,8,"Harry Potter, Gryffindor Sweater, Black Legs",4
fig-008948,8,"Draco Malfoy, Slytherin Sweater, Black Legs",4
fig-008949,8,"Cho Chang, Ravenclaw Sweater",4
fig-008950,8,Hannah Abbott,4
fig-008951,34,"Harry Potter, Long Robes with Pleats over Dark Red Shirt and Tie",4
fig-008952,34,"Hermione Granger, Bright Pink Dress",4
fig-008953,34,"Draco Malfoy, Open Long Robes over Slytherin Sweater",4
fig-008954,34,"Ron Weasley, Dark Turquoise Shirt",4
fig-008955,34,"Horace Slughorn, Reddish Brown Vest with Swirls",4
fig-008957,34,"Luna Lovegood, Lavender Dress",4
fig-008959,34,"Neville Longbottom, White Robes",4
fig-008960,34,Lavender Brown,5
fig-008961,32,"Andrea - Dark Turquoise Top, Magenta Skirt, Dark Brown Hair, Glasses",5
fig-008962,32,"Emma - Dark Blue Top, Light Aqua Skirt, Glasses",5
fig-008963,37,"Ethan - White Shirt, Dark Turquoise Trousers, Reddish Brown Hair",4
fig-008965,41,"Mia - Dark Purple Top, Olive Green Skirt",4
fig-008966,40,"Olivia - Lavender Top, Dark Azure Skirt",5
fig-008967,40,"Stephanie - Sand Green Top, Bright Pink Skirt",5
fig-008968,40,"Emma - Blue Top, Light Aqua Trousers",5
fig-008969,40,"Mason - Bare Chest, Dark Turquoise Trousers",4
fig-008970,28,"Stephanie - Medium Azure Top, Medium Azure Skirt",5
fig-008971,28,"Olivia - Bright Light Yellow Jacket, Dark Azure Skirt, Glasses",5
fig-008972,28,"Ashley - White Shirt, Dark Blue Trousers, Dark Blue Hat",4
fig-008973,27,"Andrea - Dark Purple/Azure Top, White Skirt",5
fig-008974,27,"Mia - Lime Top, Dark Purple Skirt",4
fig-008975,25,"Andrea - Black/Gold Top, Magenta Skirt",4
fig-008976,35,"Emma - Coral Top, Light Aqua Skirt",4
fig-008977,22,"Stephanie - Magenta Top, White Apron",5
fig-008979,38,"Olivia - Medium Blue Jacket, Bright Light Yellow Skirt",4
fig-008980,23,"Alicia - Medium Azure Top, Medium Azure Trousers",4
fig-008981,42,"Stephanie - Medium Azure Jacket, Dark Blue Skirt",4
fig-008982,23,"James - Dark Orange Jacket, Dark Blue Trousers",4
fig-008983,12,"Man, White Top with Large Red Stripe and 2 Blue Stripes, Red Legs, Brown Hair (3626a Head)",4
fig-008984,12,"Man, Black Jacket with Zipper, White Helmet",4
fig-008985,12,"Pilot, Black Suit with Tie and Airplane Badge, White Hat",4
fig-008986,11,"Man, Red and White Striped Shirt, Blue Legs, Black Hair",4
fig-008987,11,"Woman, White Shirt with Gold Necklace, White Legs, Red Hair",4
fig-008988,13,"Woman, Red and White Striped Shirt, White Legs, Black Hair (3626a Head)",4
fig-008989,13,"Man, White Top with Large Red Stripe and 2 Blue Stripes, Red Legs, Black Hair",4
fig-008990,10,"Man, Blue Overalls, Black Hard Hat",4
fig-008991,10,"Man, Red Riding Jacket, Light Gray Legs, Black Hard Hat (3626a head)",4
fig-008992,10,"Woman, White Top with Large Red Stripe and 2 Blue Stripes, Red Legs, Black Pigtails Hair",4
fig-008993,10,"Man, Red Jacket with Zipper and Pockets, Black Legs, Black Hair",4
fig-008994,9,"Man, Red and White Striped Shirt, Black Legs, Black Hair",4
fig-008995,9,"Woman, Blue and White Stripe Shirt, Blue Legs, Red Hair",4
fig-008996,9,"Woman, Black Vest over Red Top, Red Legs, Black Hair",4
fig-008997,8,"Man, Black Jacket over Red Shirt, Blue Legs, Brown Hair",4
fig-008998,8,"Red and White Striped Shirt, Red Legs, Black Hair (3626a Head)",4
fig-008999,12,"Woman, Red and White Striped Shirt, Red Legs, Brown Hair (3626a Head)",4
fig-009000,12,"Man, Black Jacket over Red Shirt, Light Gray Legs, White Cap",4
fig-009001,37,Kaya,4
fig-009002,7,"Man, Black Torso, Blue Legs, Red Hat",4
fig-009003,12,"Man, Red Jacket with Zipper and Pockets, Red Legs, Red Helmet with Visor",5
fig-009004,12,"Man, Plain Black, Red Cap, Sunglasses",4
fig-009005,11,"Man, White Jacket with Zipper, Blue Legs, White Helmet with Visor",5
fig-009006,14,"Man, White Shirt with Airplane, White Legs, Red Cap",4
fig-009007,11,"Woman, Orange Shirt with Green Vest with Wrench, Brown Hair, Yellow Life Vest",5
fig-009008,17,"Man, Green Jacket, Black Legs, Green Cap, Sunglasses",4
fig-009009,12,"Man, Red Jacket with Stars, Blue Legs, Blue Helmet with Stars and Visor, Sunglasses",5
fig-009010,11,"Ground Crew, Blue Jumpsuit with Plane and ID Badge, Blue Cap",4
fig-009011,17,"Pilot, Black Suit with Tie and Airplane Badge, Black Hat (3626b Head)",4
fig-009012,11,"Man, Open Blue Jacket with Zipper, Black Legs, Black Hair, Sunglasses",4
fig-009013,12,"Man, Green Jacket, Blue Legs, Blue Cap, Sunglasses",4
fig-009014,12,"Man, Black Torso, Blue Legs, White Cap, Sunglasses",4
fig-009015,17,"Ground Crew, Blue Jumpsuit with Plane and ID Badge, Black Hair",4
fig-009016,12,"Man, Open Black Jacket over Red Shirt, Black Legs, Black Hair",4
fig-009017,17,"Woman, Blue and Red Jogging Suit, Black Hair",4
fig-009018,15,"Man, Blue and White Striped Tank Top, Red Cap, Moustache",4
fig-009019,17,"Man, Brown Jacket, Blue Legs, White Helmet with Visor, Blue Sunglasses",5
fig-009020,17,"Ground Crew, Blue Jumpsuit with Plane and ID Badge, Red Hard Hat",4
fig-009021,17,"Ground Crew, Blue Jumpsuit with Plane and ID Badge, Red Cap",4
fig-009022,15,"Airline Worker, Woman, Blue Jacket with Plane Logo and White Scarf, White Legs, Black Hair, Pink Lips",4
fig-009023,15,"Man, Blue and White Striped Tank Top, Light Gray Legs, Red Cap, Moustache",4
fig-009024,6,"Man, White Shirt with Airplane, Red Legs, Red Cap",4
fig-009025,10,"Man, White Shirt with Airplane, Black Legs, Black Helmet",4
fig-009026,14,"Man, White and Red Striped Shirt, White Legs, Black Hair",4
fig-009027,14,"Woman, White Top with Red Necklace, Blue Legs, Red Hair",4
fig-009028,14,"Woman, White Top with Large Red Stripe and 2 Blue Stripes, Red Legs, Red Hair",4
fig-009029,14,"Man, White Vest with Truck, White Legs, Red Cap",4
fig-009030,14,"Chef, Black Jacket over Red Shirt, Light Gray Legs",4
fig-009031,14,"Woman, Red Riding Jacket, Black Legs, Black Hair",4
fig-009032,13,"Woman, White Shirt with Airplane, Red Legs, Black Hair",4
fig-009033,13,"Man, White Shirt with Airplane, White Legs, Black Hair",4
fig-009034,13,"Man, Blue Jacket with Zipper, Blue Legs, Red Helmet",4
fig-009035,13,"Man, Blue Jacket with Tie and Three Buttons, Black Legs, Black Hair (3626a Head)",4
fig-009037,9,"Man, Black Vest over Blue Shirt, Light Gray Legs, Black Hair",4
fig-009038,12,"Racer, White Jacket with Zipper, White Legs, Red Helmet with Visor",5
fig-009039,12,"Man, White Jacket with Zipper, Blue Legs, Blue Helmet with Visor",5
fig-009040,12,"Man, Plain Red, Red Cap",4
fig-009041,13,"Pilot, Brown Jacket, Red Legs, Red Helmet with Stars and Visor, Blue Sunglasses",5
fig-009042,13,"Pilot, Green Jacket, Black Legs, Blue Helmet with Stars and Visor, Blue Sunglasses",5
fig-009043,13,"Woman, Blue and Light Gray Jogging Suit, Black Hair",4
fig-009044,13,"Man, Blue Torso, Red Legs, Red Cap (3626b Head)",4
fig-009045,13,"Man, Blue Jacket with Tie and Three Buttons, Black Legs, Black Hair (3626b Head)",4
fig-009046,13,"Woman, Red Halter Top, Blue Legs, Black Hair",4
fig-009047,11,"Man, Black Torso, White Legs, Black Helmet with Visor, Sunglasses",5
fig-009048,12,"Pilot, Red Jacket with Stars, Red Legs, Red Helmet with Stars and Visor, Sunglasses",5
fig-009049,12,"Man, Blue Jumpsuit with Octan Logo, White Cap",4
fig-009050,10,"Pilot, Light Gray Jumpsuit with Gauges and Straps, White Helmet with Visor, Headset",5
fig-009051,13,"Man, Black Torso with Yellow Arms, Light Gray Legs, Red Cap, Sunglasses",4
fig-009052,13,"Man, Green Jacket, Light Gray Legs, Black Hair, Sunglasses",4
fig-009053,5,"Fred - Fireman, Light Gray Fire Suit with Zipper, Gauge, and Belt, White Helmet with Visor, Breathing Apparatus, Airtanks",7
fig-009054,5,"Paula - Policewoman, Black Jacket with Zipper and Badge, White Helmet with 'POLICE' and Visor",5
fig-009055,8,"Chef, Red Neckerchief, Red Legs, Dark Orange Hair",4
fig-009056,8,"Woman, Medium Blue Polo Shirt with Necklace, Light Bluish Gray Legs, Dark Brown Hair",4
fig-009057,35,"Harl Hubbs, Dark Blue Overalls, Utility Belt",5
fig-009059,27,Jay / Hero Jay,5
fig-009062,31,Lloyd / Hero Lloyd,5
fig-009064,29,Nya / Hero Nya,5
fig-009065,32,Murt,6
fig-009067,21,Cole / Hero Cole,5
fig-009068,28,Kai / Hero Kai,5
fig-009069,20,Moe,5
fig-009070,33,Awakened Warrior,9
fig-009071,21,Zane / Hero Zane,5
fig-009072,31,Ginkle,4
fig-009073,22,Gleck,5
fig-009075,15,Master Wu / Hero Wu,6
fig-009076,29,Princess Vania,4
fig-009077,33,Skull Sorcerer,9
fig-009078,25,Statue - Lilly Light Bluish Gray Hair in Bun,5
fig-009079,53,Kai with Shoulder Cover (Legacy),5
fig-009081,22,Jay with Pearl Gold Shoulder Cover (Legacy),5
fig-009083,21,Zane with Shoulder Cover (Legacy),5
fig-009085,22,Cole with Shoulder Cover (Legacy),5
fig-009086,21,Lloyd Garmadon with Green Eyes,5
fig-009088,21,Samurai X / Nya (Legacy),7
fig-009090,21,"Nindroid with Dual Sided Head, Shoulder Armor (Legacy)",5
fig-009091,29,Kai with Hair (Legacy),5
fig-009093,16,"The Penguin, Orange and Yellow Striped Vest",4
fig-009094,11,"Batman, Black Suit, Black Cape and Cowl, Wide Cape",5
fig-009096,24,"Yoda, Olive Green Head, Santa Jacket",3
fig-009097,24,"Rebel Pilot X-wing, Christmas Outfit",6
fig-009098,2,"Princess Leia, Slave Outfit, Black Eyes",4
fig-009099,2,"Boba Fett, Helmet and Jetpack with Dark Red Highlights, Light Bluish Gray Armor",4
fig-009101,16,"Stormtrooper, Plain Light Nougat Head, Black Lines on Nose Vent",4
fig-009102,13,"Leo - White/Coral Top, Yellow Pants",4
fig-009103,5,"Senate Commando, Plain Legs, Plain Head",4
fig-009104,22,"Skeleton, Standard Face, Red Bandana Hat, Bent Mechanical Arms",7
fig-009105,22,"Skeleton, Standard Face, Bicorne Hat with Red Plume",8
fig-009106,22,"Bride, White and Blue Dress",4
fig-009107,22,"Gold Prospector, Woman",4
fig-009108,22,"Gold Prospector, Man, Reddish Brown Eyebrows",5
fig-009109,22,"Jester, Woman, Red and White",4
fig-009110,22,"King, Lion on Chest, Gold Crown, Reddish Brown Eyebrows",5
fig-009111,22,"Knight, Armor with Straps, Light Bluish Gray Helmet, Reddish Brown Eyebrows",4
fig-009112,22,"Boy, Coat with Red Sash, Helmet with Red Feather, Reddish Brown Eyebrows",5
fig-009113,22,"Snake Charmer, Dark Tan Turban, Reddish Brown Eyebrows",4
fig-009114,22,"Groom, Black Suit, Black Top Hat, Reddish Brown Eyebrows",4
fig-009115,22,"Woman, Cardigan Tied with Bow and Necklace, Red Skirt, Bright Light Yellow Hair",4
fig-009116,22,"Witch, Plain Black, Red Cape",5
fig-009117,22,"Knight, Dark Blue Jacket with Sash, Light Bluish Gray Helmet, Reddish Brown Eyebrows",4
fig-009119,5,"Obi-Wan Kenobi, Tan Legs, Headset, Reddish Brown Hood and Cape",5
fig-009120,18,"Woman, White Shirt with Pockets, Blue Legs, Blue Helmet with Visor",5
fig-009121,18,"Woman, White Shirt with Pockets, Red Legs, Red Helmet with Stars and Visor",5
fig-009122,10,"Firewoman, Black Fire Jacket with Red Belt and Badge, Brown Hair",4
fig-009123,14,"Pilot, Black Jacket with Tie and Airplane Badge, Light Bluish Gray Legs, White Hat",4
fig-009124,14,"Pilot, Woman, Black Jacket with Tie and Airplane Badge, White Legs, Black Hair",4
fig-009125,14,"Man, Dark Blue Suit with no Tie, White Cap, Glasses",4
fig-009126,23,"Doctor, White Shirt with Star of Life Logo, Reddish Brown Hair",4
fig-009127,14,"Doctor, Woman, White Shirt with Star of Life Logo, Black Hair",4
fig-009128,14,"Fireman, Black Fire Jacket with Red Belt and Badge, White Helmet",4
fig-009129,14,"Fireman, Black Fire Jacket with Red Belt and Badge, Light Bluish Gray Legs, White Helmet",4
fig-009130,14,"Infomaniac, Black Legs",4
fig-009131,14,"Criminal, Medium Blue Overalls over Prison Shirt",4
fig-009132,14,Pepper Roni with Dark Bluish Gray Hat,4
fig-009133,14,Sky Lane with Backpack,5
fig-009134,14,"Man, White Top with Large Octan Logo, Blue Legs, Reddish Brown Hair",4
fig-009135,14,"Woman, White Tank Top with Flowers, Yellow Legs, Brown Hair, Airtanks, Sunglasses",5
fig-009136,14,"Policeman, Dark Blue Shirt with Radio and Badge, Black Legs, Black Cap, Smile",4
fig-009137,14,"Security Guard Dark Bluish Gray Shirt with Badge, Black Cap, Orange Sunglasses",4
fig-009138,14,"Man, Dark Blue Plaid Shirt, White Legs, Black Hair, Gold Tooth",4
fig-009139,14,"Train Worker, Orange Safety Vest with Train Logo, Blue Legs, Blue Hat, Moustache",4
fig-009140,14,"Woman, White Top with Large Octan Logo, Blue Legs, Black Hair",4
fig-009141,14,"Woman, Medium Blue Jacket, White Legs, Black Ponytail Hair",4
fig-009142,30,"Pilot - Black Torso, Black Legs Black Hat",4
fig-009143,22,"Worker - Blue Torso, Orange Legs, Red Helmet with Ear Protectors",4
fig-009144,22,"Worker - Orange Torso, Orange Legs, Red Helmet with Reddish Brown Hair",4
fig-009145,22,"Pilot - Blue Torso, Blue Legs, Reddish Brown Hair",4
fig-009146,22,"Medium Blue Torso, Dark Red Legs, Dark Orange Hair",4
fig-009147,18,"Worker, Blue Torso, Blue Legs, Red Helmet, Beard",4
fig-009148,18,"Worker, Orange Overalls over Blue Sweater, Red Hard Hat",4
fig-009149,18,"Worker - Orange Torso, Blue Legs, Blue Cap, Reddish Brown Beard",4
fig-009150,18,"Worker - Blue Torso, Orange Overall, Blue Cap",4
fig-009151,19,"King - Blue Torso, Blue Legs, Gold Crown",4
fig-009152,19,"Soldier - Castle, Dark Bluish Grey Torso, Blue Legs, Light Bluish Grey Helmet",4
fig-009153,19,"Knight - Black Torso, Black Legs, Pearl Dark Gray Helmet",4
fig-009154,15,"Worker - Blue Torso, Blue Legs, Red Helmet, Beard",4
fig-009155,15,"Worker - Blue Torso, Blue Legs, Red Helmet, Glasses",4
fig-009156,27,"Bright Pink Torso, Dark Purple Legs, Dark Orange Hair",4
fig-009157,27,"White Torso, Green Legs, Reddish Brown Hair",4
fig-009158,12,"Policeman, Black Suit with Badge, White Hat, Mustache and Glasses",4
fig-009159,12,"Black Torso, Light Bluish Grey Legs, Reddish Brown Hair",4
fig-009160,12,"Red Torso, Tan Legs, Red Cap",4
fig-009161,12,"White Torso, Blue Legs, Tan Hair",4
fig-009162,27,"Kid, Orange Torso, Green Legs, Dark Tan Cap",4
fig-009163,27,"Blue Torso, Dark Blue Legs, Dark BLuish Grey Hair - Without Back Print",4
fig-009164,27,"Red Torso, Olive Green Legs, Dark Brown Hair",4
fig-009165,27,"Kid, Bright Light Blue Torso, Medium Lavender Legs, Medium Nougat Hair",4
fig-009166,27,"Kid, Bright Pink Torso, Blue Legs, Medium Nougat Hair",4
fig-009167,27,"Dark Azure Torso, Dark Brown Legs, White Hair",4
fig-009168,27,"Lavender Torso, Dark Tan Legs, Black Hair",4
fig-009169,19,"Train Worker - Dark Blue Torso, Sand Blue Legs, Dark Orange Hair",4
fig-009170,19,"Blue Torso, Light Bluish Gray Legs, Tan Hair",4
fig-009171,19,"Train Worker - Light Bluish Grey Torso, Dark Blue Legs, Red Scarf, Black Kepi",5
fig-009172,28,"Kid - White Torso, Classic Space Figure, Dark Tan Legs, Blue Cap",4
fig-009173,28,"Black Torso Wet Suit, Black Legs, Bright Light Yellow Hair",4
fig-009174,28,"Blue Torso, Red Legs, Dark Bluish Grey Kepi",4
fig-009175,28,"Medium Blue Torso, Tan Legs, Dark Brown Hair",4
fig-009176,28,"Orange Torso, Sand Green Legs, Dark Orange Hair",4
fig-009177,28,"Dark Blue Torso, Dark Brown Legs, Dark Brown Hair",4
fig-009178,28,"Kid - Red Torso, Light BLuish Grey Legs, Reddish Brown Hair",4
fig-009179,28,"Kid - White Torso, Dark Azure Legs, Dark Brown Hair",4
fig-009180,28,"White Torso, Blue Legs, Tan Hair, Stubble Beard",4
fig-009181,28,"Dark Purple Torso, Dark Tan Legs, Dark Bluish Grey Legs",4
fig-009182,28,"Orange Torso, Reddish Brown Legs, Dark BLuish Grey Cap",4
fig-009183,28,"Kid - White Torso, Medium Lavender Legs, Dark Red Hair",4
fig-009184,27,"Kid - Blue Torso, Light Bluish Grey Legs, Black Hair",4
fig-009185,27,"Kid - Green Torso, Red Legs, Medium Nougat Hair",4
fig-009186,27,"Medium Blue Torso, Tan Legs, Dark Orange Hair, Sunglasses",4
fig-009187,27,"Dark Bluish Gray Torso, Medium Blue Legs, Tan Hair",4
fig-009188,27,"Orange Torso, Dark Brown Legs, Red Cap",4
fig-009189,27,"Kid - Orange Torso, Blue Legs, Dark Orange Hair",4
fig-009190,27,"Kid - Lime Torso, Medium Lavender Legs, Reddish Brown Hair",4
fig-009191,27,"Light Bluish Grey Torso, Dark Bluish Grey Legs, Light Bluish Grey Hair",4
fig-009192,27,"White Torso, Medium Azure Legs, Dark Brown Hair",4
fig-009193,27,"Bright Pink Torso, White Legs, Bright Light Yellow Hair",4
fig-009194,23,"Dark Blue Torso, Dark Green Legs, Dark Red Hat",4
fig-009195,23,"Kid - Medium Blue Torso, Dark Blue Legs, red Cap",4
fig-009196,23,"Kid - Medium Blue Torso, Dark Blue Legs, Reddish Brown Hair",4
fig-009197,23,"Dark Blue Torso, Black Legs, Reddish Brown Hair",4
fig-009198,23,"Blue Torso, Sand Blue Legs, Black Hair",4
fig-009199,23,"Red Torso, Blue Legs, Blue Cap",4
fig-009200,23,"Kid - Red Torso, Dark Blue Legs, Black Cap",4
fig-009201,23,"Kid - White Torso, Light Blush Grey Legs, Black Hair",4
fig-009202,23,"White Torso, Red Legs, Black Hair",4
fig-009203,16,NASA Apollo 11 Astronaut - Crooked Smile,5
fig-009204,16,NASA Apollo 11 Astronaut - Straight Smile,5
fig-009205,16,"Train Worker - Dark Blue Torso, Dark BLue Legs, Dark Red Hat",4
fig-009206,16,"Dark Purple Torso, White Legs, Black Hair",4
fig-009207,16,"Green Torso, Dark Brown Legs, Dark Brown Hair",4
fig-009208,16,"Medium Blue torso, Black Legs, Tan Hair",4
fig-009209,16,"Train Worker - Orange Torso, Light Bluish Grey Legs, Dark Brown Hair",4
fig-009210,16,"Light Bluish Grey Torso, Dark Bluish Grey Legs, Light Bluish Grey Hair",4
fig-009211,15,"Train Worker, Maersk - Dark Bluish Grey Beard",5
fig-009212,15,"Train Worker, Maersk - Sunglasses",5
fig-009213,15,"Train Worker, Maersk - Glasses",5
fig-009214,32,"Bright Light Blue Torso, Dark Purple Legs, Dark Orange Hair",4
fig-009215,32,"Green Torso, Dark Tan Legs, Tan Hair",4
fig-009216,32,"Tan Torso Sweater, Sand Blue Legs, Light Bluish Grey Hair",4
fig-009217,32,"Bright Pink, Medium Azure, White Hair",4
fig-009218,32,"Kid - White Torso, Medium Blue Legs, Black Hair",4
fig-009219,32,"White Torso, Dark Blue Legs, Black Hair",4
fig-009220,32,"Yellow Torso, Blue Legs, Reddish Brown Hair",4
fig-009221,32,"Yellow Torso, Blue Legs, Dark Brown Hair",4
fig-009222,32,"Dark Azure Torso, White Legs, Medium Nougat Hair",4
fig-009223,32,"White Torso, Medium Azure Legs, Tan Hair",4
fig-009224,32,"Light Bluish Grey Torso, Dark Orange Legs, Dark Brown Hair",4
fig-009225,19,"Astronaut - White Torso and Legs, Gold Visor, Female",5
fig-009226,19,"Astronaut - White Torso and Legs, Gold Visor, Male",5
fig-009227,21,"Crew Member - Blue Torso, Blue Legs, Blue Cap",4
fig-009228,20,"Astronaut - White Torso and Legs, Gold Visor, Female, Smile",5
fig-009229,20,"Astronaut - White Torso and Legs, Gold Visor, Male, Smile",5
fig-009230,16,"White Torso, Medium Azure Legs, Dark Brown Hair",4
fig-009231,16,Vestas Employee - Glasses,4
fig-009232,16,Vestas Employee - Moustache,4
fig-009233,28,"Kid - Red Torso, Blue Legs, Medium Nougat Hair",4
fig-009234,28,"Kid - Green Torso, Dark Tan Legs, Dark Brown Hair",4
fig-009235,28,"Black Torso, Dark Bluish Gray Legs, Reddish Brown Hair",4
fig-009236,28,"Medium Blue Torso, Blue Overall, Blue Hat",5
fig-009237,28,"Light Bluish Gray Torso, Dark Red Legs, Dark Red Hat",4
fig-009238,2,Denis Law,4
fig-009239,2,George Best,4
fig-009240,2,Sir Bobby Charlton,4
fig-009241,30,"Medium Lavender Torso, Medium Blue Legs, Tan Hair",4
fig-009242,30,"Dark Azure Torso, Black Legs, Reddish Brown Hair",4
fig-009243,30,"Black Torso, Dark Bluish Grey Legs, Dark Brown Hair",4
fig-009244,30,"Ghost - Skirt, Hood",4
fig-009245,30,"Black Torso, Black Legs, Black Top Hat",4
fig-009246,30,"Dark Turquoise Torso, Dark Blue Legs, Medium Nougat Hair",4
fig-009247,30,"Tan Torso Sweater, Dark Blue Legs, Dark Brown Hair",4
fig-009248,30,"Skeleton, Standard Face, Top Hat, Bent Arms",7
fig-009249,26,Shadow Knight Vladek,6
fig-009250,12,"King Mathias, Gold Armor, Light Bluish Gray Cape, Gold Crown",5
fig-009251,12,"King, Dark Red Armor, Black Cape, Gold Crown",5
fig-009252,12,"Queen, Skull Head, Black Dress, Black Cape, Black Hair",6
fig-009253,12,"Queen, Medium Blue Armor, Light Bluish Gray Dress, Light Bluish Gray Cape, Light Bluish Gray Hair",6
fig-009254,12,Shadow Knight,4
fig-009255,30,Santis,6
fig-009256,23,Rascus,6
fig-009257,25,"King Mathias, Gold Armor, Gold Crown",4
fig-009258,32,Shadow Knight,4
fig-009259,22,"Kid - Black Torso, Wetsuit, Black Legs, Medium Nougat Hair",4
fig-009260,22,"White Torso, Black Legs, Red Cap",4
fig-009261,20,"Bright Pink Torso, White Legs, Medium Nougat Hair",4
fig-009262,20,"White Torso, Dark Blue Legs, Tan Hair",4
fig-009263,27,"Black Torso, Dark Blue Legs, Dark Orange Hair - Squared Glasses",4
fig-009264,27,"Medium Blue Torso, Blue Legs, Dark Brown Hair",4
fig-009265,27,"Orange Torso, Dark Tan Legs, Black Hair",4
fig-009266,28,"Kid - White Torso, Dark Blue Legs, Dark Orange Hair",4
fig-009267,28,"Green Torso, Red Legs, Reddish Brown Hair",4
fig-009268,28,"Dark Tan Torso, Dark Tan Legs, Dark Brown Hair",4
fig-009269,21,"Kid - White Torso, Dark Azure Legs, Dark Brown Hair",4
fig-009270,21,"Dark Blue Torso, Dark Tan Legs, Red Cap",4
fig-009271,21,"Olive Green Torso, White Legs, Red Cap",4
fig-009272,21,"Kid - Blue Torso, Blue Legs, Medium Nougat Hair",4
fig-009273,25,"Red Bathing Suit, Dark Brown Hair",4
fig-009274,25,"White Torso, Blue/Yellow Legs, Reddish Brown Hair",4
fig-009275,25,"Kid - Orange Torso, Medium Lavender Legs, Medium Nougat Hair",4
fig-009276,23,"Construction Worker, Orange Safety Vest with Zipper over Reddish Brown Shirt, Dark Blue Legs, Red Hard Hat, Orange Safety Glasses",4
fig-009277,23,"Train Worker, Orange Safety Vest with Train Logo over Olive Green Hoodie, Dark Bluish Gray Legs, Red Hard Hat with Ear Defenders, Goatee Beard",4
fig-009278,23,"Train Worker, Orange Safety Vest with Train Logo over Olive Green Hoodie, Dark Bluish Gray Legs, Red Hard Hat, Beard",4
fig-009279,23,"Man, Blue Overalls over White V-Neck Shirt, Red Hard Hat, Stubble and Scar (3626b Head)",4
fig-009280,21,"Chef, Red Neckerchief, Black Legs, Glasses",4
fig-009281,21,"Man, Open Dark Blue Jacket, Sand Blue Legs, Dark Orange Hair",4
fig-009282,21,"Train Conductor, Dark Blue Suit with Tie and Train Logo, Dark Red Hat",4
fig-009283,21,"Man, Green V-Neck Sweater, Blue Legs, Black Hair",4
fig-009284,21,"Woman, Cardigan Tied with Bow and Necklace, White Legs, Dark Brown Hair",4
fig-009285,22,"Man, Blue Jacket with Orange Stripes, Dark Blue Legs, Red Cap, Sunglasses",4
fig-009286,22,"Train Worker, Orange Safety Vest with Train Logo over Olive Green Hoodie, Dark Bluish Gray Legs, Red Hard Hat, Brown Beard",4
fig-009287,22,"Train Worker, Woman, Orange Safety Vest with Train Logo over Olive Green Hoodie, Light Bluish Gray Legs, Red Cap with Ear Defenders",5
fig-009288,22,"Man, Green Overalls over Red Shirt, Green Cap, Goatee Beard",4
fig-009289,16,"Man, Blue Jacket over Dark Red Shirt, Dark Tan Legs, Black Legs",4
fig-009290,16,"Train Conductor, Dark Blue Suit with Tie and Train Logo, Dark Red Hat, Goatee Beard",4
fig-009291,16,"Reporter, Red Jacket, Black Legs, Dark Orange Hair",4
fig-009292,18,"Man, Blue Overalls over White V-Neck Shirt, Blue Cap, Beard and Glasses",4
fig-009293,18,"Woman, Blue Overalls over White V-Neck Shirt, Blue Cap",4
fig-009294,21,"Man, Dark Blue Pinstripe Suit with Gold Tie, Dark Tan Hair",4
fig-009295,21,"Man, Blue Jumpsuit with Octan Logo, Dark Red Cap",4
fig-009296,21,"Man, Open Orange Jacket over Light Blue Shirt, Reddish Brown Hair",4
fig-009297,21,"Policeman, Medium Blue Shirt with Badge and Tie, Black Cap, Beard",4
fig-009298,21,"Woman, Cardigan Tied with Bow and Necklace, Dark Tan Legs, Black Hair",4
fig-009299,23,"Construction Worker, Orange Jacket with Zipper and Reflective Stripes, Dark Tan Legs, Blue Cap",4
fig-009300,23,"Construction Worker, Orange Overalls over Blue Sweater, Red Cap, Silver Sunglasses",4
fig-009301,23,"Woman, Cardigan Tied with Bow and Necklace, Light Bluish Gray  Legs, Dark Brown Hair",4
fig-009302,12,"Man, Blue Overalls over White V-Neck Shirt, Red Cap, Glasses, 3626bpr0646 Head",4
fig-009303,15,"Man, Dark Blue Plaid Shirt, Blue Legs, Dark Brown Hair (3626b Head)",4
fig-009304,8,"Policeman, Black Jacket with Zipper and Badge, White Hat, Silver Sunglasses",4
fig-009305,0,"Red Torso, Red Legs, Reddish Brown Hair",4
fig-009306,7,Luigi (Cars),22
fig-009307,27,"Girl, Orange Top, Short Red Legs, Medium Nougat",4
fig-009308,27,"White Torso, Green Legs, Reddish Brown Hair, Female",4
fig-009309,27,"Blue Torso, Reddish Brown Legs, Dark Orange Hair",4
fig-009310,23,"Red Torso, Blue Legs, Reddish Brown Hair",4
fig-009311,21,"Dark Blue Torso, Dark Tan Legs, Black Hair",4
fig-009312,17,"Orange Torso, Dark Blue Legs, Dark BLuish Grey Cap",4
fig-009313,21,"Kid - Red Torso, Green Legs, Dark Orange",4
fig-009314,21,"Blue Torso, Olive Green Legs, Dark Red Cap",4
fig-009315,17,"Blue Torso, Tan Legs, Red Cap, Green Backpack",5
fig-009316,17,"Driver - Blue Torso, Blue Legs, White Helmet",5
fig-009317,17,"White Torso, Dark Blue Legs, Dark Green Cap",4
fig-009318,24,"Kid - White Torso, Blue Legs, BLue Cap",4
fig-009319,24,"Medium Nougat Torso, Medium BLue Legs, Black Hair",4
fig-009320,24,"Green Torso, Dark Tan Legs, Dark Brown Hair",4
fig-009321,20,"Kid - Orange Torso, Dark Azure Legs, Lime Cap",4
fig-009322,20,"Medium Lavender, Dark Purple, Dark Orange Hair",4
fig-009323,19,"White Torso, Classic Space Figure, Dark Blue Legs, Tan Hair",4
fig-009324,19,"Kid - Bright Pink Torso, Medium Lavender Legs, Reddish Brown Hair",4
fig-009325,19,"Orange Torso, Dark Blue Legs, Tan Hair",4
fig-009326,19,"White Torso, Medium Azure Legs, Reddish Brown Hair",4
fig-009327,29,"Kid - White Torso, Red Legs, Medium Nougat Hair",4
fig-009328,29,"Chef, Red Neckerchief, Dark Blue Legs, Butcher's Hat",4
fig-009329,29,"Bright Pink Hair, Blue Legs, Reddish Brown Hair",4
fig-009330,21,"Medium Blue Torso, Medium Blue Legs, Dark Red Hair",4
fig-009331,21,"White Torso, Orange Legs, Black Hair",4
fig-009332,22,"Dark Azure Torso, Tan Legs, Red Cap",4
fig-009333,22,"Tan Torso, Black Legs, Pilot Cap, Moustache",6
fig-009334,21,"Kid - White Torso, Dark Azure Legs, Red Cap",4
fig-009335,21,"Dark Blue Torso, Dark Green Legs, Dark Orange Hair",4
fig-009336,27,"Dark Blue Torso, Suit, Dark Blue Legs, Medium Nougat Hair",4
fig-009337,27,"Orange Torso, Medium Blue Legs, Reddish Brown Hair",4
fig-009338,29,"Kid - White Torso, Green Legs, Dark Green Cap",4
fig-009339,29,"Dark Azure Torso, Dark Blue Legs, Dark Brown Hair",4
fig-009340,29,"Pirate - Blue Torso, Dark Tan Legs, Red Cap",4
fig-009341,29,"Bright Pink Torso, Dark Purple Legs, Dark Orange Hair",4
fig-009342,20,"Kid - Dark Azure Torso, Medium Lavender Legs, Medium Nougat Hair",4
fig-009343,20,"Red Torso, Dark Green Legs Dark Brown Hair",4
fig-009344,26,"Dark Blue Torso, Dark Tan Legs, Black Hair",4
fig-009345,26,"Orange Torso, Dark Blue Legs, Reddish Brown Hair",4
fig-009346,23,"Red Torso, Medium Blue Legs, Bright Light Yellow Hair",4
fig-009347,23,"White Torso, Dark BLue Legs, Dark Orange Hair",4
fig-009348,33,"Kid - White Torso, Green Legs, Dark Brown Hair",4
fig-009349,33,"Red Torso, Dark Tan Legs, Light Bluish Grey Hair",4
fig-009350,33,"Dark Azure Torso, Dark Blue Legs, Dark Red Cap",4
fig-009351,20,"Kid - White Torso, Blue Legs, BLue Cap",4
fig-009352,20,"Dark Bluish Grey Torso, Dark Blue Legs, Dark Orange Hair",4
fig-009353,18,"Kid - Blue Torso, Light Bluish Grey Legs, Red Cap",4
fig-009354,21,"Kid - Orange Torso, Dark Blue Legs, Dark Brown Hair",4
fig-009355,21,"Kid - White Torso, Dark Purple Legs, Dark Brown Hair",4
fig-009356,19,"Pilot - Dark Blue Torso, Dark Blue Legs, Black Helmet",5
fig-009357,28,"Kid - Red Torso, Dark Tan Legs, Dark Blue Cap",4
fig-009358,28,"Green Torso, Dark Blue Legs, Dark Brown Hair",4
fig-009359,21,"Worker - Blue Torso, Orange Overall, Dark Brown Hair",4
fig-009360,10,"Light Bluish Grey Torso, Light Bluish Grey legs, Dark Red Hat",4
fig-009361,10,"Kid - Red Torso, Dark Blue Legs, Dark Orange Hair",4
fig-009362,15,"White Torso, Blue Legs, Black Hair",4
fig-009363,15,"White Torso, Orange Legs, Reddish Brown Hair",4
fig-009364,16,"Orange Torso, Red Legs, Dark Brown Hair",4
fig-009365,16,"White Torso, Blue Legs, Dark Orange Hair",4
fig-009366,14,"Blue Torso, Red Legs, Red Cap",4
fig-009367,14,"White Torso, Blue Legs, Blue Cap",4
fig-009368,14,"White Torso, Green Legs, Reddish Brown Hair, Female",4
fig-009369,18,"Red Torso, Black Legs, Bright Light Yellow Hair",4
fig-009370,18,Statue - Gold Wings,10
fig-009371,12,"Chef - White Torso, Red Legs, BLue Cap",4
fig-009372,12,"Medium Blue Torso, Orange Legs, Reddish Brown Hair",4
fig-009373,20,"Worker - Blue Torso, Blue Legs, Lime Cap",4
fig-009374,14,"Red Torso, Green Overall, Dark Brown Hair",4
fig-009375,14,"Red Torso, Blue Legs, Reddish Brown Hair",4
fig-009376,16,"Lime Torso, Dark Bluish Grey Legs, Dark Orange Hair",4
fig-009377,16,"Police - Black Torso, Black Legs, Black Helmet",5
fig-009378,16,"Red Torso, Red Legs, Tan Hat",4
fig-009379,19,"Kid - Orange Torso, Blue Legs, Black Hair",4
fig-009380,19,"Blue Torso, Red Legs, Red Cap",4
fig-009381,16,"Worker - Orange Torso, Black Legs, Black Cap",4
fig-009382,16,"White Torso, Red Legs, Reddish Brown Hair",4
fig-009383,32,"Dark Purple Torso, White Legs, Dark Orange Hair",4
fig-009384,15,"Orange Torso, Red Legs, Reddish Brown Hair",4
fig-009385,17,"White Torso, Red Legs, Dark Brown Hair",4
fig-009386,17,"Medium Blue Torso, Blue Legs, Dark Orange Hair",4
fig-009387,23,"Shadow Knight, Speckle Black-Silver Helmet and Armor",5
fig-009389,11,"King Mathias, Gold Armor, Gold Crown",4
fig-009390,9,"Shadow Knight, Speckle Black-Silver Helmet",4
fig-009391,17,Mr. Freeze with Pearl Dark Gray Outfit,4
fig-009392,17,Nightwing with Dark Blue Eyemask,4
fig-009393,17,"Man-Bat, White",4
fig-009394,25,"Batgirl, Dark Bluish Gray Suit, Blue Eyemask",5
fig-009395,27,"Batman, Dark Bluish Gray Suit, Black Cape and Cowl, Black Head, Dark Bluish Gray Legs, Gold Trim Batman Logo (19185 Cape)",5
fig-009396,17,Bronze Tiger,3
fig-009397,31,"Captain Marvel, Red Helmet with Mohawk",5
fig-009398,31,"War Machine, Black Outfit with Neck Bracket",5
fig-009399,9,"Worker, Blue Jacket with Orange Stripes, Blue Legs, Blue Cap, Goatee Beard",4
fig-009400,19,"Man, Black Vest over White Shirt with Tie, Black Legs, Black Hair, Stubble",4
fig-009401,19,"Woman, Dark Bluish Gray Jacket with Magenta Scarf, White Legs, Reddish Brown Hair",4
fig-009402,19,"Man, Green V-Neck Sweater, Dark Blue Legs, Dark Brown Hair, Glasses",4
fig-009403,19,"Construction Worker, Orange Overalls over Blue Sweater, Red Cap",4
fig-009404,19,"Man, Black Suit and Tie, Black Hat, Beard",4
fig-009405,19,"Man, White and Blue Hoodie, Blue Legs, Dark Brown Hair",4
fig-009406,14,"Construction Worker, Orange Jacket with Zipper and Reflective Stripes, Green Legs, Black Cap, Goatee Beard",4
fig-009407,15,"Woman, Dark Bluish Gray Jacket with Magenta Scarf, Blue Legs, Reddish Brown Hair",4
fig-009408,15,"Boy, White and Blue Hoodie, Short Light Bluish Gray Legs, Red Cap (3626b Head)",4
fig-009409,15,"Man, Blue Overalls over Shirt, Blue Legs, Black Cap, Glasses",4
fig-009410,15,"Man, Blue and White Striped Overalls, Red Cap, Goatee Beard",4
fig-009411,17,"Worker, Blue Jacket with Orange Stripes, Dark Bluish Gray Legs, Black Cap, Silver Sunglasses",4
fig-009412,17,"Worker, Blue Jacket with Orange Stripes, Dark Bluish Gray Legs, Black Helmet with Visor, Beard",5
fig-009413,17,"Worker, Blue Jacket with Orange Stripes, Dark Bluish Gray Legs, Black Helmet with Visor, Orange Sunglasses",5
fig-009414,20,"Worker, Blue Jacket with Orange Stripes, Dark Bluish Gray Legs, Blue Cap, Goatee Beard",4
fig-009415,20,"Worker, Blue Jacket with Orange Stripes, Blue Legs, Dark Orange Hair, Glasses",4
fig-009416,20,"Worker, Blue Jacket with Orange Stripes, Blue Legs, Black Hair",4
fig-009417,20,"Man, Red Jacket with Classic Space Logo, Red Cap, Stubble",4
fig-009418,16,"Chef, Woman, Red Neckerchief, Light Bluish Gray Legs, Reddish Brown Hair, 3626bpr0043 Head",4
fig-009419,16,"Man, Green Overalls, Blue Cap, Stubble (4485 Cap)",4
fig-009420,16,"Man, Dark Blue Plaid Shirt, Light Bluish Gray Legs, Black Hair",4
fig-009421,16,"Boy, Red Top, Short Light Bluish Gray Legs, Light Bluish Gray Helmet",4
fig-009422,16,"Man, Black Suit and Tie, Black Hat",4
fig-009423,17,"Woman, Open Green Flannel Shirt, Dark Green Legs, Red Cap with Hair",4
fig-009424,17,"Pilot, Medium Blue Jacket, Dark Bluish Gray Legs, White Helmet with Visor, Stubble",5
fig-009425,22,"Bus Driver, Dark Blue Suit with Train Logo, Dark Tan Hair, Beard",4
fig-009426,22,"Girl, Open Bright Light Blue Hoodie over Dark Purple Shirt with Star, Short Medium Lavender Legs, Dark Brown Hair",4
fig-009427,22,"Man, Open Dark Azure Hoodie over Lime Shirt, Red Legs, Light Bluish Gray Helmet",4
fig-009428,22,"Woman, Red and White Letterman Jacket, Sand Blue Legs, Medium Nougat Hair",4
fig-009429,22,"Man, Medium Nougat Argyle Sweater, Dark Red Legs, Moustache and Glasses",4
fig-009430,22,"Woman, Green and White Jacket with Zipper, Light Bluish Gray Legs, Reddish Brown Hair, Glasses",4
fig-009431,21,"Chef, Red Neckerchief, Black Legs, Reddish Brown Hair, Moustache",4
fig-009432,21,"Woman, Bright Light Blue Hoodie, White Legs, Dark Brown Hair",4
fig-009433,26,"Worker, Blue Jacket with Orange Stripes, Dark Bluish Gray Legs, Dark Blue Cap",4
fig-009434,26,"Chef, Red Neckerchief, Red Legs, Red Cap",4
fig-009435,26,"Barista, Woman, White Torso, Reddish Brown Apron, Reddish Brown Hair, Glasses",4
fig-009436,26,"Pilot, Blue Jacket, White Legs, Blue Helmet with Visor, Sunglasses",5
fig-009437,26,"Futuron Spaceman, Green with Airtanks and Trans-Brown Visor (LEGO Store Statue)",6
fig-009438,26,"Knight, Blue and White (LEGO Store Statue)",4
fig-009439,26,"Pizza Delivery Man, Red and White Polo Shirt, Green Legs, Red Helmet with Visor",5
fig-009440,26,"Boy, Floating Classic Spaceman on Shirt, Short Light Bluish Gray Legs, Red Cap",4
fig-009441,26,"Train Conductor, Dark Blue Suit with Tie and Train Logo, Dark Red Hat, Glasses (3626c head)",4
fig-009442,26,"Woman, Dark Bluish Gray Jacket with Magenta Scarf, White Legs, Black Ponytail Hair",4
fig-009443,26,"LEGO Store Employee, LEGO Logo on Back, Red Cap, Stubble",4
fig-009444,26,"LEGO Store Employee, LEGO Logo on Back, Reddish Brown Hair, Beard and Glasses",4
fig-009445,26,"Man, Blue Overalls over Shirt, Blue Legs, Blue Cap, Goatee Beard",4
fig-009446,26,"Girl, Cardigan Tied with Bow and Necklace, Tan Legs, Reddish Brown Hair",4
fig-009447,16,"Chef, Woman, Red Neckerchief, Light Bluish Gray Legs, Reddish Brown Ponytail Hair, 3626bpr0892 Head",4
fig-009448,16,"Man, Green Overalls, Blue Cap, Stubble (86035 Cap)",4
fig-009449,26,Knight Statue,4
fig-009450,26,"Man, Black Vest and Tie, Light Bluish Gray Legs, Dark Brown Hair",4
fig-009451,26,"Chef, Red Neckerchief, Dark Bluish Gray Legs, Beard",4
fig-009452,26,"Construction Worker, Orange Jacket with Zipper and Reflective Stripes, Orange Legs, Red Hard Hat, Stubble",4
fig-009453,26,"Woman, Green Overalls over Red Paid Shirt, Red Cap with Ear Defenders",5
fig-009454,26,"Man, Blue Overalls over Shirt, Blue Legs, Orange Cap, Safety Glasses and Goatee Beard",4
fig-009455,26,"Boy, White and Blue Hoodie, Short Blue Legs, Lime Cap (3626c Head)",4
fig-009456,19,"Racer, Woman, Black, Red, and White Jacket, Red Legs, Red Helmet with Visor",5
fig-009457,19,"Racer, Dark Blue Jumpsuit with Octan E Logo, White Helmet with Visor",5
fig-009458,23,"Doctor - White Legs, Black Hair",4
fig-009459,17,"Medium Blue Torso, White Legs, Reddish Brown Hair",4
fig-009460,17,"Chef - White Torso, Black Legs",4
fig-009461,23,"Worker - Orange Torso, BLue Legs, Red Helmet",4
fig-009462,16,"Black Torso, Orange Legs, Black Cap",4
fig-009463,17,"Dark Blue Torso, White Legs, Black Hair",4
fig-009464,18,"Blue Torso, Black Legs, Black Hair",4
fig-009465,18,"Black Torso, Reddish Brown Legs, Reddish Brown Hair",4
fig-009466,10,"Blue Torso, Tan Legs, Lime Cap",4
fig-009467,10,"Red Torso, White Legs, Black Hair",4
fig-009468,10,"Doctor - White Legs, Red Hair",4
fig-009469,10,"Red Torso, Black Legs, Black Hair",4
fig-009470,10,"Black Torso, Red Legs, Red Helmet",4
fig-009471,10,"White Torso, White Legs, Red Helmet",4
fig-009472,10,"Woman, Red Torso, Red Legs,  Brown Hair (3626a Head)",10
fig-009473,10,"White Torso, Blue Legs, Red Cap (3626a Head)",4
fig-009474,10,"Black Torso, White Legs, White Cap",4
fig-009475,10,"Blue Torso, Light Grey Legs, Blue Hat",4
fig-009476,24,"Red Torso, Red Slope for Dress, Reddish Brown Hair",5
fig-009477,24,"Astronaut - White Torso and Legs, Plain, Gold Visor, Female",5
fig-009478,24,"Soldier - Dark Red Torso, Dark Red Legs, Flat Silver Helmet",4
fig-009479,24,Droid,10
fig-009480,24,"Elf - Dark Purple Torso, Medium Lavender Legs, Green Hat",4
fig-009481,24,"Goblin - Bright Pink Torso, White Legs, Magenta Hat",4
fig-009482,24,"Dark Blue Torso, Reddish Brown Legs, Reddish Brown Hat",5
fig-009483,24,"Red Torso, Red Slope for Dress, Black Hair",4
fig-009484,24,"White Torso, Dark Purple Legs, Dark Purple Ninja Wrap",4
fig-009485,24,"Black Torso, Light Bluish Grey Legs, Ninja Wrap",4
fig-009486,24,"White Torso, White Slope for Dress, White Hair",5
fig-009487,24,"Red Torso, Blue Legs, Black Hair, Black Cape",5
fig-009488,24,"Medium LAvender Torso, Dark Purple Legs, Black Witch Hat",4
fig-009489,24,"Dark Red Torso, Dark Red Legs, Black Hair",4
fig-009490,13,Max,4
fig-009491,13,Mia,4
fig-009492,12,"White Torso Octan, Blue Legs, Blue Cap",4
fig-009493,12,"White Torso, Red Legs, Black Hair, Freckles",4
fig-009494,22,"White Torso Octan, White Legs, Black Hair, Female",4
fig-009495,10,"White Torso with Surfboard, Green Legs, Red Cap (3626c Head)",4
fig-009496,10,"White Torso with Flowers, Orange Legs, Black Hair (3626c Head)",4
fig-009497,13,"Bright Light Blue Torso, Bright Light Orange Legs, Dark Brown Hair",4
fig-009498,13,"Dark Azure Torso, Black Legs, Black Hair",4
fig-009499,13,"White Torso, Blue Legs, Black Hair",4
fig-009500,18,"Police - Medium Blue Torso, Dark Blue Legs, Dark Blue Cap",4
fig-009501,21,"Light Bluish Grey Torso, Reddish Brown Legs, Reddish Brown Hair",4
fig-009502,12,"Blue Torso, Sand Blue Legs, Black Hair",4
fig-009503,12,"Blue Torso, Sand Blue Legs, Reddish Brown Hair",4
fig-009504,12,"Red Torso, White Legs, reddish Brown Hair",4
fig-009505,12,"Red Torso, White Legs, Black Cap",4
fig-009506,12,"Sand Blue Torso, Blue Legs, Black Hair",4
fig-009507,12,"Sand Blue Torso, Blue Legs, Light Bluish grey Hair",4
fig-009508,12,"White Torso, Red Legs, Reddish Brown Hair",4
fig-009509,12,"White Torso, Red Legs, Black Hair",4
fig-009510,12,"Black Torso, White Legs, Reddish Brown Aviator Cap, Skis, Female",7
fig-009511,12,"White Torso, Black Legs, Black Aviator Cap, Skis, Female",7
fig-009512,12,"Black Torso, White Legs, Black Aviator Cap, Skis, Male",7
fig-009513,12,"White Torso, Black Legs, Reddish Brown Aviator Cap, Skis, Male",7
fig-009514,25,"Nature's Fury, Woman",4
fig-009515,25,"Nature's Fury, Girl",4
fig-009516,25,"Nature's Fury, Man",4
fig-009517,22,"White Torso, Medium Blue Legs, Reddish Brown Hair",4
fig-009518,22,"Red Torso, Black Legs, Black Hair",4
fig-009519,28,"Astronaut - White Torso and Legs, Black Backpack",6
fig-009520,28,"Astronaut - White Torso and Legs, Neck Bracket, Glasses",6
fig-009521,17,"Astronaut - White Torso and Legs, Tans-Black Visor, Female",5
fig-009522,17,"Astronaut - White Torso and Legs, Tans-Black Visor, Male",5
fig-009523,17,"Astronaut - Orange Torso and Legs, Tans-Black Visor, Male",5
fig-009524,17,"Astronaut - Orange Torso and Legs, Tans-Black Visor, Female",5
fig-009525,20,"White Torso, Red Legs, Dark Brown Hair",4
fig-009526,20,"White Torso, Blue Legs, Lime Cap",4
fig-009527,34,Knight - Light Bluish Grey Armour with Crown,6
fig-009528,33,Skeleton Warrior General Bone,5
fig-009529,15,Chess Piece - Crown - Bishop,5
fig-009530,23,Chess Piece - Crown - King,6
fig-009531,15,Chess Piece - Evil - Bishop,5
fig-009532,15,Chess Piece - Evil - Queen,6
fig-009533,13,"Tow Mater, Juniors",37
fig-009534,8,"Worker - Blue Torso, Orange Overall, Blue Cap",4
fig-009535,8,"Racer - Red Torso, Red Legs, Red Helmet",5
fig-009536,11,"Pirate - White/Green Vest, Reddish Brown Legs, Dark Green Bandana",4
fig-009537,7,Graduate - Male,5
fig-009538,11,"Knight - Crown Symbol, Pearl Grey Breastplate, Dark Bluish Grey legs",6
fig-009539,7,"White Torso, Blue Overall, Red Cap, Male (3626b Head)",4
fig-009540,7,"White Torso, Blue Overall, Red Cap, Female",4
fig-009541,22,"Woman, Open Green Jacket with Necklace, Dark Brown Hair",4
fig-009542,22,"Man, Medium Blue Shirt with Octan Logo, Dark Blue Legs, Dark Brown Hair",4
fig-009543,22,"Man, Medium Blue Shirt with Octan Logo, Medium Blue Legs, Blue Cap, Beard and Glasses",4
fig-009544,22,"Construction Worker, Safety Jacket over Hoodie with Belt, Orange Legs, Blue Cap, Stubble",4
fig-009545,17,"Man, Blue Jumpsuit with Octan Logo, Black Cap, Stubble",4
fig-009546,17,"Man, Red Jacket with Classic Space Logo, Black Helmet with Visor, Silver Sunglasses",5
fig-009547,17,"Man, Red Shirt with Dark Blue Arms, Red Cap, Glasses",4
fig-009548,16,"Woman, Open Green Jacket with Necklace, Dark Orange Hair",4
fig-009549,16,"Man, Dark Blue Plaid Shirt, Light Bluish Gray Legs, Dark Brown Hair",4
fig-009550,15,"Man, White Tank Top with Windsurfer, Blue Legs, Black Hair",4
fig-009551,15,"Woman, Cardigan Tied with Bow and Necklace, Dark Blue Legs, Reddish Brown Hair",4
fig-009552,15,"Man, Green V-Neck Sweater, Dark Blue Legs, Dark Brown Hair, Stubble",4
fig-009553,15,"Woman, Medium Blue Polo Shirt with Necklace, Tan Legs, Dark Tan Hair",4
fig-009554,16,"Man, Green V-Neck Sweater, Tan Legs, Dark Brown Hair",4
fig-009555,16,"Man, Blue Overalls over Shirt, Blue Legs, Blue Cap, Beard and Glasses",4
fig-009557,18,"Woman, Dark Bluish Gray Jacket with Magenta Scarf, Dark Tan Legs, Dark Orange Hair",4
fig-009558,10,"Racer, White, Green, and Red Jumpsuit, Red Helmet with Visor",5
fig-009559,13,"Racer, Red and White Jumpsuit with 'AIRBORNE', White Helmet with Visor, Sunglasses",5
fig-009560,15,"Racer, Black and Red Jumpsuit, Red Cap",4
fig-009561,15,"Racer, Black and Red Jumpsuit, Red Cap, Silver Sunglasses",4
fig-009562,16,"Woman, Red and White Letterman Jacket, Dark Bluish Gray Legs, Black Helmet with Visor",5
fig-009563,16,"Man, Open Light Bluish Gray Hoodie over Dark Red Shirt, Dark Blue Legs, Red Cap",4
fig-009564,34,"Man, Black Vest and Tie, Black Legs, Black Hat, Beard and Glasses",4
fig-009565,34,"Construction Worker, Woman, Orange Safety Vest with Zipper over Reddish Brown Shirt, Reddish Brown Legs, Red Hard Hat with Hair, Safety Glasses",4
fig-009566,34,"Construction Worker, Safety Jacket over Hoodie with Belt, Orange Legs, Red Hard Hat with Ear Defenders, Goatee Beard",4
fig-009567,34,Hotel Bellhop,4
fig-009568,34,"Woman, White and Dark Azure Striped Tank Top with Red Neckerchief, Dark Azure Legs, Bright Light Yellow Hair",4
fig-009569,34,"Man, Sand Blue Suit with Red Tie, Tan Hair, Glasses",4
fig-009570,34,"Woman, Red and White Letterman Jacket, Dark Bluish Gray Legs, Red Cap with Hair",4
fig-009571,34,"Cave Man, Museum Exhibit",4
fig-009572,34,"Policewoman, Bright Light Blue Shirt with Radio and Badge, Dark Blue Legs, Black Hair, Sunglasses",4
fig-009573,34,"Man, Open Light Bluish Gray Hoodie over Dark Red Shirt, Olive Green Legs, Light Bluish Gray Helmet",4
fig-009574,34,"Woman, Bright Pink and Dark Pink Striped Top, White Legs, Bright Light Yellow Hair",4
fig-009575,34,"Man, Dark Blue Plaid Shirt, Dark Bluish Gray Legs, Black Hair, Orange Scarf, Stubble",5
fig-009576,34,"Man, Open Dark Azure Hawaiian Shirt, Tan Legs, Dark Tan Cap, Silver Sunglasses",4
fig-009577,23,"Robin, Green Eyemask, Yellow Utility Belt, Short Black Legs, Yellow Cape",5
fig-009579,27,"Harley Quinn in Black and Red Jester Outfit, Bright Light Yellow Hair with Magenta and Azure Highlights",4
fig-009580,23,"Loki, Dark Green Outfit",5
fig-009581,37,"Captain Marvel, Bright Light Yellow Hair",4
fig-009582,23,"Thor, Red Cape, Tan Hair",5
fig-009583,24,"Diver, Man, Black and Lime Wetsuit, Black Helmet and Mask",6
fig-009584,24,"Diver, Woman, Black And Azure Wetsuit, Black Helmet with Mask",6
fig-009585,15,"Woman, Green and White Jacket with Zipper, Sand Blue Legs, Reddish Brown Hair, Yellow Life Vest",5
fig-009586,15,"Man, Open Dark Azure Hoodie over Lime Shirt, Dark Tan Legs, Dark Red Cap, Yellow Life Vest, Silver Sunglasses",5
fig-009587,16,"Woman, Dark Bluish Gray Suit with Magenta Scarf, Dark Orange Hair",4
fig-009588,16,"Sailor, Open Blue Jacket with Anchor over Dark Red Sweater, White Legs, Black Hat, Beard and Glasses",4
fig-009589,15,"Racer, Woman, Black Jacket with Extreme Team Logo, Orange Legs, Blue Cap",4
fig-009590,15,"Racer, Black Jacket with Extreme Team Logo, Orange Legs, Blue Helmet with Visor, Yellow Life Vest",6
fig-009591,4,"Man, Black and Light Bluish Gray Wetsuit, Dark Orange Hair, Yellow Life Vest",5
fig-009592,4,"Woman, White Vest with Stars, Blue Legs, Reddish Brown Hair, Yellow Life Vest",5
fig-009593,17,"Ship Captain, White Shirt with Anchor and Tie, Black Legs, White Hat, Beard and Glasses",4
fig-009594,17,"Man, Green Overalls, Dark Bluish Gray Hat, Goatee Beard",4
fig-009595,17,"Man, Blue Overalls over Shirt, Blue Legs, Black Hat, Stubble",4
fig-009596,17,"Man, Blue and White Striped Overalls, Red Hard Hat, Silver Sunglasses",4
fig-009597,20,"Ship Captain, White Shirt with Anchor and Tie, Black Legs, Black Hat, Beard",4
fig-009598,20,"Construction Worker, Orange Jacket with Zipper and Reflective Stripes, Red Hard Hat, Glasses",4
fig-009599,20,"Man, Green Overalls over Red Shirt, Black Cap, Glasses",4
fig-009600,20,"Man, Blue Overalls over Shirt, Blue Legs, Dark Bluish Gray Hat, Stubble",4
fig-009601,20,"Diver, Black and Gray Wetsuit, Helmet with Mask, Airtank, Stubble",6
fig-009602,20,"Lifeguard, Black and Gray Wetsuit, Red Cap, Yellow Life Vest",5
fig-009603,20,"Woman, White Vest with Stars, Blue Legs, Reddish Brown Hair",4
fig-009604,20,"Man, White and Blue Hoodie, Blue Legs, Blue Cap, Silver Sunglasses",4
fig-009605,20,"Surfer, White Tank Top with Surfer, Yellow Legs, Black Hair",4
fig-009606,11,"Racer, Blue Jumpsuit with Octan Logo, Red Cap, Open Mouth",4
fig-009607,11,"Racer, Blue Jumpsuit with Octan Logo, Red Cap, Stubble",4
fig-009608,12,"Man, Dark Blue Plaid Shirt, Blue Legs, Dark Orange Hair, Yellow Life Vest",5
fig-009609,12,"Boy, White and Blue Hoodie, Short Blue Legs, Lime Cap (3626b Head)",5
fig-009610,13,"Pilot, Blue Jacket with Plane Logo and Blue Tie, Dark Bluish Gray Helmet with Visor, Silver Sunglasses",5
fig-009611,13,"Man, Red Top with Dark Blue Arms, Dark Bluish Gray Legs, Light Bluish Gray Helmet, Yellow Life Vest, Orange Sunglasses",5
fig-009612,18,"Woman, Blue Overalls over White V-Neck Shirt, Reddish Brown Hair",4
fig-009613,18,"Man, Green Overalls over Red Shirt, Red Cap, Beard and Glasses",4
fig-009614,17,"Man, Blue Overalls over Shirt, Blue Legs, Red Cap, Stubble",4
fig-009615,17,"Man, Green Overalls over Red Shirt, Tan Wide Brim Hat, Beard and Glasses",4
fig-009616,17,"Woman, Tan Shirt with Two Pockets, Red Legs, Reddish Brown Hair",4
fig-009617,12,"Woman, Black Jacket with Tie, White Legs, Black Hard Hat",4
fig-009618,12,"Man, Dark Blue Plaid Shirt, Tan Legs, Dark Orange Hair, Goatee Beard",4
fig-009619,15,"Man, Green Overalls over Red Shirt, Red Cap, Beard",4
fig-009620,15,"Man, Open Dark Red Jacket, Dark Tan Legs, Dark Brown Hair, Silver Sunglasses",4
fig-009621,13,"Pilot, Black Suit with Tie and Airplane Badge, Black Hat, Silver Sunglasses",4
fig-009622,13,"Ground Crew, Orange Overalls over Blue Sweater, Black Cap, Stubble",4
fig-009623,15,"Ground Crew, Blue Suit with Tie and Plane Logo, Red Cap, Orange Vest, Stubble",5
fig-009624,19,"Pilot, Black Suit with Tie and Airplane Badge, Black Hat, Brown Eyebrows",4
fig-009625,15,"Man, Red Jacket with Classic Space Logo, Black Cap",4
fig-009626,13,"Pilot, Black Suit with Tie and Airplane Badge, Reddish Brown Hair, Beard",4
fig-009627,13,"Man, Open Dark Blue Jacket, Dark Bluish Gray Legs, Dark Orange Hair",4
fig-009628,15,"Man, Open Dark Blue Jacket, Reddish Brown Legs, Helmet and Goggles",5
fig-009629,15,"Woman, Red Top with Dark Blue Arms, Sand Blue Legs, Dark Brown Hair",4
fig-009630,9,"Woman, Medium Blue Polo Shirt with Necklace, White Legs, Black Hair",4
fig-009631,9,"Man, Green V-Neck Sweater, Tan Legs, Dark Brown Hair",4
fig-009632,17,"Pilot, Black Suit with Tie and Airplane Badge, Black Hat, Orange Sunglasses",4
fig-009633,17,"Man, Black Vest and Tie, Black Legs, Black Hair, Glasses",4
fig-009634,19,"Woman, Dark Bluish Gray Jacket with Magenta Scarf, Light Bluish Gray Legs, Reddish Brown Hair, Open Mouth",4
fig-009635,17,"Man, Black Suit and Tie, Black Hat, Silver Sunglasses",4
fig-009636,17,"Airline Worker, Blue Jacket with Tie and Plane Logo, Light Bluish Gray Legs, Reddish Brown Hair",4
fig-009637,17,"Man, Medium Blue Shirt with Palm Trees and Sunset, Dark Blue Legs, Black Hair",4
fig-009638,25,"Pilot, Black Suit with Tie and Airplane Badge, Black Hat, Cheek Lines",4
fig-009639,18,"Ground Crew, Orange Jacket with Zipper and Reflective Stripes, Blue Legs, Dark Bluish Gray Hat, Stubble",4
fig-009640,18,"Man, Open Dark Blue Jacket, Light Bluish Gray Legs, Reddish Brown Hair",4
fig-009641,22,"Pilot, White Shirt with Dark Green Tie and Wing Badge, Black Legs, Black Hat, Sunglasses",4
fig-009642,21,"Ground Crew, Blue Jacket with Orange Stripes, Red Cap with Ear Defenders",5
fig-009643,23,"Ground Crew, Blue Overalls over Shirt, Red Cap with Ear Defenders, Stubble",5
fig-009644,21,"Ground Crew, Blue Overalls over Shirt, Red Cap with Ear Defenders, Safety Glasses and Goatee Beard",5
fig-009645,21,"Woman, Dark Bluish Gray Jacket with Magenta Scarf, Light Bluish Gray Legs, Reddish Brown Hair",4
fig-009646,14,"Lumberjack, Dark Red Flannel Shirt, Red Cap with Ear Defenders, Orange Safety Glasses",5
fig-009647,14,"Lumberjack, Dark Red Flannel Shirt, Red Cap with Ear Defenders, Beard",5
fig-009648,19,"Ground Crew, Blue Suit with Tie and Plane Logo, Red Cap, Orange Vest",5
fig-009649,19,"Airline Worker, Blue Suit with Tie and Plane Logo, Reddish Brown Hair, Glasses",4
fig-009650,19,"Man, Dark Blue Plaid Shirt, Blue Legs, Black Hair, Stubble",4
fig-009651,19,"Man, Red Top with Dark Blue Arms, Tan Legs, Red Cap",4
fig-009652,24,"Poppy Starr, Pink Tank Top, White Legs",4
fig-009653,24,"Ground Crew, Dark Blue Jumpsuit, Red Hard Hat with Ear Defenders",4
fig-009654,24,"Man, Medium Blue Shirt with Palm Trees and Sunset, Tan Legs, Bright Light Yellow Hair",4
fig-009655,55,"Baby, Dark Turquoise Body",2
fig-009656,24,"Man, Open Dark Azure Hawaiian Shirt, Dark Orange Legs, Dark Brown Hair, Baby Carrier",5
fig-009657,24,"Woman, Black Top with Guitar, Black Legs, Black Hair",4
fig-009658,24,"Ground Crew, Orange Safety Vest, Dark Tan Legs, Reddish Brown Hair",4
fig-009659,24,"Pilot, Woman, White Shirt with Tie and Wings Badge, Black Legs, Reddish Brown Hair, Sunglasses",4
fig-009660,24,"Pilot, Dark BLue JAcket with Tie and Wings Badge, Light Bluish Gray Legs, Black Hair, Beard",4
fig-009661,23,"Ground Crew, Medium Blue Shirt with Octan Logo, Tan Legs, Red Cap with Hair",4
fig-009662,23,"Ground Crew, Orange Safety Vest, Blue Legs, Red Hard Hat with Ear Defenders",4
fig-009663,23,"Man, Sand Blue Suit with Red Tie, Dark Tan Hair, Beard",4
fig-009664,23,"Woman, Dark Purple Jogging Suit, White Hair, Large Glasses",4
fig-009665,23,"Man, White Tank Top with Windsurfer, Lime Legs, Reddish Brown Hair, Silver Sunglasses",4
fig-009666,21,"Pilot, White Shirt with Tie and Wing Badge, Black Legs, Black Hat, Silver Sunglasses",4
fig-009667,19,"Man, Black Vest with Tie, Dark Tan Hair, Beard",4
fig-009668,19,"Woman, Open Green Jacket with Necklace, Medium Nougat Hair",4
fig-009669,19,"Man, Open Light Bluish Gray Hoodie over Dark Red Shirt, Dark Tan Legs, Dark Brown Hair",4
fig-009670,19,"Ground Crew, Orange Safety Vest, Medium Blue Legs, Orange Cap, Goatee Beard",4
fig-009671,23,"Ground Crew, Orange Safety Vest, Medium Blue Legs, Red Hard Hat, Stubble",4
fig-009672,20,"Pilot, Woman, Dark Blue Jumpsuit with Plane and Wings Badge, White Helmet with Stars and Visor",5
fig-009673,20,"Pilot, Dark Blue Jumpsuit with Plane and Wings Badge, White Helmet with Stars and Visor, Sunglasses",5
fig-009674,20,"Pilot, Woman, White and Dark Red Jumpsuit, Medium Nougat Hair",4
fig-009675,20,"Pilot, White and Dark Red Jumpsuit, Helmet with Goggles",5
fig-009676,20,"Ground Crew, Medium Blue Shirt with Octan Logo, Medium Blue Legs, Blue Cap",4
fig-009677,20,"Ground Crew, Orange Safety Vest, Medium Blue Legs, Red Hard Hat with Ear Defenders, Goatee Beard",4
fig-009678,21,"Woman, Dark Blue Suit, Dark Orange Hair",4
fig-009679,21,"Man, Black Vest with Tie, Black Hat, Beard",4
fig-009680,11,"Pilot, Red Jacket with Straps, Red Helmet with Visor, Silver Sunglasses",5
fig-009681,11,"Ground Crew, Orange Safety Vest, Medium Blue Legs, Orange Cap, Orange Safety Glasses",4
fig-009682,11,"Ground Crew, Medium Blue Shirt with Octan Logo, Medium Blue Legs, Blue Cap, Goatee Beard",4
fig-009683,11,"Postal Worker, Woman, Red Jacket with Zipper and Letter Logo, Black Legs, Dark Orange Hair",4
fig-009684,15,"Firewoman, Orange Safety Vest with Radio, Dark Red Helmet",4
fig-009685,7,"Racer, White and Orange Jumpsuit, Red Helmet with Visor",5
fig-009686,16,"Man, Red Top with Dark Blue Arms, White Legs, Black Hair, Stubble",4
fig-009687,16,"Woman, White Vest with Stars, Green Legs, Black Hair",4
fig-009688,16,"Boy, White and Blue Hoodie, Short Light Bluish Gray Legs, Dark Orange Hair",4
fig-009690,8,Falcon,5
fig-009691,7,"Astronaut, White, Blue Cap, Cheek Lines",4
fig-009692,22,"Astronaut, Woman, White, Diver Helmet, Gold Visor",5
fig-009693,24,"Astronaut, White, Diver Helmet, Gold Visor, Eyebrows",5
fig-009694,23,"Ground Crew, Orange Safety Vest, Dark Blue Legs, White Hard Hat, Stubble",4
fig-009695,21,"Ground Crew, Orange Safety Vest, Dark Blue Legs, White Hard Hat, Orange Safety Goggles",4
fig-009696,19,"Man, Black Vest with Tie, Dark Brown Hair, Beard",4
fig-009697,19,"Ground Crew, Blue Jumpsuit with Orange Stripes and Pockets, Orange Cap, Silver Sunglasses",4
fig-009698,19,"Astronaut, White, Blue Cap",4
fig-009699,19,"Astronaut, Woman, White, Blue Cap",4
fig-009700,12,"Ground Crew, Blue Jumpsuit with Orange Stripes and Pockets, Blue Cap, Glasses",4
fig-009701,14,"Man, Open Blue Jacket over Dark Red Shirt, Sand Blue Legs, Red Cap, Silver Sunglasses",4
fig-009702,14,"Man, Dark Blue Pinstripe Suit with Gold Tie, Dark Brown Hair, Brown Eyebrows",4
fig-009703,31,Tread Octane,4
fig-009704,28,"Woman, Black Top with Guitar, Sand Blue Legs, Red Cap with Hair",4
fig-009705,28,"Man, Blue Overalls over Shirt, Red Bandana",4
fig-009706,28,"Woman, Open Dark Green Hoodie, Black Hair",4
fig-009707,28,"Man, Sand Blue Suit with Red Tie, Black Hair",4
fig-009708,29,"Harl Hubbs, Dark Blue Overalls",4
fig-009709,28,"Woman, Red and White Striped Sweater, Medium Azure Legs, Medium Nougat Hair",4
fig-009710,18,"Woman, Open Dark Green Jacket with Red Neckerchief, Dark Red Legs, Red Cap with Hair",4
fig-009711,18,"Man, Dark Tan Vest, Tree Costume with Branch",7
fig-009712,15,"Racer, White and Orange Jumpsuit with 'VITA RUSH', Blue Helmet with Goggles, Stubble",5
fig-009713,15,"Man, Light Bluish Gray Hoodie over Dark Red Shirt, Black Legs, Black Helmet with Visor",5
fig-009714,12,"Racer, Lime and Dark Purple Jumpsuit, White Helmet with Visor",5
fig-009715,13,"Racer, White and Orange Jumpsuit with 'VITA RUSH', White Helmet with Visor (3626cpr1144 Head)",5
fig-009716,19,"Racer, Dark Blue and White Jumpsuit with 'GEAR', White Helmet with 'G' and Visor",5
fig-009717,19,"Racer, Woman, Dark Blue and White Jumpsuit with 'GEAR', Reddish Brown Hair",4
fig-009718,14,"Racer, White and Green Jumpsuit with Octan Logo, Red Helmet with Visor",5
fig-009719,13,"Racer, White and Green Jumpsuit with Octan Logo, Red Cap",4
fig-009720,13,"Racer, White and Green Jumpsuit with Octan Logo, Red Cap with Ear Defenders, Stubble",5
fig-009721,21,"Woman, Bright Pink Top, Medium Azure Legs, Bright Light Yellow Hair",4
fig-009722,21,"Man, Medium Blue Shirt with Octan Logo, Dark Blue Legs, Dark Blue Cap, Goatee Beard",4
fig-009723,21,"Man, Open Dark Azure Hawaiian Shirt, Dark Tan Legs, Black Hair",4
fig-009724,21,"Woman, Lime Hoodie, Blue Legs, Black Hair",4
fig-009725,23,"Volcano Explorer, Man, Olive Green Jumpsuit with Straps, White Hard Hat with Visor, Breathing Apparatus, Airtanks, Stubble",7
fig-009726,23,"Volcano Explorer, Man, Olive Green Jumpsuit with Straps, White Helmet with Visor, Sunglasses",5
fig-009727,25,"Volcano Explorer, Woman, Olive Green Jumpsuit with Straps, White Hard Hat with Visor, Breathing Apparatus, Airtanks",7
fig-009728,23,"Volcano Explorer, Woman, Olive Green Shirt with Rope, White Hard Hat with Hair",4
fig-009729,24,"Volcano Explorer, Man, Flat Silver Hazmat Suit",4
fig-009730,22,"Volcano Explorer, Man, Olive Green Shirt, White Hard Hat with Ear Defenders, Beard",4
fig-009731,24,"Volcano Explorer Scientist, Woman, Open White Lab Coat, Sand Blue Legs, White Hard Hat with Hair",4
fig-009732,24,"Volcano Explorer, Man, Olive Green Shirt, Sand Blue Legs, Dark Tan Wide Brim Hat",4
fig-009733,22,"Volcano Explorer, Man, Olive Green Shirt, Sand Blue Legs, Dark Tan Cap, Beard",4
fig-009734,15,"Volcano Explorer Scientist, Woman, Open White Lab Coat, Sand Blue Legs, Reddish Brown Hair, Glasses",4
fig-009735,9,"Diver, Man, Red and Dark Blue Wetsuit with Straps and Gauges, Red Diving Helmet, Airtanks",5
fig-009736,28,"Diver, Man, Dark Blue and Orange Wetsuit, Dark Blue Diving Helmet with Visor",5
fig-009737,28,"Diver, Man, Red and Dark Blue Wetsuit with Straps and Gauges, Red Diving Helmet, Airtanks, Stubble",5
fig-009738,28,"Diver, Woman, Red and Dark Blue Wetsuit with Straps and Gauges, Red Diving Helmet, Airtanks, Open Mouth",5
fig-009739,28,"Marine Scientist, Woman, Open White Lab Coat, Sand Blue Legs, Medium Nougat Hair, Glasses",4
fig-009740,28,"Marine Explorer, Sand Blue Jumpsuit, Red Cap, Headset",4
fig-009741,20,"Marine Explorer, Dark Red Jacket, Dark Blue Cap, Sweat Drops",4
fig-009742,20,"Diver, Man, Dark Blue and Orange Wetsuit, Dark Blue Diving Helmet with Flashlights and Visor, Glasses",9
fig-009743,20,"Diver, Woman, Dark Blue and Orange Wetsuit, Dark Blue Diving Helmet with Flashlights and Visor",9
fig-009744,20,Jessica Sharpe,4
fig-009745,12,"Marine Explorer, Sand Blue Jumpsuit, Red Cap",4
fig-009746,22,"Diver, Woman, Black and Red Wetsuit with Gauges, Red Helmet with Mask",6
fig-009747,22,"Marine Explorer, Open Red Jacket over Dark Red Sweater, Red Cap, Stubble",4
fig-009748,22,"Marine Explorer, Woman, Open Red Jacket over Dark Red Sweater, Dark Orange Hair",4
fig-009749,22,"Pilot, Blue Jacket with Zipper and Wings Badge, Dark Blue Cap, Silver Sunglasses",4
fig-009750,28,"Diver, Man, Orange Wetsuit, Diving Helmet with Visor, Beard",5
fig-009751,27,"Ship Captain, Open Blue Jacket with Anchor over Dark Red Sweater, Tan Legs, Dark Blue Hat, Goatee Beard",4
fig-009752,30,"Marine Explorer, Open Red Jacket over Dark Red Sweater, Dark Red Hat, Stubble",4
fig-009753,27,"Diver, Woman, Black and Red Wetsuit with Gauges, Red Helmet with Mask",6
fig-009754,27,"Diver, Man, Black and Red Wetsuit with Gauges, Red Helmet with Mask",6
fig-009755,32,"Diver Adam, Black and Red Wetsuit with Gauges, Red Helmet with Mask",6
fig-009756,30,"Diver, Woman, Black and Red Wetsuit with Gauges, Red Helmet with Mask",6
fig-009757,19,"Marine Explorer, Woman, Open Red Jacket over Dark Red Sweater, Reddish Brown Hair, Glasses",4
fig-009758,24,"Harl Hubbs, Dark Red Jacket, Sand Blue Legs, Reddish Brown Hair, Orange Life Vest",5
fig-009759,24,"Marine Explorer, Dark Red Jacket, Sand Blue Legs, Dark Blue Hat, Orange Life Vest",5
fig-009760,24,"Marine Explorer, Open Dark Red Jacket, Dark Blue Legs, White Helmet with Visor, Stubble",5
fig-009761,24,"Marine Explorer, Dark Blue Shirt, Dark Bluish Gray Legs, Dark Blue Cap, Orange Life Vest",5
fig-009762,24,"Diver, Woman, Dark Blue and Orange Wetsuit, Dark Blue Diving Helmet with Visor",5
fig-009763,24,"Diver, Woman, Red and Dark Blue Wetsuit with Straps and Gauges, Red Diving Helmet, Airtanks",5
fig-009764,24,"Diver, Man, Red and Dark Blue Wetsuit with Straps and Gauges, Red Diving Helmet, Airtanks, Beard",5
fig-009765,24,"Marine Explorer, Woman, Sand Blue Jumpsuit, Black Hair",4
fig-009766,12,"Racer, Red and Orange Jumpsuit, Black Helmet with Visor",5
fig-009767,12,"Racer, Red and Orange Jumpsuit, Red Cap, Goatee Beard and Safety Glasses",4
fig-009768,12,"Racer, Red and Orange Jumpsuit, Red Cap with Ear Defenders, Sunglasses",5
fig-009769,16,"Man, Open Orange Shirt, Blue Legs, Dark Orange Hair",4
fig-009770,16,"Woman, Medium Blue Polo Shirt with Necklace, Light Bluish Gray Legs, Black Hair",4
fig-009771,16,"Man, White Tank Top with Windsurfer, Blue Legs, Blue Cap, Silver Sunglasses",5
fig-009772,16,"Man, Black Wetsuit, Dark Orange Hair, Yellow Life Vest",5
fig-009773,16,"Lumberjack, Dark Red Flannel Shirt, Red Cap, Beard",4
fig-009774,16,"Lumberjack, Dark Blue Plaid Shirt, Sand Blue Legs, Red Cap with Ear Defenders, Orange Safety Glasses",5
fig-009775,18,"Man, Blue Overalls over Shirt, Blue Legs, Red Cap, Brown Goatee Beard",4
fig-009776,18,"Ground Crew, Woman, Orange Safety Vest, Dark Orange Hair",4
fig-009777,18,"Test Pilot, White Astronaut Suit, White Helmet with Visor",5
fig-009778,19,"Boy, Open Dark Azure Hoodie with Zipper, Short Dark Tan Legs, Bright Light Yellow Hair",4
fig-009779,19,"Boy, Classic Spaceman on Shirt, Short Dark Blue Legs, Blue Cap",4
fig-009780,19,"Woman, Dark Blue Suit, Reddish Brown Hair, Glasses",4
fig-009781,19,"Man, Black and Lime Jacket, White Helmet",4
fig-009782,19,"Woman, Light Bluish Gray Overalls with Paint Stains, Medium Nougat Hair",4
fig-009783,19,"Man, Red Flannel Shirt, Blue Legs, Black Hair, Beard",4
fig-009784,19,"Girl, Bright Pink Striped Top with Cat Head, Short Dark Azure Legs, Dark Tan Hair, Glasses",4
fig-009785,19,"Girl, Open Bright Light Blue Hoodie over Dark Purple Shirt with Star, Short Medium Lavender Legs, Bright Light Yellow Hair",4
fig-009786,19,"Chef, Red Neckerchief, Dark Tan Legs, Butchers Hat",4
fig-009787,19,"Man, Medium Nougat Argyle Sweater, Reddish Brown Legs, Moustache and Glasses",4
fig-009788,19,"Woman, Bright Light Blue Cardigan, Tan Legs, White Hair, Glasses",4
fig-009789,19,"Woman, Green Overalls over Red Plaid Shirt, Dark Brown Hair",4
fig-009790,19,"Man, Light Bluish Gray Hoodie over Dark Red Shirt, Dark Blue Legs, Beanie Hat",4
fig-009791,19,"Woman, Open Medium Lavender Shirt over Lavender Top, Medium Blue Legs, Dark Orange Hair",4
fig-009792,27,"Boy, Classic Spaceman on Shirt, Short Light Bluish Gray Legs, Blue Cap with Propeller",5
fig-009793,27,"Boy, White Top, Short Dark Azure Legs, Dark Orange Hair",4
fig-009794,27,"Man, Dark Blue Plaid Shirt, Olive Legs, Black Hair, Stubble",4
fig-009795,27,"Woman, Light Bluish Gray Overalls with Paint Stains, Medium Nougat Hair, Glasses",4
fig-009796,31,Nate,4
fig-009797,27,"Girl, Lime Hoodie, Short Green Legs, Tiger Facepaint",4
fig-009798,27,"Girl, White and Red Striped Top, Short Medium Lavender Legs, Black Hair",4
fig-009799,27,"Man, Red Jogging Suit, Light Bluish Gray Hair",4
fig-009800,27,"Woman, Dark Purple Jogging Suit, White Hair, Small Glasses",4
fig-009801,27,"Woman, White and Dark Turquoise Striped Shirt, Dark Pink Legs, White with Hair",4
fig-009802,27,"Woman, Bright Pink Top, White Legs, Black Hair",4
fig-009803,27,Stilt Walker,6
fig-009804,27,"Man, Medium Blue Jacket, Dark Blue Legs, Dark Brown Hair",4
fig-009805,27,"Woman, Open Black Jacket over Black and White Striped Top, Dark Blue Legs, Reddish Brown Hair",4
fig-009806,17,"Construction Worker, Orange Overalls over Blue Sweater, Blue Cap",4
fig-009807,17,"Worker, Blue Jacket with Orange Stripes, Sand Blue Legs, Blue Cap, Beard",4
fig-009808,17,"Woman, Black Wetsuit, Dark Brown Hair, Yellow Life Vest, Safety Glasses",5
fig-009809,17,"Man, Black and Lime Jacket, Blue Cap, Yellow Life Vest",5
fig-009810,18,"Man, Blue Overalls over White V-Neck Shirt, Dark Blue Cap, Moustache",4
fig-009811,18,"Lifeguard, White Polo Shirt with Whistle, Red Legs, Tan Hair, Sunglasses",4
fig-009812,18,"Man, Shirtless, Blue Swim Trunks, Medium Nougat Hair, Sunglasses",4
fig-009813,18,"Boy, Lime Hoodie, Short Blue Legs, Black Hair",4
fig-009814,18,"Boy, White and Dark Red Basketball Jersey with '39', Dark Red Shorts, Red Cap",4
fig-009815,18,"Girl, Bright Pink Top with Butterflies, Dark Purple Legs, Reddish Brown Hair, Glasses",4
fig-009816,18,"Girl, White Top with Lime and Green Pattern, Green Shorts, Dark Orange Hair",4
fig-009817,18,"Woman, Red and White Swimsuit, Light Bluish Gray Hair, Glasses",4
fig-009818,18,"Man, Open Dark Azure Hawaiian Shirt, Dark Blue Legs, Light Bluish Gray Hair, Glasses",4
fig-009819,18,"Woman, Green Bikini Top with White Spots, Green Shorts, Dark Brown Hair, Sunglasses",4
fig-009820,18,"Woman, Red Swimsuit, Reddish Brown Hair, Safety Glasses",4
fig-009821,18,"Diver, Man, Red and Black Wetsuit with Straps and Gauges, Red Helmet with Mask",5
fig-009822,18,"Woman, White and Dark Azure Striped Tank Top with Red Neckerchief, Red Legs, Dark Orange Hair",4
fig-009823,18,"Surfer, Woman, Black Wetsuit, Bright Light Yellow Hair, Yellow Life Vest",5
fig-009824,18,"Man, Black and Lime Wetsuit, Dark Tan Hair, Yellow Life Vest, Orange Safety Glasses",5
fig-009825,15,"Woman, Dark Azure Ski Jacket, Orange Legs, Dark Azure Helmet, Snow Goggles",4
fig-009826,15,"Worker, Orange Safety Jacket over Hoodie, Blue Legs, Black Hat, Moustache",4
fig-009827,29,"Boy, Dark Purple Jacket, Short Dark Bluish Gray Legs, Dark Azure Beanie Hat",4
fig-009828,29,"Pilot, Dark Tan Vest with Zippers and Pouches, Black Legs, White Helmet with Visor, Sunglasses",5
fig-009829,29,"Woman, Dark Tan Cardigan with Zipper, Dark Green Legs, Bright Light Yellow Hair, Glasses",5
fig-009830,29,"Paramedic, Woman, Red Jacket with Star of Life, Dark Blue Cap with Hair",4
fig-009831,29,"Man, Open Green Jacket, Dark Tan Legs, Black Hair",4
fig-009832,29,"Man, Bright Light Blue Letterman Jacket, Dark Blue Legs, Light Bluish Gray Helmet",4
fig-009833,29,"Woman, Bright Light Blue Hoodie, Dark Bluish Gray Legs, Medium Azure Helmet with Hair and Snow Goggles",5
fig-009834,29,"Paramedic, Woman, Red Jacket with Star of Life, Dark Blue Dirt Bike Helmet with Snow Goggles, Printed Snow Goggles",5
fig-009835,29,"Paramedic, Red Jacket with Star of Life, Dark Blue Dirt Bike Helmet with Snow Goggles, Printed Snow Goggles",5
fig-009836,22,"Boy, Dark Tan Vest with Zippers and Pouches, Short Dark Blue Legs, Dark Tan Cap",4
fig-009837,22,"Woman, Open Medium Lavender over Lavender Shirt, Dark Tan Legs, Dark Orange Hair",4
fig-009838,22,"Man, Red Flannel Shirt, Medium Blue Legs, Black Hair, Beard",4
fig-009839,19,"Baby, Yellowish Green Body",2
fig-009840,19,"Racer, Woman, White, Black and Red Jacket, Red Legs, Dark Blue Dirt Bike Helmet with Goggles, Dirt Stains",5
fig-009841,19,"Man, Orange Tank Top with 'SPORT', Dark Orange Legs with Straps, White Helmet, Orange Safety Glasses",4
fig-009842,19,"Man, Open Dark Red Jacket, Dark Tan Legs, Dark Azure Helmet, Orange Life Vest, Beard",5
fig-009843,19,"Man, Light Bluish Gray Hoodie over Dark Red Shirt, Dark Brown Legs, Dark Azure Helmet, Orange Life Vest",5
fig-009844,19,"Woman, Medium Nougat Jacket, Sand Blue Legs, Dark Brown Hair",4
fig-009845,19,"Man, Open Green Jacket, Black Legs, Medium Nougat Hair",4
fig-009846,19,"Man, Medium Blue Shirt with Palm Trees and Sunset, Tan Legs, Dark Brown Hair, Moustache",4
fig-009847,19,"Girl, Bright Pink Striped Top with Cat Head, Dark Azure Shorts, Medium Nougat Hair",4
fig-009848,19,"Girl, Dark Purple Jacket, Short Black Legs, Bright Light Yellow Hair",4
fig-009849,19,"Woman, Bright Pink Top, Dark Tan Legs, Reddish Brown Hair",4
fig-009850,19,"Man, Dark Tan Vest with Zippers and Pouches, Black Hair, Baby Carrier, Stubble",5
fig-009851,19,"Boy, Tan Shirt, Short Medium Nougat Legs, Reddish Brown Hair, Backpack, Glasses",5
fig-009852,19,"Woman, Dark Pink Jacket, Dark Blue Legs, Light Bluish Gray Hair",4
fig-009853,19,"Woman, Open Bright Light Blue Hoodie over Dark Purple Shirt with Star, Blue Legs, Dark Orange Hair",4
fig-009854,16,"Worker, Woman, Blue Jacket with Orange Stripes, Dark Azure Legs, Reddish Brown Hair",4
fig-009855,16,"Worker, Blue Jacket with Orange Stripes, Medium Blue Legs, Blue Cap, Goatee Beard",4
fig-009856,16,"Racer, Woman, White and Red Jumpsuit, Tan Hair, Safety Glasses",4
fig-009857,16,"Racer, White and Red Jumpsuit, Red Helmet with Visor, Sunglasses",6
fig-009858,23,"Woman, Blue and White Stripe Shirt with Red Bow Tie, Red Legs, Bright Light Yellow Hair",4
fig-009859,23,"Man, Lime Hoodie, Blue Legs, Dark Azure Helmet",4
fig-009860,26,"Barista, Woman, White Torso, Reddish Brown Apron, Medium Nougat Hair",4
fig-009861,26,"Barista, Man, White Torso, Reddish Brown Apron, Black Hair",4
fig-009862,26,"Boy, Floating Classic Spaceman on Shirt, Short Blue Legs, Reddish Brown Hair",4
fig-009863,26,"Man, Dark Blue Letterman Shirt with 'NH', Sand Blue Legs, Dark Blue Cap, Stubble",4
fig-009864,26,"Woman, Red Jacket, Black Legs, Reddish Brown Hair",4
fig-009865,26,"Man, Open Dark Red Jacket, Dark Blue Legs, Dark Red Cap, Moustache",4
fig-009866,26,"Woman, Bright Pink Top, Blue Legs, Bright Light Yellow Hair",4
fig-009867,26,"Construction Worker, Blue Jacket, Olive Green Legs, White Hard Hat, Moustache",4
fig-009868,21,"Man, Medium Blue Shirt with Octan Logo, White Legs, Blue Cap, Goatee Beard",4
fig-009869,21,"Woman, Blue Overalls over Shirt, Dark Orange Hair, Dirt Stains",4
fig-009870,21,"Man, Light Bluish Gray Hoodie over Dark Red Shirt, Dark Bluish Gray Legs, Bright Light Yellow Hair, Silver Sunglasses",4
fig-009871,30,"Jack Davids, Red Jacket with Backwards Red Cap",4
fig-009872,30,Shadow Walker with Helmet,5
fig-009873,30,Nehmaar Reem,7
fig-009874,34,Vaughn Geist,5
fig-009875,27,"Parker L. Jackson, Black Top, Medium Lavender Hair with Headphones",4
fig-009876,27,Shadow Walker with Hood,4
fig-009877,27,Teevee,5
fig-009878,32,Rami,4
fig-009879,32,"Douglas Elton / El Fuego, Skeleton with Red Helmet and Cape",8
fig-009880,32,Nate Lockem,4
fig-009881,20,Shadow Walker with Helmet and Wings,5
fig-009882,25,"Vaughn Geist, Angry",5
fig-009883,25,"Parker L. Jackson, Black Top, Medium Lavender Hair with Headphones",4
fig-009884,25,Statue of Evil,4
fig-009885,14,"Chess Queen, Dark Green",5
fig-009886,14,"Knight, Armour with Chain, Helmet",5
fig-009887,14,"Knight, Dark Green, Wide Brim Helmet",4
fig-009888,21,"Dragon Knight, Black, Helmet with Dark Green Plume",5
fig-009889,14,"Jester, Red and White, Quiver",5
fig-009890,14,"Chess King, Red, Cape, Gold Crown with Red Plume",6
fig-009891,14,"Chess Queen, Red Dress, Gold Crown",5
fig-009892,14,"Knight, Red, Silver Armor, Helmet with Red Plume",6
fig-009893,14,"Knight, Red, Wide Brim Helmet",4
fig-009894,33,"Troll, Sand Green (Big Fig)",12
fig-009895,33,"King, Gold Armor and Crown",5
fig-009896,6,"Knight, Archer with Metallic Silver Helmet, Light Bluish Grey Legs, and Quiver",5
fig-009897,33,"Knight, Archer with Metallic Silver Helmet, and Quiver, Cheek Lines",5
fig-009898,33,"Knight, Armor, Wide Brim Helmet",5
fig-009899,33,"Dwarf, Black Beard, Copper Helmet",5
fig-009900,35,"Dwarf, Black Beard, Metallic Silver Helmet",5
fig-009901,33,"Dwarf, Dark Brown Beard, Copper Helmet",5
fig-009902,33,"Dwarf, Dark Brown Beard, Metallic Gold Winged Helmet",5
fig-009903,33,"Dwarf, Dark Brown Beard, Metallic Silver Helmet",5
fig-009904,33,"Dwarf, Dark Orange Beard, Copper Helmet",5
fig-009905,33,"Dwarf, Dark Orange Beard, Metallic Gold Winged Helmet",5
fig-009906,33,"Dwarf, Dark Orange Beard, Metallic Silver Helmet",5
fig-009907,34,"Skeleton Warrior Grimhelma, Speckle Black-Silver Armor and Helmet",5
fig-009908,35,Troll Warrior 1 (Orc),4
fig-009909,33,Troll Warrior 3 with Shoulder Armor (Orc),5
fig-009910,33,Troll Warrior 7 (Orc),4
fig-009911,34,Troll Warrior 8 (Orc),4
fig-009912,33,Troll Warrior 9 (Orc),5
fig-009913,7,"Dwarf, Dark Orange Beard, Metallic Silver Helmet",5
fig-009914,7,"Dwarf, Dark Orange Beard, Copper Helmet",5
fig-009915,7,"Dwarf, Dark Brown Beard, Metallic Silver Winged Helmet",5
fig-009916,7,"Dwarf, Dark Brown Beard, Metallic Gold Winged Helmet",5
fig-009917,7,"Dwarf, Black Beard, Copper Helmet",5
fig-009918,18,"Troll, Dark Tan with Tattoos (Big Fig)",10
fig-009919,18,"Troll, Sand Green with Tattoos (Big Fig)",10
fig-009920,18,"King Brutus, Dark Blue, Gold Armor and Crown",5
fig-009921,18,"Knight, Dark Blue, Wide Brim Helmet",4
fig-009922,25,"Knight, Dark Blue, Helmet",4
fig-009923,18,"Knight, Dark Blue, Armor, Helmet with Grille",5
fig-009924,18,"Troll King, Reddish Brown Crown",5
fig-009925,18,Troll Queen,5
fig-009926,28,Troll Warrior 2 (Orc),4
fig-009927,20,"Knight, Archer with Wide Brim Helmet, Quiver, Beard",5
fig-009928,20,"Knight, Archer with Wide Brim Helmet, Quiver",5
fig-009929,20,"Knight, Dark Blue, Helmet, Stubble",4
fig-009930,20,"Knight, Dark Blue, Helmet, Beard",4
fig-009931,17,"Knight, Black, Armor, Helmet with Grille",5
fig-009932,12,"Skeleton, Red Eyes, Speckle Black-Silver Helmet",7
fig-009933,9,"Knight, Black, Armor, Helmet with Grille, Cheek Lines",5
fig-009934,19,"Knight, Dark Blue, Helmet, Angry",4
fig-009935,9,"Knight, Dark Blue, Wide Brim Helmet, Stubble",4
fig-009936,9,"Knight, Dark Blue, Helmet",4
fig-009937,16,"Skeleton, Red Eyes, Black Hood and Cape",8
fig-009938,15,"Jester, Red and Blue",4
fig-009939,15,"Knight, Gold, Armor, Helmet with Visor and Dark Blue Plume",7
fig-009940,15,"Queen, Blue Dress, Crown",5
fig-009941,15,"Knight, Dark Blue, Helmet, Smile",4
fig-009942,14,"Knight, Dark Blue, Wide Brim Helmet, Cheek Lines",4
fig-009943,14,"King, Dark Blue, Gold Armor and Crown with Dark Blue Plume",6
fig-009944,19,Troll Warrior 7 with Shoulder Armor (Orc),5
fig-009945,16,"Dwarf, Dark Orange Beard, Metallic Silver Helmet, Printed Beard",5
fig-009946,16,Troll Warrior 7 with Armor (Orc),5
fig-009947,36,"Knight, Dark Blue, Helmet, Happy / Scared",4
fig-009948,16,"Knight, Dark Blue, Wide Brim Helmet, Goatee Beard",4
fig-009949,11,"Dwarf, Dark Orange Beard, Metallic Silver Helmet",5
fig-009950,17,"Troll, Sand Green with 5 White Horns (Big Fig)",12
fig-009951,17,"Knight, Dark Blue, Helmet, Goatee Beard",4
fig-009952,17,"Knight, Dark Blue, Helmet, Stubble and Printed Hair",4
fig-009953,19,"Knight, Archer with Wide Brim Helmet, Quiver, Smile",5
fig-009954,20,"Dwarf, Dark Brown Beard, Copper Helmet, Cheek Lines",5
fig-009955,20,"Dwarf, Dark Brown Beard, Metallic Gold Winged Helmet",5
fig-009956,20,"Dwarf, Dark Orange Beard, Metallic Silver Winged Helmet, Printed Beard",5
fig-009957,21,"Skeleton, Red Eyes, Bicorne Hat, Light Bluish Gray Beard",8
fig-009958,21,"Knight, Dark Blue, Helmet, White Beard",4
fig-009959,21,"Knight, Archer with Wide Brim Helmet, Quiver, Cheek Lines",5
fig-009960,21,"Knight, Dark Blue, Helmet, Goatee Beard and Printed Hair",4
fig-009961,8,"Knight, Gray, Armor, Helmet with Visor",6
fig-009962,33,"Knight, Dark Blue, Helmet, Cheek Lines",4
fig-009963,6,Troll Warrior 10 (Orc),5
fig-009964,6,Troll Warrior 7 with Cape (Orc),5
fig-009965,6,"Knight, Dark Blue, Helmet, Smile with Brown Eyebrows",4
fig-009966,6,"Knight, Dark Blue, Wide Brim Helmet, Beard",4
fig-009967,6,"Knight, Gray, Armor, Helmet with Visor, Cheek Lines",6
fig-009968,6,"Knight, Gray, Armor, Helmet with Grille, Goatee Beard",5
fig-009969,41,"Boy, Open Dark Azure Hoodie with Zipper, Short Red Legs, Red Ushanka Hat",4
fig-009970,41,"Girl, Open Dark Pink Jacket, Short Medium Blue Legs, Red Scarf, Black Hair",5
fig-009971,41,"Man, Red Apron over Bright Light Orange Jacket, Red Legs, Red Cap",4
fig-009972,41,"Man, Open Blue Jacket over Dark Red Shirt, Dark Blue Legs, Black Hair",4
fig-009973,41,"Man, Open Dark Blue Flannel Shirt over Top with Banana, Dark Bluish Gray Legs, Black Hair",4
fig-009974,41,"Man, Open Dark Red Jacket, Dark Tan Legs, Red Scarf, Black Hair, Glasses",5
fig-009975,41,"Man, Open Orange Jacket over Light Blue Shirt, Black Hair, Glasses",4
fig-009976,41,"Woman, Sand Blue Tunic, Light Bluish Gray Hair, Glasses",4
fig-009977,41,"Man, Blue Robe, Light Bluish Gray Hair, Glasses",4
fig-009978,41,"Man, Red Robe, Black Hair",4
fig-009979,41,"Woman, Open Black Jacket over Black and White Striped Top, Red Legs, Sand Blue Beanie Hat with Hair",4
fig-009980,41,"Woman, White and Blue Hoodie, Light Bluish Gray Legs, Black Hair",4
fig-009981,41,"Woman, Medium Nougat Jacket, Light Bluish Gray Legs, Black Hair",4
fig-009982,20,"Man, Red Robe with Gold Sash Belt, Red Bandanna, Glasses",4
fig-009983,20,"Man, Red Robe with Gold Sash Belt, Red Bandanna",4
fig-009984,20,"Man, Red Robe with Gold Sash Belt, Red Bandanna, Big Smile",4
fig-009985,20,"Man, Red Robe with Ties, Black Hair",4
fig-009986,20,"Man, Black Suit with Tie, Red Scarf, Light Bluish Gray Hair, Moustache and Glasses",5
fig-009987,20,"Man, Rat Costume Head, Red Robes with Black Sash Belt",4
fig-009988,20,"Woman, White Robes with Ties, Black Hair",4
fig-009989,20,"Woman, White Robes with Ties, White Legs, Black Hair",4
fig-009990,22,"Man, Pig Costume",4
fig-009991,22,"Man, Red Robe with Ties and Sash Belt, Red Head Wrap, Stern",4
fig-009992,22,"Man, Red Robe with Ties and Sash Belt, Red Head Wrap, Smile",4
fig-009993,22,"Man, Red Robe with Ties and Sash Belt, Black Hair with Red Headband, Smile",4
fig-009994,22,"Man, Red Robe with Ties and Sash Belt, Black Hair with Red Headband, Scared / Slight Smile",4
fig-009995,22,"Girl, Dark Pink Robe, Short White Legs, Black Hair",4
fig-009996,22,"Man, Dark Blue Robe with Ties, White Legs, Black Hair, Glasses",4
fig-009997,22,"Man, Reddish Brown Robe with Ties, Black Legs, Light Bluish Gray Hair, Glasses",4
fig-009998,22,"Woman, Red Robe with Ties, Black Legs, Light Bluish Gray Hair, Glasses",4
fig-009999,22,"Woman, Red Robe with Dress, Black Hair",4
fig-010000,22,"Boy, Gold Robes, Short Red Legs, Black Hair",4
fig-010001,26,"Man, Black Suit and Tie, Light Bluish Gray Hair, Moustache and Glasses",4
fig-010002,26,"Woman, Open Green Jacket with Necklace, Black Hair",4
fig-010003,26,"Boy, White and Blue Hoodie, Short Medium Blue Legs, Black Hair",4
fig-010004,26,"Racer, White and Red Robe with Ties and Sash Belt, Black Hair, Sweat Drops",4
fig-010005,26,"Racer, White and Red Robe with Ties and Sash Belt, Black Hair, Big Smile",4
fig-010006,26,"Racer, White and Red Robe with Ties and Sash Belt, Black Hair, Clenched Teeth Smile",4
fig-010007,26,"Racer, White and Red Robe with Ties and Sash Belt, Black Hair, Raised Eyebrow",4
fig-010008,26,"Man, Sand Blue Robe, Tan Conical Hat, Beard",4
fig-010009,26,"Man, Red Flannel Shirt, Blue Legs, Black Hair, Clenched Teeth Smile",4
fig-010010,26,"Racer, White and Orange Robe with Ties and Sash Belt, Black Hair, Raised Eyebrow",4
fig-010011,26,"Racer, White and Orange Robe with Ties and Sash Belt, Black Hair, Big Smile",4
fig-010012,26,"Racer, White and Orange Robe with Ties and Sash Belt, Black Hair, Slight Smile",4
fig-010013,26,"Racer, White and Orange Robe with Ties and Sash Belt, Black Hair, Clenched Teeth Smile",4
fig-010014,26,"Racer, White and Orange Robe with Ties and Sash Belt, Black Hair, Scared / Neutral",4
fig-010015,26,"Racer, White and Red Robe with Ties and Sash Belt, Black Hair, Scared / Neutral",4
fig-010016,7,"Bride, White Brick Built Dress",10
fig-010017,7,"Groom, Black Tuxedo with Red Bow Tie and Cummerbund, Top Hat",4
fig-010019,2,"Santa, Coat and Belt, Plain Red Legs, Santa Hat (3626c Head)",5
fig-010020,1,"Mrs. Claus, White Corset with Red Sides, Apron with Candy Canes, Dark Green Dress",4
fig-010022,1,"Elf, Green Jacket, Red Hat with Ears",4
fig-010023,15,"Groom, Black Suit with Tie, Top Hat",4
fig-010024,15,"Bride, White Corset Dress",4
fig-010025,16,"Bride, White and Blue Corset Dress with Bow",4
fig-010026,16,"Groom, Black Suit with Lavender Bow Tie, Top Hat",4
fig-010027,22,"Man, Light Bluish Gray Vest over White Shirt, Black Legs, Light Bluish Gray Hair, Moustache and Glasses",4
fig-010028,22,"Man, Green V-Neck Sweater, Reddish Brown Legs, Black Hair, Beard",4
fig-010029,23,"Boy, Open Blue Jacket, Short Tan Legs, Dark Brown Hair",4
fig-010030,23,"Girl, Orange Top, Short Red Legs, Dark Red Hair",4
fig-010031,23,"LEGO Store Employee, LEGO Logo on Back, Dark Red Cap, Stubble",4
fig-010032,23,"LEGO Store Employee, LEGO Logo on Back, Reddish Brown Hair, Beard",4
fig-010033,23,"Man, Open Orange Jacket over Light Blue Shirt, Dark Blue Cap",4
fig-010034,23,"Man, Medium Blue Shirt with Palm Trees and Sunset, Tan Fedora, Beard",4
fig-010035,23,"Woman, Bright Pink Halter Top with Butterflies, White Legs, Reddish Brown Hair",4
fig-010036,23,"Woman, Dark Purple and Lavender Striped Top, Medium Azure Legs, Dark Orange Hair",4
fig-010037,16,Drone Boy,4
fig-010038,20,"Man, Dark Blue Suit, Black Hair, Glasses",4
fig-010039,20,"Ground Crew, Blue Suit, Light Bluish Gray Hair, Beard",4
fig-010040,20,"Ground Crew, Orange Overalls over Blue Sweater, Dark Orange Hair, Beard and Glasses",4
fig-010041,20,"Woman, Medium Blue Polo Shirt with Necklace, White Legs, Reddish Brown Hair",4
fig-010042,12,"Boy, Green V-Neck Sweater, Short Dark Blue Legs, Dark Orange Hair",4
fig-010043,12,"Woman, Dark Bluish Gray Jacket with Magenta Scarf, Reddish Brown Legs, Reddish Brown Hair",4
fig-010044,12,"Man, Dark Blue Plaid Shirt, Blue Legs, Black Hat",4
fig-010045,21,Karzon,5
fig-010046,19,King Jayko,6
fig-010047,19,Lord Vladek,7
fig-010048,21,Sir Adric,6
fig-010049,14,"Rouge Knight, Sand Blue",5
fig-010050,13,"Rogue Knight, Yellow and Black",5
fig-010051,20,Sir Kentis,6
fig-010052,18,"Rogue Knight, Black and Yellow",5
fig-010053,18,"Rouge Knight, Black and Yellow, Black Helmet",5
fig-010054,18,"Rogue Knight, Yellow and Black, Speckle Black-Silver Helmet",5
fig-010055,18,"Rouge Knight, Yellow and Black, Black Helmet",5
fig-010056,22,"Rascus, Printed Torso",5
fig-010057,22,The Guardian,5
fig-010058,23,"Knight, Blue, Armor, Helmet with Visor and Blue Plume",7
fig-010059,17,"Knight, Blue, Helmet",4
fig-010060,18,"Knight, Blue, Printed Breastplate, Helmet",4
fig-010061,21,Gabriela Silva - Sand Green Scrubs,4
fig-010062,24,"Dragon Knight, Red, Armor, Helmet with Red Plume",6
fig-010063,15,"Dragon Knight, Red, Helmet, Beard",4
fig-010064,27,"Dragon Knight, Red, Helmet, Stubble",4
fig-010066,30,"King, Lion King",5
fig-010067,27,"Lion Knight, Helmet, Soul-patch",4
fig-010068,27,"Lion Knight, Helmet",4
fig-010069,27,Nobleman,4
fig-010070,27,"Queen, Lion Queen",5
fig-010071,27,Young Squire,4
fig-010072,27,"Lion Knight, Armour, Helmet with Grille and Red Plume",6
fig-010073,27,"Falcon Knight, Armor, Helmet with Dark Green Plume",6
fig-010074,8,"Dragon Knight, Dark Green, Helmet",4
fig-010075,8,"Dragon Knight, Archer, Dark Green, Wide Brim Helmet, Quiver",5
fig-010076,8,"Dragon Knight, Dark Green, Wide Brim Helmet",4
fig-010077,8,"Dragon Knight, Dark Green, Helmet with Dark Green Plume, Cape",6
fig-010078,8,"Dragon Knight, Dark Green, Armor, Helmet with Dark Green Plume",6
fig-010079,26,"Lion Knight, Archer, Helmet, Quiver",5
fig-010080,8,"Lion Knight, Helmet",4
fig-010081,15,"Lion Knight, Helmet with Grille and Red Plume",5
fig-010082,8,"Lion Knight, Helmet with Grille and Red Plume, Cape",6
fig-010083,12,"Dragon Knight, Dark Green, Pearl Dark Gray Helmet with Dark Green Plume",5
fig-010084,23,"Dragon Knight, Dark Green, Pearl Titanium Helmet, Angry",4
fig-010085,13,"Lion Knight, Helmet with Red Plume",5
fig-010086,13,"Lion Knight, Helmet, Scared / Smile",4
fig-010087,17,"Lion Knight, Wide Brim Helmet, Cheek Lines",4
fig-010088,17,"Lion Knight, Archer, Helmet, Quiver",5
fig-010089,15,"Dragon Knight, Dark Green, Wide Brim Helmet, Angry (Pearl Dark Gray)",4
fig-010090,19,"Dragon Knight, Dark Green, Helmet, Stern (Pearl Dark Gray)",4
fig-010091,21,"Lion Knight, Helmet, Beard",4
fig-010092,19,"Dragon Knight, Dark Green, Helmet with Dark Green Plume, Moustache and Stubble (Pearl Dark Gray)",5
fig-010093,19,"Lion Knight, Armour, Helmet with Red Plume (Flat Silver)",6
fig-010094,23,"Dragon Knight, Dark Green, Wide Brim Helmet, Moustache and Stubble (Pearl Dark Gray)",4
fig-010095,23,"Dragon Knight, Archer, Dark Green, Helmet, Quiver (Pearl Dark Gray)",5
fig-010096,23,"Dragon Knight, Black, Armor, Helmet with Dark Green Plume (Pearl Dark Gray)",6
fig-010097,25,"King, Lion King, Red Plume",7
fig-010098,25,"Lion Knight, Wide Brim Helmet, Beard",4
fig-010099,25,"Lion Knight, Archer, Helmet, Quiver, Stubble",5
fig-010100,21,"Dragon Knight, Archer, Dark Green, Wide Brim Helmet, Quiver, Goatee Beard",5
fig-010101,20,"Dragon Knight, Dark Green, Wide Brim Helmet, Gold Tooth",4
fig-010102,20,"Dragon Knight, Dark Green, Helmet, Angry",4
fig-010103,20,"Lion Knight, Wide Brim Helmet, Cheek Lines / Scared",4
fig-010104,15,"Dragon Knight, Archer, Dark Green, Wide Brim Helmet, Missing Tooth",5
fig-010105,15,"Lion Knight, Helmet, Stubble and Scar",4
fig-010106,15,"Lion Knight, Wide Brim Helmet, Soul-patch",4
fig-010107,15,"Dragon Knight, Black, Armor, Helmet with Dark Green Plume, Goatee Beard",7
fig-010108,23,"Dragon Knight, Red, Helmet, Red Beard",4
fig-010109,23,"Knight, Blue, Helmet",4
fig-010110,24,"Knight, Archer, Blue, Wide Brim Helmet, Quiver",5
fig-010111,23,"King, Dark Blue, Crown, Cape",5
fig-010112,23,"Knight, Blue, Armor, Helmet with Visor and Blue Plume, Beard",7
fig-010113,22,"Knight, Blue, Helmet",4
fig-010114,22,"Dragon Knight, Red, Helmet, Soul-patch",4
fig-010115,15,"Knight, Blue, Wide Brim Helmet",4
fig-010116,15,"Knight, Blue, Armor, Helmet with Grille and Blue Plume",6
fig-010117,15,"Dragon Knight, Red, Helmet, Black Beard",4
fig-010118,15,"Knight, Blue, Wide Brim Helmet, Cheek Lines",4
fig-010119,16,"Knight, Blue, Wide Brim Helmet",4
fig-010120,18,"Dragon Knight, Red, Helmet, Red Beard",4
fig-010121,24,"Pirate Captain, Blue Jacket, Peg Leg, Bicorne Hat with White Plume",6
fig-010122,24,"Pirate, Open Blue Vest over Red and White Striped Shirt, Black Tricorne Hat",4
fig-010123,24,"Pirate, Red and White Striped Shirt, Red Bandanna",4
fig-010124,21,"Astronaut, Flat Silver, White Helmet with Visor",5
fig-010125,14,"Doctor - White Torso and Legs, Black Hair Female (3626c Head)",4
fig-010126,14,"Pirate - Blue Torso, White Legs, Black Hat (3626c Head)",4
fig-010127,14,"Blacktron I - Black Torso, Black Legs, Black Helmet, Black Tank (3626c Head)",6
fig-010128,22,"Medium Nougat Torso, Dark Green Legs, Dark Brown Hair",4
fig-010129,22,"Sand Blue Torso, Dark Blue Legs, Dark Brown Hair",4
fig-010130,11,"Red Torso, Dark Blue Overall, Dark Blue Cap",4
fig-010131,11,"Dark Blue Torso, Dark Tan Legs, Dark Brown Hair",4
fig-010132,2,"Woman - White Torso, Dark Blue Legs, Dark Brown Hair - Pleasanton",4
fig-010133,2,"White Torso, Blue Overall, Dark Tan Hair - Pleasanton",4
fig-010134,2,"Pirate - Black Torso, Black Leg, Peg Leg - Pleasanton",4
fig-010135,0,"Bright Pink Torso, White Legs, Bright Light Yellow Hair",4
fig-010136,0,"Blue Torso, Reddish Brown Legs, Red Cap",4
fig-010137,0,"White Torso, White Legs, Reddish Brown Hair",4
fig-010138,2,"Kid - Yellow Torso, Dark Blue Legs, Reddish Brown Hair",4
fig-010139,2,"Blue Torso, Tan Legs, Bright Light Yellow Hair",4
fig-010140,2,"White Torso, Red Legs, Red Cap",4
fig-010141,3,"Orange Torso, Orange Legs, Reddish Brown Hair - Alpharetta",4
fig-010142,3,"Pirate - Black Torso, Black Leg, Peg Leg - Alpharetta",4
fig-010143,3,"Dark Blue Torso, Tan Legs, Dark Orange Hair - Alpharetta",4
fig-010144,3,"White Torso, Blue Legs, Bright Light Yellow Hair",4
fig-010145,3,"Black Torso, Light Bluish Grey Legs, Dark Bluish Grey Hair",4
fig-010146,3,"Red Torso, Green Overall",3
fig-010147,2,"Knight - Light Bluish Grey Armour, Helmet - Houston",4
fig-010148,2,"Blue Torso, Blue Legs, Blue Cap - Houston",4
fig-010149,2,"Dark Blue Torso, Tan Legs, Dark Orange Hair - Houston",4
fig-010150,4,"White Torso, Light Bluish Grey Legs, Bright Light Yellow Hair",4
fig-010151,4,"Light Bluish Grey Torso, Black Legs, Dark Brown Hair",4
fig-010152,4,"White Torso, White Legs, Medium Nougat Hair",4
fig-010153,2,"Sand Green Torso, Sand Green Slope For Dress, Reddish Brown Hair",4
fig-010154,2,"Kid - Dark Tan Torso, Reddish Brown Legs, Dark Brown Hood",4
fig-010155,0,"Black Torso, Black Legs, Dark Brown Hair",4
fig-010156,0,"Black Torso, Black Legs, Dark Orange Hair",4
fig-010157,0,"Black Torso, Black Legs, Dark Tan Hair",4
fig-010158,2,"White Torso, Red Legs, Reddish Brown Hair - LoneTree",4
fig-010159,2,"Green Torso, Light Bluish Grey Legs, Dark Orange Hair - LoneTree",4
fig-010160,2,"Dark Blue Torso, Orange Legs, Red Cap - LoneTree",4
fig-010161,0,"White Torso, Blue Legs, Lime Cap",4
fig-010162,0,"Dark Blue Torso, Green Legs, Dark Tan Hair",4
fig-010163,0,"White Torso, Dark BLue Legs, Dark Orange Hair",4
fig-010164,2,"Orange Torso, Orange Legs, Reddish Brown Hair - Mission Viejo",4
fig-010165,2,"White Torso, Green Legs, Lime Cap - Mission Viejo",4
fig-010166,2,"Orange Torso, Blue Legs, Yellow Hat - Mission Viejo",4
fig-010167,3,"Dark Blue Torso, Dark Tan Legs, Dark Bluish Grey Cap",4
fig-010168,3,"White Torso, Dark Blue Legs, Dark Brown Hair - Nashville",4
fig-010169,3,"White Torso, Green Legs, Lime Cap - Nashville",4
fig-010170,3,"Pirate - Black Torso, Black Leg, Peg Leg - Nashville",4
fig-010171,2,"Orange Torso, Orange Legs, Reddish Brown Hair - Overland Park",4
fig-010172,2,"Chef - White Torso, White Legs - Overland Park",4
fig-010173,2,"Blue Torso, Blue Legs, Blue Cap - Overland Park",4
fig-010174,2,"Orange Torso, Orange Legs, Tan Hair",4
fig-010175,2,"Black Torso, Black Legs, Dark Brown Hair",4
fig-010176,2,"Chef - White Torso, White Legs, White Hat, Grey beard",4
fig-010177,3,"White Torso, Dark BLue Legs, Dark Brown Hair - SanDiego",4
fig-010178,3,"White Torso, Blue Legs, Red Cap - SanDiego",4
fig-010179,3,"Dark Blue Torso, Tan Legs, Dark Orange Hair - SanDiego",4
fig-010180,2,"White Torso, Orange Legs, Dark Brown Hair",4
fig-010181,2,"White Torso, Blue Legs, Dark Tan Hair",4
fig-010182,2,"White Torso, Dark Blue Legs, Dark Orange Hair",4
fig-010183,2,"White Torso, Dark BLue Legs, Dark Brown Hair",4
fig-010184,2,"Chef - White Torso, White Legs, White Hat",4
fig-010185,1,"Orange Torso, Blue Legs, Yellow Hat, Grey Beard",4
fig-010186,1,"Blue Torso, Legs, and Cap, Orange Sunglasses",4
fig-010187,3,"Orange Torso, Orange Legs, Reddish Brown Hair - Sunrise",4
fig-010188,3,"Knight - Light Bluish Grey Armour, Helmet - Sunrise",4
fig-010189,3,"Blue Torso, Blue Legs, Blue Cap - Sunrise",4
fig-010190,3,"Orange Torso, Orange Legs, Reddish Brown Hair - Toronto",4
fig-010191,3,"Black Torso, Black Legs, Dark Brown Hair - Toronto",4
fig-010192,3,"Chef - White Torso, White Legs, White Hat - Toronto",4
fig-010193,2,"Prisoner - White Torso, Black Legs, Black Hair",4
fig-010194,2,"Red Torso, Orange Legs, Dark Brown Hair",4
fig-010195,2,"White Torso, Green Legs, Black Hair - Toronto",4
fig-010196,2,"Black Torso, Black Legs, Dark Brown Hair - Victor",4
fig-010197,2,"Chef - White Torso, White Legs, White Hat - Victor",4
fig-010198,2,"White Torso, Green Legs, Lime Cap - Victor",4
fig-010199,3,"Astronaut - White Torso and Legs, No Visor",3
fig-010200,3,"Dark Blue Torso, Dark Tan Legs, Dark Azure Helmet",4
fig-010201,22,"Professor Dolores Umbridge, Magenta Dress",4
fig-010202,22,Iron Golem,43
fig-010203,2,"Flower - Green Torso and Legs,  Bright Light Blue Flower",4
fig-010204,2,Butterfly Girl,5
fig-010205,2,Chocolate Bunny,4
fig-010206,10,Play Day Cognitive,4
fig-010207,10,Play Day Creative,4
fig-010208,10,Play Day Emotional,4
fig-010209,10,Play Day Physical,4
fig-010210,10,Play Day Social,4
fig-010211,2,"White Torso, Red Legs, Reddish Brown Hair - Indianapolis",4
fig-010212,2,"Green Torso, Light Bluish Grey Legs, Dark Orange Hair - Indianapolis",4
fig-010213,2,"Dark Blue Torso, Orange Legs, Red Cap - Indianapolis",4
fig-010214,2,"Dark Blue Torso, Tan Legs, Dark Orange Hair - Elizabeth, NJ",4
fig-010215,2,"Black Torso, Black Legs, Dark Brown Hair - Elizabeth, NJ",4
fig-010216,2,"Orange Torso, Blue Legs, Yellow Hat - Elizabeth, NJ",4
fig-010217,2,"Green Torso, Light Bluish Grey Legs, Dark Orange Hair - Toronto",4
fig-010218,2,"White Torso, Red Legs, Reddish Brown Hair - Toronto",4
fig-010219,2,"Dark Blue Torso, Orange Legs, Red Cap - Toronto",4
fig-010220,2,"Black Torso, Black Legs, Dark Brown Hair - Peabody",4
fig-010221,2,"White Torso, Green Legs, Lime Cap - Peabody",4
fig-010222,2,"Orange Torso, Blue Legs, Yellow Hat - Peabody",4
fig-010223,2,"Dark Blue Torso, Orange Legs, Red Cap - Beachwood",4
fig-010224,2,"Green Torso, Light Bluish Grey Legs, Dark Orange Hair - Beachwood",4
fig-010225,2,"White Torso, Red Legs, Reddish Brown Hair - Beachwood",4
fig-010226,3,"Knight - Light Bluish Grey Armour, Helmet - Lynnwood",4
fig-010227,3,"White Torso, Dark Blue Legs, Dark Brown Hair - Lynnwood",4
fig-010228,3,"Chef - White Torso, White Legs, White Hat - Lynnwood",4
fig-010229,2,"White Torso, Green Legs, Black Hair - Edmonton",4
fig-010230,2,"Dark Purple Torso, Dark Purple Legs, Dark Brown Hair - Edmonton",4
fig-010231,2,"Green Torso, Blue Legs, Dark Brown Hair - Edmonton",4
fig-010232,3,"Lime Torso, Black Legs, Black Helmet - DesPeres",5
fig-010233,3,"White Torso, Tan Legs, Black Hair - DesPeres",4
fig-010234,3,"Chef - White Torso, White Legs, White Hat - DesPeres",4
fig-010235,22,"Dark Bluish Grey Torso, Sand Green Legs, Tan Hair",4
fig-010236,22,"Black Torso, Dark Tan Legs, Medium Nougat Hair",4
fig-010237,22,"Black Torso, Light Bluish Grey Legs, Black Hair",4
fig-010238,22,"Dark Bluish Grey Torso, Dark Red Legs, Reddish Brown Hair",4
fig-010239,22,"Sand Blue Torso, Olive Green Legs, Medium Nougat Hair",4
fig-010240,22,"Black Torso, Dark Brown Legs, Reddish Brown Hair",4
fig-010241,10,Cole - Spinjitzu Burst,4
fig-010243,10,Kai - Spinjitzu Burst,4
fig-010244,12,Lloyd - Spinjitzu Burst,4
fig-010245,3,"Chef - White Torso, White Legs - Vancouver",4
fig-010246,3,"Orange Torso, Orange Legs, Reddish Brown Hair - Vancouver",4
fig-010247,3,"Pirate - Black Torso, Black Leg, Peg Leg - Vancouver",4
fig-010248,17,Mechanical Death Eater,8
fig-010249,14,AIM Agent - Visor,5
fig-010250,15,Pepper Potts / Rescue - Red Armour,4
fig-010251,27,Red Skull,3
fig-010252,27,Iron Man Mark 30 Armor / Tazer (Blue Steel) Armor,5
fig-010253,27,Iron Man Mark 22 Armor / Blazer (Hot Rod) Armor,4
fig-010254,7,"Police - Black Jacket, Black Legs, White Helmet",5
fig-010255,20,Train Conductor - Medium Blue,4
fig-010256,20,"Train Conductor - Medium Blue, Female",4
fig-010257,4,"Pete Peterson, Possessed",4
fig-010258,21,"Autumn - Bright Pink Top, Sand Green Shorts",4
fig-010259,24,Hex,3
fig-010260,24,Valorie,3
fig-010261,24,Hal,3
fig-010262,24,Hedwig / Adriene,3
fig-010263,4,"Batman, Dark Bluish Gray Suit, Black Cowl, Neck Bracket with Bars",5
fig-010264,4,Scuba Diver,6
fig-010265,15,Tygurah (Big Fig),8
fig-010266,4,Dirk Drifter,5
fig-010267,10,Plankton - Helmet,10
fig-010268,14,Plankton,5
fig-010269,4,"Scott Francis, Possessed",4
fig-010270,26,Spider Queen,5
fig-010271,28,Silver Horn Demon,5
fig-010272,28,Gold Horn Demon,5
fig-010273,28,Chen,4
fig-010274,28,Wang,4
fig-010275,26,Uncle Zhang,4
fig-010276,26,"Iron Man Mark 43 Armor, Visor Printed on Helmet, Plain Trans-Clear Head",4
fig-010278,26,Tony Stark - Light Bluish Grey Shirt,4
fig-010279,26,Iron Man Mark 2 Armor,4
fig-010280,19,Rivera,5
fig-010281,19,"Pilot - White Torso, Dark Blue Legs, White Helmet",5
fig-010282,19,"Pilot - White Torso, Red Legs, White Helmet",5
fig-010283,13,Man - Tan Mummy Costume,4
fig-010284,13,"Kid - Black Torso, Dark Green Legs, Dark Orange Hair",4
fig-010285,21,Clara the Criminal,4
fig-010286,21,"Duke Detain, Helmet and Goggles",5
fig-010287,20,"Sam Grizzled, Helmet and Goggles",5
fig-010288,21,Hacksaw Hank,4
fig-010289,19,"Vito, Red Shirt",4
fig-010290,19,"Rooky Partnur, White Helmet, Black Goggles",5
fig-010291,9,"Clone Trooper, 501st Legion, White Arms",4
fig-010292,9,"Jet Trooper, 501st Legion",5
fig-010293,13,"Anakin Skywalker, Pilot Uniform, Printed Headset, No Collar",4
fig-010294,20,Ahsoka Tano (Adult),4
fig-010295,18,"Clone Trooper, 332nd Company, Orange Markings",4
fig-010296,15,Cardo / Knight of Ren,4
fig-010297,15,Kuruk / Knight of Ren,4
fig-010298,3,Lloyd / Digi Lloyd,4
fig-010299,20,"General Maximillian Veers, Sand Blue Helmet with Visor",4
fig-010301,19,"Darth Vader, White Skin, 19888 Cape, Stripes on Legs",6
fig-010302,19,"Emperor Palpatine, Tan Skin, Open Hood (19888 Cape)",5
fig-010304,18,"Darth Vader, White Skin, 50231 Cape, Robe Hem and Stripes on Legs, Printed Arms",6
fig-010305,18,Lieutenant Bek,3
fig-010306,18,Vi Moradi,4
fig-010307,18,"Astromech Droid, U5-GG",4
fig-010308,18,Gnk Power Droid (Gonk) - Sand Green,16
fig-010310,20,"Clone Trooper, Airborne, Orange Markings",5
fig-010311,19,Iron Man - Nanofig,2
fig-010312,2,Skulkin,6
fig-010313,5,"White Torso, Blue Legs, Red Hat",4
fig-010314,13,"Batman, Pearl Titanium Suit, Pearl Dark Gray Cowl, Armor, Glow in the Dark Head",5
fig-010315,21,Zobo - Farmer Outfit,13
fig-010316,18,"Andrea - White Top, Bright Light Orange Skirt, Medium Azure Flower",5
fig-010318,27,"Mia - Medium Azure Shirt, Magenta Skirt, Veterinarian, Nurse Hat",5
fig-010319,27,"Olivia - Dark Pink Top, Medium Lavender Skirt",4
fig-010320,44,"Olly - Animal Print Shirt, Dark Azure Pants, Black Shoes",4
fig-010322,17,"Mia - Lime Top, Dark Purple Skirt",4
fig-010323,35,"Andrea - Bright Light Orange Top, Light Aqua Skirt, Magenta Headphone",5
fig-010324,13,"Andrea - Bright Light Orange Top, Light Aqua Skirt, Sunglasses",5
fig-010326,13,"Olivia - Magenta Top, Bright Light Yellow Skirt, Pink Flower",5
fig-010327,12,"Emma - Medium Lavender Dotted Top, Dark Purple Skirt, Bow",5
fig-010328,27,"Emma - White Top, Magenta Apron, Flower",5
fig-010329,27,"Andrea - Bright Light Orange Top, Light Aqua Skirt, Sunglasses",5
fig-010331,2,"Kate - Medium Azure Top, White Trousers, Black Hair",4
fig-010332,20,"Stephanie - White Top, Magenta Skirt, Medium Azure Bow",5
fig-010333,24,"Emma - Medium Lavender Dotted Top, Dark Purple Skirt, Bow",5
fig-010335,26,"Olivia - Magenta Top, Bright Light Yellow Skirt, Sunglasses",5
fig-010336,28,"Liam - Bright Green/Yellow Shirt, Sand Blue Trousers, Life Vest",5
fig-010337,10,"Stephanie - Medium Azure Top, Dark Blue Skirt, Bow",5
fig-010338,39,"Mia - Lime/Azure Wet Suit, Sunglasses",5
fig-010339,20,"Stephanie - Medium Azure Top, Dark Blue Skirt, Sunglasses",5
fig-010340,14,"Mia - Dark Purple Top, Lime Trousers, Sunglasses",5
fig-010341,45,"Olivia - Sand Blue Jacket, Dark Pink Skirt, Bow",5
fig-010342,22,"Mia - Orange Top, Olive Green Skirt, Sunglasses",5
fig-010344,39,"Olivia - Dark Pink Wet Suit, Flower",5
fig-010345,39,"Zobo - Diving Helmet,. Propeller",15
fig-010346,29,Zobo - Flipper,9
fig-010347,14,"Zobo - Dark Blue Cap, Roller Skate",8
fig-010348,9,"Zobo - Lever, Roller Skate",7
fig-010349,13,Zobo - Roller Skate,7
fig-010350,9,"Zobo - Roller Skate, Trans-Yellow Tile",9
fig-010351,31,Zobo - Santa Claus,13
fig-010353,14,"Unikitty, Dark Azure Foot, Closed Eyes",14
fig-010355,13,"Andrea - Bright Light Orange Top, Light Aqua Skirt, Bow",5
fig-010356,24,"Mia - Medium Blue Top, Lime Shorts, Sunglasses",5
fig-010357,44,Gwen,4
fig-010358,27,"Blue Torso, Dark Blue Legs, Dark BLuish Grey Hair - With Back Print",4
fig-010359,44,Martin,4
fig-010360,39,"Black Torso Jacket, Light Bluish grey Legs, Dark Orange Hair - Pockets",4
fig-010361,44,Ella - Bright Light Yellow,3
fig-010362,46,Jonathan - Reddish Brown Hair,4
fig-010363,38,Ley-La - Gold Outfit,5
fig-010364,25,Unikitty / Biznis Kitty,14
fig-010365,38,Alexander,4
fig-010366,1,"Unikitty, Light Aqua Foot, Open Mouth, Eyebrows / Cutesykitty (Cutesy Kitty)",14
fig-010367,17,Benny's Droid,8
fig-010368,17,Benny's Droid,8
fig-010369,18,LEGOLAND Park Employee,4
fig-010370,18,"Dark Purple Torso, Lime Legs, Reddish Brown Hair",4
fig-010371,18,"Kid - White Torso, Blue Legs, Black Hair",4
fig-010372,18,"Kid - Green Torso, Sand Blue Legs, Black Hair",4
fig-010373,38,"Andrea - Adult, Lime Top, Silver Skirt",4
fig-010374,9,"Woman, White Top with Red Necklace, Red Legs, Black Hair (3626a Head)",4
fig-010375,9,"Woman - White Torso, Red Necklace, Red Legs, Brown Hair (3626a Head)",4
fig-010376,9,"White Torso, Blue Overall, Blue Cap",4
fig-010377,9,"Red Torso, Black Legs, Black Hair",4
fig-010378,9,"Blue Torso, White Legs, Black Hair",4
fig-010379,9,"Blue Torso, White Legs, Brown Hair",4
fig-010380,0,"Ninja, Red - Re-issue",4
fig-010381,38,Nabil,4
fig-010382,3,Love Elephant,4
fig-010383,13,"Woman, Pink Top with Spots, Yellow Legs, Brown Hair - Closed Mouth",4
fig-010385,20,"Snowtrooper, White Hips, Printed Legs, Dark Tan Hands (3626cpr1709 Head)",4
fig-010386,20,"Snowtrooper, White Hips, Printed Legs, Dark Tan Hands (3626cpr1587 Head)",4
fig-010387,20,"AT-AT Driver - Light Bluish Grey Helmet, Sand Blue Legs",4
fig-010388,29,"AT-AT Driver - Light Bluish Grey Helmet, Sand Blue Legs",4
fig-010389,32,Trolls - Hickory with Hat Camera,10
fig-010390,32,Trolls - Poppy with Metallic Silver Flower,6
fig-010391,32,Trolls - Branch with Metallic Silver Sunglasses,5
fig-010392,32,Trolls - Cooper with Metallic Silver Heart,4
fig-010393,32,Trolls - Funk Troll,4
fig-010394,13,"Woman, Red Swimsuit, Black Hair - Closed Mouth",4
fig-010395,12,"Woman, Pink Top with Spots, White Legs, Brown Hair - Closed Mouth",4
fig-010396,16,Venom - Arms on Back,8
fig-010397,1,Tom Riddle (Voldemort),4
fig-010398,14,"Construction Worker, Orange Jacket with Zipper and Reflective Stripes, Black Legs, Reddish Brown Hair, Goatee Beard",4
fig-010399,17,"White Torso, Blue Overall, Orange Cap",4
fig-010400,3,Ice Wizard,4
fig-010401,3,"Kid - White Torso, Blue Legs, White Hat",4
fig-010402,1,Batman of Zur-En-Arrh,5
fig-010403,1,Droid-Samurai,30
fig-010404,5,Ninjago Training Droid,17
fig-010405,6,Classic Space Droid - Blue,10
fig-010406,6,"Classic Space Droid - Blue, Round Base",9
fig-010407,4,Classic Space Droid - Black and Grey,15
fig-010408,6,"Classic Space Droid - Black and Grey, Hinge Base",10
fig-010409,5,Classic Space Droid - Blue with Black Antenna,9
fig-010410,7,"Classic Space Droid - Black, Hinge Base Trans-Yellow Eyes",12
fig-010411,0,"Classic Space Droid - Black, Hinge Base Trans-Yellow Eyes, Bar",13
fig-010412,5,Classic Space Droid - Blue and Grey,12
fig-010413,4,"Classic Space Droid - Black, Rocket Base",5
fig-010414,6,Blacktron Droid - Black,5
fig-010415,5,Futuron Droid - Black and White,10
fig-010416,3,"Classic Space Droid - Grey, Rocket Base",6
fig-010417,3,"Classic Space Droid - Grey, Control Panel",7
fig-010418,4,Futuron Droid - Blue,6
fig-010419,5,M:Tron Droid,12
fig-010420,5,"Futuron Droid - Black, Trans-Yellow Eyes",7
fig-010421,13,Space Police 3 Droid,10
fig-010422,4,"Futuron Droid - Black and White, Trans-Red Eye",8
fig-010423,8,"Classic Spaceman, Red with Airtanks (3842a Helmet), Plain Torso",5
fig-010424,8,"Classic Spaceman, White with Airtanks (3842a Helmet), Plain Torso",5
fig-010425,19,Space Police 3 Droid - K99,10
fig-010426,5,"Classic Spaceman, Yellow with Jetpack (3842b Helmet)",9
fig-010427,5,"Classic Spaceman, Black with Jetpack (3842b Helmet)",9
fig-010428,10,"Launch Command - Astronaut, Helmet, Trans-Neon Green Visor, Blue Airtanks",6
fig-010429,11,"Astromech Droid, R5-D4, Long Stripes, 30361c Body",4
fig-010430,5,"Emperor Palpatine, Yellow Skin, Black Hands",5
fig-010431,15,Pit Droid - Brown and White (Anakin),12
fig-010432,15,Pit Droid - Brown and White (Gasgano),12
fig-010433,15,Pit Droid - Brown and White (Sebulba),12
fig-010434,11,GNK Power Droid (Gonk) - Light/Dark grey,7
fig-010435,16,GNK Power Droid (Gonk) - Dark Bluish Grey,7
fig-010436,11,B'Omarr Monk,13
fig-010437,15,Buzz Droid - 30367c,13
fig-010438,17,Buzz Droid - 30367b,13
fig-010439,6,Medical Droid,21
fig-010440,16,Treadwell Droid,18
fig-010441,16,"Astromech Droid, R1-G4, Plain Dome",12
fig-010442,42,"Mouse Droid (MSE-6-series Repair Droid) - Dark Bluish Gray, Solid Stud",9
fig-010443,48,"Astromech Droid, R2-D2, Flat Silver Dome, Dark Blue Print with Lavender Dots",4
fig-010444,0,"Mouse Droid (MSE-6-series Repair Droid), Light Bluish Grey",9
fig-010445,16,"C-3PO - Pearl Gold Body, Pearl Light Gold Hands",3
fig-010446,16,"Imperial Probe Droid (White Dish Stand, Lever on Top)",21
fig-010447,13,"Sandtrooper Squad Leader / Captain, Orange Pauldron, Neck Bracket, Plain Black Head, Dotted Mouth print",5
fig-010448,23,Interrogation Droid,9
fig-010449,10,Cruz Ramirez,21
fig-010450,11,Sentry Droid,8
fig-010451,17,DRK-1 Dark Eye Probe Droid,7
fig-010452,24,B'Omarr Monk,12
fig-010453,6,DRK-1 Dark Eye Probe Droid (Black with Stand),10
fig-010454,20,"GNK Power Droid (Gonk) - Light Bluish Grey Body, Dark Bluish Grey Legs",14
fig-010455,18,"Imperial Probe Droid (Trans Clear Dish Stand, Lever on Top)",25
fig-010456,9,Holocron Droid,15
fig-010457,16,Buzz Droid with Zip Line Handle,16
fig-010458,18,Treadwell Droid,21
fig-010459,18,GNK Power Droid (Gonk) - Dark Bluish Grey,17
fig-010460,18,Mini Treadwell Droid,6
fig-010461,0,Spy Droid,22
fig-010462,18,"Astromech Droid, R1-G4, Decorated Truncated Cone",18
fig-010463,18,DRK-1 Dark Eye Probe Droid,7
fig-010464,26,"Astromech Droid, R2-D2, Reindeer",6
fig-010465,26,LIN Demolitionmech Droid,10
fig-010466,26,Imperial Probe Droid - Mini,10
fig-010467,13,Imperial Probe Droid - Reddish Brown Plate,22
fig-010468,0,Imperial Probe Droid - Dark Bluish Grey Plate,21
fig-010469,21,GNK Power Droid (Gonk) - Reddish Brown,21
fig-010470,26,Interrogation Droid - Syringe,9
fig-010471,0,Worker Droid,30
fig-010472,14,FX-Series Medical Assistant Droid,22
fig-010473,14,Prowler 1000 Exploration Droid,8
fig-010474,14,Imperial Probe Droid - With Stand,21
fig-010475,2,Imperial Probe Droid - Without Stand,19
fig-010476,16,First Order Medical Droid,10
fig-010477,0,"Dwarf Spider Droid, Black Dome",23
fig-010478,16,FX-7 Medical Assistant Droid,21
fig-010479,28,"Mouse Droid (MSE-6-series Repair Droid), Clip on Top",6
fig-010480,8,Praetorian Training Droid,14
fig-010481,13,"Mouse Droid (MSE-6-series Repair Droid) - Dark Bluish Gray, Open Stud",9
fig-010482,12,Imperial Probe Droid,19
fig-010483,23,GNK Power Droid (Gonk) - Festive Version,19
fig-010484,4,GNK Power Droid (Gonk) - Dark Turquoise,23
fig-010485,4,Mouse Droid (MSE-6-series Repair Droid) - Sloped Sides,16
fig-010486,7,"Technic Figure Black/Light Gray Legs, Dark Turquoise Torso with Yellow, Black, Silver Print, Light Gray Mechanical Left Arm - Printed Helmet",3
fig-010487,9,"Technic Figure Black/Light Gray Legs, Dark Turquoise Torso with Yellow, Black, Silver Print, Light Gray Mechanical Left Arm - Dark Turquoise Helmet",3
fig-010488,10,"Technic Figure Black Legs, Light Gray Top with 2 Brown Belts, Black Arms - Black Helmet",3
fig-010489,8,"Technic Figure Black Legs, White Top with Police Logo, Black Arms - White Helmet",3
fig-010490,9,"Technic Figure Blue Legs, Light Gray Top with Wave and Orca Print, Blue Arms - White Helmet",3
fig-010491,9,"Technic Figure Blue Legs, Light Gray Top with Wave and Orca Print, Blue Arms - Blue Helmet",3
fig-010492,8,"Technic Figure Red Legs, Red Top with Fire Print, Black Arms - Red Helmet",3
fig-010493,9,"Technic Figure Orange/Black Legs, Orange Torso with Silver Print, Black Arms, Black Hair - Dark Turquoise Helmet",3
fig-010494,10,"Technic Figure Blue Legs, Red Top with Zip, Blue Arms, Black Hair - White Helmet",3
fig-010495,10,"Technic Figure Yellow Legs, Yellow Top [Power Puller Driver] - Yellow Helmet",3
fig-010496,1,"Technic Figure Blue Legs, Blue Top with Technic Logo, Black Hair and Sunglasses - Black Helmet",3
fig-010497,1,"Technic Figure Red Legs, Red Top with Technic Logo and Black Hair - White Helmet",3
fig-010498,8,"Technic Figure Cyborg, Black Legs, Purple Armour, Mechanical Arms, Dark Gray Head, Cyborg Eyepiece - Purple Vest",2
fig-010499,0,"Technic Figure White Legs, White Top with Red Vest, Red Arms, Black Hair - Red Helmet",3
fig-010500,7,"Technic Figure White Legs, White Top with Red Arrow Stripes Print, Blue Arms - Blue Helmet",3
fig-010501,10,"Technic Figure Blue Legs, White Top with Zip & Shoulder Harness Print, Blue Arms - Blue Helmet",3
fig-010502,6,"Technic Figure Blue Legs, White Top with Zip & Shoulder Harness Print, Blue Arms - White Helmet",3
fig-010503,5,"Technic Figure White Legs, White Top with Red Stripes Print, Black Arms [Skier] - White Helmet",3
fig-010504,8,"Technic Figure Blue Legs, Red Top with Zipper Print, Black Arms - White Helmet",3
fig-010505,2,Kai / Digi Kai,4
fig-010506,48,"Ron Weasley, Closed Gryffindor Robe with Crest",4
fig-010507,48,"Hermione Granger, Gryffindor Robe Closed with Crest, Short Legs",4
fig-010508,48,"Harry Potter, Closed Gryffindor Robes with Crest",4
fig-010509,48,"Molly Weasley, Dark Brown Robes",4
fig-010510,48,"Professor Gilderoy Lockhart, Medium Lavender Outfit",5
fig-010511,48,"George Weasley in Reddish Brown Suit, Dark Orange Tie",4
fig-010512,48,"Fred Weasley in Reddish Brown Suit, Dark Red Tie",4
fig-010513,48,"Ginny Weasley, Magenta Torso, Short Legs",4
fig-010514,54,"Draco Malfoy, Closed Slytherin Robes with Crest, Short Legs",4
fig-010515,48,"Lucius Malfoy, Black Robes with Dark Red Fur",4
fig-010516,48,Daily Prophet Photographer,4
fig-010517,48,"Garrick Ollivander, Dark Red Jacket, Hair Swept Back",4
fig-010518,48,Florean Fortescue,4
fig-010519,48,"Quality Quidditch Supplies Mannequin, Yellow",3
fig-010520,48,"Quality Quidditch Supplies Mannequin, Dark Blue",3
fig-010522,24,"Andrea - Dark Blue Top, Magenta Skirt, Sunglasses",5
fig-010524,20,"Olivia - Lavender Top, Dark Pink Skirt, Sunglasses",5
fig-010525,41,"Grogu / The Child (Baby Yoda), 25128 Body",2
fig-010527,23,"Scout Trooper, Dual Molded White and Black Helmet, Closed Mouth",4
fig-010528,18,Greef Karga,4
fig-010529,23,IG-11,9
fig-010530,48,"Harry Potter, Sand Blue Shirt, Short Dark Tan Legs, Dirty",4
fig-010532,20,"Stephanie - Medium Blue/Dark Purple Bikini, Bright Pink Skirt, Magenta Headphones",5
fig-010533,22,"Mia - Lime Top, Dark Purple Skirt, Sunglasses",5
fig-010534,24,"Emma - Dark Blue Top, Light Aqua Skirt, Sunglasses",5
fig-010535,33,"Aurora - Dark Pink Dress, Dark Azure/Blue Decorations",4
fig-010536,33,Maleficent - Dark Purple Cape,5
fig-010538,33,"Rapunzel - Medium Lavender Dress, Bows",6
fig-010539,33,"Flynn Rider - Dark Turquoise Vest, Thick Leg Hinge",4
fig-010540,11,"Engineer, Ferrari, Sunglasses, Yellow Hands",4
fig-010541,30,"Ms. Claus - Red Skirt, Reddish Brown Boots",4
fig-010542,30,Elf,3
fig-010543,30,Emma - Bright Light Blue Pajamas,4
fig-010545,24,Poe Dameron - Festive,4
fig-010547,24,"Darth Vader - Festive, Red Sweater",6
fig-010548,28,Duke Detain - Blue Christmas Sweater,4
fig-010549,28,"Rooky Partnur, White Helmet, Bright Light Blue Legs",5
fig-010550,28,Wheeler - Santa,6
fig-010551,29,Mighty Eagle,3
fig-010552,29,King Pig,4
fig-010553,29,Chef Pig,3
fig-010554,20,Pirate Pig,2
fig-010555,27,"Cho Chang, Light Aqua Brick-Built Dress",5
fig-010556,27,"Padma Patil, Coral and Dark Pink Dress",5
fig-010557,27,Parvati Patil,5
fig-010558,11,Race Driver - R. Barrichello RF. Massa - Plain Helmet,5
fig-010559,29,"Poppy Starr, Lime Jacket, Black Legs",4
fig-010560,29,"Freya McCloud, Open Dark Red Jacket with Badge, White Fire Helmet (3626cpr3232 Head)",4
fig-010561,29,"Duke DeTain, Short Sleeved Police Shirt",4
fig-010562,29,Mayor Fleck,4
fig-010563,29,"Train Conductor, Dark Red Suit with Tie, Dark Red Hat",4
fig-010564,29,"Woman, Open Dark Azure Hoodie over Lime Shirt, Dark Tan Legs, Medium Nougat Hair, Hearing Aid",4
fig-010565,29,"Billy McCloud - Blue Overalls, Blue Cap with Yellow Propeller",5
fig-010566,29,"Girl, Orange Top, Short Blue Legs, Brown Hair",4
fig-010568,3,"Albus Dumbledore, Dark Red Robe with Skirt, Stars on Hat",5
fig-010569,29,"Woman, Open Medium Lavender over Lavender Shirt, Medium Nougat Legs, Orange Hair",4
fig-010570,29,"Man, Green Sweater, Dark Tan Legs, Dark Brown Hair, Moustache",4
fig-010571,2,"Bellatrix Lestrange, Prison Robe",4
fig-010572,29,Statue with Handcuffs,5
fig-010574,5,"Fred Weasley - Tan Suit, Hat",4
fig-010575,3,"George Weasley - Tan Suit, Hat",4
fig-010576,29,Limo Driver,4
fig-010577,3,Griphook,4
fig-010578,29,"Woman, Dark Azure Striped Shirt, Dark Azure Legs, Dark Brown Hair",4
fig-010579,4,Ginny Weasley,4
fig-010582,4,"Harry Potter, Dark Bluish Gray Jacket over Red Shirt, Dark Blue Legs",4
fig-010583,3,"Hermione Granger, Tan Striped Sweater, Dark Blue Legs",4
fig-010584,3,James Potter,5
fig-010585,2,"Kingsley Shacklebolt, Cape",5
fig-010586,3,Lily Potter,4
fig-010588,3,"Luna Lovegood, Lion Costume",4
fig-010589,3,"Moaning Myrtle, Printed Legs",4
fig-010591,4,"Neville Longbottom, Gryffindor Robes Closed, Printed Medium Legs",4
fig-010592,5,Professor Pomona Sprout - Medium Nougat Robe,4
fig-010593,3,"Ron Weasley, Reddish Brown Sweater, Light Bluish Grey Legs",4
fig-010594,33,"Mia - Dark Purple Top, Olive Green Skirt, Nurse Hat",5
fig-010595,22,"Andrea - Tan Jacket, Tan Skirt, Dark Brown Hair, Flower",5
fig-010596,22,"Stephanie - Olive Green Jacket, Olive Green Skirt, Bright Light Yellow Hair, Flower",5
fig-010597,23,"Olivia - Dark Pink Top, Sand Green Skirt, Reddish Brown Hair, Bow",5
fig-010598,32,Ley-La - Black Outfit,5
fig-010600,24,Agent Chase (Diver) - Single Sided Head,6
fig-010601,39,"Olly - Chainmail Print Shirt, Dark Azure Pants",4
fig-010602,7,Unikitty / Rainbow Unikitty,14
fig-010603,5,"Unikitty, Angry Kitty, Yellow Eyes",14
fig-010604,5,"Puppycorn, Shades",14
fig-010605,4,"Unikitty, Dinosaur Outfit",14
fig-010606,4,"Unikitty, Shades",14
fig-010607,3,"Puppycorn, Dalmatian Outfit",14
fig-010608,5,Unikitty / Dessert Unikitty,14
fig-010609,6,"Unikitty, Camouflage Outfit",14
fig-010610,4,Puppycorn / Alien Puppycorn,14
fig-010611,4,"Unikitty, Sleepy",14
fig-010612,4,"Unikitty, Queasy, Sitting",14
fig-010613,5,Puppycorn / Dessert Puppycorn,14
fig-010614,23,"Pilot - Black Torso, White Legs, Black Cap",4
fig-010615,23,"Pilot - Black Torso, White Legs, Black Hair",4
fig-010616,23,"Fire Fighter - Black Torso, Light Bluish grey Legs, White Helmet",4
fig-010617,23,"Police - Black Torso, Dark Bluish Grey Legs, Black Cap",4
fig-010618,16,"Unikitty, Light Aqua Foot, Closed Mouth, Round Eyes (Dimensions)",14
fig-010619,12,"Indian - Tan Clothing, Blue Trim",5
fig-010620,2,"Rascus - No Armour, Green Helmet",4
fig-010621,33,"Knight, Archer with Metallic Silver Helmet, Dark Bluish Grey Legs, and Quiver",5
fig-010622,8,Fisherman - Black Cap,5
fig-010623,8,Space Villain - Flat Silver Peg Leg,6
fig-010624,16,Ariel,4
fig-010625,29,Babette,5
fig-010626,29,"Mrs. Potts, Dark Pink Lid",2
fig-010627,29,Lumière,15
fig-010629,15,Elsa - Light Aqua Glitter Cape,5
fig-010630,31,"Skeleton, Plain Head",6
fig-010631,27,Cloud Guy,15
fig-010632,8,LEGOLAND Blue with Black Hat,4
fig-010633,6,"Worker - Orange Torso, Orange Legs, Red Helmet, Glasses",4
fig-010634,9,"Fireman, Black Fire Jacket with Reflective Stripes, Radio, and Badge, White Helmet with Visor, Cheek Lines, Dark BLuish Grey Legs",5
fig-010635,4,"White Torso, Dark Blue Legs, Reddish Brown Hair, Life Jacket",5
fig-010636,26,"Cinderella - Bright Light Blue Dress, White Under-Dress, Crown",5
fig-010637,13,"Aurora - Dark Pink Gown, Crown",5
fig-010638,11,Jasmine,4
fig-010639,14,"Ariel - Mermaid Form, Pink Top, Flower",5
fig-010640,23,Red Son with Neck Bracket,6
fig-010642,4,Zane - Forbidden Spinjitzu,5
fig-010644,30,Cole / Hero Cole - Clip on Back,6
fig-010645,29,Zane / Hero Zane - Clip on Back,6
fig-010646,16,"Octan - Blue Torso, Light Bluish Grey Legs, Blue Cap",4
fig-010647,15,"White Torso, Blue Legs, Black Hair, Red Lips",4
fig-010648,10,"Green Torso, Blue Legs, Red Cap",4
fig-010649,8,"White Torso, Green Legs, Reddish Brown Hair, Female",4
fig-010650,8,"Blue Torso, Black Legs, Red Cap",4
fig-010651,16,"White Torso, Dark Blue Legs, Red Helmet",4
fig-010652,16,"White Torso, Red Legs, Black Hair Ponytail",4
fig-010653,16,"White Torso, Dark Blue Legs, Red Helmet, Cheek Lines",4
fig-010654,2,"Red Torso, Blue Legs",3
fig-010655,12,"Blue Torso, White Legs",3
fig-010656,8,Venom,3
fig-010657,3,"Soccer Player White Torso, Green Legs, #10",4
fig-010658,16,Captain Phasma - Pointed Mouth,5
fig-010659,24,D-O - Santa Hat,3
fig-010660,24,Pit Droid,12
fig-010661,25,Metalbeard - Chest,20
fig-010662,10,"White Torso, Dark Blue Legs, Light Bluish Grey Back Pack, Red Cap",5
fig-010663,10,"Train Worker - Blue Torso, Dark Gray Legs, Red Hat",4
fig-010664,10,"Train Worker - Blue Torso, Dark Gray Legs, Red Helmet",4
fig-010665,8,"White Torso, Black Legs, Brown Hair",4
fig-010667,22,"Emma - Tan Overall, Black Hair, Bow",5
fig-010668,3,Richie,4
fig-010669,30,"Elf - Bright Green Torso, Green legs, Bright Green Hat",4
fig-010670,30,"Elf - Bright Green Torso, Green legs, Bright Green Hat, Broad Smile",4
fig-010671,30,"Elf - Bright Green Torso, Green legs, Bright Green Hat, Glasses",4
fig-010672,30,"Elf - Bright Green Torso, Green legs, Bright Green Hat, Red Scarf",5
fig-010673,31,Dr Cornelius Evazan,4
fig-010674,31,Kardue'sai'Malloc,5
fig-010675,31,Garindan,6
fig-010676,31,Momaw Nadon,3
fig-010677,31,Kabe,4
fig-010678,31,Hrchek Kal Fas,3
fig-010680,31,"Sandtrooper Squad Leader / Captain, Orange Pauldron, Neck Bracket, Dual Molded Helmet, Closed Mouth",6
fig-010681,31,Ponda Baba,3
fig-010684,31,"Sandtrooper, Black Pauldron, Neck Bracket with Double Stud, Closed Mouth",6
fig-010685,12,Etta Candy,4
fig-010686,19,Ebenezer Scrooge,4
fig-010687,19,Bob Cratchit,4
fig-010688,19,Tiny Tim Cratchit,5
fig-010689,15,"Black Widow, White Jumpsuit, Dark Bluish Gray Hands",4
fig-010690,15,Taskmaster,3
fig-010691,15,Red Guardian,4
fig-010692,0,"Classic Spaceman, Orange with Airtanks",5
fig-010693,5,"Man - Black Torso, Black Legs, Yellow Hat, Yellow Vest (3626a Head)",5
fig-010694,25,"Woman, Pink Top with Necklace, Dark Purple Legs, Light Yellow Hair",4
fig-010697,2,"Luke Skywalker, White Robe, Blue Milk Mouth",4
fig-010698,13,"Doctor - White Torso, Stethoscope, White Legs, Reddish Brown Hair",4
fig-010699,13,"Fire Fighter - Black Torso, Light Bluish grey Legs, Silver Helmet",4
fig-010700,13,"Octan - Blue Torso, Red Legs, Red Cap",4
fig-010701,13,"Octan - Blue Torso, Red Legs, Red Helmet",5
fig-010702,13,"White Torso, Blue Overall, Black Cap",4
fig-010703,13,"White Torso, Blue Overall, Blue Helmet",5
fig-010704,13,"Dark Bluish Grey Torso, Black Legs, Dark Red Hat",4
fig-010705,13,"Police - Black Torso, Dark Bluish Grey Legs, Black Cap",4
fig-010706,13,"Police - Black Torso, Dark Bluish Grey Legs, Black Hat",4
fig-010707,13,"Police - Black Torso, Dark Bluish Grey Legs, White Helmet, Black Visor",5
fig-010708,13,"Prisoner - White Torso, Light Bluish Grey Legs, Light Bluish Grey Cap - 50380",4
fig-010709,13,"Tan Torso, Tan Legs, Reddish Brown Hair",4
fig-010710,13,"Black Jacket, Black Legs, Black Hair",4
fig-010711,13,"White Torso, Yellow Legs, Black Hair",4
fig-010712,13,"White Torso, White Legs, Black Hair, Yellow Airtank",5
fig-010713,3,Vampire - Black Pants,4
fig-010714,3,Wacky Witch - Black Legs,4
fig-010715,4,Pete Python,5
fig-010716,3,Ivan Mater,52
fig-010717,2,Kid in Tiger Costume,5
fig-010718,2,Warlock,4
fig-010719,2,Skeleton Costume with Pumpkin Head,4
fig-010720,3,Jay / Digi Jay,4
fig-010721,1,Jay with Pearl Dark Gray Shoulder Cover (Legacy),5
fig-010723,3,"Yoda, Olive Green Head, Backpack",4
fig-010724,11,Wrestler,4
fig-010726,16,"Draco Malfoy, Slytherin Sweater, Medium Black Legs",4
fig-010727,45,Big Bird,3
fig-010728,45,Cookie Monster,3
fig-010729,45,Elmo,3
fig-010730,45,Bert,3
fig-010731,45,Ernie,3
fig-010732,20,Lawrence the Boombox Goon,3
fig-010734,20,"The Joker, Black and White Suit",5
fig-010735,18,"Boy, Olive Green Jacket, Black Legs, Red Ushanka Hat",4
fig-010736,18,"Girl, Medium Azure Jacket, Medium Lavender Legs, Orange Scarf, Dark Brown Hair",5
fig-010737,3,Mummy with Headdress,4
fig-010738,1,Will.i.am,4
fig-010740,2,Shadow Leonardo,4
fig-010742,2,"Guard - Dark Blue Torso, Dark Bluish Grey Legs, Dark Blue Cap, Reddish Brown Beard",4
fig-010743,11,"White Torso, Orange Vest, Blue Legs, Black Cap, Smile",5
fig-010744,4,"Red Torso, Blue Legs, Smile",3
fig-010746,2,"Knight (Knights Kingdom II) - Jayko, Geometric Pattern, no Harness",5
fig-010747,1,Shazam - White Hood,5
fig-010748,18,"White Torso, Sand Green Legs, Bright Light Yellow Hair, Red Scarf",5
fig-010749,18,"Red Torso, Dark Blue Legs, Dark Azure Cap",4
fig-010750,8,Roman Chariot Rider,5
fig-010751,24,Bee Keeper,6
fig-010752,24,"Villager, Reddish Brown with Honey",3
fig-010753,18,Wandering Trader - Blue,3
fig-010754,29,"Woman, Medium Lavender Sweater, Dark Blue Legs, Black Hair",4
fig-010755,29,"Girl, Bright Light Orange Shirt, Blue Medium Legs, Red Beanie with Braids",4
fig-010756,29,"Man, Light Bluish Gray Open Hoodie, Dark Tan Legs, Dark Blue Cap, Beard",4
fig-010757,29,"Boy, Green Ninjago Hoodie, Short Black Legs, Reddish Brown Hair, Glasses",4
fig-010758,7,"Diver - Dark Blue Torso, Red Legs, Red Helmet, Beard",5
fig-010760,30,"Sand Blue Torso, Dark Blue Legs, Black Hair",4
fig-010761,30,"Orange Torso, White Legs, Black Long Hair",4
fig-010762,30,"Dark Red Torso, Blue Legs, Black Hair",4
fig-010763,30,"Dark Red Torso, Sand Blue Legs, Black Long Hair",4
fig-010764,30,"Tan Torso, Dark Green Legs, Black Hair, Red Scarf",5
fig-010765,30,"Dark Blue Torso, Tan Legs, Black Hair",4
fig-010766,30,"White Torso, Dark Turquoise Legs, Black Hair",4
fig-010767,32,"Red Torso, Blue Legs, Black Hair, Tan Bag",4
fig-010768,32,"Kid Red Torso, Red Legs, Black Hair, Red Glasses",4
fig-010769,32,"Kid Red Torso, Black Legs, Dark Azure Cap",4
fig-010770,32,"Dark Red Torso, Black Legs, Light Bluish Grey Hair",4
fig-010771,32,"Light Bluish Grey Torso, Dark Blue Legs, Light Bluish Grey Hair",4
fig-010772,32,"Red Torso, Dark Purple Legs, Medium Brown Bull Mask, White Horns",6
fig-010774,41,"Andrea - Dark Turquoise Jacket, Dark Blue Skirt",4
fig-010775,41,"Martin - Dark Brown Torso, Dark Blue Legs, Black Hair",4
fig-010776,41,"Donna - Yellowish Green Torso, Yellowish Green Skirt, Dark Brown Hair",4
fig-010777,45,"Liz - Microdoll, Bright Light Yellow Dress, Dark Brown Hair",3
fig-010778,24,"Boy, Red Letterman Jacket, Blue Medium Legs, Dark Blue Dirt Bike Helmet",4
fig-010779,24,"Girl, Dark Turquoise Jacket, Short Dark Pink Legs, Dark Purple Bike Helmet",4
fig-010780,24,"Man, White Racing Jacket, Olive Green Legs, Green Dirt Bike Helmet, Stubble",4
fig-010781,24,"Woman, Vita Rush Jacket, Dark Azure Legs, Dark Orange Hair",4
fig-010782,33,"Criminal, Prison Shirt '86753', Dark Tan Legs, Hat, Stubble",4
fig-010783,33,"Firewoman, Firesuit with Straps and Gauge, White Helmet with Visor, Dirty Face",5
fig-010784,33,"Policeman, Polo Shirt with Belt and Radio, Dark Blue Legs, Dark Blue Dirt Bike Helmet, Orange Glasses",4
fig-010785,33,"Man, Kendo Armor, Light Bluish Gray Hair and Beard",4
fig-010786,24,"Andrea - Magenta Top, Magenta Skirt",4
fig-010787,24,Amelia - Dark Turquoise Dress,4
fig-010788,24,Julian - Dark Red Usher Costume,4
fig-010789,1,"Diver - Dark Blue Torso, Orange Legs, Dark Blue Helmet",8
fig-010790,37,Shirley Keeper,4
fig-010791,33,"Man, Red Plaid Shirt, Reddish Brown Legs, Sunglasses, Dark Brown Hair",4
fig-010792,33,Madison in Kendo Armor,4
fig-010793,33,"Woman, Open Jacket over Purple Shirt, Sand Blue Legs, Baby Carrier, Reddish Brown Hair",5
fig-010794,33,"Chef, Green Legs, Chef Hat, Moustache",4
fig-010795,28,"Man, Lime Hoodie, Light Bluish Gray Legs, Medium Nougat Hair",4
fig-010796,28,"Barista, Reddish Brown Apron, Sand Blue Legs, Chef Hat",4
fig-010797,28,"Boy, Dark Azure Hoodie, Short Dark Blue Legs, Dark Orange Hair",4
fig-010798,28,"Man, Dark Blue Plaid Shirt, Dark Tan Legs, Light Bluish Gray Hair and Moustache, Glasses",4
fig-010799,28,"Woman, Racing Jacket, Red Legs, Ponytail with White Cap",4
fig-010800,28,"Construction Worker, Woman, Orange Safety Jacket, Blue Legs, Ponytail with Red Hard Hat",4
fig-010801,2,Sir Fangar - Dark Blue Cape,5
fig-010802,8,"Knight (Breastplate on Black) - Black Legs, Armor, Red Plume, Hollow Stud Head",7
fig-010803,2,"White Torso, White Slope for Dress, Reddish Brown Hair",4
fig-010804,2,"Green Torso, Red Legs, Dark Azure Helmet",4
fig-010805,2,"Black Torso, Black Legs, Black Hair",4
fig-010806,0,"Chef - White Torso, Red Legs, Black Hair",4
fig-010807,0,"Kid - Blue Torso, Dark Red Legs, Tan Hair",4
fig-010808,0,"White Torso, White Legs, Medium Nougat Hair",4
fig-010809,25,"Dark Tan Torso, Dark Blue Legs, Reddish Brown Hair",4
fig-010810,25,"Dark Purple Torso, Tan Legs, Dark Orange Hair, Baby Carrier",5
fig-010811,32,"Elf - Bright Green Torso, Red Legs, Bright Green Hat",4
fig-010812,10,"Wither Skeleton, Square Skull, Bent Arms",6
fig-010814,12,"Rapunzel - Lavender Top, Medium Lavender Dress, Flowers",6
fig-010815,17,"Woman, Blue Jacket, Dark Tan Legs, Dark Blue Cap with Ponytail",4
fig-010816,17,"Pilot, Orange Jacket, Dark Blue Legs, White Helmet with Visor and Breathing Apparatus",6
fig-010817,11,"Lifeguard, Red Jacket, Blue Legs, Red Cap, Orange Life Vest",5
fig-010818,13,"Girl, Blue Overalls, Short Legs, Glasses",4
fig-010819,13,"Man, Green Overalls, Reddish Brown Hair, Stubble Beard",4
fig-010820,18,"Woman, Black Jacket, Medium Blue Legs, Reddish Brown Hair",4
fig-010821,18,"Man, Dark Red Jacket, Dark Blue Legs, Dark Blue Cap, Moustache",4
fig-010822,7,"Captain America, Mask",4
fig-010823,12,"Thor, Flat Silver Helmet",4
fig-010825,42,"Spider-Man (Miles Morales), Dark Red Hoodie, Dual Molded Legs",4
fig-010826,41,"Dr. Octopus / Doc Ock, Dark Green Outfit, Neck Bracket",69
fig-010827,53,"Spider-Man, Printed Arms",3
fig-010828,53,"Ghost-Spider / Spider-Gwen, Open Front Hood, White Hands",4
fig-010829,22,"Mysterio, Green Outfit, Green Energy Cloud",6
fig-010830,41,"Sandman, Swirling Dirt Lower Body with Green Sweater",4
fig-010832,19,Carnage with Short Tentacles,12
fig-010833,19,"Ghost Rider, Flat Silver Head",3
fig-010834,20,"Firewoman, Bright Light Orange Firesuit, White Helmet with Visor",5
fig-010835,20,"Man, Orange Safety Vest, Dark Blue Legs, Red Hard Hat, Sweat Drops",4
fig-010836,20,"Clemmons, White Helmet with Visor",5
fig-010837,14,"Freya McCloud, Black Firesuit",4
fig-010838,14,"Fireman, Black Firesuit with Lime Safety Vest and Torch, White Helmet",4
fig-010839,13,"Fireman, Black Firesuit, White Helmet with Black Peak and Neck Protector with Visor",5
fig-010840,22,"Bob, Dark Tan Firesuit, White Helmet",7
fig-010841,22,"Woman, White Jacket, Light Bluish Gray Legs, Reddish Brown Hair",4
fig-010842,22,"Feldman, Black Firesuit",5
fig-010843,22,"Fireman, Black Firesuit, White Helmet with Black Peak and Neck Protector with Visor",5
fig-010844,12,"Man, Dark Red Jacket, White Legs, Tan Hair",4
fig-010845,11,"LEGO Employee, Yellow Shirt, Black Legs, Dark Orange Hair",4
fig-010846,15,"Woman, Medium Nougat Jacket, Sand Blue Legs, Dark Brown Hair",4
fig-010847,15,"Man, Racing Jacket, Black Helmet with White Snow Goggles",5
fig-010848,20,"Duke DeTain, Black Helmet with Visor",5
fig-010849,20,Clara the Criminal with Goggles,5
fig-010850,20,"Policewoman, Bright Light Blue Shirt, Dark Blue Legs, Dark Blue Cap with Ponytail",4
fig-010851,17,Gracie Goodhart,5
fig-010852,17,"Policeman, Bright Light Blue Shirt with Tie and Police Badge, Dark Blue Cap, Moustache",5
fig-010853,17,"Criminal, Frankie Lupelli, Diving Suit",6
fig-010854,17,"Policeman, Diving Suit (Carl Confidential)",6
fig-010855,11,"Criminal, Woman, Prison Shirt with '50382', Dark Red Legs, Dark Orange Hair",4
fig-010856,27,"The Mandalorian / Din Djarin, Dark Brown Outfit with Cape",5
fig-010857,8,NI-L8 Protocol Droid,3
fig-010858,8,"TIE Pilot, Printed Legs, Two Silver Stripes on Helmet, Silver Belt Pouches, Closed Mouth",4
fig-010859,19,"Stormtrooper, Black Squares on Back of Helmet, Closed Mouth",4
fig-010860,20,General Dodonna (3626c Head),4
fig-010861,32,"Luke Skywalker, Orange Rebel Pilot Outfit, Light Bluish Gray Hips, Black Hands, Printed Visor, Detailed Chest Panel",4
fig-010863,20,"Olivia - Dark Pink Top, Bright Light Yellow Skirt",4
fig-010865,19,"Emma - White Top, Dark Pink Skirt",4
fig-010866,24,"Mia - White Top, Dark Purple Skirt",4
fig-010867,14,"Stephanie - Dark Turquoise Top, Dark Blue Skirt, Dark Purple Cat Ears",5
fig-010868,18,"Andrea - Magenta Top, White Skirt",4
fig-010869,9,Martian,5
fig-010870,8,"Pilot - Orange Torso, Orange Legs, White Helmet",5
fig-010871,17,"Harry Potter, Gryffindor Sweater with Crest, Short Legs",4
fig-010872,17,"Cho Chang - Dark Bluish Grey Sweater, Black Legs, Rubber Hair",4
fig-010874,17,"Professor Filius Flitwick, Beard, Olive Green Vest, Dark Bluish Grey Legs",4
fig-010875,22,Professor Pomona Sprout - Medium Nougat Jacket,4
fig-010877,22,Cedric Diggory - Tan Uniform,5
fig-010879,22,"Neville Longbottom, Tan Shirt, Headphones, Short Legs",5
fig-010880,44,"Professor Severus Snape, Long Robes Wide Open over Dark Purple Vest",4
fig-010881,25,"Draco Malfoy, Slytherin Sweater with Crest, Short Black Legs",4
fig-010882,25,"Seamus Finnigan, Gryffindor Sweater with Crest, Short Legs",4
fig-010883,34,"Professor Minerva McGonagall, Dark Green Robe, Black Hat with Dark Tan Hair, Azure Circle Symbols",4
fig-010884,18,"Hermione Granger, Gryffindor Sweater with Crest, Short Legs",4
fig-010885,18,"Ron Weasley, Gryffindor Sweater with Crest, Short Black Legs",4
fig-010886,10,"Worker - Medium Blue Torso, Blue Overall, Orange Glasses, White Helmet",4
fig-010887,23,Fairy Godmother - Lavender Dress,5
fig-010888,16,"Lightning McQueen, Dark Blue",16
fig-010890,23,"Ariel - Human Form, White Dress, Crown",5
fig-010892,23,"Prince Eric - White Uniform, Medium Blue Pants",4
fig-010894,19,"Queen Iduna - MicroDoll, Lavender Dress",3
fig-010896,19,"Elsa - Microdoll, Bright Light Blue Dress, Hair in Tail, Looking Up",3
fig-010897,19,"Elsa - Microdoll, White Dress, Loose Hair",3
fig-010898,27,"Mia - Dark Purple Top, Olive Green Skirt",4
fig-010899,30,"Stephanie - White Doctor Coat, Magenta Skirt",4
fig-010900,23,"Roxy - Coral Top, Yellow Skirt",4
fig-010901,34,"Ethan - Dark Turquoise Top, Black Pants",4
fig-010902,49,"Henry - Microdoll - Dark Turquoise Shirt, Light Bluish Grey Pants",3
fig-010903,28,"Marcel - Dark Turquoise Top, Dark Blue Pants, Bald Head",4
fig-010904,49,"Ava - Microdoll, Medium Blue Dress, Dark Orange Hair",3
fig-010905,33,"Mia - Dark Purple Top, Olive Green Skirt",4
fig-010906,21,"Olivia - Dark Blue Top, Dark Pink Skirt",4
fig-010907,15,"Emma - Sand Blue Jacket, Magenta Skirt",4
fig-010908,10,"Batman, Light Bluish Gray Suit, Black Cape and Cowl, Black Head",5
fig-010909,14,"Dark Azure Torso, Black Legs, Black Hair, Sunglasses",4
fig-010910,14,"Black Torso, Medium Lavender Legs, Bright Light Yellow Hair",4
fig-010911,30,"Kid - Bright Light Pink Torso, Dark Turquoise Legs, Dark Orange Hair",4
fig-010912,30,"White Torso, Dark BLue Legs, Dark Brown Hair",4
fig-010913,11,"Droid - Flat Silver Torso, Legs, Trans-Light Blue Head",3
fig-010914,8,"White Torso, Sand Blue Legs, Red Cap",4
fig-010915,22,Alex - Bright Green Helmet,4
fig-010916,46,"Zombie, Sand Green Head (Drowned)",3
fig-010917,8,"Police - Bright Light Blue Shirt, Dark Blue Legs, White Helmet",5
fig-010918,0,Viper with Rope Bundle,4
fig-010919,3,"Knight with Round Helmet, Breastplate with Lion Head Emblem",5
fig-010920,33,"Blacksmith - Dark Tan Torso, Sand Blue legs, Dark Orange Hair and Beard",5
fig-010921,33,"Woman - Green Tunic, Dark Tan/Reddish Brown Legs, Dark Brown Hair, Quiver",5
fig-010922,33,"Black Falcon Knight, Female - Blue Torso, Pearl Dark Gray Legs, Dark Brown Hair, Flat Silver Shoulderguard",5
fig-010923,33,"Black Falcon Knight - Blue Torso, Pearl Dark Grey Legs, Light Bluish Grey Hair, Flat Silver Shoulderguard",5
fig-010925,52,Cole / Urban Cole,4
fig-010926,52,Jay with Plain Trans-Neon Green Head,4
fig-010928,53,Zane with Shoulder Cover and Silver Head (Legacy),5
fig-010929,52,Cece,4
fig-010930,52,Statue with Flat Top Hair,5
fig-010931,52,Lloyd / Young Lloyd (Legacy),4
fig-010933,52,Nya / Urban Nya,4
fig-010934,52,Kaito,4
fig-010935,52,Christina,4
fig-010936,52,Tito,4
fig-010937,52,Clutch Powers,4
fig-010938,52,Eileen,4
fig-010939,52,Mei,4
fig-010941,52,Master Wu Legacy - gold,5
fig-010942,52,Hai,4
fig-010944,52,Jay / Urban Jay,4
fig-010946,52,"Misako, Dark Orange Jacket",4
fig-010947,52,Ronin (Legacy),5
fig-010948,52,The Mechanic,4
fig-010949,52,Noodle Shop Sign,4
fig-010950,52,Scoop,21
fig-010952,13,"Kai - White Torso, Red Legs",5
fig-010953,21,Wyplash - Tan Hat,8
fig-010955,11,Zane - Flat Silver,5
fig-010956,24,Serpentine Rattla - Sand Blue,4
fig-010958,12,Jay - Legacy with White/Blue Robe,5
fig-010960,14,"Cole - Legacy, Black Suit, Orange Bandana",5
fig-010961,30,"Ghost, Soul Archer (Legacy)",4
fig-010962,16,"Lloyd - Golden Ninja, Shoulder Guards",5
fig-010963,16,"Overlord - Trans-Purple Head, Black Torso, Shoulder Guard",5
fig-010964,20,"Ghost, Ghoultar (Legacy)",6
fig-010966,20,"Zane - Legacy, Black Torso, Black Legs, White Wraps, Katana Holder",5
fig-010968,42,Jay - Gold,5
fig-010970,39,Cole - Gold,5
fig-010972,12,Sheriff,21
fig-010973,18,"Nindroid with Dual Sided Head, Shoulder Armor (Legacy), Short Legs, Shoulder Harness",4
fig-010975,21,Cole with Hair (Legacy) - Master Torso,5
fig-010976,27,Eyezor - Legacy,4
fig-010977,40,Kai - Gold,5
fig-010979,37,"Lloyd - Gold, with Hair",5
fig-010980,19,Bolobo,4
fig-010981,19,Gravis,4
fig-010982,19,Jacob,5
fig-010983,10,"Lloyd - The Island, Dark Green Camouflage",4
fig-010985,2,"Darth Maul, Horns, Printed Mechanical Legs",4
fig-010986,9,"Policewoman, Bright Light Blue Shirt with Radio and Badge, Dark Blue Legs, Dark Blue Cap with Hair, Orange Life Jacket",5
fig-010988,18,Nindroid with Dual Sided Head (Legacy) -neck Bracket,5
fig-010989,7,"Doctor, Woman, White Shirt over Medium Azure Scrubs with Star of Life and Pocket, Dark Brown Hair, Glasses",4
fig-010990,7,"Man, Dark Azure Hoodie over Lime Shirt, Dark Bluish Gray Legs, Head Bandage",4
fig-010991,20,"Olly - Animal Print Shirt, Dark Azure Pants, White Shoes",4
fig-010992,28,"Nova - Black Top, Darl Azure Pants",4
fig-010993,24,Luiz,4
fig-010994,18,Nash Durango,5
fig-010995,18,RJ-83,2
fig-010996,18,"Nubs, Dark Brown Cape",4
fig-010997,40,Ben,3
fig-011009,1,"Unikitty / Warrior Kitty, with Harpoon, Fire Eyes",17
fig-011012,4,Space Police Guy,6
fig-011013,3,Violin Kid,4
fig-011014,4,Shipwreck Survivor,4
fig-011015,3,Gladiator,6
fig-011016,2,Pug Costume Guy,4
fig-011017,3,Paddle Surfer,5
fig-011018,3,Ladybug Lady,5
fig-011019,3,Centaur Warrior,5
fig-011020,1,Cabaret Singer,5
fig-011021,4,Beekeeper,4
fig-011022,3,Airplane Girl,6
fig-011023,3,Ancient Warrior,4
fig-011024,3,Alien,3
fig-011025,6,"Man, Red Torso, Blue Legs, Tan Hair, Moustache",4
fig-011026,6,"Soccer Player, French Team Jersey, Black Hair, Moustache",4
fig-011027,11,"White Torso, Dark Bluish Grey Legs, Dark Azure Hair",4
fig-011028,11,"White Torso, Red Legs, Black Hair",4
fig-011029,1,"Elf - Dark Pink Torso, Green Legs, Dark Pink Head",4
fig-011030,25,Jay in Rebooted Outfit (Legacy) - MASTER Torso,5
fig-011031,7,"Technic Figure White Legs, White Top with Blue Braces Print, Blue Arms, Red Helmet",3
fig-011032,3,"Technic Figure White Legs, White Top with Blue Braces Print, Blue Arms, White Helmet",3
fig-011033,7,"Technic Figure Black Legs, Light Gray Top with Police Print, Black Arms, Blue Helmet",3
fig-011034,7,Max Villano,4
fig-011035,10,"Blue Torso, Light Gray Legs, Red Hair",4
fig-011036,10,"Pilot - Black Torso, Light Grey Legs, White Cap",4
fig-011037,10,"Pilot - Black Torso, White Legs, Red Hair",4
fig-011038,10,"Blue Torso, Red Legs, Red Safety Helmet",4
fig-011039,10,"Doctor - White Torso and Legs, Brown Hair",4
fig-011040,10,"Doctor - White Torso and Legs, Red Hair Female",4
fig-011041,10,"Green Torso, Green Legs, Red Safety Hat",4
fig-011042,10,"Green Torso, Light Grey Legs, Brown Ponytail Hair",4
fig-011043,10,"Driver - Red Torso, Blue Legs, Blue Helmet",5
fig-011044,10,"White Torso Octan, Blue Legs, Black Hair",4
fig-011045,10,"White Torso Octan, Green Legs, Black Hair",4
fig-011046,10,"White Torso, Blue Overall, Brown Hair",4
fig-011047,10,"White Torso, Blue Legs, Brown Hair Ponytail",4
fig-011048,10,"Diver - Blue Torso, Blue Legs, Yellow Tanks, Blue Helmet",6
fig-011049,10,"Blue Torso, Blue Legs, Black Hair Ponytail",4
fig-011050,10,"Blue Torso, Blue Legs, Black Hair Long",4
fig-011051,10,"Blue Torso, Blue Legs, Black Hair, Mustache",4
fig-011052,12,"Lightning McQueen, Sand Blue",16
fig-011054,0,"Stephanie - White Plaid Top, Dark Purple Skirt",4
fig-011055,5,Great Wall Warrior,5
fig-011057,8,Robin Underwood with Short Legs and Helmet with Plume,5
fig-011058,15,"Blue Torso, Red Legs, Black Hair",4
fig-011059,15,"Pilot - Blue Torso, Blue Legs, Black Hair",4
fig-011060,15,"Pilot - Blue Torso, Blue Legs, Red Cap",4
fig-011061,15,"Pilot - Blue Torso, Blue Legs, Red Helmet",4
fig-011062,15,"Pilot - Reddish Brown Torso, Blue Legs, White Helmet",5
fig-011063,15,"Pilot - Black Torso, Black Legs Black Hat",4
fig-011064,12,Yeti,7
fig-011065,11,Jun-Chi,7
fig-011066,1,"Kid - Dark Blue Torso, Dark Turquoise Legs, Bright Light Yellow Hair",4
fig-011067,7,"Blue Torso, Green Legs, Red Helmet",4
fig-011068,7,"Pilot - Black Torso, Blue Legs, Black Cap",4
fig-011069,7,"Red Torso, Red Legs, Red Helmet, Yellow Air Tanks",5
fig-011070,7,"White Torso, Red Legs, White Hat",4
fig-011071,7,"Police - Black Torso, Red Legs, White Fire Helmet",4
fig-011072,7,"White Torso, Red Legs, Red Helmet",5
fig-011073,5,"Doctor - White Legs, Female, Black Hair",4
fig-011074,5,"Red Torso, Zipper, Red Legs, Red Helmet",4
fig-011075,5,"Black Torso, White Legs, Light Grey Helmet",4
fig-011076,5,"Blue Torso, Red Legs, White Cap",4
fig-011077,5,"White Torso, Blue Legs, Brown Hair - 3626a Head",4
fig-011078,5,"Blue Torso, White Legs, Black Hair",4
fig-011079,5,"Red Torso, Red Legs, White Hair",4
fig-011080,1,Venom with Two Different Tentacles,8
fig-011081,0,Michele Mouton (Michèle Mouton),4
fig-011082,6,"Classic Spaceman, Plain Yellow with Airtanks (3842b Helmet)",5
fig-011084,5,"Yoda, Sand Green Head with White Hair, Dark Orange Undershirt",3
fig-011085,2,"Princess (Glued Torso, Skirt, and Legs)",3
fig-011086,6,Maverick Storm,4
fig-011094,6,Zane / Hero Zane with Hair,5
fig-011095,12,Thanos in Dark Blue and Gold Outfit (Plain Legs),4
fig-011097,23,Iron Spider with Neck Bracket and Two-Piece Mechanical Arms,12
fig-011098,23,Peter Parker - Spider-Man Suit,4
fig-011100,23,Ultimate Spider-Man,3
fig-011101,45,Green Goblin,4
fig-011102,27,Boun,4
fig-011103,27,Sisu Human,4
fig-011104,27,Dyan,3
fig-011105,30,Raya,4
fig-011106,39,Raya with Cape,5
fig-011107,17,Jay in Rebooted Outfit with Head Wrap (Legacy),4
fig-011108,27,Bob with Neck Bracket,7
fig-011109,13,Monkie Kid in Racing Suit,4
fig-011111,13,Bob In Racing Suit,6
fig-011112,18,Stephanie - White Apron,4
fig-011113,20,"Andrea - Gold Jacket, Dark Turquoise Pants",4
fig-011114,20,"Stephanie - Silver Top, Magenta Skirt",4
fig-011115,33,"Emma - White Veterinarian Jacket, Light Aqua Skirt",4
fig-011116,30,"Mia - White Veterinarian Jacket, Dark Purple Skirt",4
fig-011117,30,"Savannah - Blue Top, Sand Green Skirt, Black Hair",4
fig-011118,30,"Donna - White Veterinarian Jacket, Dark Turquoise Pants, Hat",5
fig-011119,38,"Emma - Coral Top, Medium Lavender Skirt",4
fig-011120,38,"June - White Top, Dark Blue Skirt",4
fig-011121,38,"Robert - Dark Turquoise Top, Black Pants",4
fig-011123,7,"Poe Dameron, Open Medium Nougat Jacket, Helmet",4
fig-011124,25,"Luke Skywalker, Hoth Outfit, Tan Hat, Printed Light Bluish Gray Legs",5
fig-011126,16,"Darth Vader, White Skin, 50231 Cape, Robe Hem and Stripes on Legs, Plain Arms",6
fig-011127,16,Imperial Officer,4
fig-011128,18,"Piglin, Armor, Pearl Gold Legs",4
fig-011129,18,Huntress,3
fig-011130,18,"Piglin, Armor, Reddish Brown Legs",4
fig-011131,39,Namaari,4
fig-011132,24,Rui,5
fig-011133,24,Spindrax,5
fig-011134,24,"Monkie Kid, Dark Turquoise Hood",5
fig-011135,44,Huntsman,5
fig-011137,51,"Mei, Pearl Gold Armor",5
fig-011138,31,Si,4
fig-011139,31,Lu,4
fig-011140,40,Spider Queen,5
fig-011141,31,"Monkie Kid, Dark Turquoise Hood, Red Eye Make-up",5
fig-011142,31,"Mei, Winking",4
fig-011143,34,Apprentice Monkey King,5
fig-011144,45,"Monkey King, Dark Turquoise Bow, Smile / Angry",5
fig-011145,34,Baby Monkey King,5
fig-011146,34,"Evil Macaque, Red Cape",7
fig-011147,34,"Monkie Kid, Dark Turquoise Hood, Red Eye Make-up, Stern",5
fig-011148,34,Battle Monkey King,8
fig-011149,34,Brother Monkey,5
fig-011150,34,Sister Monkey,5
fig-011151,35,Syntax,5
fig-011152,22,"Monkie Kid, Dark Turquoise Hood, Gold Eyes",5
fig-011153,22,"Pigsy, Azure Harness",4
fig-011154,13,"Lightning McQueen, Dirty",16
fig-011155,35,Mr Tang,5
fig-011156,35,Fei,4
fig-011157,35,Red Son with Neck Bracket with 4 Bars,6
fig-011158,35,"Monkie Kid, Dark Turquoise Hood, Happy",5
fig-011159,3,Werewolf Drummer,4
fig-011160,2,Shark Singer,3
fig-011161,3,Samurapper,5
fig-011162,2,Red Panda Dancer,4
fig-011163,3,Ice Cream Saxophonist,3
fig-011164,3,Genie Dancer,4
fig-011165,2,Discowboy,4
fig-011166,3,DJ Cheetah,4
fig-011167,3,Cotton Candy Cheerleader,4
fig-011168,3,Bunny Dancer,3
fig-011169,1,Banshee Singer,5
fig-011170,3,Alien Keytarist,4
fig-011171,11,Candy Mermaid,4
fig-011172,8,Hiphop Robot,9
fig-011173,18,Alien DJ,3
fig-011174,11,Party Llama,3
fig-011175,8,Punk Pirate,4
fig-011176,12,Unicorn DJ,4
fig-011178,38,Rapunzel - Medium Lavender Dress,4
fig-011179,29,"Lloyd - The Island, Dark Green Camouflage - Mask, Shoulder Guard",6
fig-011181,17,Nya - Island,6
fig-011182,23,Rumble Keeper,4
fig-011184,31,Zane - Islander,6
fig-011185,35,Thunder Keeper,4
fig-011186,27,Poulerik,7
fig-011187,28,Kai - Shoulder Guard (Islander),6
fig-011189,28,Jay with Shoulder Armor (Islander),6
fig-011190,28,Chief Mammatus,7
fig-011191,28,"Kid - Dark Red Torso, Dark Turquoise Legs, Black Hair",4
fig-011192,28,"Blue Torso, Medium Blue Legs, Dark Brown Hair",4
fig-011193,4,"Tan Torso Shirt, Dark Brown Legs, Dark Brown Hair - 2016 The LEGO Store San Francisco Centre",4
fig-011194,4,"Mineworker - Orange Torso, Orange Legs, Flat Silver Hat - 2016 The LEGO Store San Francisco Centre",5
fig-011195,3,"Chef - White Torso, White Legs, White Hat, Mustache, Red Scarf",4
fig-011196,3,"Black Torso, Black Legs, Dark Red Hair, Headphones",5
fig-011197,3,"Dark Blue Torso, Suit, Dark Blue Legs, Light BLuish Grey Hair",4
fig-011198,13,Wampa (Big Fig) - Tan Nose,7
fig-011200,27,Cole - Island,6
fig-011203,0,Darth Vader with Medal (Celebration),5
fig-011204,9,"Timmy - Green Wizard Hat, Green Legs",4
fig-011206,4,Hector Barbossa,4
fig-011207,4,"Criminal, Open Light Bluish Gray Jacket over Prison Shirt, Dark Bluish Gray Legs, Dark Bluish Gray Hat, Missing Tooth (3626b Head)",4
fig-011208,4,"Criminal, Prison Shirt with #50380, Dark Bluish Gray Legs, Black Hat, Missing Tooth",4
fig-011209,4,Skeleton Warrior with Black Hips,5
fig-011210,4,"Police - Sand Blue Torso, Dark Blue Legs, White Helmet",5
fig-011211,4,"Worker - Orange Torso, Dark Blue Legs, Red Helmet",4
fig-011212,3,Atlantis Lobster Guard,9
fig-011213,3,Ace Speedman,5
fig-011215,4,"Luke Skywalker, Hoth Outfit, Tan Hat, Dark Bluish Gray Legs",5
fig-011216,2,"TIE Pilot, Plain Legs, Eyemask Head Print (87556 Helmet)",4
fig-011217,3,Skull Sorcerer - No Wings,4
fig-011218,18,FIRST LEGO League (FLL),3
fig-011219,28,"Kid - White Torso, Dark Azure Legs, Dark Brown Hair, High Eyebrows",4
fig-011221,1,Cedric Diggory - Quidditch Uniform,5
fig-011222,9,"Bob, Dark Tan Fire Suit, Red Helmet",4
fig-011223,32,Rabbit,3
fig-011224,32,Tigger,4
fig-011225,32,"Piglet, Scarf",4
fig-011226,32,Winnie the Pooh,3
fig-011227,24,"Kid - Medium Azure Torso, Dark Turquoise/Yellow Legs, Reddish Brown Hair",4
fig-011228,24,"Yellow Torso, Blue/Yellow Legs, Black Hair",4
fig-011229,24,"Red Torso, Dark Blue Legs, White Hair",4
fig-011230,24,"Bright Pink Torso, White Legs, Dark Orange Hair",4
fig-011231,9,Iron Venom,4
fig-011232,9,Pork Grind,3
fig-011234,6,"Obi-Wan Kenobi, Old, Tan Robes, Hair, Black Eyes, Cape",5
fig-011235,5,"Technic Figure White Legs, White Top with Red Stripes Print, Blue Arms, White Helmet",3
fig-011236,15,"Batman, Light Bluish Gray Suit, Dark Blue Cape and Cowl (60's TV Series)",5
fig-011238,17,"The Joker in Dark Pink Suit, Dark Pink Hands (60's TV Series)",4
fig-011240,11,"Dr. Octopus / Doc Ock, Dark Green Outfit",4
fig-011242,42,"Spider-Man, Printed Arms, Red Boots",3
fig-011244,16,"Cruz Ramirez, Large Dinoco Logo",22
fig-011246,0,"Nya - Future, Dark Red Robe, Gold Shoulder Guard",5
fig-011248,2,Jay (Islander),5
fig-011250,19,Minion Bob - Blue Overall,6
fig-011251,15,"Minion Stuart - Blue Overall, Half Closed Eye",5
fig-011252,15,Minion Kevin - Blue Overalls,7
fig-011253,12,"Minion Otto, Blue Overalls, Surprised",7
fig-011254,18,"Minion Otto, Blue Overalls, Happy",7
fig-011255,18,Minion Stuart - Bright Light Orange Pants,5
fig-011256,18,Minion Kevin - Bright Light Orange Pants,7
fig-011257,21,Razor Fist,4
fig-011258,21,Katy,4
fig-011259,27,Wenwu,4
fig-011260,27,Shang-Chi,4
fig-011261,18,Xialing,4
fig-011262,18,Death Dealer,3
fig-011263,4,Tweety,3
fig-011264,6,"Doctor Dokter, Dark Azure Legs, Reddish Brown Hair, Beard",4
fig-011265,6,"Charlie Glitche, Dark Blue Torso, Dark Tan Legs, White Bandages on Head",4
fig-011266,3,Bugs Bunny,3
fig-011267,13,"Police - Black Torso, Light Grey Legs, Black Cap",4
fig-011268,2,Sylvester,4
fig-011269,3,Daffy Duck,4
fig-011270,2,Lola Bunny,3
fig-011271,2,Speedy Gonzales,4
fig-011272,5,Taz the Tasmanian Devil,4
fig-011273,2,Wile E Coyote,4
fig-011274,4,Road Runner,5
fig-011275,5,Porky Pig,3
fig-011276,2,Petunia Pig,4
fig-011277,2,Marvin the Martian,5
fig-011278,35,"Black Falcon Castle Guard - Blue Torso, Pearl Dark Grey Legs, Light Bluish Grey Mustache",4
fig-011279,35,"Black Falcon Castle Guard, Female - Blue Torso, Pearl Dark Grey Legs, Flat Silver helmet",4
fig-011280,35,"Blacksmith - White Torso, Black Legs, Dark Orange Hair",4
fig-011281,3,"Technic Figure Blue Legs, White Top with Blue Arms, White Helmet",3
fig-011282,0,"Batman, Zebra Stripe Suit, Cape, and Cowl",5
fig-011283,2,Lloyd - Green Wraps,4
fig-011284,0,Spider-Man (2019 Comic Con Exclusive),3
fig-011285,26,"Freya McCloud, Open Dark Red Jacket with Badge, White Fire Helmet (3626cpr2972 Head)",4
fig-011286,22,Queen Anne's Figure Head,6
fig-011287,16,"Astronaut - Flat Silver Torso, White Legs, Reddish Brown Hair",4
fig-011288,30,"Stormtrooper, First Order - Rounded Mouth",4
fig-011290,0,Miles Morales - Classic Suit,3
fig-011291,7,"Medium Blue Torso, Dark Bluish Gray Legs, Dark Orange Hair - Las Vegas",4
fig-011292,5,"Black Torso, Blue Legs, Black Hood",4
fig-011293,5,"Red Torso, Red Legs, Red Hood, Snowshoes",4
fig-011294,41,Daredevil,4
fig-011295,41,Firestar,4
fig-011297,42,"Mysterio, Green Outfit, Opal Trans-Light Blue Helmet",5
fig-011298,41,"Peter Parker, Red Jacket",4
fig-011299,41,Robbie Robertson,4
fig-011300,41,"Aunt May, Light Bluish Gray Sweater",4
fig-011301,41,Ben Urich,4
fig-011302,41,Blade,4
fig-011303,41,Betty Brant,4
fig-011304,41,"J. Jonah Jameson, Black Suit, Dark Bluish Gray Hair",4
fig-011305,41,Amber Grant,4
fig-011306,41,Ron Barney,4
fig-011307,41,Taxi Driver Bernie,4
fig-011308,41,"Venom, Two Long and Two Short Tentacles",12
fig-011309,41,Gwen Stacy,4
fig-011310,41,The Punisher,4
fig-011311,41,Black Cat,4
fig-011312,41,"Carnage, Two Long and Two Short Tentacles",12
fig-011314,14,"Mickey Mouse, Firesuit",3
fig-011316,14,"Minnie Mouse, Firesuit",4
fig-011317,14,"Goofy, Apron",3
fig-011318,15,"Donald Duck, Farmer",4
fig-011320,15,"Mickey Mouse, Farmer",3
fig-011321,17,"Mickey Mouse, Astronaut",3
fig-011322,13,"Mickey Mouse, Pilot",3
fig-011324,17,"Minnie Mouse, Astronaut",4
fig-011325,18,"Daisy Duck, Cloth Skirt",5
fig-011328,18,"Minnie Mouse, Cloth Skirt",5
fig-011330,43,"Olaf, Micro-Doll Arms, Stick Hair, Medium Blue Mouth",4
fig-011332,18,"Anna, Blue Skirt",4
fig-011334,18,"Elsa, Medium Azure Dress, No Cape",4
fig-011336,18,Snowgie,2
fig-011337,29,"Belle, Medium Blue Dress",4
fig-011338,29,"Belle, Bright Light Orange and Bright Light Yellow Full Dress with Roses, Open Mouth",4
fig-011340,29,"Beast, Medium Blue Legs, Dark Purple Cape, Hair Bow",6
fig-011341,8,"Harry Potter, Gryffindor Robe",4
fig-011342,8,"Witch, Sand Green and Dark Green Robes",4
fig-011343,8,Wizard with Top Hat,4
fig-011344,8,Mr Borgin,4
fig-011345,18,"Hermione Granger, Slytherin Robes",4
fig-011346,18,"Harry Potter, Gold",4
fig-011348,18,"Harry Potter / Gregory Goyle, Slytherin Robes",4
fig-011350,18,"Ron Weasley / Vincent Crabbe, Slytherin Robes",4
fig-011351,19,"Hermione Granger, Gold",4
fig-011352,37,"Hermione Granger, Gryffindor Robe Closed, Short Legs",4
fig-011353,45,"Ron Weasley, Gryffindor Robes, Short Legs",4
fig-011354,34,"Harry Potter, Gryffindor Robes Closed, Short Legs",4
fig-011356,19,"Neville Longbottom, Gryffindor Robes, Short Legs",4
fig-011357,18,"Madame Hooch, Dark Blue Outfit (50231 Cape)",5
fig-011358,18,"Professor Quirinus Quirrell, Gold",4
fig-011359,18,Statue with Beard,4
fig-011360,15,"Professor Severus Snape, Gold",4
fig-011361,15,"Harry Potter, Dark Red Sweater, Short Legs",4
fig-011362,15,"Hermione Granger, Dark Green Sweater, Short Dark Bluish Gray Legs",4
fig-011363,15,"Ron Weasley, Light Bluish Gray Shirt, Short Legs",4
fig-011364,37,Professor Sinistra,4
fig-011366,37,"Albus Dumbledore, Magenta Robes",5
fig-011367,37,"Nearly Headless Nick, Glow in the Dark",4
fig-011369,37,"Voldemort, Gold",3
fig-011370,37,Colin Creevey,4
fig-011371,37,Justin Finch-Fletchley,4
fig-011373,38,"Luna Lovegood, Ravenclaw Robes, Short Legs",4
fig-011374,37,"Professor Gilderoy Lockhart, Nougat Suit",4
fig-011375,37,"Ginny Weasley, Gryffindor Robes, Short Legs",4
fig-011376,37,"Tom Riddle (Voldemort), Hogwarts Robes",4
fig-011377,40,"Harry Potter, Dark Blue Jacket, Medium Legs",4
fig-011378,40,"Ron Weasley, Gold",4
fig-011379,40,"Dean Thomas, Medium Legs",4
fig-011380,40,"Professor Minerva McGonagall, Dark Green Robes, Dark Tan Hair, Printed Skirt",4
fig-011381,40,Madam Rosmerta,4
fig-011382,40,Mr. Flume,4
fig-011383,40,Mrs. Flume,4
fig-011385,18,"Albus Dumbledore, Dark Orange Robes",5
fig-011386,15,"Olivia - Dark Blue Top, Bright Light Yellow Skirt, Light Aqua Headphones",5
fig-011388,33,"Emma - Coral Top, Dark Pink Skirt",4
fig-011389,17,"Mia - Coral/Lime Top, Lime Pants",4
fig-011390,19,"Stephanie - Magenta Top, White Skirt",4
fig-011391,19,"Andrea - White/Dark Turquoise Top, White Skirt",4
fig-011392,40,"Rocket Raccoon, Dark Bluish Gray Outfit",4
fig-011393,33,"Groot, Teen",3
fig-011394,40,Mantis,4
fig-011395,40,"Thor, Long Dark Tan Hair",5
fig-011397,53,Chitauri,3
fig-011399,33,"Star-Lord (Peter Quill), Black Boots",4
fig-011400,18,"Iron Man Mark 3 Armor, Black Hair",4
fig-011402,18,Obadiah Stane,3
fig-011403,25,"Pepper Potts, Black Suit, Ponytail",4
fig-011404,22,"Scarlet Witch, Smile",4
fig-011406,27,Black Panther,4
fig-011407,22,Captain America,4
fig-011408,22,"Thanos, Big Fig Head, Mean Grin (Big Fig)",8
fig-011409,12,HYDRA Agent,4
fig-011410,38,Captain America,4
fig-011411,29,Shuri,4
fig-011412,24,"Policewoman, Helicopter Pilot, Bright Light Blue Shirt, Helicopter Pilot",5
fig-011413,24,"Firewoman, Black Fire Suit, Orange Lifevest, White Cap",5
fig-011414,24,"Criminal, Prison Shirt with #86753, Beard, Red Head Wrap",5
fig-011415,16,"Man, Blue Jacket, Dark Red Dirt Bike Helmet",4
fig-011416,26,Sleet,4
fig-011417,26,"Man, Blue Jacket, Dark Red Dirt Bike Helmet, Smile",4
fig-011418,26,"Woman, Helicopter Pilot, Blue Vest over Dark Tan Shirt",5
fig-011419,26,"Woman, Blue Vest, Reddish Brown Ponytail Hair",4
fig-011420,26,"Vet, Light Aqua Scrubs, Black Hair",4
fig-011421,26,"Man, Blue Vest, Dark Red Cap, Goatee Beard",4
fig-011422,25,"Man, Blue Vest, Dark Red Dirt Bike Helmet, Stubble Beard",4
fig-011423,25,"Man, Blue Jacket, Dark Red Cap, Sunglasses",4
fig-011424,27,"Jessica Sharpe, Vest Top with Necklace, Olive Green Legs, Bright Light Yellow Hair",4
fig-011425,24,"Vet, Man, Light Aqua Scrubs",4
fig-011426,24,"Woman, Blue Jacket, Dark Red Cap",4
fig-011427,24,"Woman, Pilot, Blue Vest, White Helmet",5
fig-011428,24,"Man, Blue Vest, Black Hair",4
fig-011429,13,Monochrome Red with Hair,4
fig-011430,13,Monochrome Black with Hair,4
fig-011431,13,Monochrome Blue with Hair,4
fig-011432,13,Monochrome Bright Green with Hair,4
fig-011433,13,Monochrome Bright Light Blue with Hair,4
fig-011434,13,Monochrome Dark Pink with Hair,4
fig-011435,13,Monochrome Yellow with Hair,4
fig-011436,13,Monochrome Dark Purple with Hair,4
fig-011437,13,Monochrome White with Hair,4
fig-011438,13,Monochrome Reddish Brown with Hair,4
fig-011439,13,Monochrome Orange with Hair,4
fig-011440,45,Chandler Bing,4
fig-011441,45,Joey Tribbiani,5
fig-011442,45,Monica Geller,4
fig-011443,45,Rachel Green,4
fig-011444,45,Janice,4
fig-011445,45,Phoebe Buffay,4
fig-011446,45,Ross Geller,4
fig-011447,25,"Light Bluish Grey Torso, Dark Blue Legs, Black Hair",4
fig-011448,25,"Blue Torso with White Stripes, Lime Legs, Black Top Hat",4
fig-011449,25,"Blue Torso with White Stripes, Lime Legs, Bright Light Yellow Hair",4
fig-011450,25,"Kid - White Torso, Sand Blue Legs. Dark Brown Hair",4
fig-011451,25,"Orange Torso, Medium Lavender Legs, Dark Orange Hair",4
fig-011452,18,"Stephanie - Magenta/Bright Pink Torso, White Pants, Black Cap",4
fig-011453,18,"Emma - White Top, Bright Light Blue Pants",4
fig-011455,18,"Olivia - Bright Light Yellow Top, Dark Pink Skirt",4
fig-011456,29,"Mia - Bright Green Top, Medium Lavender Skirt",4
fig-011457,28,"Emma - Dark Blue Top, Light Aqua Pants",4
fig-011458,16,Jackson Storm,20
fig-011459,36,"Olivia - Dark Blue Jacket, Bright Light Yellow Skirt",4
fig-011461,36,"Julian - Lavender Shirt, Black Pants, Medium Nougat Hair",4
fig-011462,36,"Marisa - Yellowish Green Top, Dark Blue Skirt, Bright Light Yellow Hair",4
fig-011463,33,"Mia - Lime Top, Dark Blue Pants, Black Cap",4
fig-011464,33,"Savannah - Medium Blue Jacket, White Pants, Black Hair",4
fig-011465,33,"Kevin, Microdoll, Red Shirt, Blue Pants, Black Hair",3
fig-011466,35,Emma - Light Aqua Dress,4
fig-011467,35,Stephanie - Dark Red Uniform,4
fig-011468,35,Amelia - Dark Turquoise Dress,4
fig-011469,35,"River - Dark Bluish Grey Jacket, Black Pants, Dark Brown Hair",4
fig-011470,33,"Andrea - Magenta Top, Magenta Skirt, Face Paint",4
fig-011471,36,"Stella - White Top, White Skirt, Light Aqua Hair",4
fig-011472,33,"Camila - Gold Jacket, Dark Turquoise Pants, Magenta Hair, Cape",5
fig-011473,37,"Claire - Magenta Dress, Cape, Medium Azure Hair",5
fig-011474,21,"Olivia - Dark Azure Top, Dark Pink Pants, Face Paint",4
fig-011475,27,"Emma - Dark Pink Top, Dark Azure Skirt, Face Paint",4
fig-011476,27,"Camila - Gold Jacket, Dark Purple Skirt, Magenta Hair, Cape",5
fig-011477,26,"Mia - Gold/Dark Purple Top, Dark Turquoise Pants, Face Paint",4
fig-011478,30,"Mia - Gold/Dark Purple Top, Dark Purple Skirt",5
fig-011479,30,"Stephanie - Dark Pink/Silver Top, Dark Pink Pants, Face Paint",4
fig-011480,30,"River - Dark Purple Jacket, Black Pants, Dark Brown Hair",4
fig-011481,40,"Nora - White Top,  Medium Lavender Dress, Light Bluish Grey Hair",4
fig-011482,40,"Andrea - Dark Blue Top, Magenta Skirt",4
fig-011483,23,Steve - Pearl Titanium Armour,5
fig-011484,23,Pilot,7
fig-011486,16,"Mack, Single Part Hood",30
fig-011487,31,Panda Skin,3
fig-011488,31,Ocelot Skin,3
fig-011489,24,Creeper - Enchanted,4
fig-011491,24,"Skeleton, Square Skull, Olive Green Pixels",6
fig-011492,24,Archaeologist,3
fig-011493,24,Explorer - Flat Silver Armour,5
fig-011494,31,Iron Golem - Jungle,43
fig-011496,21,"Alex -  Farmhand, Red Head",3
fig-011497,14,"Race Driver - Dark Bluish Grey Torso/Legs, Black Helmet",5
fig-011498,12,"Racer Driver - GR Black Torso/Legs, Black Helmet",5
fig-011499,15,"Racer Driver - Dark Blue Torso, Tan Legs, Black Helmet",5
fig-011500,21,"Race Driver - Black Torso, White Legs, White Helmet",5
fig-011501,21,"Race Driver - Black Torso, Jacket, Dark Blue Legs, Black Helmet",5
fig-011502,18,"Race Driver - Black Torso, Black Legs, Black Helmet",5
fig-011503,18,"Race Driver - Orange Torso, Sand Blue Legs, Black Helmet",5
fig-011504,18,"Race Driver - Black Torso, Black Legs, Black Helmet",5
fig-011505,18,"Race Driver - Tan Torso, Legs, White Helmet",5
fig-011507,38,Zane / Gold (Legacy) - Forbidden Spinjitzu Wraps,5
fig-011508,18,Zane with Silver Head (Legacy),4
fig-011509,25,Lloyd - Scuba (Seabound),5
fig-011510,38,Maaray Guard,4
fig-011512,30,Jay - Scuba (Seabound),5
fig-011514,30,Cole - Scuba (Seabound),5
fig-011516,37,Nya / Gold (Legacy),6
fig-011518,29,Nya - NRG,6
fig-011520,28,Zane - Scuba (Seabound),5
fig-011521,33,Prince Kalmaar,4
fig-011522,26,Prince Benthomaar,5
fig-011524,31,Kai - Scuba (Seabound),5
fig-011525,26,Glutinous - 72869 Legs,21
fig-011527,24,Nya - Scuba (Seabound),5
fig-011528,24,Wu Bot,6
fig-011529,24,Candy Ballerina,5
fig-011530,24,Blue-Beary Guitarist,3
fig-011531,20,Sing-Bot,4
fig-011532,20,Bass-Bot,5
fig-011533,29,Leopard Guitarist,4
fig-011534,29,Fairy Singer,5
fig-011535,29,Alien Singer,4
fig-011536,29,Vampire Guitarist,5
fig-011537,7,Metal Dragon,6
fig-011538,11,Folk Fairy,5
fig-011539,25,Flying Unicorn Singer,5
fig-011540,25,Kitten Keytarist,4
fig-011541,25,Bunny Guitarist,3
fig-011542,22,Shark Guitarist,3
fig-011543,22,Squid Drummer,3
fig-011544,22,Mermaid Violinist,4
fig-011545,7,"Blue Overall, White Torso, Dark Green Cap",4
fig-011546,8,"Man, Blue Vest, Dark Tan Legs, Dark Red Cap",4
fig-011548,28,Iron Golem,36
fig-011549,13,"Cruz Ramirez, Dirty",21
fig-011550,4,Kai - Neck Bracket (Islander),6
fig-011551,23,"Black Torso, Lime Arms, Black Legs, Dark Blue Cap",4
fig-011552,23,"Black Torso, Lime Arms, Black Legs, White Helmet",4
fig-011553,23,"White/Orange Torso, Orange Legs, Black Hair, Goggles",4
fig-011554,23,"White/Orange Torso, Orange Legs, White Helmet",4
fig-011555,13,"Woman, Red Torso, White Legs, Black Hair",4
fig-011556,13,"Woman, Blue Torso, Black Legs, Medium Brown Hair",4
fig-011557,8,"Woman, White Torso with Palm Tree, Red Legs, Brown Hair",4
fig-011558,38,"Mezmo, Legacy",3
fig-011559,12,"Astronaut, Gold Visor,  Goatee Beard",5
fig-011560,3,"Fireman, Black Firesuit, Red Helmet, Blue Airtanks",7
fig-011561,0,"Kid, White Torso, Light Bluish Grey Legs, Blue Cap (41879a Legs)",4
fig-011562,5,"Brick Suit Boy - Blue 2 x 3 Tile, White Cap",5
fig-011563,22,Syntax,5
fig-011564,25,Bone Spirit,4
fig-011565,25,White Bone Demon,5
fig-011568,25,"Monkie Kid - Angry, Orange Torso",5
fig-011569,32,Lee - Panda Bear Costume,4
fig-011570,32,Pan,4
fig-011571,51,"Mr. Tang - White Torso, Dark Red Legs",5
fig-011572,32,"Pigsy - Ammo Belt, Dark Tan Legs",4
fig-011573,44,Snowgie with Dome Body,2
fig-011574,39,"Kristoff, Dark Blue Outfit",4
fig-011576,27,"Anna, Black Top, Blue Skirt",5
fig-011578,27,Elsa / Coronation Elsa,6
fig-011579,27,"Elsa, Medium Azure Dress, Cape",5
fig-011580,42,Sir Jorgenbjorgen,2
fig-011581,3,Unity - Female,4
fig-011583,7,Belle Bottom,4
fig-011584,6,"Diver - Pearl Dark Grey Torso, Legs, Black Airtanks, Red Helmet",6
fig-011585,1,"Lloyd - Hunted, Legacy",4
fig-011586,45,Gladys,6
fig-011587,3,"Captain America, Medium Nougat Hair, Red Hand, Beard",4
fig-011589,48,"Harry Potter, Gryffindor Robes Open, Short Legs (3626c Head)",4
fig-011590,0,Minifigure Factory Figure,0
fig-011591,3,"Emma - Coral Top, Light Aqua Skirt, Lavender Shoes",4
fig-011592,6,"Driver - White Torso, Orange Legs, White Helmet",5
fig-011593,2,LEGO House - Chef,4
fig-011594,35,"Lumière, Small, 3 Flames",5
fig-011595,21,Belle - Microdoll with Crown,4
fig-011596,21,Cinderella - MicroDoll with Crown,4
fig-011597,21,Tiana - MicroDoll with Crown,4
fig-011599,21,Ariel - MicroDoll with Crown,4
fig-011600,21,Belle - Medium Azure Short Dress,4
fig-011601,8,"Hermione Granger, Gryffindor Robes Open, Short Legs",4
fig-011602,33,George Louis Costanza,4
fig-011603,33,Newman,4
fig-011604,33,Cosmo Kramer,4
fig-011605,33,Elaine Marie Benes,4
fig-011606,33,Jerry Seinfeld,4
fig-011608,22,Tony Stark,4
fig-011609,16,The Watcher,5
fig-011610,21,"Valkyrie, Pearl Dark Gray Outfit",5
fig-011611,16,"General Maximillian Veers, Cap",4
fig-011612,16,Captain Carter,4
fig-011613,16,Red Skull,3
fig-011614,16,Steve Rogers,4
fig-011615,25,Miek,3
fig-011616,25,Thor (Bro Thor / Fat Thor),4
fig-011617,25,Korg,5
fig-011619,28,Hunter,4
fig-011620,20,Tech with Neck Bracket,5
fig-011621,20,Wrecker,5
fig-011622,20,Echo,4
fig-011623,20,Crosshair,4
fig-011624,28,"Fennec Shand, Helmet",4
fig-011625,19,Dark Trooper,5
fig-011626,19,Moff Gideon,5
fig-011627,19,"Woman, Blue Striped Shirt, White Legs, Orange Life Vest",5
fig-011628,19,"Man, Sailor, Dark Blue Striped Shirt, Dark Blue Legs, Orange Life Vest",5
fig-011630,31,"Clone Commander, Bright Light Orange Markings",4
fig-011631,21,"Mace Windu, Dark Tan Printed Legs, Open Mouth",3
fig-011632,11,"Darth Maul, Horns, Printed Mechanical Legs, Red Chest",4
fig-011633,28,"Boba Fett, Pearl Dark Gray Outfit, Rangefinder",6
fig-011634,13,Greef Karga,4
fig-011635,12,"Stormtrooper, Artillery",6
fig-011636,12,"Stormtrooper, Black Squares on Back of Helmet, Female, Light Nougat Head",4
fig-011637,12,"Stormtrooper, Black Squares on Back of Helmet, Reddish Brown Head",4
fig-011638,18,Gar Saxon,5
fig-011639,18,Bo-Katan Kryze,6
fig-011640,18,Mandalorian Loyalist,5
fig-011641,20,"GNK Power Droid (Gonk) / ""Gonky"" - Dark Bluish Grey",20
fig-011642,24,GNK Power Droid (Gonk) - Snowman,19
fig-011646,2,Kai - Stone Armour,6
fig-011647,2,"Scuba Diver, Black Torso, Black Legs, Blue Helmet",5
fig-011648,2,Lightning Lad,4
fig-011649,6,Superboy,4
fig-011650,4,"Green Torso, Dark Green Legs, Dark Brown Hair - 2016 The LEGO Store San Francisco Centre",4
fig-011651,29,"Cogsworth, Short, Gold Top",8
fig-011653,29,Madame de la Grande Bouche,21
fig-011654,3,"Lloyd - The Island, Dark Green Camouflage, Mask",5
fig-011655,21,"Pilot, Blue Jacket with Plane Logo and Blue Tie, Blue Legs, Blue Hat, Smile, Black Eyebrows",4
fig-011656,21,"Man, Blue Jacket with Orange Stripes, Blue Legs, Yellow Hard Hat, Light Bluish Gray Beard, Black Eyebrows",5
fig-011657,21,"Chef, Red Neckerchief, White Legs, Smile, Black Eyebrows",4
fig-011658,21,"Boy, Floating Classic Spaceman on Shirt, Short Blue Legs, Lime Cap, Black Eyebrows",4
fig-011659,21,"Doctor, White Shirt with Star of Life Logo, Dark Orange Hair, Black Eyebrows",4
fig-011660,21,"Fireman, Black Fire Jacket with Radio and Badge, White Helmet, Black Eyebrows",4
fig-011661,21,"Mechanic, Blue Jumpsuit with Octan Logo, Red Cap, Smile, Black Eyebrows",4
fig-011662,21,"Man, Green Overalls over Red Shirt, Reddish Brown Hair, Black Eyebrows",4
fig-011663,21,"Boy, Blue Overalls, Short Blue Legs, Orange Cap, Black Eyebrows",5
fig-011664,21,"Criminal, Prison Shirt with #50380, Dark Bluish Gray Legs, Black Hat (3626bpr0891 Head)",4
fig-011665,21,"Postal Worker, Red Jacket with Zipper and Letter Logo, Red Legs, Black Cap, Black Eyebrows",4
fig-011666,22,"Pirate - Captain, Black Legs, Plume, Black Eyebrows",5
fig-011667,22,"Gold Prospector, Man, Black Eyebrows",5
fig-011668,22,"Soldier (Imperial Soldier II) - Printed Shako, Smile, Black Eyebrows",4
fig-011669,22,"King, Lion on Chest, Gold Crown, Black Eyebrows",5
fig-011670,22,"Knight, Armor with Straps, Light Bluish Gray Helmet, Black Eyebrows",4
fig-011671,22,"Merman - Dark Orange Hair, Black Eyebrows",4
fig-011672,22,"Pirate - Blue Vest, Reddish Brown Legs, Red Bandana, Black Eyebrows",4
fig-011673,22,"Boy, Coat with Red Sash, Helmet with Red Feather, Black Eyebrows",5
fig-011674,22,"Knight, Dark Blue Jacket with Sash, Light Bluish Gray Helmet, Black Eyebrows",4
fig-011675,22,"Snake Charmer, Dark Tan Turban, Black Eyebrows",4
fig-011676,22,"Groom, Black Suit, Black Top Hat, Black Eyebrows",4
fig-011677,22,"Wizard - Sand Blue Body, Dark Green Legs, Black Eyebrows",5
fig-011678,1,Arsenal,4
fig-011679,1,Steve Rogers Captain America (SDCC 2016),3
fig-011680,1,"Medium Blue Torso, Black Legs, Tan Hat - 2018 The LEGO Store McAllen, Tx",4
fig-011681,1,"Lime Torso, Dark Purple Legs, Dark Purple Top Head - 2018 The LEGO Store New Orleans, CA",4
fig-011682,24,"Sofie - Bright Green Torso, Dark Purple Legs, Black Hair",4
fig-011683,22,"Maria - Magenta Torso, Orange Legs, Reddish Brown Hair",4
fig-011684,22,"Leo - Blue Torso, Green Legs, Medium Nougat Hair",4
fig-011685,22,"Daniel - Red Torso, Dark Azure Legs, Black Hair",4
fig-011686,1,The Kraang,4
fig-011687,0,Deadpool Duck,3
fig-011688,0,Black Lightning,4
fig-011689,0,Spider-Woman - SDCC Exclusive,4
fig-011690,0,Spider-Man - SDCC Exclusive,3
fig-011691,0,Barb - SDCC Exclusive,4
fig-011696,2,"Ariel - Human Form, White Dress",4
fig-011697,38,Karamo Brown,4
fig-011698,38,Jonathan Van Ness,4
fig-011699,38,Antoni Porowski,4
fig-011700,38,Kathi Dooley (Before),4
fig-011701,38,Kathi Dooley (After),4
fig-011702,38,Bobby Berk,4
fig-011703,38,Tan France,4
fig-011705,40,"Santa, Black Boots, Candy Cane on Back",5
fig-011706,22,Brooklynn,4
fig-011707,22,"Ben, Hair",4
fig-011708,12,"Darius, Sand Blue Legs",4
fig-011709,17,Kenji,4
fig-011710,17,"Sammy, Dark Blue Legs, Vest Top",4
fig-011711,22,Yaz with Life Jacket,5
fig-011712,22,"Darius, Sand Blue Legs, Life Jacket",5
fig-011713,30,Fendrich in Santa Suit,5
fig-011714,30,Top Hat Tom,5
fig-011715,30,"Bob, Black Firesuit, Red Helmet",4
fig-011716,39,Sam Grizzled with Hair,4
fig-011717,29,Nick Fury with Beanie Hat,4
fig-011718,29,Thor with Red Scarf,5
fig-011720,29,Tony Stark in Ugly Christmas Sweater,4
fig-011721,29,"Thanos, No Helmet",3
fig-011722,29,"Spider-Man, Bright Light Orange Letterman Jacket",3
fig-011723,19,"The Mandalorian / Din Djarin, Dark Brown Outfit with Jet Pack, Black Head",5
fig-011724,16,The Armorer,4
fig-011725,16,Paz Vizsla,5
fig-011726,18,Grogu / The Child (Baby Yoda) in Christmas Outfit,2
fig-011727,18,"The Mandalorian / Din Djarin, Dark Brown Outfit with Red Scarf",4
fig-011728,12,"FC Barcelona Fan - Dark Blue Legs, Black Short Hair",4
fig-011729,12,"FC Barcelona Fan - Sand Blue Legs, Dark Red Cap",4
fig-011730,12,"FC Barcelona Fan - White Legs, Dark Blue Cap",4
fig-011731,12,"FC Barcelona Fan - Dark Red Legs, Black Long Hair",4
fig-011732,12,"FC Barcelona Fan - Medium Blue Legs, Dark Orange Hair",4
fig-011733,29,"Firefighter, Black Torso, Black Legs, White Helmet",5
fig-011734,20,"Firefighter, White Torso, Black Legs, Red Cap",4
fig-011735,20,"Firefighter, Black Torso, Black Legs, Red Helmet",4
fig-011736,23,"Fire Fighter - Black Torso, Black Legs, Red Helmet, Female",4
fig-011737,23,"Firefighter, Pilot - Orange Torso, Orange Legs, White Helmet",5
fig-011738,23,"Fire Fighter - Black Torso, Black Legs, Red Helmet, Dark Tan Beard",4
fig-011739,23,"Fire Fighter - White Torso, Black Legs, Red Cap",4
fig-011740,3,"Scarlet Witch, with Tiara",5
fig-011741,4,Vision (White),4
fig-011742,3,Monica Rambeau,4
fig-011743,3,Winter Soldier - Captain America Suit,4
fig-011745,3,Falcon - Captain America,8
fig-011746,39,"Harry Potter, Sand Blue Shirt, Short Dark Tan Legs, Scared",4
fig-011747,4,"Loki, Dark Tan Jacket, Dark Brown Legs",4
fig-011748,4,Sylvie,4
fig-011750,5,Spider Man - Zombie Hunter,5
fig-011751,3,Captain America - Zombie,4
fig-011752,4,Captain Carter,4
fig-011754,4,T'Challa Star-Lord,4
fig-011755,4,Gamora - Gold Armor,4
fig-011756,22,Dudley Dursley - Bright Light Pajama,4
fig-011757,22,Griphook - Dark Red Jacket,4
fig-011758,31,"Minerva McGonagall, Gold",4
fig-011760,31,"Albus Dumbledore, Gold",5
fig-011761,31,"Hagrid, Gold",6
fig-011762,22,"Ron Weasley, Open Gryffindor Robe, Short Black Legs",4
fig-011763,22,"Hermione Granger, Gryffindor Robe Open with Tie, Short Legs",4
fig-011764,22,"Draco Malfoy, Open Long Robes over Slytherin Sweater, Short Black Legs",4
fig-011766,39,"Stephanie - Microdoll, Medium Azure Dress",3
fig-011768,39,"Andrea - Microdoll, Dark Turquoise Dress",3
fig-011769,39,"Mia - Microdoll, Lime Dress",3
fig-011770,39,"Emma - Microdoll, Lavender Dress",3
fig-011771,39,"Olivia - Microdoll, Dark Pink Dress",3
fig-011772,3,"Police Officer, Sand Blue Torso, Dark Blue Legs",4
fig-011773,8,"White Torso, Green Legs, White Pith Helmet",4
fig-011787,17,The Joker with Green Vest and White Face Make-up (Dark Knight Trilogy),4
fig-011788,17,"Batman, Black Suit, Black Cape and Cowl, Copper Utility Belt, Printed Legs (Dark Knight Trilogy)",5
fig-011791,5,"Larry Jones - Dark Red Torso, Dark Tan Legs, Tan Hat",4
fig-011793,16,Spider-Man Noir with Shirt Tail,4
fig-011796,13,"Mickey Mouse, Tuxedo with Red Bow Tie",3
fig-011798,41,"Santa, Black Boots, 3626cpr3560 Head, 10164 Hat",5
fig-011799,32,"Man, Medium Nougat Sweater, Red Scarf",5
fig-011800,32,"Girl, Dark Turquoise Pajamas",4
fig-011801,32,"Woman, Medium Lavender Cardigan, Dark Blue Legs",4
fig-011802,13,"Mysterio, Pearl Gold and Dark Green Outfit",5
fig-011804,16,"Spider-Man, Black and Red Outfit",3
fig-011805,27,Phastos,4
fig-011806,27,Makkari,4
fig-011807,32,Sersi,4
fig-011808,32,Ikaris,4
fig-011809,27,Thena,4
fig-011810,27,Druig,4
fig-011811,19,Kingo,4
fig-011812,19,Ajak,4
fig-011813,13,Gilgamesh,4
fig-011814,11,Sprite,4
fig-011815,2,Alien Dancer,4
fig-011816,4,Discowgirl Guitarist,4
fig-011817,3,DJ Rasp-Beary,3
fig-011818,4,Dragon Guitarist,6
fig-011819,4,Karaoke Mermaid,4
fig-011820,3,DJ Captain,4
fig-011821,2,Puppy Singer,4
fig-011822,20,"Stunt Rider, Coral Race Jacket, Dark Purple Legs",4
fig-011823,5,"Freya McCloud, Stunt Rider Outfit",5
fig-011824,6,Spotlight,5
fig-011825,8,Rocket Racer,5
fig-011826,5,Raze,6
fig-011827,23,"Stunt Rider, White Race Jacket, Dark Bluish Gray Legs, Reddish Brown Helmet",5
fig-011828,23,"Ann, Stunt Rider Outfit",5
fig-011829,23,"Woman, Open Green Jacket, Dark Tan Legs, Black Hair",4
fig-011830,23,"Boy, Lime Hoodie, Short Dark Blue Legs",4
fig-011831,23,"Woman, Blue Jacket, Dark Blue Legs, Medium Nougat Hair",4
fig-011832,23,Alex,4
fig-011833,23,Dynamo Doug,4
fig-011834,6,"Wallop, Shoulder Armor",6
fig-011835,5,"Clemmons, Chicken Costume",4
fig-011836,16,"Duke DeTain, Stunt Rider Outfit",4
fig-011837,16,"Woman, Sand Blue Vest Jacket, Black Legs, Black Hair",4
fig-011838,19,Citrus The Clown,5
fig-011839,19,"Stunt Rider, White Race Jacket, Dark Azure Legs, White Cap",4
fig-011840,19,Incognitro (Incogn!tro),6
fig-011841,15,"Thanos, Pearl Gold Armor",4
fig-011842,28,"Captain Marvel, Short Tan Hair",4
fig-011844,19,"Vulture, Reddish Brown Jacket, Black Helmet",7
fig-011845,19,"Spider-Man, Black and Yellow Outfit",3
fig-011846,42,"Spider-Man, Red, Black, and Gold Outfit",3
fig-011847,35,"Wong, Black Hair",4
fig-011848,35,"Doctor Strange, Plastic Cape",5
fig-011849,35,"MJ, Dark Bluish Gray Plaid Shirt",4
fig-011850,13,"Batman, Black Suit, Black Cape and Cowl, Copper Utility Belt (37157 Cape)(Dark Knight Trilogy)",5
fig-011851,13,"Scarecrow, Dark Bluish Gray Suit",3
fig-011852,3,Slime Singer,4
fig-011853,3,Carnival Dancer,5
fig-011854,3,Zombie Dancer,5
fig-011855,3,Vampire Bassist,5
fig-011856,3,DJ Beatbox,3
fig-011857,7,"White Torso, Red Legs, Orange Cap",4
fig-011858,7,"Orange Torso, Red Legs, Dark Brown Hair",4
fig-011860,45,Kevin McCallister,5
fig-011861,45,Marv Murchins,4
fig-011862,45,Harry Lime,4
fig-011863,45,Marley,5
fig-011864,45,Kate McCallister,4
fig-011865,7,Sinjin Prescott - No Backpack,4
fig-011867,12,"Marcus Flint, Dark Green, Dark Bluish Gray, and White Slytherin Quidditch Uniform - 3626b Head",5
fig-011868,15,"Woman, Open Green Jacket, Black Legs, Lavender Hair",4
fig-011869,15,"Barista, Reddish Brown Apron, Sand Blue Legs, Dark Bluish Gray Beanie Hat",4
fig-011871,1,Wyplash - No Shoulder Guards (Legacy),7
fig-011872,8,"Worker - Orange Safety Vest, Dark Blue Legs, Red Helmet",4
fig-011874,30,"Batman, Dark Bluish Gray Suit, Black Cape and Cowl, Light Nougat Head, Dark Bluish Gray Hips, Black Legs",5
fig-011875,23,"The Penguin, Standard Legs",4
fig-011876,19,"Bruce Wayne, Dark Bluish Gray Hoodie",4
fig-011877,19,"The Riddler, Olive Green Outfit",4
fig-011878,25,"Selina Kyle, Motorcycle Jacket",4
fig-011880,19,"James Gordon, Black Suit, Black Hair",4
fig-011882,19,"Alfred Pennyworth, Light Bluish Gray Hair and Beard",4
fig-011883,40,"Kid - Black Torso, Dark Azure Legs, Dark Azure Hat",4
fig-011884,40,"Dark Purple Torso, Sand Blue Legs, Black Hair",4
fig-011885,40,"Dark Red Torso, Dark Tan Legs, Dark Bluish Grey Hat",4
fig-011886,40,"Dark Azure Torso, Black Legs, Light Bluish Grey Hair",4
fig-011887,40,"Blue Torso, Black Legs, Black Hair, Orange Sun Glasses",4
fig-011888,40,"Dark Tan Torso, Reddish Brown Apron, Black Hair",4
fig-011889,40,"Dark Red Torso, Dark Bluish Grey Legs, Black Hair",4
fig-011890,40,"Dark Azure Torso, Dark Blue Legs, Black Hair",4
fig-011891,40,"Kid - Dark Red Torso, Dark Blue Legs, Black Hair",4
fig-011892,40,"Black Torso, Blue Legs, Orange/White Hat",4
fig-011893,40,Tiger Suit Guy,5
fig-011894,40,"Kid - Green Torso, Red Legs, Black Hair",4
fig-011895,40,"Kid - Dark Turquoise Torso, Dark Azure Legs, Black Hair",4
fig-011896,36,"Orange Torso, Orange Legs, Black Hair",4
fig-011897,36,"Orange Torso, Orange Legs, Black Hair",4
fig-011898,36,"Dark Azure Torso, Medium Nougat Legs, Blue Cap",4
fig-011899,36,"Blue Torso, Dark Tan Legs, Black Hair",4
fig-011900,36,"Kid - Flat Silver Torso, Medium Lavender Legs, Black Hair",4
fig-011901,36,"Bright Light Blue Torso and Legs, Black Hair",4
fig-011902,36,"Light Bluish Gray Torso, Dark Red Legs, Black Hair",4
fig-011903,36,"Kid - Dark Turquoise Torso and Legs, Long Black Hair",4
fig-011904,36,"Kid - Red Torso, Black Legs, Black Hair",4
fig-011905,36,"Red Torso, Dark Green Legs, Light Bluish Grey Hair",4
fig-011906,36,"Black Torso, Dark Brown Legs, Light Bluish Grey Hair",4
fig-011907,36,God of Wealth,9
fig-011908,35,"Picollo, Sand Green Torso, Dark Green Legs, Female",4
fig-011909,35,"Piccolo, Sand Green Torso, Dark Green Legs, Male",4
fig-011910,35,"Woman, Bright Light Orange Torso, Medium Blue Legs, Dark Orange Hair",4
fig-011911,35,"Woman, Lime Torso, Dark Purple Legs, Black Hair",5
fig-011912,35,"Black Suit, White Shirt, Black Hat",4
fig-011913,35,"Woman, Bright Pink Torso, Tan Legs, Light Bluish Grey Hair",4
fig-011914,35,"Barista, Reddish Brown Apron, Sand Blue Legs, Black Hair",4
fig-011915,23,"Elf - Bright Green Torso, Red Legs, Red Hat",4
fig-011916,3,"White Torso, Dark BLue Legs, Dark Brown Hair - Wauwatosa",4
fig-011917,3,"Worker - Orange Torso, Blue Legs, Yellow Helmet - Wauwatosa",4
fig-011918,3,"Knight - Light Bluish Grey Rorso, Light Bluish Grey Legs, Black Hips, Helmet - Wauwatosa",4
fig-011919,49,"Pigsy, Neck Bracket",5
fig-011920,49,Citybot A16,13
fig-011921,49,"Train Driver, Black Suit, Dark Red Hat",4
fig-011922,49,Huang,4
fig-011923,49,Han,4
fig-011924,49,Citybot A05,13
fig-011925,52,"Monkie Kid, White Hoodie. Neck Bracket",5
fig-011927,49,"Mei, Bright Green Jacket",4
fig-011928,14,"Monkie Kid, White Tunic",4
fig-011929,10,Minion Bob - Robotic Arms,20
fig-011930,50,Rumble / Savage,6
fig-011931,26,Nezha,6
fig-011932,29,"Monkie Kid, Red and Gold Armor",5
fig-011933,26,"Evil Macaque, Dark Red Cape, Bent Tail",8
fig-011934,13,Broadside,25
fig-011935,34,"Pigsy, Spacesuit",5
fig-011936,34,Lunar Rabbit Robot,4
fig-011937,34,Chang'e,5
fig-011938,22,"Mei, Vibrant Yellow Armor",4
fig-011939,29,"Monkie Kid, Bright Light Orange Jacket, Neck Bracket",5
fig-011940,29,"Snowtrooper, White Hips, Reddish Brown Head",4
fig-011941,29,"General Maximillian Veers, Sand Blue Helmet with Visor, Black Boots",4
fig-011942,29,"AT-AT Driver - Light Bluish Grey Helmet, Sand Blue Legs, Nougat Head, Female",4
fig-011944,35,"Snowtrooper, White Hips, Reddish Brown Head, Female",4
fig-011945,29,"Snowtrooper, White Hips, Light Nougat Head, Female",4
fig-011946,29,"Snowtrooper, White Hips, Light Nougat Head, Officer",4
fig-011948,2,Nya,5
fig-011949,39,Antonio - Microdoll (Reddish Brown),3
fig-011950,17,"Mirabel - Microdoll, Closed Eyes",3
fig-011951,36,Mirabel,4
fig-011952,36,Alma ‘Abuela’ - Dark Bluish Gray Hair,4
fig-011953,15,"Mirabel - Microdoll, Open Eyes",3
fig-011954,15,Isabela - Microdoll,4
fig-011955,15,Luisa - Microdoll,3
fig-011957,29,"Snowtrooper, White Hips, Light Nougat Head, Grin",4
fig-011958,25,"Mei, Vibrant Yellow Armor, Neck Bracket",5
fig-011959,25,"Evil Macaque, Dark Red Cape, Straight Tail",8
fig-011960,43,Sandy,5
fig-011961,25,"Woman, Red Torso, Sand Blue Skirt",4
fig-011962,25,"Man, Black, Reddish Brown Hair",4
fig-011963,31,Löwenstein Archer,5
fig-011964,31,Löwenstein Knight,4
fig-011965,31,Löwenstein Queen,5
fig-011966,21,Bikes! Man,4
fig-011967,21,Bikes! Woman,4
fig-011968,29,Carnival Boy,4
fig-011969,29,Carnival Man,4
fig-011970,29,Carnival Woman,4
fig-011977,44,Jackson,4
fig-011978,33,"Mia - Bright Light Yellow Shirt, Blue Overalls, Sand Green Boots",4
fig-011980,33,Olivia - White Beekeeper Suite,4
fig-011981,45,"River - Red Jacket, Black Pants, Dark Brown Hair",4
fig-011982,30,Statue - Red with Chinese Symbols,3
fig-011983,34,Santa Garmadon,6
fig-011985,34,Misako - Celebration,4
fig-011986,34,Mezmo Junior,4
fig-011987,34,Snowman - Celebration,8
fig-011989,34,"Master Wu - Golden, Celebration",5
fig-011990,7,"Police Officer - Justin Justice - Bright Light Blue Shirt, Dark Blue Legs, Dark Blue Cap",4
fig-011991,17,Exploding Creeper,4
fig-011992,11,"Firefighter, Bright Light Orange Fire Suit, Sunglasses, White Helmet",4
fig-011993,11,"Hot Dog Vender, Red Legs and Cap",4
fig-011994,27,"Clemmons, Vibrant Yellow Helmet",5
fig-011995,27,"Feldman, Vibrant Yellow Helmet",5
fig-011996,27,"Boy, Bright Pink Jacket, Dark Blue Short Legs, Tan Hair",4
fig-011997,27,"Firefighter, Dark Tan Firesuit, White Helmet, Blue Airtanks",7
fig-011998,27,"Firefighter, Bright Light Orange Hazmat Suit",4
fig-011999,27,"Firefighter, Black Fire Suit, Vibrant Yellow Helmet",5
fig-012000,13,"Construction Worker, Orange Overalls, Red Hard Hat",4
fig-012001,13,"Construction Worker, Blue Jacket, Orange Legs, Red Helmet",4
fig-012002,30,"Ice Cream Vendor, Bright Green Ice Cream Suit",4
fig-012003,30,"Girl, Medium Azure Bathing Suit",4
fig-012004,30,"Woman, White and Lime Swimsuit",4
fig-012005,30,"Lifeguard, White Vest, Tan Hair",4
fig-012006,13,"Pilot, Dark Azure Jacket, Dark Blue Legs, White Helmet",5
fig-012007,31,"Boy, Bright Light Blue Jacket, Blue Hair, Reddish Brown Backpack",5
fig-012008,31,"Girl, Dark Turquoise Jacket, Dark Purple Bike Helmet",4
fig-012009,31,"Man, Dark Red Jacket, Sand Blue Legs",4
fig-012010,31,"Boy, Coral Jacket, Medium White Legs,",4
fig-012011,31,"Crossing Guard, Orange Safety Vest, Dark Blue Legs",4
fig-012012,31,"Madison - Orange Jacket, Dark Azure Backpack",5
fig-012013,31,"Billy McCloud - Blue Jacket, Red Cap and Backpack",5
fig-012014,16,"Man, Dark Red Jacket, Dark Green Legs, Light Bluish Gray Hair and Beard",4
fig-012015,16,"Pilot, Vibrant Yellow Jacket, Sand Green Legs, White Helmet",5
fig-012016,12,"Racer, White Race Suit, Dark Blue Cap, Sunglasses",4
fig-012017,12,"Racer, White Race Jacket, Lime Legs, White Helmet",5
fig-012018,28,"Criminal, Daisy Kaboom, Medium Blue Legs",4
fig-012019,28,"Criminal, Prison Striped Apron, Bright Green Shirt and Hat",4
fig-012020,28,"Allen, Vest, White Helmet",5
fig-012021,28,"Policewoman, Bright Light Blue Shirt, Short Black Hair",4
fig-012022,18,"Criminal, Snake Rattler, Green Overalls",5
fig-012023,18,"Criminal, Prison Shirt, Dark Tan Legs, Bright Light Yellow Hair",4
fig-012024,18,"Gracie Goodhart, Dark Blue Police Vest, Dark Brown Hair",4
fig-012025,17,"Policeman, Bright Light BLue Shirt, Dark Blue Legs and Cap, Stubble",4
fig-012026,12,Boa Destructor,3
fig-012027,30,Lloyd - EVO,4
fig-012028,27,Crook Ice,4
fig-012029,27,Crook Cream,4
fig-012030,27,"Policewoman, Bright Light Blue Shirt, Dark Blue Legs, Medium Nougat Hair",4
fig-012031,7,"Racer, Coral Race Jacket, Black Helmet",5
fig-012032,37,Wallop,5
fig-012034,14,Jay - EVO,4
fig-012035,28,"Viper Flyer, Dark Bluish Grey Bar Holders",12
fig-012036,37,"Ambulance Driver, Vibrant Yellow Safety Vest, White Cap",4
fig-012037,37,"Pilot, Vibrant Yellow Safety Vest, White Helmet",5
fig-012038,37,"Woman, Bright Light Blue Jacket, Magenta Legs, Light Bluish Gray Hair, Red Glasses",4
fig-012039,37,"Boy, Green Sweater, Orange Hair",4
fig-012040,37,"Citrus The Clown, Yellow Afro",4
fig-012041,37,Dr. Spetzel,4
fig-012042,37,Dr. Flieber,4
fig-012043,37,"Woman, Bright Light Blue Hospital Gown, Tan Hair",4
fig-012044,37,"Woman, Blue Overalls",4
fig-012045,37,"Man, White Shirt, Dark Blue Legs, Black Hair",4
fig-012047,13,Zane - EVO,4
fig-012048,37,"Doctor, White Coat, Medium Azure Scrubs, Light Bluish Gray Hair, Glasses",4
fig-012049,33,Cobra Mechanic,3
fig-012050,26,"Man, Tan Sweater, Medium Blue, Medium Nougat Hair",4
fig-012051,26,"Woman, Light Bluish Gray Riding Jacket, Black Helmet with Ponytail",4
fig-012053,21,Kai - EVO,4
fig-012054,21,Boa Destructor - Back Pack,16
fig-012055,25,"Pilot, Bright Light Orange Fire Suit, White Helmet",5
fig-012056,25,"Firefighter, Black Fire Suit, Vibrant Yellow Helmet",5
fig-012057,25,Finn (City Adventures),4
fig-012058,25,"Firefighter, Black Fire Suit, Vibrant Yellow Helmet",5
fig-012059,28,Cobra Mechanic - Flamethrower,10
fig-012060,30,Python Dynamite,3
fig-012061,34,"Rooky Partnur, White Helmet, Dark Blue Legs",5
fig-012063,24,"Bob, Black Firesuit, Vibrant Yellow Helmet",5
fig-012064,24,"Policewoman, Dark Blue Uniform, White Helmet",5
fig-012065,24,"Criminal, Prison Shirt, Bright Green Hair",4
fig-012066,14,"Monkie Kid, Bright Light Orange Jacket, Breathing Apparatus",5
fig-012067,27,"Rumble, with Neck Bracket",6
fig-012068,27,"Sandy, Spacesuit",5
fig-012069,27,"Monkie Kid, Spacesuit",4
fig-012070,27,"Mei, Spacesuit",4
fig-012071,27,"Mr Tang, Spacesuit",4
fig-012072,27,Robot Mo,22
fig-012073,34,"Sonic the Hedgehog, Light Nougat Face, Black Eyes",3
fig-012075,28,"Olivia - Dark Turquoise Top, Dark Pink Overall",4
fig-012076,31,"Daniel - White Shirt, Sand Blue Overall",4
fig-012077,26,"Zac - Blue Top, Red Pants",4
fig-012078,16,"Nandi - White Coat, Dark Blue Legs",4
fig-012079,21,"Layla - Dark Turquoise Top, White Skirt",4
fig-012080,21,"Emma - White Coat, Dark Pink Skirt",4
fig-012082,13,"Anna - Tan Top, Jewel Dress",5
fig-012084,6,Elsa - Jewel Dress,4
fig-012085,25,Jasmine - Medium Blue Top and Pants,4
fig-012086,25,Mulan,4
fig-012087,30,Merida - Jewel Dress,4
fig-012088,30,Aurora - Jewel Dress,4
fig-012089,30,Tiana - Jewel Dress,4
fig-012090,47,"Doctor Strange, Plastic Cape, High Medallion",5
fig-012091,20,"Wong, Dark Purple Outfit",4
fig-012092,20,America Chavez,4
fig-012093,21,Hero with Fox Skin,3
fig-012094,27,Ninja,3
fig-012095,27,Rogue,3
fig-012096,21,The Tamer,3
fig-012097,29,Diver,4
fig-012099,22,"Spin / Spider-Man (Miles Morales), Medium Red Legs",3
fig-012100,31,"Green Goblin, Medium Legs",4
fig-012101,26,"Rhino, White Horn",4
fig-012102,16,"Hulk, Dark Purple Pants, Dual Molded Legs, Smirk",4
fig-012104,28,"Spider-Man (Spidey), Medium Legs",3
fig-012105,25,"Ghost-Spider / Spider-Gwen, Medium Legs",4
fig-012106,15,"Dr. Octopus / Doc Ock, Female, Flat Silver Arms",9
fig-012107,21,"Ms. Marvel, Medium Legs",4
fig-012108,29,"Kai - EVO with Wraps, Shoulder Guard",5
fig-012109,37,Boa Destructor - Shoulder Armor,4
fig-012111,31,"Zane - EVO, Wraps, Shoulder Guard",5
fig-012113,35,"Cole - EVO, Wraps",5
fig-012115,30,"Jay - EVO, Wraps, Shoulder Guard",5
fig-012117,38,"Nya - EVO, Wraps, Shoulder Guard",5
fig-012119,28,Kai - EVO with Shoulder Guard,5
fig-012120,33,P.I.X.A.L. - EVO,5
fig-012122,36,Master Wu - EVO,5
fig-012124,31,"Lloyd - EVO with Wraps, Shoulder Guard",5
fig-012125,28,Cobra Mechanic - Drill,8
fig-012128,28,Nya - EVO,5
fig-012129,29,"Stephanie - Silver Top, Medium Azure Skirt, Bright Pink Hat",4
fig-012130,29,"Daniel - White/Yellow Shirt, Sand Green Pants",4
fig-012131,37,"Emma - Sand Blue Top, Light Aqua Skirt, Black Hair with Buns",4
fig-012132,37,"Nandi - Medium Azure Top, Dark Pink Skirt, Dark Brown Hair with Bandana",4
fig-012133,37,"Sebastian - Blue Jacket, Dark Turquoise Pants, Tan Hair",4
fig-012134,44,"Mia - Dark Purple Top, Olive Green Skirt, Sand Blue Hat",4
fig-012135,44,"Layla - Magenta Top, Bright Light Blue Skirt, Dark Brown Hair",4
fig-012136,44,"Sebastian - Blue Jacket, Sand Blue Pants, Tan Hair",4
fig-012137,48,"Elijah - White/Orange Shirt, Bright Light Orange Pants, Dark Brown Hair",4
fig-012138,43,"Stephanie - Silver Top, Magenta Skirt, Bright Pink Hat",4
fig-012139,43,"Harper - Dark Turquoise Top, Bright Light Orange Skirt, Pink Cap",4
fig-012140,43,"Savannah - Blue Top, Sand Green Skirt, Dark Pink Hat",4
fig-012141,43,"Evelyn - White Top, Sand Blue Skirt, Dark Azure Hair",4
fig-012142,43,"Dottie - Black Top, Blue Pants, Light Bluish Grey Hair",4
fig-012143,43,"Trevor - White Shirt, Black Pants, Black Hair",4
fig-012144,43,"Joshua - Dark Green Shirt, Blue Pants, Dark Brown Hair",4
fig-012145,43,"Maya - Medium Azure Dress, Dark Brown Hair",3
fig-012146,17,"Kid - Dark Blue Torso, Medium Blue Legs, Dark Azure Helmet, Backpack",5
fig-012147,17,"Kid - White Torso, Medium Blue Legs, Dark Brown Hair, Backpack",5
fig-012148,7,"Rebel Trooper in Hoth Uniform, Dark Tan Hat, Reddish Brown Head",5
fig-012149,7,"Rebel Trooper in Hoth Uniform, Dark Tan Hat, Nougat Head",5
fig-012150,7,"Rebel Officer in Hoth Uniform, Light Nougat Head",5
fig-012151,8,Scout Trooper - Nougat Head,4
fig-012152,4,"Clone Trooper, Phase I Armor, Nougat Head (61189 Helmet)",4
fig-012154,16,"Chewbacca - Dark Brown Torso with Medium Nougat, Snow Print",3
fig-012155,16,"AT-ST Driver, White Jacket",4
fig-012156,16,"Rebel Trooper in Hoth Uniform, Nougat Head, Backpack",6
fig-012157,12,"Firefighter, Black Fire Suit, Vibrant Yellow Helmet, Dirty Face",5
fig-012158,34,"Hacksaw Hank, Red Prison Uniform",4
fig-012159,34,"Criminal, Big Betty, Red Prison Uniform",4
fig-012160,34,"Vito, Red Prison Uniform",4
fig-012161,16,"Construction Worker, Orange Safety Vest, White Hard Hat",4
fig-012162,16,"Construction Worker, Orange Safety Jacket, Bright Light Blue Legs, White Hard Hat",4
fig-012163,21,"Boy, Red Jacket, Short Sand Blue Legs, Dark Brown Hair",4
fig-012164,21,"Woman, Bright Light Blue Torso and Legs, Dark Brown Hair",4
fig-012165,21,"Man, Tan Shirt, Dark Green Legs and Cap",4
fig-012166,26,"Man, Vibrant Yellow Safety Vest, Bright Light Blue Legs, Red Hard Hat",4
fig-012167,26,"Man, Dark Azure Tracksuit with Classic Space Logo, Glasses",4
fig-012168,26,Dr. Barnaby Wylde,4
fig-012169,26,Gwen Ravenhurst,4
fig-012170,26,"Astronaut, Female, Bright Light Orange Suit, Dark Blue Visor",5
fig-012171,26,"Astronaut, Male, Bright Light Orange Suit, Dark Blue Visor",5
fig-012172,26,"Woman, Vibrant Yellow Safety Vest, Red Hard Hat",4
fig-012173,26,"Astronaut, Male, Bright Light Orange Suit, Dark Blue Visor, Beard",5
fig-012174,26,"Astronaut, Male, White Suit, Gold Visor, Moustache",6
fig-012175,26,"Woman, Dark Azure Tracksuit with Classic Space Logo",4
fig-012176,26,"Man, Dark Azure Tracksuit with Classic Space Logo, Dark Brown Hair, Stubble",4
fig-012177,26,"Astronaut, Female, White Suit, Gold Visor, Closed Mouth",6
fig-012178,26,"Astronaut, Female, White Suit, Gold Visor, Open Mouth",6
fig-012179,18,Lloyd - EVO Head Wrap,4
fig-012180,23,Wu Bot - Shooters,10
fig-012181,3,Robot Repair Tech,5
fig-012182,4,Chili Costume Fan,4
fig-012183,4,Troubadour,5
fig-012184,4,Snow Guardian,5
fig-012185,4,Groom,4
fig-012186,4,Figure Skating Champion,4
fig-012187,2,Night Protector,4
fig-012188,4,Forest Elf,5
fig-012189,4,Bird-Watcher,4
fig-012190,4,Raccoon Costume Fan,5
fig-012191,3,Space Creature,5
fig-012192,5,Wheelchair Racer,5
fig-012271,3,"Anakin Skywalker, Clone Trooper Phase I Armor",4
fig-012272,43,"Chef, Red Neckerchief, Light Bluish Gray Legs, No Wrinkles",4
fig-012273,43,Ballerina - Magenta Butterflies and Necklace,5
fig-012274,43,"Barista, White Torso, Reddish Brown Apron, Sand Blue Legs",4
fig-012278,11,Elsa - Medium Blue Short Dress,4
fig-012279,0,Sheriff Deadpool,5
fig-012280,30,"Professor Severus Snape, Long Robes over Dark Purple Vest (No Shirt Tails Print)",4
fig-012281,29,"Andrea - Dark Blue Top, Magenta Skirt, Live Jacket",6
fig-012286,15,"Dark Red Torso, Dark Bluish Gray Legs, Black Cap",4
fig-012288,23,"Jay - EVO, Shoulder Pad",5
fig-012289,35,"Susan Bones, Hufflepuff Sweater, Short Legs, Plastic Hair",4
fig-012291,23,"Han Solo, Stormtrooper Disguise, Black Eyes - 3626c Head",4
fig-012292,26,"Han Solo, Black Vest, Reddish Brown Legs, Black Eyes - 3626c Head",4
fig-012293,5,"Construction Worker - Bright Light Blue Shirt, Blue Overall, Red Helmet (Pete Precise)",4
fig-012301,22,"Zane - EVO, Wraps",4
fig-012302,24,"Orange Torso, Tan Legs, Reddish Brown Hair",4
fig-012303,24,"Blue Torso, Tan Legs, Dark Orange Legs",4
fig-012304,22,"Man, Blue Jacket with Orange Stripes, Dark Blue Legs, Red Cap, Sunglasses - No Backprint",4
fig-012305,22,"Train Worker, Orange Safety Vest with Train Logo over Olive Green Hoodie, Dark Bluish Gray Legs, Red Hard Hat, Black Beard",4
fig-012307,22,"Professor Sybill Trelawney, Reddish Brown Outfit",4
fig-012308,22,"Harry Potter, Gryffindor Robes Open, Medium Legs",4
fig-012309,22,"Parvati Patil, Gryffindor Robes",4
fig-012311,20,"Alastor Mad-Eye Moody, Odd Legs, Medium Nougat Coat",4
fig-012313,20,"Neville Longbottom, Gryffindor Robes Open, Plain Medium Legs",4
fig-012314,20,"Hermione Granger, Gryffindor Robe Closed, Medium Legs",4
fig-012315,24,Madam Pomfrey,4
fig-012316,32,"Hermione Granger, Bright Pink Hoodie over Dark Pink Shirt, Medium Legs, Smirk / Angry",4
fig-012317,32,"Harry Potter, Dark Blue Jacket Dirty, Medium Legs, Closed Mouth",4
fig-012318,24,"Ron Weasley, Red Sweater Dirty, Odd Medium Legs",4
fig-012320,9,"Elsa, Medium Lavender and White Dress, No Cape",4
fig-012321,23,"Rivera, Bright Light Orange Spacesuit, Dark Blue Visor",5
fig-012322,23,"Astronaut, Dark Azure Jumpsuit, Dark Brown Hair",4
fig-012323,23,"Astronaut, Dark Azure Jumpsuit, Medium Nougat Hair",4
fig-012324,23,"Astronaut, White Spacesuit, Dark Azure Backpack, Gold Visor",6
fig-012325,23,"Astronaut, Male, White Spacesuit, Dark Azure Backpack, Gold Visor",6
fig-012326,15,"Man, Dark Orange Jacket, Dark Azure Legs, Dark Blue Cap",4
fig-012327,15,"Astronaut, Male, White Suit, Gold Visor, Beard",6
fig-012328,15,"Astronaut, Female, White Suit, Gold Visor, Smirk",6
fig-012329,28,"Thor, Tan Hair, Black Armor, Red Cape",5
fig-012331,10,"Luke Skywalker, Black Robes, Black Hood and Cape",5
fig-012333,32,"Olivia - Metallic Blue Jacket, Dark Pink Skirt, Bright Light Yellow Cap",4
fig-012334,32,"Priyanka - White Apron and Shorts, Black Hair",4
fig-012336,7,"Jay - Spinjitzu Training, Trans-Neon Green Head",4
fig-012337,8,"Lloyd - Spinjitzu Training, Trans-Green Head",4
fig-012338,8,"Kai - Spinjitzu Training, Trans-Red Head",4
fig-012339,17,"Race Driver, Lime Racing Suit, Black Helmet, Glasses",5
fig-012340,17,"Race Driver, Dark Bluish Gray Racing Suit with Lime Trim, Black Helmet",5
fig-012341,17,"Race Driver, Black Jacket, Dark Bluish Gray Legs, Black Helmet",5
fig-012342,17,"Race Driver, Black Racing Suit with Lime Trim, Black Helmet, Stubble",5
fig-012343,11,"Race Driver, Black Racing Jacket, Dark Blue Legs, Black Helmet, Stubble",5
fig-012344,15,"Race Driver, White Ferrari Racing Suit, White Helmet",5
fig-012345,14,"Race Driver, Dark Green Lotus Racing Suit, Black Helmet",5
fig-012347,26,"Andrea - Magenta and White Top, Yellow Skirt",4
fig-012348,26,"Liz - Microdoll, Dark Turquoise Outfit, Dark Brown Hair",3
fig-012350,40,"Mia - Lime Top, Orange Cropped Trousers, Orange Life Vest",5
fig-012351,40,"Sebastian - White Top, Dark Turquoise Shorts, Magenta Helmet, Orange Life Vest",5
fig-012352,40,"Stephanie - Bright Light Blue Bikini Top with White Flowers, Dark Purple Skirt, Magenta Hat",4
fig-012354,38,"Emma - Coral Top, Medium Lavender Skirt, Dark Purple Cat Ears",5
fig-012355,46,"Priyanka - Coral Top, White Shorts, Black Hair",4
fig-012356,23,Theelin Dancer,4
fig-012357,23,Weequay Guard,3
fig-012358,23,"Gamorrean Guard, Printed Head, Dark Brown Hands",3
fig-012359,23,"Fennec Shand, Hair",4
fig-012360,23,"Bib Fortuna, Clenched Teeth, No Cape",4
fig-012361,23,Quarren,3
fig-012362,13,Dynamo Doug - Headphones,5
fig-012363,31,Arista,4
fig-012364,31,"Ariel - Mermaid Form, Dark Turquoise Tail, Bright Pink Flower",5
fig-012365,31,"King Triton, Minidoll",4
fig-012366,26,White Bone Demon - Glow In The Dark Bone,6
fig-012367,17,Jane Goodall,4
fig-012368,29,Castle in the Forest Knight,6
fig-012369,29,Castle in the Forest Guard,4
fig-012370,29,Castle in the Forest Archer - Male,5
fig-012371,29,Castle in the Forest Archer - Female,5
fig-012372,29,Castle in the Forest Farmer,5
fig-012373,29,Castle in the Forest Pirate,4
fig-012375,1,"Chewbacca, Dark Brown - Long Lines on Legs on Outside",3
fig-012376,4,"Sam Speedster - White Torso, Black Legs, Red Helmet",5
fig-012377,0,"Astronaut, White, Space Helmet with Trans-Brown Visor, Orange Sunglasses (3626c Head)",5
fig-012378,0,"Fireman, Black Fire Jacket with Radio and Badge, White Helmet, Reddish Brown Eyebrows (3626c Head)",4
fig-012379,0,"Pirate - Blue Vest, Tan Legs, Black Tricorne (3626c Head)",4
fig-012381,10,"Aquaman, Short Yellow Hair (3626c Head)",4
fig-012382,4,Lady Liberty (3626c Head) - Rubber Crown,4
fig-012383,18,"Worker, Orange Overalls over Blue Sweater, Red Hard Hat (3626c Head)",4
fig-012384,11,"Batman, Black Suit, Black Cape and Cowl, Yellow Batman Logo (56630 Cape) (3626c Head)",5
fig-012386,8,"Darth Vader, Light Bluish Gray Skin, White Pupils (3626c Head)",5
fig-012388,4,"Anakin Skywalker, Pilot Uniform (Clone Wars) (3626c Head)",4
fig-012389,11,"Clone Commander Gree, 41st Elite Corps Armor, Dark Green Markings (3626c Head)",4
fig-012394,3,"LEGO House - Chef, Female, Dark Bluish Gray Legs",4
fig-012395,5,"Batman, Dark Bluish Gray Suit, Black Cowl, Neck Bracket with Pin Holes",5
fig-012396,3,Glutinous - 98313 Legs,21
fig-012397,5,Nindroid (Legacy) - Harness,6
fig-012402,11,"Astromech Droid, R2-Q2, 30367b Dome",4
fig-012403,19,Lady Liberty (3626c Head) - Plastic Crown,4
fig-012411,12,"Kid - White Torso, Blue Legs, Lime Cap, Yellow Life Vest",5
fig-012412,12,"Man, Dark Blue Plaid Shirt, Blue Legs, Dark Orange Hair, Yellow Life Vest",5
fig-012413,28,"Marty McFly, Printed Legs",4
fig-012414,28,Doc Brown - Yellow Suit,4
fig-012415,7,"Wolverine, Mask, Blue Hands",4
fig-012416,11,"Iron Man Mark 42 Armor, Pearl Gold Legs",4
fig-012417,8,Black Panther,4
fig-012418,32,Green Goblin - Plain Legs,4
fig-012419,10,Miek - Mech Body,17
fig-012420,10,Korg - Shoulder  Armour,5
fig-012422,3,Anakin Skywalker - Clone Trooper Head,4
fig-012423,14,Savage Opress -3626c Head,5
fig-012425,14,"Asajj Ventress, Black Outfit (3626c Head)",3
fig-012426,19,Captain Jack Sparrow with Skeleton Face - 3626c Head,4
fig-012427,19,Elizabeth Swann (Turner) - 3626c Head,4
fig-012428,19,"Hector Barbossa, Skeleton - 3626c Head",8
fig-012429,19,Hector Barbossa with Plume - 3626c Head,5
fig-012430,11,Imperial Pilot V-wing - 3626c Head,4
fig-012431,32,Burger Person,12
fig-012432,32,Sssnake,10
fig-012433,32,Stocko,16
fig-012434,32,Buzz,12
fig-012435,32,Beatsy,4
fig-012436,32,Beau,9
fig-012437,32,Penny,10
fig-012438,32,Cloud Berry,14
fig-012440,31,Zebe,54
fig-012441,28,Archimedes,18
fig-012442,28,Eight,13
fig-012443,28,Flaminga,52
fig-012444,28,Queen Watevra Wa'Nabi,15
fig-012445,28,"Unikitty / Warrior Kitty, Crouching",27
fig-012446,28,Queen Watevra Wa'Nabi,14
fig-012447,28,Royal Guard,38
fig-012448,5,Worker - Phil Corky,4
fig-012449,28,Kai - EVO with Wraps,4
fig-012452,17,"Racer - Black Helmet,  Trans-Yellow Visor, Red Body",4
fig-012453,17,"Racer - Lime Helmet,  Black Visor, Red Body",4
fig-012454,17,"Racer - Blue Helmet, Trans-Yellow Visor, Dark Gray Body",4
fig-012455,17,"Racer - Black Helmet, Black Visor, Dark Gray Body",4
fig-012456,6,"Nexo Knight Soldier with Dark Azure Armor, Blue Hands",5
fig-012463,4,"Clay Moorington with Tran-Orange Visor, Armor",6
fig-012466,20,"Cogsworth, Printed Torso",6
fig-012467,39,"Mrs. Potts, Lavender Lid",2
fig-012468,10,"Cogsworth, Light Bluish Gray",8
fig-012469,18,"Cogsworth, Micro, Round Plate Top",2
fig-012470,18,"Madame de la Grande Bouche (Wardrobe), Micro",3
fig-012471,2,"Princess, Lavender Top, Medium Azure Skirt, Magenta Hair, Sunglasses",5
fig-012472,28,"Cogsworth, Winder Key",7
fig-012473,28,"Lumière, Small, 1 Flame",4
fig-012474,28,"Madame de la Grande Bouche (Wardrobe), Large",10
fig-012475,16,Imperial Probe Droid (75322-1),45
fig-012479,1,Biggs Darklighter - Black Hair,4
fig-012480,12,"Dwarf Spider Droid, Light Bluish Gray Dome",35
fig-012481,12,"Dwarf Spider Droid, Dark Bluish Gray Dome, Shooter Cannon",36
fig-012482,12,"Dwarf Spider Droid, Dark Bluish Gray Dome, Fixed Dark Bluish Gray Cannon",36
fig-012483,12,"Dwarf Spider Droid, Sand Blue Dome",32
fig-012484,0,Frax,10
fig-012485,20,"Owen Grady, Red Plaid Shirt",4
fig-012486,20,"Maisie Lockwood - Adult, Olive Green Torso",4
fig-012487,19,"Owen Grady, Dark Bluish Gray Jacket Shirt",4
fig-012488,19,Zia Rodriguez - Dark Bluish Grey Jacket,4
fig-012489,19,Wildlife Guard,4
fig-012490,28,"Rainn DeLaCourt - Dark Bluish Gray Jacket, White Shirt",4
fig-012491,15,"Rainn DeLaCourt - Dark Bluish Gray Jacket, Red Shirt",4
fig-012492,15,"Maisie Lockwood - Adult, Olive Green Torso, Black Beanie",4
fig-012493,31,Claire Dearing - Dark Turquoise Jacket,4
fig-012494,27,Kayla Watts,4
fig-012495,23,Soyona Santos,4
fig-012496,18,Claire Dearing - Black Suit,4
fig-012497,18,"Franklin Web, Black Suit",4
fig-012498,18,Guard,4
fig-012499,18,Guard,4
fig-012500,19,"Ian Malcolm, Light Bluish Grey Hair",4
fig-012501,19,Guard,4
fig-012503,28,"Ellie Sattler, Dark Orange Jacket",4
fig-012504,23,"Alan Grant, Old",4
fig-012505,23,"Dr. Henry Wu, Old",4
fig-012506,27,"Ian Malcolm, Wet",4
fig-012507,27,"Alan Grant, Wet",4
fig-012508,27,Tim Murphy - Muddy,4
fig-012509,27,Lex Murphy - Muddy,4
fig-012510,25,"Kid - White Torso, Blue Legs, Dark Orange Hair",4
fig-012511,25,"Kid - Dark Blue Torso, Red Legs, Dark Blue Cap",4
fig-012512,2,Boa Destructor - Shoulder Guard,4
fig-012514,10,Guard - Beanie Hat,4
fig-012515,2,Janice,3
fig-012516,4,Swedish Chef,3
fig-012517,2,Statler,3
fig-012518,2,Waldorf,3
fig-012519,6,Animal,3
fig-012520,2,Fozzie Bear,3
fig-012521,2,Miss Piggy,3
fig-012522,3,Kermit the Frog,3
fig-012523,2,Gonzo,3
fig-012524,2,Beaker,3
fig-012525,2,Dr. Bunsen Honeydew,3
fig-012526,2,Rowlf,3
fig-012527,9,"Lumière, Small, 2 Flames",5
fig-012528,9,"Cogsworth, Micro, Flower Top",2
fig-012529,2,"Belle, Bright Light Orange and Bright Light Yellow Full Dress with Roses, Closed Mouth",4
fig-012531,1,"Rapunzel - Medium Lavender Dress, 2 Bows",6
fig-012532,24,Buzz Lightyear - Orange Space Suit,6
fig-012533,24,Darby Steel,5
fig-012534,24,Mo Morrison,5
fig-012535,17,Buzz Lightyear - Star Command Suit,5
fig-012536,17,Izzy Hawthorne - Star Command Suit,4
fig-012538,14,Creeper - Micro,3
fig-012539,14,Steve - Micro,5
fig-012540,16,Pig - Micro,2
fig-012541,16,Villager - Micro,6
fig-012542,16,Zombie - Micro,5
fig-012543,14,Ghast - Micro,7
fig-012544,14,Zombie Pigman - Micro,4
fig-012545,8,Enderman - Micro,7
fig-012546,21,Crawley - Armor,6
fig-012547,45,Oscar the Grouch,4
fig-012548,26,Jeremy,2
fig-012552,29,"Snowman - Red Scarf, Black Hat",5
fig-012555,25,"Andrea - Silver Jacket, Dark Blue Skirt, Sunglasses",5
fig-012561,15,"Buzz Lightyear - Star Command Suit, Hair",5
fig-012562,15,"Izzy Hawthorne - Dark Tan Suit, Hair",5
fig-012564,23,"Luke Skywalker, Dagobah Outfit, Tan Tank Top",4
fig-012565,23,"Astromech Droid, R2-D2, Flat Silver Dome, Mud Stains, Dual Sided Printed Body",4
fig-012567,12,"Han Solo, Stormtrooper Disguise",4
fig-012568,12,"Luke Skywalker, Stromtrooper Disguise, Dark Tan Hair",4
fig-012570,41,C-3PO - Arm Print,3
fig-012571,45,"Astromech Droid, R2-D2, Dual Sided Printed Body",4
fig-012573,21,"Thor - Long Hair, Blue Suit",5
fig-012574,21,Gorr,3
fig-012575,21,Mighty Thor,5
fig-012576,19,Korg - Fur Collar,5
fig-012577,19,King Valkyrie,5
fig-012578,16,Mace Windu - White Arm Print,3
fig-012579,16,187th Legion Clone Commander,4
fig-012580,16,187th Legion Clone Trooper,4
fig-012582,25,William - Space Suit,4
fig-012583,25,Dr. Vidya,4
fig-012584,25,Julian - Overall,4
fig-012586,25,Olivia - Space Suit,4
fig-012587,29,Aloy,4
fig-012588,20,Aunt Beru Lars,4
fig-012589,18,"Worker - Orange Torso, Blue Legs, Blue Cap, Black Beard",4
fig-012591,34,C-3PO - Dual Molded Leg,3
fig-012592,7,Rickshaw Driver,4
fig-012594,7,"Astronaut, Female, Bright Light Orange Suit, Gold Visor (Sally Stardust)",6
fig-012595,17,"Medium Lavender Torso, Medium Azure Legs, Dark Tan Cap",4
fig-012596,17,"Bright Pink Torso, White Legs, Bright Light Yellow Hair",4
fig-012597,17,"Bright Pink Torso, Reddish Brown Legs, Dark Orange Hair",4
fig-012598,17,"Dark Purple Torso, Olive Green Legs, Reddish Brown Hair",4
fig-012599,17,"Orange Torso, Pearl Dark Grey Legs, Dark Green Cap",4
fig-012600,17,"Orange Torso, Dark Blue, Blue Cap",4
fig-012601,20,"Kid - White Torso with Classic Space Ship, Blue Legs, Dark Tan Helmet",4
fig-012602,0,Val-Zod,5
fig-012603,3,"Captain America, Mask, Neck Bracket",5
fig-012604,7,"Robin, Green Eyemask, Yellow Utility Belt, Short Black Legs, Neck Bracket",5
fig-012605,22,"Light Bluish Overall, Dark Red Hat",4
fig-012606,22,"Light Bluish Grey Torso, Dark Brown Legs, Dark Brown Hair",4
fig-012607,22,"White Torso, Dark Blue Legs, Medium Nougat Hair",4
fig-012608,22,"Medium Blue Torso, Blue Overall, Red Hat",4
fig-012609,28,Vincent van Gogh,4
fig-012611,9,"Albus Dumbledore, Magenta Robes with Legs",5
fig-012612,15,"Orange Torso, Lime Overall, Dark Green Cap",4
fig-012613,31,"Boy, Red Letterman Jacket, Dark Blue Legs",4
fig-012614,31,"Girl, Dark Azure Hoodie, Tan Legs",4
fig-012615,23,"Peach, Lime Overalls",4
fig-012616,21,"Farmer, Lime Overalls, Reddish Brown Ponytail",4
fig-012617,19,"Horace, Lime Overalls",4
fig-012618,14,"Shirley Keeper, Vibrant Yellow Safety Vest",4
fig-012619,17,"Harl Hubbs, Stunt Racer Outfit",4
fig-012620,17,"Poppy Starr, Stunt Racer Outfit",4
fig-012621,10,Chuck D. Goldberg,6
fig-012622,10,"Skeleton, Standard Face, Bicorne Hat (78132 Torso)",7
fig-012623,10,"Woman, Blue Overalls, Dark Brown Hair",4
fig-012626,19,"Minnie Mouse, Yellow Bow",4
fig-012628,19,"Mickey Mouse, Tan Vest, Red Legs",3
fig-012629,24,"Mickey Mouse, Knight",4
fig-012631,24,"Minnie Mouse, Knight",5
fig-012633,24,"Daisy Duck, Gold Crown",5
fig-012635,24,"Donald Duck, Jester",3
fig-012636,19,"Goofy, Blue Tie",3
fig-012637,19,"Mickey Mouse, Red Letterman Jacket",3
fig-012638,19,"Minnie Mouse, Bright Pink Jacket",5
fig-012639,20,Snow Villager,4
fig-012640,20,Baker,3
fig-012641,33,"Zombie, Flat Silver Helmet",4
fig-012642,23,Yeti,3
fig-012643,23,Royal Warrior,3
fig-012645,42,"Skeleton, Square Skull (78132 Torso)",6
fig-012646,34,Llama Knight,3
fig-012647,34,Llama Herder,3
fig-012648,34,Savannah Villager,3
fig-012649,34,Blacksmith Villager,3
fig-012650,34,"Pillager, Black Legs and Black Neck Bracket",4
fig-012651,18,"Nether Adventurer, Helmet",4
fig-012652,18,"Strider, Black Jumper Plates, Red 1x3 Plate",31
fig-012653,18,Piglin Brute,3
fig-012654,18,"Piglin, Pearl Gold Legs",3
fig-012655,34,"Baby Zombie, Plain Body",2
fig-012656,22,Rancher,3
fig-012657,22,Jungle Villager,4
fig-012658,20,Whiplash,5
fig-012659,45,"War Machine, Dark Bluish Gray Neck Bracket",6
fig-012660,20,Iron Man Mark 25 Armor / Striker (Thumper) Armor,6
fig-012661,20,"Iron Man Mark 85 Armor, Pearl Gold Arms, Trans-Light Blue Head",6
fig-012662,36,Heaven Fairy,4
fig-012663,36,Warden Monkey King,5
fig-012664,36,"Monkey King, Dark Turquoise Bow, Winking",5
fig-012665,36,Taishang Laojun,6
fig-012666,36,"Nezha, Short Legs",6
fig-012667,36,Erlang,6
fig-012668,36,Warrior Monkey King,8
fig-012669,26,"Monkie Kid, Bright Light Orange Jacket, Breathing Apparatus, Goggles",5
fig-012670,26,"Mr Tang, Breathing Apparatus",5
fig-012671,26,"Dragon of the East, Robe",5
fig-012672,43,"Monkie Kid, Bright Light Orange Jacket, Headphones",5
fig-012673,43,"Pigsy - Ammo Belt, Black Legs",4
fig-012674,26,"The Mandalorian / Din Djarin, Dark Brown Outfit with Jet Pack",5
fig-012675,26,Peli Motto,5
fig-012676,29,"Harry Potter, Open Dark Blue Jacket over White Shirt, Blue Legs",4
fig-012677,29,"Nymphadora Tonks, Medium Lavender Hair, Closed Jacket",4
fig-012678,29,Kingsley Shacklebolt,4
fig-012679,29,"Molly Weasley, Bright Light Orange Outfit",4
fig-012680,29,Kreacher,3
fig-012682,29,"George Weasley, Tan Shirt",4
fig-012683,29,"Fred Weasley, Tan Shirt",4
fig-012684,29,"Ron Weasley, Dark Tan Sweater with Green and Orange Stripes",4
fig-012685,29,"Sirius Black, Olive Green Coat",4
fig-012686,22,"Remus Lupin, Dark Tan Suit, Reddish Brown Hair",4
fig-012687,22,"Peter Pettigrew, Black Suit",4
fig-012688,22,"Sirius Black, Dark Bluish Gray Prison Outfit with Long Jacket, Plain Legs",4
fig-012689,22,Werewolf (Professor Remus Lupin),3
fig-012690,24,"Harry Potter, Tournament Uniform Black and Dark Red with Printed Arms, Medium Legs",4
fig-012691,34,"Professor Dolores Umbridge, Magenta Dress, Plain Legs",4
fig-012692,34,Mary Cattermole,4
fig-012693,34,Corban Yaxley,4
fig-012694,34,"Statue, Wizard",5
fig-012695,34,"Arthur Weasley, Light Bluish Gray Suit",4
fig-012696,34,Pius Thicknesse,4
fig-012697,34,Albert Runcorn / Harry Potter,4
fig-012698,34,Mafalda Hopkirk / Hermione Granger,4
fig-012699,34,Reg Cattermole / Ron Weasley,4
fig-012701,16,"Luna Lovegood, Tan Outfit",4
fig-012702,16,"Harry Potter, Open Dark Blue Jacket over Gryffindor Sweater",4
fig-012704,34,"Albus Dumbledore, Dark Red Robes, White Hair and Beard",5
fig-012705,34,"Argus Filch, Bald on Top, Reddish Brown Outfit",4
fig-012706,34,Madam Pince,5
fig-012707,34,"Harry Potter, Gryffindor Robes Open, Short Legs, Invisibility Cloak",5
fig-012708,22,"Hermione Granger, Bright Pink Hoodie over Dark Pink Shirt, Medium Legs, Angry",4
fig-012709,22,"Harry Potter, Dark Blue Jacket Dirty, Medium Legs, Open Mouth",4
fig-012710,22,"Sirius Black, Light Bluish Gray Prison Outfit",4
fig-012711,28,Vengestone Brute,3
fig-012712,33,Vengestone Warrior,3
fig-012713,20,"Skylor, Pearl Gold Shoulder Armor",5
fig-012714,28,"Kai, Crystalized Armor",5
fig-012715,20,General Mister F,6
fig-012717,21,Golden Dragon Zane,13
fig-012719,25,"Cole, Crystalized Armor",5
fig-012721,22,"Zane, Crystalized Armor",5
fig-012723,29,"Jay, Crystalized Armor",5
fig-012724,21,Lloyd / Golden Oni Lloyd,8
fig-012725,29,"Crystal King, Double Torso",8
fig-012726,18,"Lloyd, Crystalized Robes",5
fig-012727,9,"Lightning McQueen, Juniors",16
fig-012728,18,"Crystal King, Single Torso, Neck Brace",8
fig-012729,18,"Harumi, Dark Purple Arms",4
fig-012730,31,Vengestone Guard,4
fig-012731,20,"Kai, Crystalized Robes, Pearl Dark Gray Shoulder Guard",5
fig-012732,20,"Zane, Crystalized Robes, Pearl Dark Gray Shoulder Guard",5
fig-012733,20,"Jay, Crystalized Robes, Pearl Dark Gray Shoulder Guard",5
fig-012735,20,"Cole, Crystalized Robes, Pearl Dark Gray Shoulder Guard",5
fig-012736,13,General Vangelis,9
fig-012738,14,Golden Dragon Cole,13
fig-012739,16,General Aspheera,4
fig-012740,16,Golden Dragon Kai,13
fig-012741,21,"The Mechanic, Shoulder Armor",5
fig-012742,21,"Lil' Nelson, Medium Azure Hood",5
fig-012743,21,Garmadon / Oni Garmadon,8
fig-012745,21,"Master Wu, Crystalized Robes",5
fig-012746,21,General Pythor,4
fig-012748,21,"Samurai X / Nya, Crystalized Armor",7
fig-012749,32,Lady Tremaine,4
fig-012750,32,"Cinderella - Bright Light Blue Dress, White Under-Dress, White Hands",4
fig-012751,32,"Prince Charming - Tan Shirt, Dark Red Trousers, Smooth Hair",4
fig-012752,27,"Woman, Dark Blue and Dark Bluish Gray Wetsuit",4
fig-012753,27,"Skeleton, Standard Face, Dive Helmet and Airtanks, 60115 Torso",9
fig-012754,27,"Viking, Dark Orange Beard",7
fig-012755,27,Viking Queen,4
fig-012756,27,"Viking, Tan Fur Collar",7
fig-012757,27,"Viking, Dark Red Legs",4
fig-012759,18,"Anna - Sand Green Tunic, Dark Green Skirt",4
fig-012760,7,"Man, Red Plaid Shirt, Dark Azure Bike Helmet",4
fig-012761,7,"Woman, Dark Purple Medium Legs and Bike Helmet",4
fig-012762,7,"Woman, White Jumpsuit and Cap",4
fig-012763,21,"Man, Dark Purple Jacket, Lime Alien Hat",4
fig-012764,21,"Woman, Bright Light Orange Torso, Medium Blue Legs, Long Dark Orange Hair",4
fig-012765,21,"Boy, Dark Turquoise Jacket, Short Dark Blue Legs",4
fig-012766,4,Lone Wolf Biker,5
fig-012767,6,Scorpion Luchadora,5
fig-012768,32,"Boy, Tie-dye Shirt, Short Blue Legs",4
fig-012769,32,"Woman, Argyle Sweater, Sand Blue Legs",4
fig-012770,32,"Train Station Employee, Woman, Dark Turquoise Vest, Black Legs",4
fig-012771,32,"Train Station Employee, Woman, Dark Turquoise Jacket, Dark Blue Legs",4
fig-012772,32,"Man, Vibrant Yellow Safety Vest and Helmet",4
fig-012773,32,"Man, Lime Apron, Bright Light Yellow Hair",4
fig-012774,22,"Stunt Rider, Medium Azure Jumpsuit, Red Helmet",6
fig-012775,22,"Man, Open Dark Blue Plaid Shirt, Dark Tan Legs, Reddish Brown Hair",4
fig-012776,22,"Girl, Bright Light Blue Jacket, Short White Legs, Sunglasses",4
fig-012777,14,"Stunt Rider, Vibrant Yellow and Dark Purple Jumpsuit, Visor",5
fig-012778,19,"Man, Red Letterman Jacket, Dark Blue Legs",4
fig-012779,19,"Woman, Tan Jacket, Blue Hair",4
fig-012780,23,"Farmer, Woman, Lime Overalls, Black Hair",4
fig-012781,23,"Farmer, Man, Lime Overalls, Dark Brown Hair and Beard",4
fig-012782,23,"Boy, Blue Overalls, Black Hair",4
fig-012783,20,"Nya - EVO, Wraps",4
fig-012784,8,"Firefighter - Black Suit, White Helmet (Freddy Fresh)",4
fig-012786,14,Golden Dragon Jay,13
fig-012787,15,"Mia - Green Shirt, Orange Pants, Sunglasses",5
fig-012788,22,"Emma - Safety Jacket, White Pants",4
fig-012790,22,"River - Safety Jacket, Sand Blue Pants",4
fig-012792,18,"Andrea - Dark Turquoise Jacket, Dark Blue Skirt, Dark Turquoise Ribbon",4
fig-012793,18,"Roxy - White Shirt, Yellow Skirt",4
fig-012795,23,"Olivia - Dark Blue Top, Sand Green Skirt, Chef's Hat",4
fig-012796,23,"Ethan - Dark Turquoise Shirt, Sand Blue Pants, Reddish Brown Hair",4
fig-012797,38,Mr Produce,4
fig-012798,28,"Woman, Vibrant Yellow Safety Vest, White Cap",4
fig-012799,28,"Girl, Bright Pink Hoodie, Short Sand Blue Legs",4
fig-012800,28,"Peapod Costume Girl, Green Legs",4
fig-012801,28,"Man, Bright Light Yellow Shirt, Prosthetic Leg",4
fig-012802,28,"Woman, Dark Pink Sweater, Dark Purple Legs",4
fig-012803,28,"Woman, Vibrant Yellow Safety Vest, Black Legs",4
fig-012804,28,"Man, Orange Safety Jacket, Sand Blue Legs, Vibrant Yellow Hard Hat",4
fig-012805,28,"Farmer, Lime Overalls, Dark Tan Hair",4
fig-012806,28,"Woman, Vibrant Yellow Safety Vest, Orange Legs, Red Cap, Safety Glasses",4
fig-012807,28,"Man, Dark Red Jacket, Dark Blue Legs, Orange Hair",4
fig-012808,23,"Train Driver, Dark Turquoise Jacket, Dark Blue Hat",4
fig-012809,23,"Train Conductor, Dark Turquoise Vest, Reddish Brown Hair, Glasses",4
fig-012810,23,"Man, Red Plaid Shirt, Reddish Brown Legs, Tan Hair, Backpack on Front",5
fig-012811,23,"Woman, Blue, Yellow, and Green Shirt, Bright Pink Hair",4
fig-012812,23,"Girl, Dark Azure Letterman Jacket, Medium White Legs",4
fig-012813,23,"Cyclist, Coral Racing Suit, Magenta Bike Helmet",4
fig-012814,40,"Mia - Lime Top, Dark Purple Skirt, Riding Cap",4
fig-012815,40,"Marcel - Dark Green Shirt, Dark Tan Overall, Bald Head",4
fig-012817,40,"River - Red Shirt, Sand Blue Pants, Dark Brown Hair",4
fig-012818,28,"Savannah - Dark Blue Jacket, Dark Tan Pants, Black Hair",4
fig-012819,28,"Elijah - White/Orange Shirt, Blue Pants, Dark Brown Hair",4
fig-012821,28,"Emma - Lavender Jacket, White Pants, Black Hair",4
fig-012822,28,"Santiago - Reddish Brown Hair, Life Vest",5
fig-012824,28,"Olivia - Dark Azure Top, Dark Azure Skirt",4
fig-012825,28,"Nandi - Dark Turquoise Top, Dark Pink Skirt, Yellow Ribbon",4
fig-012826,17,"Camila - Gold Jacket, Dark Turquoise Skirt, Magenta Hair",4
fig-012827,31,"Mia - Bright Light Yellow Jacket, Olive Green Skirt",4
fig-012828,31,Dr. Makena,4
fig-012829,31,Joaquim,4
fig-012830,28,"Stephanie - Wetsuit, Lifejacket, Coral Cap",5
fig-012831,28,Capt. Maxine,5
fig-012832,28,"Elijah - Wetsuit, Lifejacket, Coral Cap",5
fig-012833,33,"Andrea - Coral Dress, Dark Brown Hair",4
fig-012834,33,Freya,4
fig-012835,33,Ollie,4
fig-012836,33,Prof. Adrian,4
fig-012837,41,"Emma - White Top, Medium Azure Skirt",4
fig-012838,41,Prof. Béatrice,4
fig-012839,34,Koa,5
fig-012840,34,"Maya - Medium Azure Dress, Dark Brown Hair, Lifejacket",4
fig-012841,34,"Stephanie - White/Medium Azure Top, Medium Azure Skirt",4
fig-012842,31,"Evelyn - White Top, Sand Blue Skirt, Dark Azure Hair, Face Paint",4
fig-012843,31,"Andrea - Dark Turquoise Top, Dark Blue Skirt, Dark Turquoise Ribbon",4
fig-012844,41,Felix,4
fig-012845,33,"Black Torso, Black Legs, Bright Light Yellow Fur Collar, Coral Hair",5
fig-012846,33,"Vibrant Yellow Safety Vest, Dark Blue Legs, Red Hat",4
fig-012847,33,"Sand Blue Torso, Bright Light Blue Legs, Bright Light Yellow Hair",4
fig-012848,33,"Kid - Bright Light Blue Torso, Blue Legs, Tan Hair",4
fig-012849,33,"Coral Torso, Dark Blue Legs, Dark Blue Cap, Dark Orange Hair",4
fig-012850,33,"Orange Torso, Dark Turquoise Legs, Orange Helmet with Dark Turquoise Braids",7
fig-012851,33,"Light Bluish Grey Torso, Bright Green Legs, Dark Brown Hair",4
fig-012853,3,"Overlord - Trans-Purple Head, Black Torso",4
fig-012854,4,"War Machine, Black Outfit with 2 Neck Brackets",5
fig-012855,13,"Forestman, Quiver, Sideburns",6
fig-012856,13,"Forestwoman, Reddish Brown Hair (2022)",4
fig-012857,33,"Maya - Blue Torso, Tan Legs, Black Hair",4
fig-012858,24,Lieutenant Jamie,5
fig-012859,22,"Dr. Octopus / Doc Ock, Dark Green Outfit, Large Arms",65
fig-012861,31,Betsy Bass,6
fig-012862,20,"Iron Man Mark 3 Armor, Trans-Light Blue Head",5
fig-012863,0,Iron Golem - 54657 Hinges,43
fig-012864,34,"Dark Red Torso, Sand Blue Legs, Dark Brown Hair, Hearing Aid",4
fig-012865,34,"Chef - White Torso, Dark Tan Legs, Black Hair",4
fig-012866,2,"Crook Ice, Dark Azure Ice Cream Suit",4
fig-012867,37,"Blue Torso, Medium Azure Legs, Reddish Brown Hair",4
fig-012868,37,"Blue Torso, Dark Blue Legs, Red Hat",4
fig-012869,29,"Chef, White Torso, Dark Tan Legs, Red Cap",4
fig-012870,29,"Dark Green Torso, Dark Blue Legs, Medium Nougat Hair",4
fig-012871,29,"Bright Pink Torso, Tan Legs, Dark Bluish Grey Hair",4
fig-012872,29,"White/Dark Turquoise Torso, Light Bluish Grey Legs, Red Cap with Reddish Brown Hair",4
fig-012873,29,"Dark Red Torso, Blue Legs, Black Hair",4
fig-012874,29,"Bright Light Blue Torso, White Legs, Dark Azure Hair",4
fig-012875,29,"White Torso, Dark Purple Legs, Dark Pink Cap",4
fig-012876,29,"Kid - Blue Torso, Medium Blue Legs, Tan Hair",4
fig-012877,29,"Medium Nougat Torso, Sand Green Legs, Dark Brown Hair",4
fig-012878,29,"Bright Light Blue Torso and Legs, Red Hair",4
fig-012879,29,"LEGO Employee, Yellow Torso, Blue Legs, Reddish Brown",4
fig-012881,35,"Ariel - Human Form, Light Aqua/Dark Turquoise Dress",4
fig-012882,35,Tiana - Leaves Dress,4
fig-012884,35,"Moana - Red Top, Dark Tan Skirt",4
fig-012885,35,Snow White,4
fig-012886,13,"Medium Blue Torso, Blue Overall, Blue Cap (86035)",4
fig-012887,7,"Police Officer - Dark Blue Torso, Legs and Helmet",4
fig-012888,1,"Woman, White Torso with Koi, Red Legs, Black Hair",4
fig-012889,1,"Red Torso with Koi, White Legs, Black Hair",4
fig-012890,9,Sudsy Simon,5
fig-012891,12,"Hermione Granger, Gryffindor Sweater with Crest, Short Legs, Black Skirt",5
fig-012892,53,Sweep,13
fig-012893,35,"Tan Torso, Sand Blue Legs, Black Hair",4
fig-012894,35,"Tan Torso, Sand Blue Legs, Reddish Brown Hair",4
fig-012895,35,"Chef - White Torso, Black Legs, White Hat, Light Bluish Grey Sideburns",4
fig-012896,35,"Kid - Dark Green Torso, Blue Legs, Black Hair",4
fig-012897,35,"Bright Pink Torso, Dark Blue Legs, Dark Brown Hair",4
fig-012898,50,"Wong, Plain Legs",3
fig-012899,39,"Ebony Maw, Light Bluish Gray Head",3
fig-012900,39,"Iron Man Mark 50 Armor, 80429 Helmet",5
fig-012902,39,"Spider-Man, Suit with Detailed Black Trim, Printed Legs",3
fig-012903,39,Sinister Strange,4
fig-012904,39,"Scarlet Witch, with Detailed Tiara",4
fig-012905,39,"Master Karl Mordo, Sand Green Outfit",5
fig-012906,39,Dead Strange,4
fig-012907,30,"Skeleton, Square Skull, Medium Lavender Helmet (78132 Torso)",7
fig-012908,20,"Dark Turquoise Torso, Dark Blue Legs, Reddish Brown Hair",5
fig-012909,26,"Kid - White Atari Torso, Dark Brown Legs, Dark Brown Hair",4
fig-012910,15,"Classic Spaceman, Red with Airtanks (New Moulds)",5
fig-012911,26,"Elsa - Medium Blue Dress, Big Eyes",4
fig-012912,25,Cave Explorer,3
fig-012913,20,Minecraft Zombie Farmer,4
fig-012914,20,Minecraft Zombie Villager,3
fig-012915,23,Minecraft Zombie Hunter,3
fig-012916,11,James Bond - Black Tuxedo,4
fig-012917,13,Dominic Toretto,3
fig-012918,34,Omega,4
fig-012920,26,Cad Bane - Dark Brown Legs,5
fig-012921,15,"Astromech Droid, R4-P17, Light Blue Rectangles",4
fig-012922,15,Taun We,3
fig-012924,15,"Obi-Wan Kenobi - Reddish Brown Robe, Long Hair",4
fig-012925,18,"Obi-Wan Kenobi - Dark Brown Robe, Long Hair",4
fig-012927,18,Darth Vader - Young Anakin Face,6
fig-012928,18,NED-B,3
fig-012929,18,Tala Durith,4
fig-012930,36,"Medium Nougat Torso, Dark Tan Legs, Black Hair",4
fig-012931,36,"LEGO Store Employee - Yellow Torso, Black Legs, Dark Brown Hair",4
fig-012932,36,"LEGO Store Employee - Yellow Torso, Black Legs, Reddish Brown Hair, Beard, Glasses",4
fig-012933,36,"LEGO Store Employee - Yellow Torso, Black Legs, Black Hair",4
fig-012934,36,"LEGO Store Employee - Yellow Torso, Black Legs, Medium Nougat Hair",4
fig-012935,36,"Kid - Dark Green Torso, Dark Blue Legs, Dark Orange Hair",4
fig-012936,14,"Ben Kenobi - Sand Blue Torso, Dark Brow Legs, Cape",5
fig-012937,14,Grand Inquisitor,5
fig-012938,14,Imperial Inquisitor Fifth Brother - Black,5
fig-012939,14,Reva (Third Sister),5
fig-012941,19,Clone Commander Cody - Orange Visor,5
fig-012944,28,"Clone Trooper, 212th Attack Battalion, Orange Markings",4
fig-012945,19,"Clone Trooper, 212th Clone Gunner",4
fig-012946,24,Cassian Andor - Dark Brown Outfit,4
fig-012947,24,Luthen Rael,4
fig-012948,24,Syril Karn,4
fig-012949,9,Minecraft Miner,3
fig-012950,12,"AT-ST Driver, Plain Legs",4
fig-012952,12,Scout Trooper - Reddish Brown Head,4
fig-012953,12,"Wicket, Ewok, Printed Dark Orange Hood, Tan Face, Lines on Hood",3
fig-012954,31,"Medium Lavender Torso, White Legs, Lavender Hair",4
fig-012955,31,"Bright Pink Torso, Dark Purple Legs, Bright Light Yellow Hair",4
fig-012956,31,"Dark Green Torso, Black Legs, Dark Green Cap",4
fig-012957,31,"Dark Azure Torso, Dark Blue Legs, Tan Hat",4
fig-012958,31,"Black Torso Suit, Black Legs, Light Bluish Grey Hair",4
fig-012959,31,"Kid - Bright Pink Torso, Reddish Brown Legs, Reddish Brown Hair",4
fig-012960,31,"White Torso Classic Space, Dark Orange Legs, Dark Orange Hair",4
fig-012961,31,"Blue Torso, Black Legs, Tan Hat, Red Handkerchief",5
fig-012962,31,"Dark Red Torso, Black Legs, Dark Red Cap",4
fig-012963,31,"Kid - Light Bluish Grey Torso, Black Legs, Black Hair",4
fig-012964,31,"Medium Nougat Torso, Bright Light Orange Legs, Tan Hair",4
fig-012965,31,"Red Torso, Dark Blue Legs, Black Hair",4
fig-012966,31,"Kid - Medium Nougat Sweater, Black Legs, Medium Nougat Hair",4
fig-012977,32,Farmer,5
fig-012978,32,"Castle Man, Reddish Brown Apron, Dark Brown Hair",4
fig-012979,32,"Forestman, Quiver, Thin Moustache",6
fig-012980,32,"Castle Woman, Dark Green Dress, White Headdress",4
fig-012981,32,"Knight, Woman, Helmet with Fixed Grille",5
fig-012982,32,"Knight, Woman, Wide Brim Helmet, Eyes Closed",4
fig-012983,32,"Forestgirl, Short Green Legs",4
fig-012984,32,"Troubadour Boy, Dark Blue Short Legs",4
fig-012985,32,"Knight, Dark Tan Hair",4
fig-012986,32,"Knight, Archer, Woman, Quiver",5
fig-012988,32,"Wizard, Majisto, Blue Robes",6
fig-012989,34,"Forestwoman, Quiver",6
fig-012991,52,"Skeleton, Standard Face, Bent Arms (78132 Torso)",6
fig-012992,32,"Knight, Chestplate, Black Hair",5
fig-012993,32,"Knight, Wide Brim Helmet",4
fig-012994,32,"Knight, Woman, Chestplate, Helmet with Grille and Red Plume",7
fig-012995,32,"Queen, Chestplate, Cape, Helmet with Gold Grille and White Plume",8
fig-012996,32,"Knight, Woman, Quiver",5
fig-012997,32,"Knight, Trumpeter",4
fig-012998,32,"Knight, Black Falcon, Woman",4
fig-012999,41,"Knight, Black Falcon, Neck Bracket",5
fig-013000,32,"Knight, Black Falcon",5
fig-013001,2,"Lloyd, Crystalized Robes, Headband",6
fig-013016,6,Police Diver (Carl Confidential),6
fig-013017,1,"Percy Weasley, Closed Robes",4
fig-013018,5,"Mars Astronaut, Stubble, Printed Hair, Jet Pack",6
fig-013019,21,"Bright Light Blue Torso, Coral Legs, Black Hair",4
fig-013020,21,"Kid - Dark Green Torso, Dark Tan Legs, Dark Orange Hair",4
fig-013021,4,"Nindroid with Dual Sided Head, (Legacy)",3
fig-013022,15,"Jay - EVO, Wraps",4
fig-013024,18,Captain America in Scuba Suit with Printed Mask,4
fig-013025,0,Nick Bluetooth,3
fig-013026,0,Nepol,3
fig-013027,1,Jens,3
fig-013028,0,Euripides,3
fig-013029,5,"Pilot, Orange Torso, Orange Legs, White Helmet, Breathing Apparatus (Allie Aires)",6
fig-013030,34,"Ron Weasley, Olive Green Jacket, Dirt On Nose",4
fig-013032,42,"Hermione Granger, Gryffindor Robe Open with Tie, Short Legs, Skirt",5
fig-013033,34,"Train Conductor, Dark Red Suit, Dark Red Cap, Warm Tan Head",4
fig-013034,42,"Trolley Witch, Dark Red Legs",4
fig-013035,34,"Harry Potter, Dark Blue Jacket with Zipper, Medium Dark Bluish Gray Legs",4
fig-013036,34,"Ron Weasley, Dark Bluish Gray Jacket, Medium Dark Brown Legs",4
fig-013037,34,"Hermione Granger, Light Bluish Gray Sweater with Stripes, Medium Black Legs",4
fig-013038,34,"Remus Lupin, Dark Brown Torn Suit (Printed Legs)",4
fig-013039,34,"Harry Potter, Open Light Bluish Gray Jacket over White Shirt, Dark Blue Legs",4
fig-013040,34,"Draco Malfoy, Black Jacket, Dark Green Shirt, Black Legs",4
fig-013042,34,"Luna Lovegood, Dark Pink Jacket, Printed Skirt",4
fig-013043,34,"Harry Potter, Adult, Black Jacket, Dark Blue Legs",4
fig-013044,34,"Ginny Weasley, Adult, Dark Tan Jacket, Black Legs",4
fig-013045,34,"James Sirius Potter, Light Bluish Grey Jacket, Medium Dark Blue Legs",4
fig-013046,34,Albus Severus Potter,4
fig-013047,34,Lily Luna Potter,4
fig-013048,34,Ravenclaw Student,5
fig-013049,34,Hufflepuff Student,4
fig-013050,25,"Astromech Droid, R2-D2, Red Holiday Sweater",4
fig-013052,25,"C-3PO, Blue Holiday Sweater",3
fig-013054,25,"Darth Vader, Vest with Sunset and Palm Tree Silhouettes",5
fig-013055,28,Moaning Myrtle,4
fig-013057,28,"Voldemort, Black Robes, Sticking Out Tounge",3
fig-013058,28,"Sirius Black, Dark Tan Sweater",4
fig-013059,28,"Horace Slughorn, Chair Disguise",14
fig-013061,28,"Neville Longbottom, Light Bluish Gray Sweater, Dark Blue Legs",4
fig-013062,28,"Nymphadora Tonks, Medium Lavendar Hair, Open Jacket",4
fig-013063,30,"Drax, Holiday Sweater",3
fig-013064,30,Groot with Neck Bracket,4
fig-013066,30,"Star-Lord (Peter Quill), Dark Red Outfit",4
fig-013067,30,"Nebula, Holiday Sweater",3
fig-013068,45,Santa Claus,4
fig-013069,31,"Madison (Maddy), Orange Jacket",4
fig-013070,31,Tippy,5
fig-013071,31,"Raze, Lime Scarf",5
fig-013072,31,"Billy McCloud - Blue Jacket, Red Cap with Propeller",5
fig-013074,33,"Santa, Plain Red Legs, 3626cpr3560 Head",5
fig-013075,34,"Lighthouse Keeper, Woman",4
fig-013076,34,"Lighthouse Keeper, Man",4
fig-013078,7,"Harley Quinn in Black and Red Jester Outfit, Black/Red Hair",4
fig-013079,3,Cardboard Robot,4
fig-013080,3,Nutcracker,5
fig-013081,2,Sugar Fairy,7
fig-013082,3,"Snowman - Red Scarf, Black Hat, Mask",7
fig-013083,4,Reindeer Costume,5
fig-013084,4,Holiday Elf,4
fig-013085,1,Popcorn Costume,4
fig-013086,2,Wolf Costume,5
fig-013087,3,Turkey Costume,5
fig-013088,2,Ferry Captain Costume,7
fig-013089,6,Knight of the Yellow Castle,7
fig-013090,2,Dragon Costume - Green,8
fig-013092,30,"Olivia - Dark Blue Jacket, Dark Pink Skirt",4
fig-013093,10,"Skeleton, Standard Face, Bicorne Hat (60115 Torso)",7
fig-013094,30,Santiago - Reddish Brown Hair,3
fig-013095,26,Fishing Boat Captain,4
fig-013096,26,"Fisherman, Dark Azure Beanie Hat",4
fig-013097,26,"Fisherman, Dark Bluish Gray Knitted Cap",4
fig-013098,0,"Mall of America, Man",4
fig-013099,0,"Mall of America, Woman",4
fig-013100,3,"Hermione Granger, Light Bluish Gray Sweater with Stripes, Dark Blue Legs",4
fig-013101,14,"White Torso, Lime Legs, Tan Hair",4
fig-013102,14,"Lime Torso, Black Legs, Lime Helmet, Neck Bracket",5
fig-013103,17,"Cho Chang - Dark Bluish Grey Sweater, Black Legs, Plastic Hair",4
fig-013104,37,"Skeleton, Standard Face, Bicorne Hat, One Arm",6
fig-013105,7,"Martian, Altair - Medium Lime Torso",5
fig-013106,7,"Robbie Rolla, Orange Overall, White Helmet",4
fig-013107,36,Michael Scott,4
fig-013108,36,Toby Flenderson,4
fig-013109,36,Kevin Malone,4
fig-013110,36,Darryl Philbin,4
fig-013111,36,Angela Martin,4
fig-013112,36,Pam Beesley,4
fig-013113,36,Oscar Martinez,4
fig-013114,36,Jim Halpert,4
fig-013115,36,Dwight Schrute,4
fig-013116,36,Creed Bratton,3
fig-013117,36,Meredith Palmer,4
fig-013118,36,Kelly Kapoor,4
fig-013119,36,Ryan Howard,4
fig-013120,36,Phyllis Lapin Vance,4
fig-013121,36,Stanley Hudson,4
fig-013122,33,Mo'At,5
fig-013123,33,Neytiri,5
fig-013124,33,Jake Sully - Angry,5
fig-013125,33,Tsu'Tey,5
fig-013126,34,Neytiri - War Paint,5
fig-013127,34,Miles Quaritch,4
fig-013128,24,Neytiri - Headband,5
fig-013129,24,Jake Sully - Happy,5
fig-013130,31,Trudy Chacon,4
fig-013131,31,Norm Spellman,5
fig-013132,31,Grace Augustine,4
fig-013133,31,Jake Sully - Human,4
fig-013134,31,Jake Sully,5
fig-013135,32,"Shuri - Black Panther Suit, Hair",4
fig-013136,17,Nakia,4
fig-013137,17,Ironheart MK1,5
fig-013138,32,Attuma,4
fig-013139,22,Black Panther,4
fig-013140,15,M'Baku,4
fig-013141,28,King Namor,4
fig-013144,15,"Shuri - Black Panther Suit, Mask",4
fig-013145,28,Okoye,3
fig-013146,15,Ironheart MK2,5
fig-013147,39,"Kid - Dark Azure Torso, Dark Azure Legs, Red/Tan Fur Hat",4
fig-013148,39,"Bright Green Torso, Dark Blue Legs, Dark Red Beanie, Black Hair",4
fig-013149,39,"Dark Pink Torso, Sand Blue Legs, Black Hair",4
fig-013150,39,"Tram Driver, Dark Blue Torso, Dark Blue Legs, Dark Blue Hat",4
fig-013151,39,"Tan Torso, Dark Brown Legs, Dark Orange Hair",4
fig-013152,39,"Red Torso, Dark Tan Legs, Dark Bluish Grey Hair",4
fig-013153,32,Kuill,4
fig-013154,32,"The Mandalorian / Din Djarin - Head Print, Arm Print",5
fig-013155,32,Mythrol,3
fig-013156,22,Ray the Castaway,4
fig-013157,14,"Policeman, Black Jacket with Zipper, White Helmet (3842c Helmet)",4
fig-013165,2,"Crystal King, Single Torso",7
fig-013168,6,"Johnny Thunder, Plain Legs (Expedition)",4
fig-013170,0,"Classic Spaceman, White with Airtanks (2446 Helmet) (3626c Head) (3883a Airtank)",5
fig-013171,18,Hunter Orc (3626b Head),4
fig-013172,18,Hunter Orc - Archer (3626b Head),5
fig-013178,11,"Truck Driver, Blue Jacket, Tan Legs, Blue Cap",4
fig-013179,5,"Police Officer - Bright Light Blue Torso, Dark Blue Legs and Helmet",4
fig-013180,5,"Criminal, Black Torso, Dark Tan Legs, Dark Bluish Grey Cap",4
fig-013181,13,"Racer, White and Orange Jumpsuit with 'VITA RUSH', White Helmet with Visor (3626cpr3025 Head)",5
fig-013183,14,AIM Agent with Backpack,6
fig-013186,27,AIM Agent with Neck Bracket at Front,6
fig-013187,1,Captain America (Toy Fair 2012 Exclusive),3
fig-013188,1,Iron Man (Toy Fair 2012 Exclusive),3
fig-013189,14,"Blue Medium Legs, White Torso, Black Pirate Hat",4
fig-013190,15,"Red Medium Legs, White Torso, Classic Space Helmet",4
fig-013191,22,"Iron Man Mark 85 Armor, Black Hair",4
fig-013192,23,"Tony Stark Transforming into Iron Man, Dark Bluish Grey Torso",4
fig-013194,70,"Skeleton, Standard Face, Bent Arms, Vertical Hand Clips, 78132 Torso, 3626c Head",6
fig-013195,3,"Ron Weasley - Plaid Shirt, Black Legs",4
fig-013196,13,Gustave Eiffel,4
fig-013197,19,"Elf - Bright Green Torso, Red Legs, Red Hat, Red Scarf",5
fig-013198,19,"Elf - Red Torso, Green Legs, Bright Green Hat",4
fig-013200,7,"Santa, Plain Torso and Legs, White Beard, Bandana for Hat",5
fig-013202,5,"Harry Handle - Red Torso, Dark Tan Legs, Dark Green Cap",4
fig-013205,2,Cobra Mechanic - Drill,8
fig-013207,3,"Santa Claus, Cane On Back, Plain Legs",5
fig-013208,4,"Batman, Black Suit, Black Cape and Cowl, Yellow Batman Logo, Breathing Apparatus",6
fig-013209,32,"Elf - Bright Green Torso, Green Short Legs, Bright Green Hat, Freckles",4
fig-013211,1,"Fireman, Classic, Black Fire Jacket with Red Belt and Buttons, White Helmet (Re-issue Torso)",4
fig-013212,15,"Boy, White and Blue Hoodie, Short Light Bluish Gray Legs, Red Cap (3626c Head)",4
fig-013213,3,"Owen Grady in Light Bluish Gray Shirt, Backpack",5
fig-013215,2,Golden Dragon Jay (No Wings),5
fig-013216,39,"Stephanie - Silver Top, Magenta Skirt, Bow",5
fig-013217,39,"Mia - Dark Purple Top, Olive Green Skirt, Sunglasses",5
fig-013218,39,"Olivia - Dark Blue Top, Bright Light Yellow Skirt, Glasses",5
fig-013219,39,"Andrea - Dark Turquoise Top, Dark Blue Skirt, Crown",5
fig-013220,39,"Emma - Coral Top, Medium Lavender Skirt, Bow",5
fig-013221,39,Zobo,11
fig-013223,23,"Cinderella - Bright Light Blue Dress, White Under-Dress - Thin Hinge",4
fig-013224,7,"Freya McCloud - Pilot, Orange Torso, Orange Legs, White Helmet, Breathing Apparatus",6
fig-013225,34,"Kid - Yellow Torso, Dark Azure Legs, Black Hair",4
fig-013226,34,"Red Torso Chinese, Red Legs, Black Hair, Red Bandana",4
fig-013227,34,"Space Costume, Red Torso, Dark Purple Legs, Helmet, Air Tanks",5
fig-013228,34,"Kid - Reddish Brown Torso, White Legs, Reddish Brown Hair",4
fig-013229,34,"Red Torso, Black Legs, Black Bicorne, Hearing Aid",4
fig-013230,34,"Red Torso, Blue Legs, Knight Helmet",4
fig-013231,34,"Light Aqua Torso, Tan Legs, Black Hair",4
fig-013232,34,"Light Aqua Torso, Tan Legs, Long Black Hair",4
fig-013233,34,"Kid - Orange Torso, Medium Lavender Legs, Black Hair, Dark Red Beanie",4
fig-013234,34,"Tan Torso, Dark Red Legs, Black Hair, Red Scarf",5
fig-013235,34,"Red Torso, White Legs, White Bunny Mask",4
fig-013236,34,"Tan Torso, Sand Blue Legs, Dark Orange Hair",4
fig-013237,34,"Dark Turquoise Torso, Chinese Decorations, Dark Turquoise Legs, Black Hair Bun",4
fig-013238,34,"Dark Turquoise Torso, Chinese Decorations, Dark Turquoise Legs, Black Hair Bun",4
fig-013239,34,"Dark Turquoise Torso, Chinese Decorations, Dark Turquoise Legs, Black Hair Bun",4
fig-013240,34,"Dark Turquoise Torso, Chinese Decorations, Dark Turquoise Legs, Black Hair Long",4
fig-013241,34,"Orange Torso, Dark Blue Legs, Black Hair",4
fig-013242,34,"Dark Turquoise Torso, Chinese Decorations, Dark Turquoise Legs, Black Hair 2 Bunds",4
fig-013243,24,"Galatic Mission Astronaut, Blue Hair",4
fig-013244,24,"Galactic Mission Astronaut, Black Hair",4
fig-013245,3,Lloyd - Golden,5
fig-013246,34,"Nova - Black Top, Sand Blue Pants",4
fig-013247,21,"Zac - White Top, Red Cargo Pants",4
fig-013248,19,"Olly - White Top, Sand Blue Legs",4
fig-013249,19,"Leo - White/Coral Top, Dark Turquoise Pants",4
fig-013250,29,"Zac - White Top, Medium Azure Pants",4
fig-013251,29,"Liann - White Top, Lime Pants",4
fig-013252,29,Luna,4
fig-013253,43,"Paisley - Dark Pink Top, Sand Blue Legs",4
fig-013254,34,"Olly - White Top, Light Bluish Grey Pants",4
fig-013255,34,"Nadia - White Top, Dark Azure Skirt",4
fig-013256,52,"Olly - White Top with Metal Blue Arms, Light Bluish Grey Pants",4
fig-013257,29,"Naomi - Green Top, Sand Blue Pants",4
fig-013258,33,"Nova - Dark Turquoise Top, Sand Blue Pants",4
fig-013259,33,Dr. Marlon,4
fig-013260,30,Aliya - Bright Light Blue Pajamas,4
fig-013261,30,Paisley - Bright Pink Pajamas,4
fig-013262,24,"Liann - White Top, Bright Light Blue Skirt",4
fig-013263,24,"Autumn - White Top, Sand Blue Shorts",4
fig-013264,23,Victoria - Yellow Dress,3
fig-013265,23,"Aliya - White Top, Medium Blue Skirt",4
fig-013267,36,"Paisley - Dark Pink Top, Light Aqua Legs",4
fig-013269,38,"Liann - White Top, Bright Light Orange Skirt",4
fig-013270,36,"Leo - Colored Top, Coral Pants",4
fig-013271,14,"Nova - Magenta Top, Sand Blue Pants",4
fig-013272,14,Matilde,4
fig-013273,46,Victoria - Lime Dress,3
fig-013274,46,Riley,4
fig-013275,50,"Peter - Lime Shirt, Sand Blue Pants",3
fig-013276,46,"Liann - Coral Top, Dark Azure Pants",4
fig-013277,46,Isabella - Police Officer,4
fig-013278,46,"Fiona - Bright Pink Shirt, Dark Blue Apron",4
fig-013279,46,Aida,4
fig-013280,46,Adi,4
fig-013281,44,Niko,4
fig-013282,44,Ms. Hale,4
fig-013283,48,"Autumn - Sand Green Jacket, Sand Green Shorts",4
fig-013284,51,"Aliya - White Top, Yellow Skirt",4
fig-013285,42,"Mia - Adult, Orange Top, Dark Blue Pants",4
fig-013286,56,"Leo - Dark Azure Top, Yellow Pants",4
fig-013287,39,"Autumn - White Top, Sand Green Shorts",4
fig-013288,39,"Aliya - Lavender Top, Dark Blue Skirt",4
fig-013289,41,"Leo - Lime Shirt, Coral Pants",4
fig-013290,40,Jordin - Bright Light Orange Overalls,4
fig-013291,40,Isaac,4
fig-013292,47,Alba,3
fig-013293,43,"Autumn - Dark Green Top, Olive Green Shorts",4
fig-013294,23,Charli,4
fig-013295,35,"Aliya - White Top, Dark Blue Skirt",4
fig-013296,37,"Zac - White Top, White Pants",4
fig-013297,33,Gabriela Silva - Medium Blue Scrubs,4
fig-013298,30,"Paisley - Lavender Top, Light Aqua Legs",4
fig-013299,24,Ella - Bright Light Blue Dress,3
fig-013300,24,Jonathan - Dark Brown Hair,4
fig-013301,22,"Skeleton, Square Skull, Silver Helmet (78132 Torso)",7
fig-013302,22,Sentinel Soldier,3
fig-013303,22,Guardian Warrior,4
fig-013304,22,Allay,6
fig-013305,23,Jungle Explorer,3
fig-013306,23,Steve in Bright Green Helmet and Armor,5
fig-013307,23,"Stray, Pearl Gold Armor",7
fig-013308,21,"End Warrior, Helmet",4
fig-013309,21,Dragon Archer,4
fig-013310,36,"Enderman, Dark Tan Box, Foot Plate",15
fig-013311,33,Shulker,5
fig-013312,25,Arbalest Knight,3
fig-013313,21,"Netherite Knight, Helmet and Armor",5
fig-013314,21,Honey Bear,3
fig-013315,20,"Firefighter, Black Suit, Vibrant Green Helmet with Visor, Glasses",5
fig-013316,29,Police Jockey,4
fig-013317,29,"Police Officer, Sweater with Police Badge, Black Hair, Blue Hairband",4
fig-013318,29,"Police Officer, Sweater with Police Badge, Spiked Reddish Brown Hair",4
fig-013319,29,"Police Officer, Sweater with Police Badge, Nougat Hair, Glasses",4
fig-013320,29,"Police Officer, Sweater with Police Badge, Black Hair, Goatee and Hearing Aid",4
fig-013321,29,"Police Officer, Dark Blue Suit with Police Badge, Bright Light Yellow Hair",4
fig-013322,21,"Man, Vibrant Yellow Safety Vest, Dark Orange Legs, Blue Cap",4
fig-013323,21,"Woman, Vibrant Yellow Safety Vest, Dark Orange Legs, Black Hair",4
fig-013324,21,"Woman, Dark Blue Top, Olive Green Legs, Medium Nougat Hair",4
fig-013325,14,"Criminal, Prison Sweater, Black Legs, Black Beanie, Orange Glasses",4
fig-013326,14,"Policewoman, Bright Light Blue Shirt, Dark Blue Legs, White Helmet an Visor",5
fig-013327,15,"Gardener, Dark Turquoise Shirt, Dark Orange Overalls, Dark Green Cap",4
fig-013328,24,"Police Officer, Bright Light Blue Shirt, Dark Blue Legs and Cap",4
fig-013329,24,"Police Officer Dog Trainer, Padded Suit",5
fig-013330,26,"Gamer, Orange Top, Magenta Legs and Hair",4
fig-013331,26,"Gamer, Dark Azure Top and Hair, Blue Legs",4
fig-013332,26,"Woman, Dark Green Jacket, White Legs, Dark Orange Hair",4
fig-013333,26,"Man, Lime Jacket, Dark Bluish Gray Legs, Black Hair",4
fig-013334,18,"Firefighter, Black Fire Suit, Vibrant Yellow Helmet",4
fig-013335,18,"Firefighter, Black Fire Suit with Red Flashlight, Vibrant Yellow Helmet",4
fig-013336,18,"Vendor, White and Dark Turquoise Striped Shirt, Medium Nougat Hair",4
fig-013337,22,"Firefighter, Black Fire Suit, Orange Life Vest, Red Cap",5
fig-013338,22,"Firefighter, Black Fire Suit, Orange Life Vest, White Helmet",6
fig-013339,22,"Boat Racer, White and Dark Purple Race Suit, Orange Life Vest, Black Helmet",6
fig-013340,27,"Man, Vibrant Yellow Safety Vest, White Hard Hat",4
fig-013341,27,"Firefighter, Black Fire Suit, Vibrant Yellow Helmet with Visor",5
fig-013342,27,"Firefighter, Silver Fire Suit, White Helmet with Visor, Blue Airtanks",7
fig-013343,33,"Paramedic, Vibrant Yellow Safety Jacket, Sand Green Legs",4
fig-013344,33,"Woman, Lavender Top, Tan Legs, Light Bluish Gray Hair",4
fig-013345,33,"Criminal, Dark Orange Jacket, Dark Bluish Gray Legs, Black Beanie",4
fig-013346,33,"Police Officer, Bright Light Blue Shirt, Dark Blue Vest, Legs, and Cap",4
fig-013347,33,"Firefighter, Black Fire Suit, Red Helmet with Visor, Glasses",5
fig-013348,18,"Police Officer, Bright Light Blue Shirt with Police Badge, Dark Blue Legs, Reddish Brown Ponytail",4
fig-013349,18,"Criminal, Dark Orange Jacket, Black Legs, Bright Light Yellow Hair",4
fig-013350,18,"Criminal, White Prison Jumpsuit",4
fig-013351,18,"Police Officer, Bright Light Blue Shirt with Police Badge, Dark Blue Legs and Cap, Moustache",4
fig-013352,14,"Racer, Vibrant Yellow and Dark Blue Race Suit, White Cap",4
fig-013353,5,Cyber Rider,5
fig-013354,4,Bear Rider,4
fig-013355,19,"Mechanic, Medium Blue Overalls",4
fig-013356,19,"Racer, Orange and Dark Blue Race Suit, Reddish Brown Hair",4
fig-013357,19,"Woman, Dark Turquoise Jacket and Cap, Black Legs",4
fig-013358,19,"Mech Max, Sand Blue Vest, Medium Blue Legs, Magenta Hair",5
fig-013359,24,"Dirt Bike Rider, Female - Reddish Brown Vest, Dark Blue Legs, White Cap with Ponytail",4
fig-013360,24,"Dirt Bike Rider, Male - Dark Azure Top, Dark Tan Legs, Red Backpack, Dark Blue Cap",5
fig-013361,18,"Construction Worker, Orange Safety Jacket, Sand Blue Legs, Red Hard Hat with Ponytail",4
fig-013362,18,"Construction Worker, Orange Safety Jacket, Dark Blue Legs, Red Hard Hat",4
fig-013363,20,"Slushy Vendor, Penguin Mask",4
fig-013364,20,"Girl, White Vest, Short Dark Turquoise Legs, Dark Brown Hair",4
fig-013365,14,"Vet, Light Aqua Shirt, Tan Legs, Black Hair",4
fig-013366,14,"Vet, Light Aqua Shirt, Tan Legs, Reddish Brown Ponytail",4
fig-013368,16,Rapunzel - Jewel Dress,6
fig-013369,47,Jasmine,4
fig-013370,28,Rapunzel - Pink Flowers in Hair,6
fig-013371,28,Cinderella - Gold Tiara,5
fig-013372,22,Maleficent,4
fig-013373,22,"Aurora - Dark Pink Dress, Silver Decoration, Pearl Gold Crown, Big Eyes",5
fig-013374,42,Prince Phillip,4
fig-013375,26,Sina,4
fig-013377,48,Moana,4
fig-013378,12,"Ghost Rider, White Head",3
fig-013379,8,Hulk,4
fig-013380,18,Morbius,4
fig-013381,19,"Spider-Man (Miles Morales), Red Hands, Gray Face Webbing",3
fig-013382,7,"Rocket Raccoon, Tan Jacket",3
fig-013383,15,"Thanos, Dark Blue and Gold Outfit, Medium Lavender Arms",3
fig-013384,28,"Okoye, Gold Shoulder Armor",4
fig-013386,15,"Bruce Banner (Hulk), Black Jacket",4
fig-013387,24,Outrider,8
fig-013388,15,Outrider,3
fig-013389,11,"Orange Torso, Medium Blue Legs, Medium Azure Helmet",4
fig-013390,45,"Captain America with Dark Blue Suit, Helmet",4
fig-013391,22,"Black Widow, Black Jumpsuit, Plain Legs",4
fig-013392,45,"Loki, Pearl Titanium Outfit",5
fig-013393,45,"Iron Man Mark 7 Armor, Red Panels",5
fig-013394,8,"Boba Fett, Pearl Dark Gray Outfit",5
fig-013395,12,"Clone Officer, 501st Legion, White Arms, Blue Rangefinder",5
fig-013396,12,"Clone Heavy Trooper, 501st Legion, White Arms, Blue Visor",6
fig-013397,12,"Clone Specialist, 501st Legion, Blue Arms, White Visor",5
fig-013398,31,Mei Power Up,5
fig-013399,35,Yellow Tusk Elephant,6
fig-013400,38,Ink Demon,4
fig-013401,32,Ink General,6
fig-013402,41,"Pigsy, Blue Outfit",3
fig-013403,39,"Monkie Kid, Neck Bracket",5
fig-013404,39,"The Golden-Winged Eagle, Backpack",7
fig-013405,39,"Sandy, Dark Purple Robe",5
fig-013406,39,Lee,4
fig-013407,39,"Mei, White Robe",4
fig-013408,27,"Monkie King, Animal Striped Robes",5
fig-013409,27,Azure Lion,6
fig-013410,23,Monkie Kid Power Up,5
fig-013412,23,"Mr Tang, Crown",4
fig-013413,30,The Golden-Winged Eagle,7
fig-013414,16,"Monkey King, Bright Light Orange Robes",5
fig-013415,28,"Bone King - Cape, Crossed Bones",6
fig-013416,25,Bone Knight,6
fig-013417,27,Bone Warrior,5
fig-013418,29,Bone Hunter,5
fig-013419,18,Pixal Bot,6
fig-013420,14,Lloyd - Gold,4
fig-013421,12,Bone Guard,4
fig-013422,12,"Bone Guard, Neck Bracket",13
fig-013423,21,"Woman, Apprentice",4
fig-013424,21,"Man, Apprentice",4
fig-013425,38,Tsireya,5
fig-013426,27,Tuk,5
fig-013427,27,Tonowari,5
fig-013429,27,Jake Sully,5
fig-013430,40,Neteyam,5
fig-013431,40,Ao'nung,5
fig-013432,40,Spider,4
fig-013433,40,RDA Quaritch,5
fig-013434,38,Ronal,5
fig-013435,38,Kiri,5
fig-013436,38,Tonowari,5
fig-013437,38,Neytiri,5
fig-013438,27,Lo'ak,5
fig-013439,27,Crabsuit Driver,4
fig-013440,12,"Police Officer, Sweater with Police Badge, Dark Blue Helmet, Orange Glasses",4
fig-013441,18,Park Ranger,4
fig-013442,15,Brian O'Conner,4
fig-013443,16,Vice Admiral Sloane,4
fig-013445,38,"Darth Vader, White Skin, 19888 Cape",6
fig-013446,16,"TIE Pilot, Printed Legs, Closed Mouth",4
fig-013447,16,GNK Power Droid (Gonk) - Light Bluish Gray,13
fig-013448,4,Referee,4
fig-013449,4,Robot Warrior - Minifig,4
fig-013450,2,"Classic Space Figure, Reddish Brown",5
fig-013451,30,"Classic Space Baby, Blue, White Pupils",2
fig-013452,3,Carrot Mascot - Minifigure,4
fig-013453,3,Falconer - Minifigure,5
fig-013454,2,T-Rex Costume Fan - Minifigure,5
fig-013455,4,Orc - Minifigure,7
fig-013456,3,Conservationist (CMF),4
fig-013457,4,Potter - Minifigure,4
fig-013458,2,Rococo Aristocrat - Minifigure,4
fig-013459,2,Rockin' Horse Rider - Minifigure,4
fig-013460,4,Newspaper Kid - Minifigure,4
fig-013461,17,Blacktron I - Rerelease,6
fig-013470,15,Candi,4
fig-013486,40,"Drummer - Blue Torso, Dark Blue Legs, Reddish Brown Hair",4
fig-013487,40,"Pizza Chef - White Torso, White Legs, White Hat, White Beard",4
fig-013488,40,"Bass Player - Blue Torso, Dark Blue Legs, Black Hair, Black Neck Bracket",5
fig-013489,40,"Club Owner - Bright Light Blue Torso, Dark Orange Legs, Dark Brown Hair",4
fig-013490,40,"Tailor - Red Torso, Sand Blue Legs, Reddish Brown Hair",4
fig-013491,40,"Jazz Singer - Black Torso, Black Dress, Black Hair",4
fig-013492,40,"Magician - Black Tuxedo, Bright Light Yellow Hair",4
fig-013493,40,"Pizza Delivery Driver - Dark Green Torso, Red Legs, Medium Nougat Hair",4
fig-013494,15,"Man, Dark Blue Plaid Shirt, Blue Legs, Dark Brown Hair (3626c Head)",4
fig-013495,7,Blacktron Droid,7
fig-013496,1,Rock Singer,4
fig-013497,2,"Lord Garmadon with Single Torso, Purple Sash Belt",6
fig-013498,21,"Boy, White Shirt with Balloons, Dark Purple Top Hat",4
fig-013499,21,"Girl, Bright Pink Top, Short Tan Legs, Dark Azure Hair",4
fig-013500,44,"Skeleton, Plain Head",6
fig-013501,39,"Red Torso, Dark Tan/Reddish Brown Legs, Dark Brown Hair, Backpack",5
fig-013502,39,"Tan Torso, Dark Green Legs, Dark Orange Hair",4
fig-013503,39,"Reddish Brown Torso, Sand Blue Legs, Bright Light Yellow Hair",4
fig-013504,39,"Bright Light Blue Torso, Dark Bluish Grey/Black Legs, Black Hair",4
fig-013505,6,"Police Officer - Bright Light Blue Torso, Dark Blue Legs, White Helmet",5
fig-013507,3,"Santa, Plain Red with Backpack, Black Eyebrows",6
fig-013508,12,"Man, Blue Overalls over White V-Neck Shirt, Red Cap, Glasses, 3626cpr0646 Head",4
fig-013509,16,"Red Torso, Dark Tan Legs, Dark Blue Helmet",4
fig-013510,16,"Paramedic - Vibrant Yellow Torso, Sand Green Legs, Reddish Brown Hair",4
fig-013511,16,"Paramedic - Vibrant Yellow Torso, Sand Green Legs, Dark Turquoise Cap",4
fig-013513,15,Skeleton - 30377 Droid Arms for Legs,6
fig-013515,15,"Lex Luthor - Black Suit, 3626c Head",3
fig-013516,28,Cornelius Fudge (Minister of Magic) - 970c03pr9779 Legs,4
fig-013518,1,General Vangelis - Plain Head,9
fig-013519,4,Minecraft Knight,5
fig-013520,24,"Green Torso, Dark Bluish Grey, Dark Brown Hair",4
fig-013521,24,"White Torso, Blue Overall, Dark Orange Hair",4
fig-013522,4,"Blue Torso, Safety Vest, Dark Bluish Grey Legs, Black Hair",4
fig-013523,12,Cho Chang - Dark Blue Quidditch Uniform,4
fig-013524,9,"Race Driver, White Race Suit with 'Porsche'",4
fig-013526,27,"Spider-Man (Spidey), Medium Legs, White Spider Print",3
fig-013527,23,"Ghost-Spider / Spider-Gwen, Medium Legs, White Spider Print",4
fig-013528,23,"Black Panther, Medium Legs",4
fig-013530,23,"Spin / Spider-Man (Miles Morales), Medium Black Legs",3
fig-013531,25,"Hannah Abbott, Black Robes",4
fig-013533,25,"Cedric Diggory, Bright Light Orange Quidditch Outfit",4
fig-013534,25,"Susan Bones, Hufflepuff Sweater",4
fig-013535,18,"Cho Chang, Quidditch Outfit",4
fig-013536,30,J-Hope,4
fig-013538,18,"Luna Lovegood, Ravenclaw Robes",4
fig-013539,30,RM,4
fig-013540,18,Michael Corner,4
fig-013541,17,"Draco Malfoy, Closed Slytherin Robes with Crest",4
fig-013542,30,Jungkook,4
fig-013543,17,Blaise Zabini,4
fig-013544,17,"Pansy Parkinson, Dark Bluish Gray Sweater",4
fig-013545,17,Angelina Johnson,4
fig-013546,30,Jimin,4
fig-013548,17,"Neville Longbottom, Gryffindor Robes Closed",4
fig-013549,30,Jin,4
fig-013550,17,"Harry Potter, Gryffindor Sweater Open, Black Legs",4
fig-013551,30,V,4
fig-013552,30,Suga,4
fig-013553,10,"Race Driver - Flat Silver Torso, Flat Silver Legs, White Helmet",5
fig-013554,25,"White Torso, Apples, Blue Legs, Dark Brown Hair",4
fig-013555,25,"White Torso, Surfboard, Dark Azure Legs, Tan Hair",4
fig-013556,40,"Dark Azure Torso, Dark Brown Legs, Black Hair",4
fig-013557,40,"White Torso, Dark Blue Legs, Reddish Brown Hair",4
fig-013558,40,"Bright Green Torso, Dark Tan Medium Legs, Dark Orange Hair",4
fig-013559,18,"Cinderella - Bright Light Blue Dress, White Under-Dress - Thin Hinge, Hair Band",4
fig-013560,18,"Belle, Bright Light Yellow Dress",4
fig-013561,22,"Harry Potter, Tournament Uniform Red Diving Outfit with Hogwarts Crest, Black Legs",4
fig-013562,22,"Viktor Krum, Shark Head, Red Legs",4
fig-013563,22,"Hermione Granger, Gryffindor Robe Closed, Medium Legs, Sleeping",4
fig-013564,22,"Ron Weasley, Gryffindor Robes, Sleeping",4
fig-013565,22,Merperson with Medium Nougat Hair,4
fig-013566,27,"Rocket Racer, Pearl Titanium Race Suit",5
fig-013567,27,"Stunt Rider, Dark Purple and Dark Turquoise Race Suit",5
fig-013568,27,"Woman, Dark Turquoise Jacket, Bright Light Yellow Beanie",4
fig-013569,27,"Man, Red Letterman Jacket, Light Bluish Gray Legs, Tan Hair",4
fig-013570,16,"Stunt Rider, Knight",5
fig-013571,16,"Stunt Rider, Dragon",5
fig-013572,12,"Stunt Rider, Black, Orange, and Green Race Suit",5
fig-013573,28,The Grey Lady,4
fig-013574,28,"Blaise Zabini, Slytherin Sweater",4
fig-013575,28,"Draco Malfoy, Black Suit",4
fig-013577,28,"Hermione Granger, Medium Azure Jacket",4
fig-013578,28,"Harry Potter, Dark Tan Jacket, Blue Legs",4
fig-013579,11,"Dr. Octopus / Doc Ock, Female, Light Bluish Gray Arms",9
fig-013580,23,"Ghost-Spider / Spider-Gwen, Medium Legs, Bubble Helmet",4
fig-013581,23,Flint Marco / Sandman,4
fig-013583,23,"Spin / Spider-Man (Miles Morales), Medium Red Legs, Bubble Helmet",4
fig-013584,23,"Firefighter, Bright Light Orange Fire Suit, Dark Blue Cap",4
fig-013585,23,"Stunt Rider, Fire Suit",9
fig-013586,23,"Stunt Rider, White and Vibrant Yellow Race Suit, White Helmet",5
fig-013587,11,"Race Driver - Black Torso, Dark Bluish Grey Legs, Black Hair",4
fig-013588,15,"Race Driver - Black Torso, Black Legs, Dark Orange Hair",4
fig-013589,17,"Race Driver - White Torso, White Legs, Black Helmet",5
fig-013590,17,"Race Driver - White Torso, Dark Blue Legs, White Helmet",5
fig-013591,21,Wendy Darling  - Microdoll,3
fig-013592,21,Peter Pan - Microdoll,3
fig-013593,21,Captain Hook,3
fig-013594,43,"Frodo  - Dark Green Cape, Reddish Brown Torso",5
fig-013595,43,Samwise Gamgee - Sand Blue Cape,5
fig-013596,43,"Statue - Dress/Robe, Straight Hair",4
fig-013597,43,"Statue - Legs, Wavy Hair",4
fig-013598,43,"Statue - Legs, Straight Hair",4
fig-013600,43,Bilbo Baggins - White Hair,4
fig-013601,43,Glóin (Gloin) - White Hair,5
fig-013602,43,Gimli - Dark Brown Helmet,5
fig-013603,43,"Elf - Dark Bluish Grey Torso, Dress, Bright Light Yellow Hair",4
fig-013604,43,"Arwen - White Torso, Dress, Dark Brown Hair",4
fig-013605,43,"Elf - Dark Bluish Grey Torso, Legs, Dark Brown Hair",4
fig-013606,43,Peregrin Took (Pippin) - Reddish Brown Cape,5
fig-013607,43,Meriadoc Brandybuck (Merry) - Light Nougat Feet,5
fig-013609,43,"Gandalf The Grey - Cape, Hat",6
fig-013610,43,Boromir,5
fig-013612,43,Legolas Greenleaf,4
fig-013613,43,Elrond - Dark Red Dress,4
fig-013614,43,Aragorn,4
fig-013620,43,"Statue - Dress/Robe, Wavy Hair",4
fig-013622,2,"Ghost, Soul Archer, Conical Hat",5
fig-013623,27,"Construction Engineer / Architect - Tan Torso, Dark Green Legs, White Helmet",4
fig-013624,27,"Construction Worker, Foreman - Orange Torso, Dark Blue Legs, White Helmet",4
fig-013625,27,"Construction Worker - Orange Torso, Dark Blue Legs, Red Helmet, Female",4
fig-013626,27,"Construction Worker - Orange Torso, Dark Blue Legs, Red Helmet, Grin",4
fig-013627,27,"Construction Worker - Orange Torso, Dark Blue Legs, Red Helmet, Smirk",4
fig-013628,27,"Construction Worker - Orange Torso, Dark Blue Legs, Red Helmet, Black Bandana",5
fig-013630,33,"Orange Torso, Black Legs, Reddish Brown Hair",4
fig-013631,33,"Kid - Tan Torso, Black Legs, Dark Orange Hair",5
fig-013632,33,"Tan Torso, Reddish Brown Legs, Tan Hat",5
fig-013633,33,"Dark Tan Torso, Dark Blue Legs, Dark Blue Hat",4
fig-013634,33,"Orange Torso, Black Legs, Black Hair",4
fig-013635,33,"Dark Green Torso, Dark Brown Legs, Tan Collar, Dark Bluish Grey Beanie",5
fig-013636,33,"Dark Red Torso, Dark Blue Legs, Reddish Brown Hair",4
fig-013637,33,"Black Torso, Black Legs",4
fig-013638,33,"Medium Lavender Torso, Medium Azure Legs, Dark Orange Hair",4
fig-013639,33,"Bright Light Blue Torso, White Legs, Black Hair",4
fig-013640,33,"Chef, White Torso, Blue Legs, Blue Cap",4
fig-013641,16,"Child - Dark Turquoise Torso, Blue Medium Legs, Flat Silver Knight Helmet",4
fig-013642,38,"Medium Nougat Torso, Black Legs, Reddish Brown Hair",4
fig-013643,38,"Light Bluish Grey Torso, Blue Legs, Dark Bluish Grey Beanie",4
fig-013644,38,"White Torso, Dark Tan Legs, Black Hair",4
fig-013645,38,"Tan Torso, Sand Green Legs, Dark Orange Hair",4
fig-013646,38,"Green Torso, Reddish Brown Legs, Dark Brown Hair",4
fig-013647,38,"Red Torso, Dark Blue Legs, Black Hair",4
fig-013648,38,"Bright Pink Torso, Dark Red Legs, Tan Hair",4
fig-013649,48,"Light Bluish Grey Torso, Light Bluish Grey Legs, Dark Green Cap",4
fig-013650,48,"Green Torso, Medium Nougat Legs, Medium Nougat Hair",4
fig-013651,48,"Bright Light Blue Torso, Dark Blue Legs, Black Hair",4
fig-013652,48,"Medium Lavender Torso, White Legs, Bright Light Yellow Hair",4
fig-013653,48,"Dark Red Torso, Dark Purple Legs, Dark Orange Hair",4
fig-013654,48,"Medium Nougat Torso, Reddish Brown Legs, Dark Red Cap",4
fig-013655,48,"Kid - White Torso, Dark Green Legs, Dark Bluish Grey Beanie",4
fig-013656,48,"Kid - Bright Light Pink Torso, Medium Lavender Legs, Dark Orange Hair",4
fig-013658,5,"Darth Vader - Cape, Plain Black Head",5
fig-013660,2,"Master Wu - EVO, Ponytail",5
fig-013662,19,"Star-Lord (Peter Quill), Dark Blue Outfit",4
fig-013663,16,"Drax, Dark Blue Outfit",3
fig-013664,16,"Nebula, Dark Blue Outfit",3
fig-013665,16,"Mantis, Dark Blue Outfit",4
fig-013666,16,Adam Warlock,5
fig-013668,8,"Groot, Teen with Shoulder Pads",4
fig-013669,14,"Rocket Raccoon, Dark Blue Outfit, Reddish Brown Fur",4
fig-013671,35,"Tinker Bell, Large Wings",5
fig-013673,29,"Mickey Mouse, Blue Suit",3
fig-013675,29,Moana,4
fig-013677,29,"Minnie Mouse, Bright Pink Jacket, Yellow Bow",5
fig-013679,35,Peter Pan,4
fig-013680,33,Russell,5
fig-013681,33,Carl Fredricksen,4
fig-013682,48,Space Suit Mannequin,5
fig-013683,48,Astronaut Suit Mannequin,5
fig-013684,27,Hovitos Warrior,4
fig-013685,27,"Rene Belloq, Tan Outfit",4
fig-013686,27,Satipo,4
fig-013687,27,"Indiana Jones in Dark Brown Jacket, Tan Shirt, Light Nougat Hands",4
fig-013688,17,Sallah,4
fig-013689,17,Mummy,3
fig-013690,17,"Indiana Jones in Dark Brown Jacket, Tan Shirt, Dark Tan Hands",4
fig-013691,17,Marion Ravenwood,4
fig-013692,19,Professor Henry Jones Sr,4
fig-013693,19,"Indiana Jones in Dark Brown Jacket, Tan Shirt, Black Tie",4
fig-013694,19,Fighter Pilot,5
fig-013695,23,"Kid Pirate - Red Striped Shirt, Blue Legs, Red Bandana",4
fig-013696,23,"Kid Pirate - Blue Striped Shirt, Tan Legs, Black Tricorne",4
fig-013697,5,"Owen Grady in Light Bluish Gray Shirt, Black neck Bracket",5
fig-013698,10,"Police Officer - Bright Light Blue Torso, Dark Blue Legs and hAT",4
fig-013699,5,"Helen Heist - Criminal, Prison Shirt with #50382, Dark Bluish Gray Legs, Tan Hair",4
fig-013701,21,"Nya - NRG, Pearl Dark Grey 36452",6
fig-013702,8,Clone Commander Fox - Solid LBG Circle,7
fig-013703,30,Warden,68
fig-013704,32,"Eeyeore, Bow",2
fig-013706,3,"Obi-Wan Kenobi - Reddish Brown Robe, Hood",4
fig-013708,41,"Ursula, Printed Tentacles",4
fig-013710,41,"Ariel, Dark Red Hair",4
fig-013711,41,King Triton,4
fig-013712,41,Karina,4
fig-013713,41,Indira,4
fig-013714,1,Oswald the Lucky Rabbit - Minifig,3
fig-013715,2,Ernesto De La Cruz,4
fig-013716,4,Miguel Rivera - Hood,4
fig-013717,5,Pocahontas,4
fig-013718,4,Robin Hood,5
fig-013719,2,Stitch,3
fig-013720,2,Baymax,3
fig-013721,2,Pinocchio,4
fig-013723,4,Mickey Mouse - Sorcerer's Apprentice,3
fig-013724,43,Tiana - Minifig,5
fig-013725,4,Dr. Facilier,4
fig-013726,20,Aurora - Minifig,5
fig-013727,5,Mulan - Minifig,4
fig-013729,22,"Arial, Medium Nougat Skin, Dark Red Hair - Microdoll",4
fig-013731,22,"Prince Eric, White Pants - Microdoll",3
fig-013732,22,Ursula - Microdoll,3
fig-013733,16,Snub Fighter Pilot,4
fig-013734,16,Vane,4
fig-013735,23,"The Mandalorian / Din Djarin, Dark Brown Outfit, 87610pr0417 Helmet",5
fig-013736,15,Mandalorian Fleet Commander,5
fig-013737,26,TIE Pilot - Female,4
fig-013738,15,"Astromech Droid, R2-E6",4
fig-013740,18,"Luke Skywalker, Final Duel Outfit, Mid-Length Dark Tan Hair",4
fig-013742,35,"Emperor Palpatine - Tan Head, Cape",5
fig-013743,18,"Princess Leia, Endor Outfit, Helmet",4
fig-013745,18,"Scout Trooper - Light Nougat Head, Black Arms",4
fig-013747,18,"Luke Skywalker, Dark Tan Endor Outfit, Helmet",4
fig-013748,22,"Luke Skywalker, Orange Rebel Pilot Outfit, Arm Print",4
fig-013749,3,Queen of Hearts,5
fig-013750,3,Prince John,4
fig-013751,3,Cruella de Vil,5
fig-013752,2,The Queen,6
fig-013753,2,Jiminy Cricket,5
fig-013754,3,Bone King - No Cape,5
fig-013755,4,"Aki Jones - Bright Light Blue Jacket, White Legs, Dark Azure Hair",4
fig-013756,5,"Construciton Worker, Blue Jacket, Orange Legs, Red Hard Hat with Dark Brown Hair ",4
fig-013757,5,"Construction Worker, Blue Overalls, Red Hard Hat, Moustache",4
fig-013758,15,"Skeleton, Evil Face, Ball Joint Arms, Neck Bracket",7
fig-013760,3,"Zane, Crystalized Armor, Hair",5
fig-013761,6,"Construction Worker, Orange Safety Jacket, Sand Blue Legs, Red Hard Hat (Gary Gangway)",4
fig-013763,6,Kai - Dragon Power Spinjitzu,5
fig-013765,8,Nya - Dragon Power Spinjitzu,5
fig-013766,10,Lloyd - Dragon Power Spinjitzu,5
fig-013767,23,Imperium Claw Hunter,5
fig-013769,39,Kai - Dragons Rising,5
fig-013771,55,Lloyd - Dragons Rising Robes,5
fig-013772,19,Wyldfyre,4
fig-013773,37,"Lord Ras, Pearl Gold Shoulder Pads",4
fig-013774,42,Arin,5
fig-013775,38,"Rapton, Shoulder Armor",5
fig-013776,30,"Imperium Claw General, Shoulder Guards",5
fig-013778,26,Imperium Commander - Black Head,5
fig-013779,32,Empress Beatrix,5
fig-013781,30,Cole - Dragons Rising,5
fig-013782,53,Nya - Dragons Rising Robes,5
fig-013783,29,Spirit of the Temple,4
fig-013784,25,Imperium Guard,5
fig-013786,28,Jay - Dragons Rising Robes,5
fig-013787,40,Sora,5
fig-013788,28,Zane - Dragons Rising,5
fig-013789,53,Dojo Kid,4
fig-013790,53,Gayle Gossip,4
fig-013791,53,Vinny Folson,4
fig-013792,53,Borg Store Employee,4
fig-013793,53,Cyrus Borg,4
fig-013794,53,Sushimi Chef,4
fig-013795,53,Baker,4
fig-013796,53,Racer Seven,4
fig-013797,53,Kai / Blacksmith Kai,4
fig-013798,53,Street Vendor,4
fig-013799,53,Tea Vendor,4
fig-013800,53,Boat Vendor,4
fig-013802,53,Zane / Detective Zane,4
fig-013803,53,"Dareth, White Shirt",4
fig-013804,53,Sora / Urban Sora,4
fig-013805,53,Arin / Urban Arin,4
fig-013806,53,Chamille,4
fig-013807,53,Houndog McBrag,4
fig-013808,53,"Miss Demeanor, Airtanks",5
fig-013809,24,"Black Widow, Pearl Dark Gray Jumpsuit, Medium Azure Highlights",4
fig-013810,17,"Red Torso, Blue Legs, Blue Cap",4
fig-013811,33,Hogwarts Express Train Conductor,4
fig-013812,33,"Hermione Granger, Gryffindor Robe Closed, Short Legs, Skirt",5
fig-013813,33,"Harry Potter, Gryffindor Robes Open, Short Legs (28621 Head)",4
fig-013814,33,Lee Jordan,4
fig-013815,40,Romilda Vane,4
fig-013816,40,Owl Post Worker,4
fig-013817,40,"Lavender Brown, Light Aqua Sweater",4
fig-013818,40,"Ginny Weasley, Dark Blue Jacket",4
fig-013819,46,"Ron Weasley, Reddish Brown Sweater, Dark Bluish Gray Legs",4
fig-013820,25,Tai-D,14
fig-013821,17,"Harry Potter, Dark Blue Jacket Dirty, Medium Legs, Printed Arms",4
fig-013822,17,"Remus Lupin, Dark Bluish Gray Jacket Buttoned",4
fig-013824,21,"Voldemort, Dirty Sand Green Robe, Printed Skirt",3
fig-013825,21,"Harry Potter, Dark Tan Jacket, Sand Blue Legs",4
fig-013826,21,"Molly Weasley, Reddish Brown Robes",4
fig-013827,21,"Bellatrix Lestrange, Black Dress, Plain Skirt, Light Nougat Arms",4
fig-013829,21,"Neville Longbottom, Light Bluish Gray Sweater, Sand Blue Legs",4
fig-013830,21,Scabior,4
fig-013832,58,Mirabel,4
fig-013833,42,"Monkie Kid, Diving Suit",5
fig-013834,42,Pocahontas,4
fig-013835,42,Shrimp Soldier,3
fig-013836,52,Tiana,4
fig-013837,42,"Dragon of the East, Legs, Cape",6
fig-013838,42,Raya,4
fig-013839,42,Tinker Bell,5
fig-013840,42,Crab General,3
fig-013841,42,Wendy Darling - Minidoll,5
fig-013842,42,Mulan,4
fig-013843,42,Turtle Minister,7
fig-013844,44,Belle,4
fig-013845,42,"Monkey King, Yellow Robe",5
fig-013847,42,Elsa,5
fig-013849,42,Anna,5
fig-013850,42,Alice,4
fig-013851,22,"Pigsy Power-up, Armor, Shoulder Guards",4
fig-013853,16,Anna - Microdoll,3
fig-013854,16,"Kristoff - Microdoll, Open Mouth",3
fig-013855,22,"Monkie Kid, Monkey Form",5
fig-013856,39,Elsa - Microdoll,3
fig-013857,16,Olaf - Microdoll,4
fig-013859,25,"Mickey Mouse - Bright Orange Torso, Dark Turquoise Overall",3
fig-013860,21,Mr Tang Power-up,5
fig-013862,26,"Ariel - Mermaid Form, Live Action Movie Minidoll, Dark Red Hair",4
fig-013863,32,Jafar - Genie,5
fig-013864,32,Gaston,4
fig-013866,32,Maleficent,5
fig-013867,25,"Monkie Kid, Padded Vest Jacket",4
fig-013868,25,Sandy Power-up,6
fig-013869,48,Evil Queen - Witch,4
fig-013870,28,"Alan Grant, Hair",4
fig-013871,28,"Lex Murphy, Medium Nougat Torso",4
fig-013872,28,"Tim Murphy, Medium Nougat Torso",4
fig-013873,28,"Dr. Henry Wu, White Scrubs",4
fig-013874,28,"Ray Arnold, White Shirt",4
fig-013875,28,"Ellie Sattler, Sand Blue Torso",4
fig-013876,23,"Dennis Nedry, Scared",4
fig-013877,24,"Ellie Sattler, Coral Shirt, Ponytail, Open Mouth",4
fig-013878,25,Ian Malcolm with Necklace (28621 Head),4
fig-013879,19,"Ellie Sattler, Coral Shirt",4
fig-013880,20,Robert Muldoon,4
fig-013881,20,"Ellie Sattler, Coral Shirt, Ponytail, Closed Mouth",4
fig-013882,21,"Alan Grant, Hat (28621 Head)",4
fig-013883,20,"John Hammond, White Arms",4
fig-013884,23,PAC-MAN Gamer,4
fig-013886,24,"Yoda, White Robe, Lime Head",3
fig-013887,24,Kai Brightstar,5
fig-013888,24,Lys Solay,5
fig-013889,30,"Paisley - Lavender Top, Light Aqua Legs, Sunglasses",5
fig-013890,30,Stanley,4
fig-013891,30,Zoe,4
fig-013892,35,"Liann - Coral/Bright Light Orange Top, Sand Blue Legs, Flower",5
fig-013893,35,"Niko - Sand Blue Jacket, Light Bluish Grey Legs",4
fig-013894,35,"Adi - Bright Light Yellow Top, Coral Skirt",4
fig-013895,26,"Paisley - White Top, Dark Blue Skirt",4
fig-013896,26,"Luna - Bright Light Blue Top, Bright Light Orange Skirt",4
fig-013898,25,Zac - Safety Vest,5
fig-013899,25,Dia,4
fig-013900,38,"Aliya - Lavender Top, Yellow Skirt",4
fig-013902,28,Darrel,4
fig-013903,16,"Liann - White Top, Bright Light Blue Skirt",4
fig-013904,16,"Zac - Safety Vest, Blue Shirt",5
fig-013905,29,Nova - Life Jacket,5
fig-013906,29,Gunnar,5
fig-013907,29,Marco,5
fig-013908,29,Aliya - Safety Vest,5
fig-013909,31,Autumn - Safety Jacket,5
fig-013910,31,"Leo - Yellow Shirt, Coral Pants",4
fig-013911,31,Kayla,4
fig-013912,41,"Zac - Yellow Shirt, Dark Azure Pant",4
fig-013913,51,"Nova - Black Top, Bright Light Yellow Shorts",4
fig-013914,41,"Charli - White Shirt, Dark Tan Pants",4
fig-013915,41,"Dia - Bright Pink Top, Dark Azure Shorts",4
fig-013916,35,Leo - Sport Outfit,4
fig-013917,35,Ivana - Sport Outfit,4
fig-013918,35,Hanna - Sport Outfit,4
fig-013919,35,Niko - Sport Outfit,4
fig-013920,32,"Autumn - Dark Turquoise Top, Dark Red Pants",4
fig-013921,32,"Aliya - Yellow Top, Sand Blue Pants",5
fig-013922,24,"Aliya - Bright Light Blue Top, Sand Blue Pants",4
fig-013923,34,"Matilde - Red Top, Dark Blue Skirt",4
fig-013924,34,Abuelita,4
fig-013925,49,"Olly - White Top, Sand Blue Legs",4
fig-013926,49,"Liann - White Top, Lime Skirt",4
fig-013927,49,Stephanie - Adult,4
fig-013928,49,"Zac - Blue Shirt, White Pants",4
fig-013929,50,"Paisley - White Top, Sand Blue Legs",4
fig-013930,49,"Nova - Dark Purple Top, Yellowish Green Skirt",4
fig-013931,24,"Man, Blue Overalls, Blue Cap",4
fig-013932,24,"Woman, Bright Light Blue Outfit with Pineapples",4
fig-013933,31,"Boy, Dark Blue Banana Shirt, Short Medium Lavender Legs",4
fig-013934,31,"Man, Dark Purple Vest, Dark Turquoise Legs, Coral Sunglasses",4
fig-013935,31,"Ice Cream Vendor, Polar Bear Costume",4
fig-013936,23,"Woman, Dark Pink Hoodie, Dark Bluish Gray Legs",4
fig-013937,23,"Woman, Dark Turquoise Jacket, Prosthetic Leg",4
fig-013938,23,"Man, White Hoodie, Black Legs",4
fig-013939,23,"Man, Red Tracksuit with Hood",4
fig-013940,41,"Vet, Light Aqua and Dark Turquoise Scrubs",4
fig-013941,41,"Barber, Reddish Brown Apron",4
fig-013942,41,"Janitor, Dark Orange Apron",4
fig-013943,41,"Woman, Bright Pink Hoodie, Bright Light Blue Legs",4
fig-013944,41,"Girl, Raccoon Shirt, Bright Pink Legs, Black Skirt and Cat Ears",6
fig-013945,41,"Dinosaur Suit Guy, Bright Light Orange and Red",5
fig-013946,41,"Man, Red Jacket, Dark Blue Legs, Orange Glasses",4
fig-013947,41,"Pizza Chef, Dark Azure Glasses",4
fig-013948,41,"Street Musician, Medium Blue Overalls",4
fig-013949,41,"Man, White Shirt, Dark Green Legs, Orange Glasses",4
fig-013950,41,"Hotel Clerk, Black Suit",4
fig-013951,41,"Blogger, White Jacket, Black Legs, Lime Hair",5
fig-013952,55,"Woman, Tan Trenchcoat",4
fig-013953,41,"Boy, Medium Azure Torso, Dark Blue Legs",4
fig-013954,30,"Boy, Dinosaur Shirt, Short Blue Legs, Blue Cap",4
fig-013955,30,"Man, Dark Blue Sweater, Sand Green Legs, Beard and Glasses",4
fig-013956,30,"Woman, Bright Light Blue Cardigan, Dark Red Legs",4
fig-013957,20,"Construction Worker, Orange Safety Suit, Red Hard Hat",4
fig-013958,20,"Construction Worker, Blue Safety Jacket, Dark Blue Legs, Red Hard Hat with Hair",4
fig-013959,20,"Construction Worker, Orange Safety Vest, Sand Blue Legs, Red Hard Hat",4
fig-013960,20,"Construction Site Foreman, Black Suit, White Hard Hat with Hair",4
fig-013961,32,"Ocean Explorer, Iris Icicle, Medium Azure and Dark Blue Suit, Dark Red Hair",4
fig-013962,39,"Ocean Explorer Diver, Dark Blue Wetsuit, Medium Azure Helmet",5
fig-013963,32,"Ocean Explorer Diver, STEVEGOESNORTH, Dark Blue Wetsuit and Helmet, Beard and Glasses",6
fig-013964,42,"Ocean Explorer Diver, Woman, Dark Blue Wetsuit and Helmet",6
fig-013965,32,"Skeleton, Standard Face, Bicorne Hat, One Leg",7
fig-013966,42,"Ocean Explorer, White Suit, Orange Life Vest",5
fig-013967,40,"Ocean / Arctic Explorer, Medium Azure Suit",4
fig-013968,40,"Arctic Explorer, Medium Azure Suit, Medium Nougat Hair",4
fig-013969,23,"Arctic Explorer, STEVEGOESNORTH, Orange Suit, Dark Blue Ushanka Hat",4
fig-013970,23,"Arctic Explorer, Tina Tarantula, Orange Suit, Dark Blue Beanie Hat with Hair",4
fig-013971,36,"Arctic Explorer, Captain Nautilus, Medium Azure Jacket, Orange Legs, White Fur Collar",5
fig-013972,31,"Ocean Explorer Diver, Man, Dark Blue Wetsuit and Helmet",6
fig-013973,12,"Arctic Explorer, Tina Tarantula, Orange Suit, Dark Blue Backpack and Beanie",5
fig-013974,31,"Arctic Explorer Pilot, Iris Icicle, Medium Azure and Orange Suit, Dark Blue Helmet",5
fig-013975,31,"Arctiv Explorer, Tina Tarantula, Orange Suit, Dark Blue Beanie with Hair",4
fig-013976,31,"Arctic Explorer, STEVEGOESNORTH, Orange Suit with Life Vest",5
fig-013977,31,"Ocean Explorer, Medium Azure Suit, Orange Life Vest",5
fig-013978,34,"Skier, Red and Bright Green Snowsuit, Red Helmet with Hair",4
fig-013979,34,"Snowboarder, Black Snowsuit, Medium Azure Helmet with Hair",4
fig-013980,34,"Cyclist, Vibrant Yellow and Black Jumpsuit",4
fig-013981,34,"Woman, Coral Jacket, Dark Red Legs, Dark Blue Cap with Hair",4
fig-013982,34,"Ice Skater, Dark Purple and Medium Lavender Torso, Medium White Legs",5
fig-013983,34,"Boy, Reddish Brown Jacket, Dark Turquoise Legs",4
fig-013984,34,"Snow Tuber, Bright Light Orange Jacket, Black Legs",4
fig-013985,34,"Rock Climber, Dark Azure Jacket, Dark Blue Legs, Coral Helmet, White Neck Bracket",5
fig-013986,36,"Man, Coral and White Workout Outift, Black Hair",4
fig-013987,36,"Man, Dark Blue Shirt, White Legs, Dark Brown Hair",4
fig-013988,36,"Woman, Dark Pink Top, Medium Azure Legs, Light Bluish Gray Hair",4
fig-013989,36,"Woman, Medium Azure Torso, Flat Silver Legs, Medium Nougat Hair",4
fig-013990,36,"Girl, White Vest Top, Short Dark Azure Legs, Black Hair",4
fig-013991,36,"Shopkeeper, Orange Vest, Dark Blue Legs, Reddish Brown Hair",4
fig-013992,11,"Woman, Bright Light Blue Torso, Tan Legs, Dark Orange Hair",4
fig-013993,23,"Batman, Black Suit, Black Cape and Cowl (Rubber), White Goggles",4
fig-013994,23,Max Shreck,4
fig-013996,23,"Alfred Pennyworth, Light Bluish Gray Hair, Glasses",4
fig-013997,23,Catwoman (Batman Returns),4
fig-013998,23,"Bruce Wayne, Black Suit (Batman Returns)",4
fig-013999,23,"Batman, Black Suit, Black Cape and Cowl, Yellow Batman Logo, White Goggles (37157 Cape)",5
fig-014001,23,The Penguin (Batman Returns),5
fig-014002,17,"Girl, White Vest Top, Short Green Legs, Reddish Brown Hair",4
fig-014003,17,"Man, White Shirt with Balloons, Medium Azure Legs, Magenta Helmet",4
fig-014004,30,"Goalkeeper, Medium Lavender Soccer Kit",4
fig-014005,30,Megan Rapinoe,4
fig-014006,30,Yuki Nagasato,4
fig-014007,30,Sam Kerr,4
fig-014008,30,Asisat Oshoala,4
fig-014009,30,"Soccer Referee, Lime Jersey",4
fig-014010,30,"Soccer Manager, Black Suit",4
fig-014011,30,"Soccer Fan, Dark Tan Jacket, Bright Light Yellow Hair",4
fig-014012,30,"Soccer Fan, Red Soccer Jersey, Black Hair",4
fig-014013,30,"Soccer Fan, Orange Soccer Kit",4
fig-014014,30,"Soccer Fan, Dark Azure Jacket, Reddish Brown Hair",4
fig-014015,30,"Soccer Fan, Blue Soccer Kit, Red Scarf, Dark Orange Hair",5
fig-014016,30,"Soccer Fan, Blue Soccer Kit, Red Scarf, Black Hair",5
fig-014017,30,"Soccer Fan, Red Soccer Jersey, Orange Glasses",4
fig-014018,30,"Soccer Fan, White and Dark Turquoise Striped Shirt",4
fig-014021,19,"Imperium Droid, Dark Red",11
fig-014022,6,"Imperium Droid, Black, Tall",13
fig-014023,8,"Imperium Droid, Black, Claws",13
fig-014024,10,"Imperium Droid, Black, Blades",13
fig-014025,40,"Fred Weasley in Reddish Brown Suit, Dark Orange Tie",4
fig-014026,40,"George Weasley in Reddish Brown Suit, Dark Red Tie",4
fig-014027,10,Junior Moon,19
fig-014028,13,Miss Fritter,52
fig-014029,20,"Guido, Light Aqua",26
fig-014030,9,"Pit Crew (Cars), Green",30
fig-014031,14,"Luigi (Cars), Headset",51
fig-014032,16,"Luigi (Cars), Headset no Microphone",48
fig-014033,16,Shu Todoroki,48
fig-014034,16,"Tow Mater, Headset",55
fig-014035,16,"Pit Crew (Cars), White",30
fig-014036,16,"Pit Crew (Cars), Green, Front Clip",30
fig-014037,16,"Lightning McQueen, World Grand Prix, White Wheels (LBG 3034 & Yellow 3023)",36
fig-014038,16,Francesco Bernoulli (Green 1x8 Plate),33
fig-014039,8,Jeff Gorvette,40
fig-014040,1,"Rod ""Torque"" Redline",29
fig-014041,3,"Guido, Light Aqua, Headset",31
fig-014042,2,"Grem, Red, Visor",52
fig-014043,15,"Tow Mater, Raised Right Eye - Initial Version",52
fig-014044,1,"Lightning McQueen, White Sides (LBG 3710)",33
fig-014045,6,"Finn McMissile, Weapons",52
fig-014046,5,"Francesco Bernoulli, Squinting",36
fig-014047,7,"Acer, Visor",55
fig-014048,7,Red (Cars),143
fig-014049,16,Finn McMissile,41
fig-014050,16,"Holley Shiftwell, Wings",27
fig-014051,16,Miles Axlerod,47
fig-014052,16,"Professor Zundapp, Smirk (DBG 3795)",40
fig-014053,16,The Queen (Cars),57
fig-014054,16,"Lightning McQueen, World Grand Prix, White Wheels (LBG 3034)",36
fig-014055,17,"Tow Mater, Spy (4085c Clips)",56
fig-014056,9,Combat Ship (Cars),66
fig-014057,9,"Finn McMissile, Wings",47
fig-014058,9,"Professor Zundapp, Smirk (Red 3795)",39
fig-014059,15,Fillmore,61
fig-014060,15,Flo,44
fig-014061,15,"Lightning McQueen, White Sides (DBG 3710)",33
fig-014062,15,Sally Carrera,27
fig-014063,15,Sarge,46
fig-014064,13,"Super Battle Droid, Pearl Titanium, Blaster Arm",4
fig-014065,9,Lightning McQueen,33
fig-014066,9,"Mack, Brick-built Hood (3245b)",118
fig-014067,8,"Mack, Brick-built Hood (3245c)",118
fig-014068,11,"Holley Shiftwell, Trans-Dark Blue Windscreen",25
fig-014069,11,"Tow Mater, Spy (60897 Clips)",56
fig-014070,35,"Super Battle Droid, Pearl Titanium",4
fig-014071,11,"Tow Mater, Spy (4085b Clips)",55
fig-014072,10,Acer,40
fig-014073,10,Holley Shiftwell,25
fig-014074,10,"Grem, Red",44
fig-014075,10,"Finn McMissile, Airport Security Disguise",42
fig-014076,10,Siddeley,121
fig-014077,10,"Tow Mater, Raised Left Eye",52
fig-014078,10,"Lightning McQueen, World Grand Prix, White Wheels (LBG 3034 & Green 3023)",36
fig-014079,10,Francesco Bernoulli (Red 1x8 Plate),33
fig-014080,8,Petrov Trunkov,46
fig-014081,8,"Tow Mater, Parachute (V1)",79
fig-014082,17,"Finn McMissile, Water Skis",36
fig-014083,8,"Tow Mater, Parachute (V2)",78
fig-014084,17,"Grem, Orange",43
fig-014085,17,Crane,37
fig-014086,17,"Professor Zundapp, Angry",39
fig-014087,10,Raoul ÇaRoule,45
fig-014088,10,"Pit Crew (Cars), Blue",27
fig-014089,10,"Lightning McQueen, World Grand Prix, Red Wheels",37
fig-014090,10,Max Schnell,49
fig-014091,6,"Policeman, Pilot, Black Vest with Badge and Pouches, White Helmet with Visor",5
fig-014092,34,"Light Bluish Grey Torso, Black Legs, Black Hair, Sunglasses",4
fig-014093,34,"Medium Lavender Torso, Sand Green Legs, Black Hair, Sunglasses",4
fig-014094,34,"Chef - White Torso, Light Gray Legs, Paint Spots",4
fig-014095,34,"Bright Pink Torso, White Legs, Dark Orange Hair",4
fig-014096,51,Snow White - Minifig,5
fig-014097,51,Prince Florian,5
fig-014099,43,Rapunzel - Minifig,5
fig-014100,43,Flynn Rider - Minifig,4
fig-014101,43,Prince Naveen,6
fig-014102,43,Prince Charming (Henry) - Minifig,5
fig-014103,43,Cinderella - Minifig,4
fig-014105,19,Mickey Mouse - Flat Silver Tuxedo,3
fig-014106,40,Mary Sanderson,5
fig-014107,40,Sarah Sanderson,5
fig-014108,40,Max Dennison,4
fig-014109,40,Dani Dennison,5
fig-014110,40,Allison Watts,4
fig-014111,40,Winifred Sanderson,5
fig-014112,27,"Soldier (Bluecoat) - Captain, Female",6
fig-014113,27,"Lady Anchor, Black Legs",4
fig-014114,27,"Pirate - White Torso, Green Legs, Red Bandana",4
fig-014116,27,Soldier (Bluecoat) - Admiral,6
fig-014117,27,"Soldier (Bluecoat) - Backpack, Red Epaulette, Reddish Brown Sideburns",6
fig-014118,27,"Soldier (Bluecoat) - Backpack, Red Epaulette, Black Moustache",6
fig-014119,27,"Soldier (Bluecoat) - Backpack, Red Epaulette, Female",6
fig-014120,27,"Soldier (Bluecoat) - Captain, Female, Reddish Brow Hair",6
fig-014121,27,"Skeleton, Standard Face, Red Bandana Hat, Bent Arms",7
fig-014122,2,Rita Skeeter,4
fig-014123,11,Monochrome Figure - Orange,3
fig-014124,11,"Dragon Knight, Dark Green, Pearl Dark Gray Helmet, Angry",4
fig-014125,9,"Dragon Knight, Dark Green, Pearl Dark Gray Helmet, Stubble",4
fig-014126,1,Nether Adventurer,3
fig-014127,1,"Enderman, Dark Bluish Gray Box, Foot Plate",15
fig-014129,13,Lloyd - EVO with Hair,4
fig-014130,15,"White Torso, Dark Bluish Grey Legs, Blue Cap",4
fig-014131,6,"Stunt Driver, White and Orange Race Jacket, Dark Blue Legs and Helmet",4
fig-014132,17,Aliya - Yellow and Coral Wetsuit,4
fig-014133,6,"Boris Bulldog, White Head, Blue Torso, Yellow Legs, Blue Police Hat",2
fig-014134,10,"Bertie Bulldog, Brown Head, Blue Torso, Black Legs, Black Police Hat",2
fig-014135,8,"Bertie Bulldog, Brown Head, Red Torso, Yellow Legs, Red Fire Helmet",2
fig-014136,8,"Bertie Bulldog, Brown Head, Blue Torso, Black Legs, Red Fire Helmet",2
fig-014138,4,"Yoda, Light Nougat Feet",3
fig-014139,52,Z-Blob,3
fig-014140,45,Jayden,4
fig-014141,31,Dreamling - Blacksmith,4
fig-014142,31,Dreamling - Baker,3
fig-014143,48,Dreamling - Wizard,4
fig-014144,49,Snivel,5
fig-014145,40,Susan,10
fig-014146,32,Nova,4
fig-014147,53,"Mateo, Cape",6
fig-014148,44,"Izzie, Shoulder Armor, Skirt",6
fig-014149,32,Nightmare King,5
fig-014150,45,Dreamling Mushroom,3
fig-014151,48,Night Hunter,5
fig-014152,31,Albert,3
fig-014153,31,Denny,4
fig-014154,31,Flight Knight,4
fig-014155,31,Captain Bedbeard,5
fig-014156,31,Propper Chopper,8
fig-014157,37,Logan (Dreamling Form),3
fig-014158,31,Mr. Oz,5
fig-014159,31,Izzie,4
fig-014160,31,Zoey,4
fig-014161,41,"Cooper, Blue Hipwear",5
fig-014162,36,"Zoey, Quiver",5
fig-014163,40,Grimspawn,4
fig-014164,36,"Mateo, Red Backpack",5
fig-014165,48,Mrs. Castillo,5
fig-014166,29,"Zoey, Cape",5
fig-014167,22,"Mateo, Utility Belt",5
fig-014168,20,Cooper,4
fig-014169,36,"Izzie, Shoulder Armor",5
fig-014170,43,Pandy Paws,2
fig-014171,46,MerCat,2
fig-014172,39,"Gabby, Dark Pink Jacket, 3886 Hair",5
fig-014173,15,"Gabby, Rainbow Outift",5
fig-014174,17,"Gabby, Dark Pink Swimsuit",5
fig-014175,37,"Sonic the Hedgehog, Light Nougat Face, Green Eyes, Winking",3
fig-014176,37,Miles 'Tails' Prower,4
fig-014177,33,"Sonic the Hedgehog, Light Nougat Face, Green Eyes",3
fig-014178,40,Dr. Ivo 'Eggman' Robotnik,4
fig-014179,42,Amy Rose,4
fig-014180,35,Underwater Explorer,3
fig-014181,24,Witch,4
fig-014182,27,Crystal Knight,3
fig-014183,26,Golden Knight,3
fig-014184,8,"Thanos, Dark Blue and Gold Outfit, Gold Helmet",4
fig-014185,8,"Iron Man, Pearl Gold Arms, Round Arc Reactor, Full Helmet",4
fig-014187,21,"Stormtrooper, Black Squares on Back of Helmet, Female, Nougat Head",4
fig-014188,26,"Boba Fett, Helmet, Jetpack Neckwear, Printed Arms, Nougat Head",6
fig-014190,24,"Darth Vader, White Skin, 50231 Cape, Robe Hem and Stripes on Legs",6
fig-014192,22,"Yoda, Olive Green Head, Dark Tan Undershirt, Thin Creases",3
fig-014193,8,"Clone Trooper, 332nd Company, Orange Markings, Jetpack",5
fig-014194,14,"Clone Trooper, 332nd Company, Orange Markings, Visor Holes",4
fig-014195,8,Clone Captain Vaughn,5
fig-014196,15,"Bo-Katan Kryze, Hair",5
fig-014199,26,"Luke Skywalker, Medal",5
fig-014202,26,"Han Solo, Medal",5
fig-014203,26,"Princess Leia, White Dress",4
fig-014204,26,General Dodonna (28621 Head),4
fig-014205,26,"Astromech Droid, R2-BHD, Light Bluish Gray Body",4
fig-014206,26,"Dutch Vander, Helmet with Olive Green Markings",4
fig-014207,26,Garven Dreis,4
fig-014209,36,"Rebel Trooper / Rebel Fleet Trooper, Light Nougat Head (Angry / Neutral)",5
fig-014210,26,"Rebel Crew, Nougat Head",4
fig-014212,21,The Joker,4
fig-014213,24,"Batman, Black Suit, Black Cape and Cowl, Yellow Batman Logo, White Eyes (37157 Cape)",5
fig-014214,10,"Batman, Black Suit, Black Cape and Cowl, Yellow Batman Logo, White Eyes (37157 Cape), Big Grin",5
fig-014215,23,The Joker,4
fig-014216,13,The Joker,4
fig-014217,27,Friendly Neighborhood Spider-Man,3
fig-014218,27,The Amazing Spider-Man,3
fig-014219,27,"Green Goblin, Hair",4
fig-014220,27,"Dr. Octopus / Doc Ock, Black Sunglasses",21
fig-014221,27,Electro (Amazing Spider-Man) with Lightning,18
fig-014223,27,"MJ, Striped Sweater",4
fig-014224,27,"Ned Leeds, Red Letterman Jacket",4
fig-014225,32,"Thanos, Big Fig Head, Angry (Big Fig)",8
fig-014226,25,"Valkyrie, Light Bluish Gray Outfit, Blue Cape",5
fig-014227,46,"Scarlet Witch, Skirt",5
fig-014228,18,"Race Driver - Flat Silver Torso, Dark Turquoise Arms, Black Legs, Reddish Brown Hair",4
fig-014229,18,"Race Driver - Flat Silver Torso, Coral Arms, Black Legs, Bright Light Yellow Hair",4
fig-014230,26,"Race Driver - Black Torso, Medium Blue Legs, Medium Blue Head",3
fig-014231,26,"Race Driver - Magenta Torso, Pearl Titanium Legs, Black Pirate Hat",4
fig-014232,16,"Race Driver - Black Torso, Black Legs, Dark Red Hair",4
fig-014233,16,"Race Driver - Black Torso, Black Legs, Medium Azure Hair",4
fig-014234,16,"Race Driver - Black Torso, Black Legs, Bright Light Yellow Hair",4
fig-014235,30,"Light Bluish Grey Torso, Dark Tan Legs, Black Hair",4
fig-014236,30,"Astronaut, Female, Flat Silver Torso, White Legs, Bright Light Yellow Hair",4
fig-014237,30,"Astronaut, Female, Dark Azure Jump Suit, Medium Nougat Hair",4
fig-014238,30,"Kid - White Tors, Dark Azure Legs, Reddish Brown Hair",4
fig-014239,30,"Kid - White Torso, Dark Green Legs, Dark Orange Hair",4
fig-014240,38,"Dark Green Torso, Dark Bluish Grey Legs, Dark Azure Hair",4
fig-014241,38,"Bright Light Blue Torso, Coral Legs, Dark Orange Hair",4
fig-014242,38,"White Torso, Reddish Brown Apron, Sand Blue Legs, Reddish Brown Cap",4
fig-014243,38,"Dark Azure Torso, Tan Legs, Medium Nougat Hair",4
fig-014244,38,"Kid - White Torso, Medium Lavender Legs, Dark Brown Hair",4
fig-014245,38,"Blue Torso, Black Legs, Black Hair",4
fig-014259,1,"Venom, Open Mouth, Tentacles",24
fig-014266,23,"Princess Leia, Endor Outfit, Hair",4
fig-014267,23,"Pit Droid, Christmas",14
fig-014269,27,"Skeleton, Standard Face, Dive Helmet and Airtanks, 78132 Torso",9
fig-014270,6,"Ocean Explorer, Man, Dark Blue Wetsuit and Helmet, Live Jacket",5
fig-014271,33,Hogwarts Architect,5
fig-014273,23,Emperor Palpatine - Christmas Sweater,4
fig-014274,23,"Ewok, White, Bright Green Hood",3
fig-014275,31,Hockey Player,6
fig-014276,31,"Dark Azure Torso, Dark Azure Legs, Dark Orange Hair, Goggles",4
fig-014277,31,"Carol Singer, Black Torso, Black Dress, Bright Light Yellow Hair",4
fig-014278,31,"Dark Green Torso, Dark Blue Medium Legs, Dark Brown Hair, Dark Turquoise Headphones",5
fig-014279,31,"Kid, Bright Light Blue Torso, Black Dress, Medium Lavender Legs, Dark Red Beanie",5
fig-014281,31,"Mrs. Claus, Black Boots",4
fig-014282,29,"Autumn - Sand Green Sweater, Dark Blue Pants",4
fig-014283,29,"Leo - Bright Light Blue Sweater, Sand Blue Legs, Reddish Brown Hair",4
fig-014284,45,"Captain America with Dark Blue Suit, Hair",4
fig-014285,23,"Doctor Strange, High Medallion (No Cape)",4
fig-014286,23,"Spider-Man, Ugly Christmas Sweater",3
fig-014287,23,"Black Widow, Ugly Christmas Sweater",4
fig-014288,23,"Iron Man Mark 85 Armor, Pearl Gold Arms, Angular Helmet",5
fig-014289,23,"Snowman, Blaster Arms",8
fig-014290,21,Professor Huyang,4
fig-014291,21,"Sabine Wren, Helmet",5
fig-014292,21,Marrok,5
fig-014293,35,Ahsoka Tano,4
fig-014294,36,"Astromech Droid, C1-10P (Chopper), White Body",6
fig-014295,31,First Officer Hawkins,4
fig-014296,31,Lt. Beyta,3
fig-014297,31,Jacen Syndulla,4
fig-014298,31,Hera Syndulla,4
fig-014299,35,"Ron Weasley - Reddish Brown Jacket, Dark Blue Hat",4
fig-014300,35,"Harry Potter, Dark Blue Jacket, Dark Red Hoodie",4
fig-014301,35,Aberforth Dumbledore,5
fig-014302,35,"Hermione Granger - Dark Brown Jacket, Red Hat",4
fig-014303,35,"Draco Malfoy - Black Jacket, Light Bluish Grey Ushanka",4
fig-014304,35,Madam Rosmerta,4
fig-014305,15,"Goblin - Black Tuxedo, Glasses",4
fig-014306,18,"Padme Amidala / Naberrie, Dark Red Senator Outfit, Bun Hair",4
fig-014307,24,"Clone Trooper, Coruscant Guard, Shock Trooper",4
fig-014309,18,"Chancellor Palpatine, Dark Red Outfit",4
fig-014311,18,Clone Commander Fox,5
fig-014312,26,Captain Porter / E-Wing Pilot,4
fig-014313,26,"Morgan Elsbeth, Shirt",4
fig-014314,26,"Astromech Droid, New Republic",4
fig-014315,26,Shin Hati,4
fig-014316,26,Baylan Skoll,4
fig-014317,21,"Pilot, Black Hair and Sunglasses",4
fig-014318,21,"Pilot, Bright Light Yellow Hair",4
fig-014319,21,"Woman, White Top, Medium Azure Legs, Dark Orange Hair",4
fig-014320,21,"Man, Dark Bluish Gray Tracksuit, Fanny Pack",4
fig-014321,21,"Ground Crew, Vibrant Yellow Safety Vest, Ponytail",4
fig-014322,21,"Ground Crew, Vibrant Yellow Safety Vest, Ear Defenders",4
fig-014323,21,"Man, Red Plaid Shirt, Olive Green Legs",4
fig-014324,21,"Ground Crew, Vibrant Yellow Safety Vest, Nougat Hair",4
fig-014326,22,Minnie Mouse - Black & White,4
fig-014328,22,Mickey Mouse - Black & White,3
fig-014329,22,Walt Disney,4
fig-014330,36,Ella - Lime/Dark Turquoise Ski Suit,3
fig-014331,36,"Paisley - Magenta Coat, Light Aqua Legs",4
fig-014332,36,"Aliya - Orange Coat, Dark Blue Skirt",4
fig-014333,40,Liann - Orange/Yellow Ski Suit,4
fig-014334,40,Zac - Blue/Magenta Ski Suit,4
fig-014335,40,Aaron,4
fig-014336,42,Hermione Granger in Bellatrix Lestrange Disguise,4
fig-014337,42,"Harry Potter, Dark Blue Jacket, Sand Blue Legs",4
fig-014338,42,Bogrod,4
fig-014339,42,"Death Eater, Black Hood",4
fig-014340,42,"Ron Weasley, Polyjuice Dragomir Despard Disguise",4
fig-014341,47,"Harry Potter, Sand Blue Shirt, Short Dark Tan Legs, Excited",4
fig-014342,42,"Guard, Sand Blue Torso, Dark Blue Legs, Dark Blue Cap, Light Nougat Head",4
fig-014343,42,"Guard, Sand Blue Torso, Dark Blue Legs, Dark Blue Cap, Medium Brown Head",4
fig-014344,18,Wendy Darling - Minifig,4
fig-014345,0,"Criminal, Open Light Bluish Gray Jacket over Prison Shirt, Sand Blue Legs, Black Hat, Missing Tooth",4
fig-014346,42,"Goblin - Dark Orange Hair, Black Torso, Black Legs",4
fig-014347,42,"Goblin - Dark Bluish Grey Hair, Black Torso, Black Legs",4
fig-014348,42,"Ricbert - White Hair, Black Tuxedo",4
fig-014349,42,"Griphook - Dark Bluish Grey Hair, Black Torso, White Arms, Black Legs",4
fig-014350,0,GNK Power Droid (Gonk),13
fig-014352,6,"Luke Skywalker - Dark Tan Endor Outfit, Dark Tan Hair",4
fig-014353,23,GNK Power Droid (Gonk) - Reindeer Version,20
fig-014354,13,"Ron Weasley, Gryffindor Robe Closed, Short Legs",4
fig-014355,5,Agatha Harkness,5
fig-014356,3,Moon Knight,5
fig-014357,4,Mr. Knight,3
fig-014358,3,The Werewolf ,4
fig-014359,4,She-Hulk (CMF),4
fig-014360,3,Hawkeye (CMF),5
fig-014361,5,Kate Bishop,5
fig-014362,2,Goliath,4
fig-014363,4,Echo,4
fig-014364,5,Beast,4
fig-014365,3,Storm (CMF),6
fig-014366,4,"Wolverine, Mask, Yellow X-Men Suit, Printed Arms (CMF)",4
fig-014367,0,Z-Blob - Mech Suit,13
fig-014368,15,Wither,30
fig-014370,4,"Wildlife Guard - Neck Bracket, Helmet",6
fig-014372,1,Nagini,22
fig-014374,2,"Voldemort, Dirty Sand Green Robe",3
fig-014375,3,"Construction Worker - Orange Overall, Red Helmet, Smile",4
fig-014376,21,Rey - Ugly Christmas Sweater,4
fig-014377,21,Finn - Ugly Christmas Sweater,4
fig-014378,44,Asha,4
fig-014379,36,King Magnifico,5
fig-014380,36,Dahlia,4
fig-014381,36,Sakina,4
fig-014382,36,Sabino,5
fig-014383,33,"Woman, Light Bluish Gray Cardigan, Dark Tan Legs, Light Bluish Gray Hair",4
fig-014384,33,"Child, Bright Light Blue Sweater, Short Dark Blue Legs, Red Scarf, Dark Brown Hair",5
fig-014385,33,"Man, Dark Tan Shirt with Reddish Brown Apron, Glasses and Moustache, Reddish Brown Hat",4
fig-014386,33,"Woman, Tan Sweater Vest, Sand Blue Legs, Black Hair",4
fig-014387,33,"Skier, Azure and Red Suit, Reddish Brown Backpack and Hair",5
fig-014388,25,"Captain Marvel, Mid-length Tan Hair",4
fig-014389,23,Photon / Monica Rambeau,4
fig-014390,23,Ms. Marvel,4
fig-014391,21,"Admiral Wulf Yularen, Dark Brown Hair",4
fig-014392,23,Captain Rex,6
fig-014393,26,"Viking, Dark Red Overalls, Dark Orange Hair",4
fig-014394,26,"Viking, Olive Green Shirt, Helmet with Horns, Quiver",7
fig-014395,26,"Viking, Armor, Dark Blue Legs, Tan Hair",4
fig-014396,26,"Viking, Reddish Brown Shirt, Shoulder Guards, Helmet with Horns, White Beard",7
fig-014397,2,"New York, White Torso, White Legs, Blue Cap",4
fig-014398,5,"Rebel Trooper in Hoth Uniform, Dark Tan Hat, Medium Nougat Head",5
fig-014399,21,Porg - Dark Bluish Grey Center,7
fig-014400,24,Porg - White Center,7
fig-014401,23,Santa Porg,9
fig-014402,14,Porg - Black Tail,7
fig-014403,20,Porg - Dark Bluish Grey Tail,7
fig-014404,24,Porg - Black Wings,7
fig-014405,18,"Skeleton, Standard Face, Bent Arms, Blue Wizard Hat",7
fig-014409,14,"Mickey Mouse, Classic Black and White",4
fig-014410,19,"Pirate - Blue Jacket, Black Legs, Black Tricorne",4
fig-014411,13,"Diver - Pearl Titanium Torso, Legs, Red Airtanks, Red Helmet",6
fig-014412,21,Galileo Galilei,5
fig-014413,8,"Classic Space, Dark Purple with Airtanks (The Dreamer)",5
fig-014414,8,The Visitors Robot,5
fig-014415,8,The Robot,23
fig-014417,3,"Luna Lovegood, Ravenclaw Robes Medium Legs",4
fig-014418,6,"Arctic Explorer, Orange Suit, Dark Blue Ushanka, Goggles",4
fig-014420,17,"Wizard (Dragon Knights) - Majisto/Wizard, Robe",5
fig-014421,17,"Knight (Dragon Knights) - Reissue, Black Legs, Shoulder Gaurds",6
fig-014422,19,"Kid - Bright Green Torso, Dark Tan Legs, Black Hair",4
fig-014423,19,"Bright Light Blue Torso, Dark Blue Legs, Tan Hair",4
fig-014424,0,Lloyd - Samurai Outfit,6
fig-014425,0,Iron Man Mark 64 Armor,5
fig-014426,12,"Light Bluish Grey Torso Jacket, Black Legs, Light BLuish Grey Hair, 3626cpr2522",4
fig-014427,17,Kevin Feige,4
fig-014428,5,"Cooper, Blue Hipwear, Helmet, Neck Bracket",6
fig-014429,43,"Hulk (Big Fig), Black Hair, Removable Head, Sand Blue Pants, Smiling",9
fig-014430,43,"Thor, Tan Hair, Black Armor, Red Cape",5
fig-014431,43,"SHIELD Agent, Medium Brown Head",5
fig-014432,43,"SHIELD Agent, Reddish Brown Head",5
fig-014433,43,"Tony Stark, SHIELD Agent Disguise",5
fig-014434,43,Helen Cho,4
fig-014435,43,"Iron Man Mark 6 Armor, Battle Damage",5
fig-014436,43,"Ultron Mark 1, Dark Blue Head",3
fig-014437,43,"Hawkeye, Dark Tan Hair, Dark Red Hand",5
fig-014438,43,"Pepper Potts, Black Suit",4
fig-014439,43,"Vision, Tran-Light Blue Legs",4
fig-014440,43,Alexander Pierce,4
fig-014441,43,"Black Widow, Black Jumpsuit, Printed Legs (20877 Hair)",4
fig-014442,43,Dr. Erik Selvig,4
fig-014443,43,"The Wasp (Hope van Dyne), Foil Wings",7
fig-014446,43,"Tony Stark, Neck Bracket",5
fig-014447,47,"Falcon, Neck Bracket",5
fig-014448,43,"Kevin Feige, Dark Blue Torso",4
fig-014449,3,Metalbeard - Large,40
fig-014451,18,"Santa, Black Boots",5
fig-014452,19,"Dwarf Spider Droid, Dark Bluish Gray Dome, Fixed Black Cannon",38
fig-014453,24,Training Droid,6
fig-014455,6,"Obi-Wan Kenobi, Old, Tan Robes, Hair, Black Eyes, Tattered Cape",5
fig-014457,37,Curator / Dr. Kilroy,4
fig-014458,37,"Museum Employee, Dark Brown Hair",4
fig-014459,37,"Tan Torso, Tan Legs, Light Bluish Grey Hair, Red Glasses",4
fig-014460,37,"Museum Employee, Reddish Brown Hair",4
fig-014461,37,"Kid, Bright Green Torso, Reddish Brown Legs, Medium Nougat Hair",4
fig-014462,37,"Bright Pink Torso, Dark Azure Legs, Prosthetic Leg, Dark Orange Hair",4
fig-014463,37,"Window Cleaner, Blue Overall, Reddish Brown Cap",4
fig-014464,37,"Statue - Legs, Beard",5
fig-014465,37,Statue - Dress/Robe,4
fig-014466,10,Shadow the Hedgehog,3
fig-014468,23,Efe,3
fig-014469,19,Armorsmith,3
fig-014470,19,"Alex, Golden Helmet",4
fig-014471,29,Cogsworth [Plain],12
fig-014472,29,Chef Bouche [Plain],18
fig-014473,29,Madame de la Grande Bouche (Wardrobe) [Plain],32
fig-014475,29,"Pippin Reed, Red Cap",4
fig-014476,29,"Passenger, Light Bluish Grey Torso, Dark Bluish Grey Legs, White Hair",4
fig-014477,29,"Waiter, Black Tuxedo, Dark Brown Hair",4
fig-014478,29,"Porter, Dark Blue Uniform",4
fig-014479,29,"Passenger, Black Dress, Furr Collar",5
fig-014480,29,"Conductor, Dark Blue Uniform",4
fig-014481,29,"Train Driver, Blue Overall",4
fig-014482,29,"Camera Man, Reddish Brown Torso, Medium Nougat Legs, Reddish Brown Cap",4
fig-014483,16,"Carriage Driver, Dark Blue Suit, Black Top Hat",4
fig-014484,16,"Medium Nougat Torso, Dark Blue Legs, Dark Brown Hair, Red Scarf",5
fig-014485,16,"Bright Light Blue, Dark Turquoise Legs, Dark Orange Hair, Red Scarf",5
fig-014486,32,"Dark Tan Torso, Reddish Brown Overall, Reddish Brown Hair",4
fig-014487,32,"Bright Light Blue Torso, Dark Blue Legs, Reddish Brown Hair",4
fig-014488,32,"Kid - Bright Green Torso, Reddish Brown Legs, Reddish Brown Hair",4
fig-014489,32,"Kid - Bright Blue Torso, Reddish Brown Legs, Medium Nougat Hair",4
fig-014490,43,Dum-E,11
fig-014491,1,"Viper Flyer, Light Bluish Grey Bar Holders",12
fig-014492,7,"Construction Worker, Safety Jacket over Hoodie with Belt, Sand Blue Legs, Red Hard Hat",4
fig-014496,36,"Bright Green Torso, White Legs, Black Hair",4
fig-014497,36,"White Striped Torso, Blue Legs, Black Hair",4
fig-014498,36,"Kid - Red Torso, Tan Legs, Black Hair",4
fig-014499,36,"Kid - Bright Light Orange Torso, Dark Turquoise Legs, Black Hair",4
fig-014500,36,"Light Bluish Grey Torso, Dark Blue Legs, Light Bluish Grey Hair, Glasses",4
fig-014501,36,"Bright Light Orange Torso, Dark Turquoise Legs, Light Bluish Grey Hair, Glasses",4
fig-014502,36,"Dark Azure Torso, Olive Green Legs, Dark Red Beanie, Black Hair",4
fig-014503,36,"Waiter, White Torso, Black Legs, Black Hair",4
fig-014504,36,"Chef - White Torso, Black Legs, White Hat, Dark Bluish Grey Beard",4
fig-014505,36,"Waiter, White Torso, Black Legs, Light Bluish Grey Hair",4
fig-014506,36,"Dark Azure Torso, Dark Red Legs, Black Hair",5
fig-014507,36,"Black Torso, Medium Blue Legs, Reddish Brown Hair",4
fig-014508,36,"Pearl Gold Torso, Dark Orange Legs, Pearl Gold Dragon Mask",4
fig-014510,52,"Emma - Adult, White Top, Coral Dress",4
fig-014512,52,"Stephanie - Adult, Lavender Jacket, Lavender Pants",4
fig-014514,52,"Olivia - Adult, Medium Azure Dress",4
fig-014516,52,"Mia - Adult, Metal Blue Top, Orange Pants",4
fig-014517,52,"Autumn - Dark Turquoise Top, Dark Tan Shorts",4
fig-014519,52,"Andrea - Adult, Dark Blue Dress",4
fig-014520,52,"Paisley - Bright Light Yellow Top, Light Aqua Pants",4
fig-014521,52,Ji-Won,4
fig-014522,52,Imani,3
fig-014523,54,Sneak,3
fig-014524,30,Logan (Dark Azure Form),4
fig-014525,30,Never Witch,4
fig-014526,30,The Sandman,5
fig-014527,18,"Grimspawn, Tentacles",21
fig-014528,18,"Mr. Oz, Pearl Gold Spacesuit",6
fig-014529,18,"Albert, Pearl Gold Spacesuit",3
fig-014530,12,Mateo,4
fig-014531,12,"Grimspawn, Small with Magenta Horn",5
fig-014532,14,"Grimspawn, Wings",8
fig-014533,21,"Monkie Kid, White Armor, Gold Shoulder Guards",5
fig-014534,32,"Monkie Kid, Bright Light Orange Jacket, Winking",4
fig-014535,20,"Mei, White Armor, Pearl Gold Should Guard",5
fig-014536,20,Robot (Blue),13
fig-014537,20,Robot (Yellow),17
fig-014538,20,Robot (Red),13
fig-014539,17,"Monkie Kid, Bright Light Orange Jumpsuit",4
fig-014540,17,"Monkey King, White Tunic, Bright Light Orange Legs",5
fig-014541,45,"Monkie Kid, Dark Turquoise Neck Bracket, Winking",5
fig-014542,45,"Spider Queen, Regular Clothes",4
fig-014543,45,"White Bone Demon, Regular Clothes",4
fig-014544,45,"Red Son, Plain Legs",4
fig-014545,45,"Monkey King, Red and White Facepaint",5
fig-014546,45,Auntie Tei,4
fig-014547,45,"Lee, Backpack",5
fig-014548,45,Lady Yu,4
fig-014549,45,"Gold Horn Demon, Helmet",7
fig-014550,45,"Silver Horn Demon, Helmet",7
fig-014551,47,"Sandy, Red Vest",5
fig-014552,47,"Mr. Tang, Tan Torso, Dark Red Legs",5
fig-014553,46,"Pigsy, Bright Light Blue Jacket",4
fig-014554,45,"Evil Macaque, Cap and Hood",5
fig-014555,45,Mei,4
fig-014556,24,Turtle Skin Warrior,4
fig-014557,22,Orc Warrior,3
fig-014558,25,Swamp Explorer,3
fig-014559,17,"Steve, Nougat Face and Hands",3
fig-014560,27,Ranger Hero,4
fig-014561,27,"Skeleton, Flat Silver Helmet, Villager Head",7
fig-014562,27,Blaze Runt,3
fig-014563,39,"Wolf Mask Warrior, Shoulder Pads",5
fig-014564,15,"Arin, Ninja Headwrap",4
fig-014565,16,"Wolverine, Mask, Yellow X-Men Suit, Plain Arms",4
fig-014566,22,Wolf Mask Guard,4
fig-014567,16,"Cyclops, Hair",4
fig-014569,12,"Jay, Wrap",4
fig-014570,14,"Lloyd, White Suit, Hair",4
fig-014571,16,"Magneto, Magenta Outfit",5
fig-014573,9,"Cole, Ninja Wrap",4
fig-014574,49,Rogue,4
fig-014575,14,"Wolf Mask Warrior, Neck Bracket",5
fig-014576,14,"Sora / Urban Sora, Bandana",5
fig-014577,21,Wolf Mask Warrior,4
fig-014578,30,Jordana,5
fig-014580,15,"Kai, Ninja Wrap",4
fig-014582,15,"Zane, Ninja Wrap, Katana Holder",5
fig-014583,35,Cinder,5
fig-014585,20,"Lloyd, Ninja Wrap, Katana Holder",5
fig-014587,20,"Nya, Hair, Katana Holder",5
fig-014588,41,"Spider-Man (Miles Morales), Dark Red Hoodie",4
fig-014589,39,"Lord Ras, Dark Purple Shoulder Pads",4
fig-014591,6,"Kai, Glider",5
fig-014593,6,"Nya, Glider",5
fig-014594,6,"Arin, Glider",5
fig-014595,22,Venom Green Goblin,4
fig-014596,18,The Lizard,4
fig-014597,18,Electro (Amazing Spider-Man) with Small Lightning,13
fig-014598,30,"Rocket Raccoon, Reddish Brown Arms",4
fig-014599,17,"Ronan The Accuser, Dark Azure Skin",5
fig-014600,18,Baby Groot,3
fig-014601,15,Venom Doc Ock,21
fig-014602,13,Rouge the Bat,4
fig-014603,24,"Knuckles, Closed Mouth",3
fig-014604,16,"Man, Red Jacket, Dark Blue Legs, Black Hair",4
fig-014605,16,"Woman, Dark Turquoise Jacket, Sand Blue Legs, Black Hair",4
fig-014606,23,"Sammy, Sand Blue Legs",4
fig-014607,23,"Darius, Light Bluish Gray Shirt",4
fig-014609,26,Anna - Black Dress,4
fig-014610,13,Elsa - Dark Turquoise Dress,4
fig-014611,40,Brendan,4
fig-014612,40,Alycia,4
fig-014613,40,"Autumn, Lavender Top, Dark Tan Shorts",4
fig-014614,40,"Mia - Adult, Orange Top, Yellowish Green Pants",4
fig-014615,40,Mary Joy,4
fig-014617,42,Ariel - Light Aqua Dress,4
fig-014618,42,"Aurora - Dark Pink Dress, Big Eyes",4
fig-014619,42,Cinderella - Bright Light Blue Legs,4
fig-014620,41,Mother Gothel,4
fig-014621,41,"Flynn Rider - Dark Turquoise Vest, Thin Leg Hinge",4
fig-014623,41,Rapunzel - Big Eyes,4
fig-014625,24,"Ariel - Mermaid Form, Dark Turquoise Tail",4
fig-014627,16,"Aurora - Dark Pink Dress, Big Eyes, Yellow Hair",4
fig-014628,12,"Race Driver, Dark Blue and Dark Azure Racing Suit",4
fig-014629,7,"War Machine, Pearl Titanium Armor",6
fig-014630,11,"Construction Worker, Vibrant Yellow Safety Vest, Orange Legs, Red Hard Hat",4
fig-014631,11,"Race Driver, Black Racing Suit and Helmet with Visor, Goatee",5
fig-014632,11,"Race Driver, Dark Blue and White Racing Suit, Red Helmet with Visor",5
fig-014633,18,"Man, Bright Light Blue Jacket, Dark Blue Legs, Reddish Brown Hair",4
fig-014634,36,Robot with Battery Pack,23
fig-014635,32,"Robot, Opal Trans-Purple Battery Pack",16
fig-014636,32,Hover Robot,18
fig-014637,17,Robot Driller,20
fig-014638,29,Drone,6
fig-014639,43,"Liann - Lime and Coral Shirt, Lime Pants",4
fig-014640,43,"Aliya - Lime and Bright Green Tartan Shirt, Red Pants",4
fig-014641,18,"Liann - Lime and Coral Shirt, Sand Blue Pants with Black Boots",4
fig-014642,44,"Paisley - Bright Light Yellow Top, Sand Blue Pants, Medium Lavender Headphones",5
fig-014643,32,"Liann - Medium Lavender Top, Lime Pants, Shocked",4
fig-014644,3,Pet Groomer,4
fig-014645,2,Fierce Barbarian,4
fig-014646,3,Train Kid,12
fig-014647,2,Harpy,9
fig-014648,1,Triceratops Costume Fan,5
fig-014649,3,Fitness Instructor,4
fig-014650,1,Mushroom Sprite,5
fig-014651,3,Goatherd,5
fig-014652,3,Sprinter,5
fig-014653,3,Vampire Knight,5
fig-014654,3,E-Sports Gamer,5
fig-014655,2,Film Noir Detective,5
fig-014656,29,"Liann - Lime and Coral Shirt, Bright Light Blue Shorts",4
fig-014657,29,"Jordin - White Shirt, Light Aqua Pants",4
fig-014658,27,"Liann - Lime and Coral Shirt, Bright Light Orange Shorts",4
fig-014659,28,"Liann - Medium Lavender Top, Lime Pants, Smile",4
fig-014660,24,"Liann - Medium Lavender Top, Bright Ligt Orange Shorts",4
fig-014661,35,"Aliya - Lime and Bright Green Tartan Shirt, Sand Blue Pants",4
fig-014662,15,"Clone Trooper, Phase II Armor, Nougat Head",4
fig-014663,15,"Battle Droid, Two Bent Arms, Light Bluish Grey Clip",6
fig-014665,39,"Super Battle Droid, Updated Version",4
fig-014666,28,"Paisley - Bright Light Yellow Top, Sand Blue Pants",4
fig-014667,28,Iris,4
fig-014668,28,Anthony,4
fig-014671,28,Ella - Bright Pink Dress,3
fig-014672,40,Alba - Light Aqua Dress,3
fig-014673,28,Ida,4
fig-014678,15,"Bright Orange Torso, Dark Blue Legs, Black Hair, Hearing Aid",4
fig-014679,15,"White Striped Torso, Blue Legs, Red Cap",4
fig-014680,25,Lloyd (Legacy) - MASTER,5
fig-014681,10,Toy Truck Driver,3
fig-014682,10,Stretch,2
fig-014685,36,"Criminal, Orange Suit, Dark Bluish Grey Beanie",4
fig-014686,36,"Helicopter Pilot, Neon Yellow Torso, Dark Blue Legs, Bright Light Yellow Hear",5
fig-014687,40,"Criminal, Orange Suit, Light Bluish Grey Hair",4
fig-014688,36,"Criminal, Orange Suit, Bright Pink Hair",4
fig-014689,36,"Police Officer - Black Torso, Dark Blue Legs, Black Hair",4
fig-014690,36,"Criminal, Orange Suit, Black Hair",4
fig-014691,36,"Police Officer, Bright Light Blue Torso, Dark Blue Legs, Dark Blue Cap",4
fig-014692,26,"Criminal, Orange Suit, Bright Pink Hair, Dark Purple Jacket, Black Headphones",5
fig-014693,26,"Forensic Detective, White LAb Suit, White Cap",4
fig-014694,26,"Police Officer - Black Torso, Dark Blue Legs, Short Black Hair",4
fig-014695,26,"Police Officer - Bright Light Blue Torso, Dark Blue Legs, Dark Orange Hair",4
fig-014697,8,"Arin, Hair",5
fig-014698,7,Imperium Hunter,4
fig-014699,16,"Boy, White Shirt with Spaceman, Dark Tan Legs",4
fig-014700,16,"Woman, Bright Pink Torso, White Legs",4
fig-014701,16,"Man, Black Suit",4
fig-014702,16,"Nurse, Bright Light Blue Scrubs",4
fig-014703,16,"Doctor, White Jacket, Stethoscope, Medium Azure Legs",4
fig-014704,16,"Doctor, White Jacket, Stethoscope, Medium Azure Legs, Moustache",4
fig-014706,0,"Dr. Octopus / Doc Ock, Dark Green Outfit, Robot Arms",41
fig-014707,24,"Dragon Knight, Archer, Dark Green, Helmet, Quiver (Pearl Titanium)",5
fig-014708,24,"Dragon Knight, Black, Armor, Helmet with Dark Green Plume (Pearl Titanium)",6
fig-014709,24,"Dragon Knight, Dark Green, Wide Brim Helmet, Moustache and Stubble (Pearl Titanium)",4
fig-014710,19,"Dragon Knight, Dark Green, Helmet with Dark Green Plume, Moustache and Stubble (Pearl Titanium)",5
fig-014711,19,"Dragon Knight, Dark Green, Helmet, Stern (Pearl Titanium)",4
fig-014712,19,"Lion Knight, Armour, Helmet with Red Plume (Pearl Light Gray)",6
fig-014713,15,"Dragon Knight, Dark Green, Wide Brim Helmet, Angry (Pearl Titanium)",4
fig-014714,12,"Dragon Knight, Dark Green, Pearl Titanium Helmet with Dark Green Plume",5
fig-014716,14,"Woman - Red Sweater, Tan Legs, Reddish Brown Hair, Brown Eyebrows",4
fig-014717,5,"Boy, Red and White Striped Shirt, Short Blue Legs, Reddish Brown Hair",4
fig-014718,8,"Police Officer, Pilot - Black Torso, Dark Blue Legs, White Helmet",5
fig-014719,16,Paul Atreides,4
fig-014720,16,Lady Jessica,4
fig-014721,16, Duncan Idaho,4
fig-014722,16,Duke Leto Atreides,4
fig-014723,16,Gurney Halleck,5
fig-014724,16,Dr. Liet-Kynes,5
fig-014725,16,Chani,5
fig-014726,16,Baron Vladimir Harkonnen,8
fig-014727,13,"Woman, Pink Top with Spots, Yellow Legs, Brown Hair - Open Mouth",4
fig-014728,3,Miss Demeanor,4
fig-014729,1,Nether Hero,4
fig-014730,3,"War Machine, Trans-Clear Neck Bracket, Dark Bluish Gray Hands",6
fig-014731,19,"Classic Space Baby, Blue",2
fig-014732,11,"Classic Space Baby, White",2
fig-014733,17,"Dark Azure Torso, Dark Blue Legs, Bright Light Yellow Hair",4
fig-014734,17,"Kid - Dark Pink Torso, Dark Blue Legs, Black Hair",4
fig-014735,1,"Remus Lupin, Dark Brown Torn Suit (Plain Legs)",4
fig-014736,1,Dementor,15
fig-014737,7,"Construction Worker, Orange Safety Vest, Dark Blue Legs, Red Hard Hat, Goatee",4
fig-014738,53,Isabela,5
fig-014739,26,Julian,4
fig-014740,18,Bunnie,3
fig-014741,25,Kapp'n,4
fig-014742,25,Marshal,4
fig-014743,25,Fauna,4
fig-014744,25,Isabelle,5
fig-014745,35,"Tom Nook, Party Hat",5
fig-014746,35,Rosie,5
fig-014747,10,Maple,3
fig-014748,42,Doc,5
fig-014749,42,Grumpy,5
fig-014750,42,Bashful,5
fig-014751,42,Sleepy,5
fig-014752,42,Sneezy,5
fig-014753,42,Dopey,4
fig-014754,42,Happy,5
fig-014755,23,"Professor Minerva McGonagall, Dark Green Robe, Black Hat with Dark Tan Hair, Silver Circle Symbols",4
fig-014757,23,"Neville Longbottom, Black Robes, Short Legs",4
fig-014758,23,"Dean Thomas, Short Legs, Open Robe",4
fig-014759,23,"Harry Potter, Short Legs, Rove",4
fig-014760,49,"Hermione Granger, Gryffindor Robe Closed, Skirt",5
fig-014761,23,"Harry Potter, Sorting Hat",4
fig-014762,18,"Harry Potter, Dark Brown Jacket, Dark Tan Medium Legs",4
fig-014763,18,"Cho Chang, Dark Blue Scarf, Skirt",6
fig-014764,18,Argus Filch,4
fig-014765,28,"Ron Weasley, Dark Blue Sweater",4
fig-014766,28,"Hermione Granger, Dark Blue Jacket, Short Black Legs",4
fig-014767,28,"Hagrid, Dark Red Arms",6
fig-014768,29,"Harry Potter, Bright Green Sweater",4
fig-014769,17,"Ron Weasley, Tan Sweater",4
fig-014770,17,"Harry Potter, Dark Red Jacket, Dark Tan Legs",4
fig-014771,15,"Race Driver - Dark Bluish Grey Racing Suit, Orange Helmet",5
fig-014772,20,Ayrton Senna,4
fig-014773,13,"Lloyd, Ninja Wrap",4
fig-014775,12,"Nya, Ninja Wrap, Katana Holder",5
fig-014776,27,"Sora, Cat Ears Headphones",5
fig-014778,23,"Cole, Heavy Shoulder Guards",5
fig-014780,33,Kai - Heavy Shoulder Guards,5
fig-014781,21,"Jordana, Neck Bracket",5
fig-014782,41,"Wyldfyre, Shoulder Guard",5
fig-014784,21,"Jay, Heavy Shoulder Guard",5
fig-014786,26,"Zane, Heavy Shoulder Guard",5
fig-014788,27,"Lloyd, Heavy Shoulder Guard",5
fig-014790,26,"Nya, Heavy Shoulder Guard",5
fig-014792,32,"Lloyd, White Suit, Hair, Shoulder Guard",5
fig-014794,32,"Kai, Dragons Rising, Hair",5
fig-014795,32,Euphrasia,4
fig-014797,32,"Master Wu, Dark Tan Robe",5
fig-014798,32,"Nya, Dragons Rising, Hair",5
fig-014799,21,Darth Malak,5
fig-014802,40,Stormtrooper - Medium Brown Head,4
fig-014804,25,"Stormtrooper - Light Nougat Head, White Arms",4
fig-014805,18,"Captain Antilles, Dark Tan Undershirt, Dual Sided Head",5
fig-014806,18,Arc Trooper Fives,7
fig-014807,35,"Innkeeper, Dark Red Dress, White Hood",4
fig-014809,35,"Shieldsmith, Sand Green Torso, Dark Tan Legs",4
fig-014810,35,"Tax Collector, Dark Purple Torso, Sand Blue Legs",5
fig-014811,35,"Knight, Black Moustache",5
fig-014812,35,"Carpenter, Olive Green Torso, Dark Brown Legs",4
fig-014813,35,"Weaver, Sand Blue Torso, Dark Blue Legs",4
fig-014814,35,"Kid, Tan Torso, Dark Brown Legs, Sand Green Hat",4
fig-014815,35,"Wolfpack, Reddish Brown Torso, Dark Bluish Grey Legs, Hood",5
fig-014816,16,"Race Driver - Red Racing Suit, White Helmet",5
fig-014817,16,"Race Driver - Dark Azure Racing Suit, Black Helmet",5
fig-014818,14,"Race Driver - Light Bluish Grey Racing Suit, Black Helmet",5
fig-014819,13,"Race Driver - Dark Blue Torso, Dark Azure Legs, Dark Red Hair",4
fig-014820,26,"Miles Morales, Medium Legs",3
fig-014821,19,Max Dillon / Electro,4
fig-014822,20,"Gwen Stacy / Ghost-Spider, Short Legs, Bat Wings",4
fig-014824,29,"Spider-Man, Medium Legs",3
fig-014825,20,"Green Goblin, Short Legs",4
fig-014826,23,Iron Man (Spidey & His Amazing Friends),4
fig-014827,23,"Gwen Stacy / Ghost-Spider, Short Legs",4
fig-014828,23,Zola,3
fig-014829,24,"Kid, White Torso, Dark Azure Legs, Dark Brown Hair",4
fig-014830,24,"Kid, Bright Green Torso, Sand Blue Legs, Black Hair",4
fig-014831,24,"Bright Light Blue Torso, Dark Red Legs, Black Hair",4
fig-014832,13,Bonezai - 3626c Head,6
fig-014833,3,Imperium Commander - Pearl Gold Head,5
fig-014835,4,Mateo - Neck Bracket,5
fig-014836,24,"Red Torso, Blue Medium Legs, Tan Hat",4
fig-014837,27,Cobblestone Golem,18
fig-014838,21,"Astronaut - White Torso and Legs, Orange Trim, Smirk, Dark Tan Eyebrows",5
fig-014839,7,"Firefighter, Black Fire Jacket with Straps and Gauge, Dark Red Helmet, Goatee Beard, Yellow Airtank",7
fig-014840,17,"White/Red Striped Torso, Black Legs, Dar Orange Hair",4
fig-014841,6,"White Torso, Blue Overall, Dark Green Cap",4
fig-014842,3,"Batman, Black Suit, Black Cowl, Yellow Batman Logo, Neck Bracket",5
fig-014843,30,"William, Adult, Lavender Space Suit",4
fig-014844,30,"Alien, Medium Azure, Large",3
fig-014845,24,"Astronaut, White Spacesuit, Bright Green Helmet, Reddish Brown Sideburns",5
fig-014846,40,"Alien, Lime, Space Suit",4
fig-014847,57,Dwarf Cleric,6
fig-014848,57,Elf Wizard,5
fig-014849,57,Gnome Fighter,5
fig-014850,57,Orc Rogue,5
fig-014851,57,Merry Rumwell,4
fig-014852,57,Alax Jadescales,5
fig-014853,57,Myconid,3
fig-014854,57,"Skeleton, Standard Face, Bent Arms, Vertical Hand Clips, 78132 Torso, Armor",8
fig-014855,57,"Skeleton, Standard Face, Bent Arms, Vertical Hand Clips, 78132 Torso, Cape",7
fig-014857,37,"Batman, Dark Bluish Grey Suit, Black / Dark Blue Cape, Black Cowl",5
fig-014859,39,"Harley Quinn in Jester Outfit, Red Head",4
fig-014861,37,"The Joker, Medium Lavender Suit, Dark Green Hair",4
fig-014862,37,"Catwoman, Light Bluish Grey Suit",4
fig-014863,2,"Bone King - Cape, Bone",6
fig-014864,17,"Belville Fairy, Dress with Green Wings",3
fig-014865,17,"Belville Horse Rider, White Top, Black Helmet",2
fig-014866,13,Thumbelina,3
fig-014867,24,"Millimy, Moon, Pink",3
fig-014868,21,Prince Justin,2
fig-014869,20,Victoria / Iris,5
fig-014870,20,"Millimy, Stars, Pink",3
fig-014871,19,"Millimy, Moon, Blue",3
fig-014872,17,Stella,4
fig-014873,22,"Millimy, Moon, Yellow",3
fig-014874,13,"Belville Figure, Dark Pink Skirt and Hat",6
fig-014875,8,"Belville Figure, Dark Pink Headband and Bows",4
fig-014876,21,Princess Elena,3
fig-014877,21,Princess Flora,3
fig-014878,20,"Belville Figure, White Skirt, Yellow Hat",4
fig-014879,20,"Belville Figure, Dark Pink Skirt, Bow, and Headband",4
fig-014880,20,"Belville Figure, Orange Life Vest",2
fig-014881,10,"Belville Figure, Light Violet Headband and Bows",4
fig-014882,13,"Belville Figure, Light Violet Headband and Bows, Pink Skirt",5
fig-014883,16,"Belville Horse Rider, Light Violet Top, Black Helmet",2
fig-014884,16,"Belville Horse Rider, Dark Pink Top, Black Helmet",2
fig-014885,16,"Belville Horse Rider, Pink Top, Black Helmet",2
fig-014886,26,"Princess Paprika, Orange Dress",3
fig-014887,16,"Belville Figure, Yellow Hat",2
fig-014888,16,"Belville Figure, Boy, Orange Life Vest",2
fig-014889,17,Rosita,3
fig-014890,16,"Belville Horse Rider, Medium Green Bow",2
fig-014891,16,"Belville Horse Rider, Red Top, Black Helmet",2
fig-014892,14,"Belville Fairy, Dress with Blue Wings",2
fig-014893,13,"Princess Paprika, Pink Dress",6
fig-014894,7,Laura (Belville),2
fig-014895,19,"Belville Figure, Girl, Pink Skirt, Medium Dark Pink Bows",5
fig-014896,19,"Belville Figure, Light Yellow Skirt",2
fig-014897,15,Belville Nurse,2
fig-014898,11,"Belville Dancer, Light Violet Headbands and Bows",5
fig-014899,29,"Belville King, Chrome Silver Crown",2
fig-014900,29,Princess Elena,3
fig-014901,17,"Belville Figure, Boy, Orange Life Jacket",2
fig-014902,17,"Belville Figure, White Skirt, Yellow Hat",5
fig-014903,17,"Belville Figure, Girl, Medium Dark Pink Skirt, Bows, and Headbands",5
fig-014904,13,"Belville Figure, Girl, Pink Dress",2
fig-014905,12,"Belville Figure, Light Yellow Skirt, Medium Dark Pink Headband",3
fig-014906,13,Belville Bride,4
fig-014907,20,Queen Rose,3
fig-014908,29,"Princess Rosaline, Purple Dress",3
fig-014910,29,"Millimy, Stars, Medium Dark Pink",3
fig-014911,31,Belville Witch,4
fig-014912,29,"Belville King, Red Cape",3
fig-014913,16,"Millimy, Flowers, White",3
fig-014914,16,"Belville Bride, White",4
fig-014915,20,"Belville Figure, Girl, Pink Dress, Light Violet Headband and Bows",5
fig-014916,20,"Belville Figure, Light Yellow Skirt",2
fig-014917,23,"Princess Flora, Wings",3
fig-014918,23,"Princess Vanilla, Wings",3
fig-014919,11,Princess Vanilla,3
fig-014920,5,"Belville Figure, Girl, Medium Dark Pink Headband and Bows",4
fig-014921,24,Safran,2
fig-014922,17,"Princess Rosaline, Pink Dress",3
fig-014923,17,"Millimy, Stars, Medium Green",3
fig-014924,20,"Belville Princess, Gold Dress",3
fig-014925,20,"Belville King, Sky Blue Cape",3
fig-014926,20,"Belville Princess, Dark Pink Dress",3
fig-014927,33,"Belville Figure, Girl, White Pants",2
fig-014928,33,"Belville Figure, Light Turquoise Skirt",2
fig-014929,33,"Belville Figure, Dark Blue Pants",2
fig-014930,20,"Belville Figure, Girl, Light Turquoise Skirt",2
fig-014931,18,"Belville Princess, Gold Dress, Chrome Pink Corwn",3
fig-014932,18,"Belville Princess, Dark Pink Dress, Chrome Pink Crown",3
fig-014933,13,"Belville Horse Rider, Black Top and Helmet",2
fig-014934,22,"Belville Horse Rider, White Pants, Black Helmet",3
fig-014935,22,"Belville Horse Rider, Tan Pants, Black Helmet",3
fig-014936,17,"Belville Princess, Light Blue Dress",3
fig-014937,17,"Belville Princess, Dark Pink Dress",3
fig-014938,12,Snow Queen,4
fig-014939,35,"Belville Figure, Argyle Sweater, Dark Blue Pants",2
fig-014940,35,"Belville Figure, Purple Dress",2
fig-014941,28,"Belville Mermaid, Light Blue Tail",3
fig-014942,28,"Belville Mermaid, Dark Pink Tail",3
fig-014943,28,"Belville Mermaid, Blue Tail",3
fig-014944,28,"Belville Witch, Sand Blue Hair",3
fig-014945,13,"Belville Princess, Pink Dress, Chrome Gold Crown",3
fig-014947,19,"Monkey King, Yellow Robe, Party Hat",6
fig-014948,15,"Tow Mater, Raised Right Eye - Later Release",52
fig-014949,1,Blacktron Mutant,5
fig-014950,2,Orion,4
fig-014951,3,Alien Beetlezoid,4
fig-014952,3,Robot Butler,4
fig-014953,5,Ice Planet Explorer,5
fig-014954,1,Flying Saucer Costume Fan,5
fig-014955,2,"Classic Space Baby, Dark Pink, White Pupils",2
fig-014956,2,Nurse Android,4
fig-014957,4,M-Tron Powerlifter,5
fig-014958,3,Retro Space Heroine,5
fig-014959,2,Alien Tourist,5
fig-014960,3,Imposter,5
fig-014961,4,Spacewalking Astronaut,6
fig-014962,28,"Classic Space, White with Black Airtanks, Red Glasses",5
fig-014963,29,Joy,4
fig-014964,29,Anxiety,2
fig-014965,22,"Pilot Battle Droid, Insigna print",5
fig-014966,40,Gru Jr.,2
fig-014967,24,"Tan Torso, Dark Blue Legs, Medium Nougat Hair",4
fig-014968,24,"Kid, Bright Pink Torso, Bright Light Blue Legs, Reddish Brown Hair",4
fig-014969,19,Minion Pit Crew Ron,8
fig-014970,19,Minion AVL Tim,7
fig-014971,19,Minion Mel,5
fig-014972,19,Mega Minion Dave,6
fig-014973,25,"Mega Minon Gus, Bright Light Orange Arms",6
fig-014974,25,Minion Dave,8
fig-014975,25,Minion Phil,8
fig-014976,25,"Minion Mel, Dark Pink Cap",7
fig-014977,40,Edith,4
fig-014978,40,Lucy,4
fig-014979,40,"Gru, Scarf",4
fig-014980,40,Mega Minion Mell,6
fig-014981,40,Mega Minion Tim,10
fig-014982,40,Margo,4
fig-014983,40,Agnes,4
fig-014984,40,Mega Minion Jerry,5
fig-014985,11,Minion Tim,7
fig-014986,21,TIE Interceptor Pilot,4
fig-014987,26,"Darth Maul, Horns, Printed Legs",4
fig-014988,26,"Qui-Gon Jinn, Poncho, Reddish Brown Beard",5
fig-014990,26,"Anakin Skywalker, Child, Dark Tan Hair",4
fig-014991,26,Saw Gerrera,6
fig-014992,14,Kelleran Beq,4
fig-014993,34,"Clone Trooper, 501st Legion, White Arms",4
fig-014994,4,Netherite Knight,3
fig-014995,3,"Astronaut, White Spacesuit, Bright Light Orange Armor Helmet",5
fig-014996,2,"Darth Maul, Cape, 25th Anniversary",5
fig-014997,3,Robot,18
fig-014998,29,Foreman,2
fig-014999,29,Margie,3
fig-015000,29,"Classic Space, Orange with 28621pr4057 Head",4
fig-015001,29,"Classic Space, White with 3626cpr1966 Head",4
fig-015002,19,"Cedric Diggory, Long Black Robe over Yellow Shirt, No Shirt Tails",4
fig-015004,16,Droideka / Destroyer Droid,30
fig-015005,21,"Mouse Droid (MSE-6-series Repair Droid), 2 Top Clips",15
fig-015006,16,"Darth Vader, Light Bluish Gray Skin, Scarred Right Cheek, Eyebrows",5
fig-015007,19,"Kid, Medium Azure Torso, White Legs with Yellow Feet, Reddish Brown Hair",4
fig-015008,19,"Kid, White Torso, White Legs with Yellow Feet, Dark Orange Hair",4
fig-015009,6,"Golden Knight, Bright Light Orange Legs",3
fig-015011,3,"Kai, Gold Ninja Wrap",4
fig-015012,38,"Zac - White/Red Shirt, Red Pants",4
fig-015013,38,"Olly - White Top, Dark Orange Legs",4
fig-015014,38,Renée,4
fig-015015,38,"Olly - White Shirt, Dark Azure Legs, Coral Beany",4
fig-015016,38,"Paisley - Striped Top, Sand Blue Legs",4
fig-015017,38,Beatriz,4
fig-015018,27,"Autumn - Adventure Camp, Sand Green Short",4
fig-015019,27,"Nova - Adventure Camp, Dark Turquoise Shorts",4
fig-015022,17,"Leo - Red Shirt, Yellow Pants, Life Vest",5
fig-015023,17,"Candi - Dark Turquoise Top, Bright Light Blue Short, Life Vest",5
fig-015024,26,Sky,4
fig-015025,34,"Paisley - Adventure Camp, Medium Lavender Shorts",4
fig-015026,40,"Zac - Adventure Camp, Red Pants",4
fig-015027,31,"Nova - Dark Azure Top, Yellowish Green Shorts",4
fig-015028,26,"Niko - Bright Light Orange Shirt, Bright Light Blue Shorts",4
fig-015029,37,"Autumn - Adventure Camp, Dark Tan Shorts, Dark Blue Cap",4
fig-015030,37,"Liann - Adventure Camp, Lime Pants",4
fig-015031,35,"Leo - Red Shirt, Blue Shorts",4
fig-015032,35,Sara,4
fig-015034,35,Alba - Coral Dress,3
fig-015035,35,"Aliya - White/Dark Blue Top, White Skirt",4
fig-015036,37,"Jonathan - Adventure Camp, Olive Green Pants, Life Vest",5
fig-015037,37,"Aliya - Adventure Camp, Bright Light Blue Shorts, Life Vest",5
fig-015039,37,"Olly - Adventure Camp, Bright Light Orange Shorts, Coral Beanie",4
fig-015040,37,"Jamila - Adventure Camp, Dark Purple Pants",4
fig-015041,37,"Leo - Adventure Camp, Coral Pants",4
fig-015042,54,Antonio - Microdoll (MediumBrown),3
fig-015045,29,"Ariel - Mermaid Form, Live Action Movie Minidoll, Red Hair",4
fig-015046,39,"Aurora - Dark Pink Trousers, Big Eyes, Yellow Hair, Pearl Gold Crown",5
fig-015048,33,"Elsa, Medium Azure Dress, Cape, Big Eyes",5
fig-015050,33,"Anna - Magenta Hat, Cape, Big Eyes",5
fig-015052,42,"Moana, Sienna Brown, Tan Skirt (28705 Hair)",4
fig-015053,26,"Ursula - Dark Purple, Minidoll",4
fig-015054,53,Luisa,4
fig-015055,53,Camilo,5
fig-015056,53,Dolores,4
fig-015057,53,Alma 'Abuela' - Light Bluish Gray Hair,4
fig-015058,24,Colette,4
fig-015059,24,Basem,3
fig-015060,24,Peter - Neutral Expression,3
fig-015061,24,"Liann - Bright Light Yellow Top, Sand Blue Pants",4
fig-015062,14,Paz Vizsla,5
fig-015063,14,Moff Gideon - Dark Trooper Armor,5
fig-015064,34,Imperial Praetorian Guard,4
fig-015065,10,Mandalorian Nite Owl,6
fig-015066,10,Mandalorian Warrior,6
fig-015067,10,Imperial Commando,5
fig-015068,22,"Darius, Dark Bluish Gray Legs",4
fig-015069,22,"Guard, Dark Blue Cap",4
fig-015070,22,Yaz,4
fig-015071,22,"Kenji, Warm Tan Head",4
fig-015072,32,"Ben, Hat",4
fig-015073,32,"Sammy, Dark Blue Legs, Jacket",4
fig-015074,23,"Batman, Black Suit, Black Cape and Cowl, Yellow Batman Logo, White Eyes (37157 Cape), Angry",5
fig-015075,22,"Batgirl, Light Bluish Gray Suit, Blue Eyemask",5
fig-015076,17,"Mr. Freeze with Flat Silver Outfit, Helmet Dome",4
fig-015077,17,"Batman, Dark Bluish Grey Suit, Black Cowl and Cape",5
fig-015079,20,"Minecraft Pirate/Swashbuckler, Beard",3
fig-015080,17,"Minecraft Pirate/Buccaneer, Eye-patch",3
fig-015081,34,"Skeleton, Square Skull, Medium Azure Helmet (78132 Torso)",7
fig-015082,22,Wolf Tamer,3
fig-015083,32,"Zombie, Medium Azure Helmet",4
fig-015085,23,"Villager, Shepherd",3
fig-015086,23,Minecraft Miller,4
fig-015087,28,Badlands Explorer,3
fig-015088,30,Husk,3
fig-015089,27,"Ender Explorer, Wings",6
fig-015091,30,"Gabby, Party Hats",5
fig-015092,19,Baby Me-Owl,2
fig-015093,19,Baby Cupcake,2
fig-015094,49,"Professor Severus Snape, Long Robes over Black Vest",4
fig-015095,25,"Seamus Finnigan, Gryffindor Robe with Crest, Short Legs",4
fig-015096,25,"Pansy Parkinson, Black Robes",5
fig-015097,28,Barty Crouch Sr.,4
fig-015098,28,"Fleur Delacour, Bright Light Blue Outfit, Sand Blue Hat",4
fig-015099,28,"Viktor Krum, Dark Bluish Gray Outfit, Hair",5
fig-015100,28,"Professor Igor Karkaroff, White Outfit",4
fig-015102,28,"Madame Maxime, Dark Red Legs",4
fig-015103,33,Madam Malkin,5
fig-015104,33,Witch,4
fig-015105,33,Wizard,4
fig-015106,33,Mannequin with Scarf,6
fig-015107,33,Mannequin,5
fig-015108,33,"Garrick Ollivander, Dark Brown Jacket",4
fig-015109,33,"Padma Patil, Dark Green Jacket",4
fig-015111,14,"Ron Weasley, Dark Bluish Gray Plaid Jacket with Zipper, Short Legs",4
fig-015112,14,"Harry Potter, Dark Blue Jacket with Zipper, Short Legs",4
fig-015113,29,Leanne,5
fig-015114,29,Daphne Greengrass,5
fig-015116,29,"Professor Quirinus Quirrell (Voldemort), Medium Lavendar Turban, Dark Brown Suit",4
fig-015117,29,The Fat Friar,4
fig-015118,29,Terry Boot,4
fig-015120,29,"Albus Dumbledore, Dark Red Robe with Skirt, Plain Hat",5
fig-015121,29,Professor Septima Vector,4
fig-015122,29,Troll (Harry Potter) (Big Fig),7
fig-015123,10,Ringwraith / Nazgul,5
fig-015124,35,Gothmog,4
fig-015125,35,"Orc, Red Hat",4
fig-015126,35,"Orc, Olive Green, Dark Tan Fur Trim",4
fig-015127,35,Sauron,5
fig-015128,35,Mouth of Sauron,5
fig-015129,35,"Orc, 5483c Helmet",4
fig-015130,35,"Gollum, Round Eyes",3
fig-015131,35,Frodo Baggins,4
fig-015132,35,"Orc, Olive Green",4
fig-015133,35,Samwise Gamgee,4
fig-015134,35,"Sandy, Flat Silver Legs",5
fig-015135,35,Pigsy,3
fig-015136,35,Li Jing,6
fig-015137,35,"Monkie Kid, White and Flat Silver Suit",4
fig-015138,35,Nüwa,22
fig-015139,35,"Mei, White and Flat Silver Suit",4
fig-015140,35,"Mr. Tang, White and Flat Silver Suit",5
fig-015141,30,"Monkey King, White and Flat Silver Suit",5
fig-015142,30,Monkie Kid,4
fig-015143,38,Mei,4
fig-015144,37,Nine-headed Demon,5
fig-015145,27,"Mei, White Armor",4
fig-015146,32,"Monkie Kid, White Armor",4
fig-015147,27,"Monkey King, White Armor, Red Split Cape",8
fig-015148,27,"Nezha, White and Red Armor",6
fig-015149,37,100-eyed Demon,5
fig-015150,30,"Pigsy, Bright Light Blue Jacket, Backpack",5
fig-015152,31,"Kai, Red Robes, Shoulder Guard, Mask",6
fig-015154,25,"Arin, Bandana, Shoulder Armor",6
fig-015155,40,"Lloyd, Bright Green Robes, Hair, Shoulder Guard",6
fig-015157,40,"Cole, Black Robes, Hair, Shoulder Guard",6
fig-015159,40,"Nya, Dark Azure Robes, Shoulder Guard",6
fig-015160,23,"Sora, Dark Blue Bandana and Cat Ears Headphones, Shoulder Armor",6
fig-015161,24,Wolf Mask General,5
fig-015162,37,"Wolf Mask Warrior, Energy Claws",15
fig-015163,27,"Sora, Dark Blue Bandana and Cat Ears Headphones",5
fig-015164,27,"Cinder, Ghost Legs",5
fig-015166,27,"Jay / Evil Jay, Shoulder Pad",5
fig-015167,27,Tox,4
fig-015169,14,"Zane, White Robes and Bandana",5
fig-015171,35,"Arin, Bandana",5
fig-015173,35,"Zane, White Robes and Bandana, Shoulder Armor",6
fig-015174,38,"Jordana, Pearl Titanium Armor",5
fig-015175,38,"Lord Ras, Pearl Titanium Armor",4
fig-015176,35,Mr. Pale,4
fig-015177,35,Roby ,4
fig-015178,35,Bleckt,4
fig-015179,35,Blacksmith,4
fig-015180,35,"Statue, Robes, Hair Bun",4
fig-015181,35,"Temple Guard, Shoulder Guard",6
fig-015184,12,"Cole, Black Robes, Orange Bandana",5
fig-015185,12,Wolf Mask Warrior,4
fig-015186,27,Ender Knight,4
fig-015187,17,"Race Driver - Olive Green Suit, Lamborghini, Black Helmet",5
fig-015188,19,"Race Driver - Dark Bluish Grey Torso, White Legs, Medium Nougat Hair",4
fig-015189,19,"Race Driver - White Torso, Black Legs, Dark Orange Hair",4
fig-015190,27,"Race Driver - Dark Blue Suit, Aston Martin, White Helmet",5
fig-015191,27,"Race Driver - Green Suit, Aston Martin, Black Helmet",5
fig-015192,30,"White Striped Torso, Bright Light Blue Legs, Dark Brown Hair",4
fig-015193,30,"Yellowish Green Torso, Tan Legs, Medium Nougat Hair",4
fig-015194,25,"Man, Dark Azure Jacket, Dark Tan Legs, Dark Blue Hat, Dark Orange Beard",5
fig-015195,25,"Woman, Tan Argyle Sweater Vest, Light Bluish Gray Legs",4
fig-015196,25,"LEGO Employee, Red Jacket, Dark Blue Legs, Glasses",4
fig-015197,25,"LEGO Employee, Red Jacket, Black Legs",4
fig-015198,39,"Vet, Sand Blue Jacket, Dark Tan Legs, Black Hair and Goatee",4
fig-015199,38,"Explorer, Tina Tarantula, Dark Tan Vest Jacket, Dark Blue Legs, Dark Orange Hair",4
fig-015200,36,"Mechanic, Iris Icicle, Dark Tan Jacket, Dark Blue Legs, Dark Red Hair",4
fig-015201,36,"Captain Nautilus, Dark Brown Jacket, Dark Tan Legs, Dark Blue Cap",4
fig-015202,39,"Woman, Sand Blue Shirt, Dark Tan Legs, Black Hair",4
fig-015203,10,"Woman, Black Jacket, Pearl Titanium Legs, Hearing Aid",4
fig-015204,10,"Mechanic, Sand Blue Overalls, Dark Blue Cap",4
fig-015206,31,Explorer (Johnny Thunder),4
fig-015207,29,"Man, Dark Azure Trancksuit, Black Hair and Goatee",4
fig-015208,29,"Robot, Light Bluish Gray Hoodie, Black Legs",4
fig-015209,29,"Boy, Dark Blue Plaid Shirt, Short White Legs, Glasses",4
fig-015210,29,"Man, Coral Jacket, Sand Blue Legs",4
fig-015211,29,"Girl, Bright Light Blue Jacket, Short Medium Lavender Legs",4
fig-015212,29,"Man, White Jacket, Black Legs, Lime Hair",4
fig-015213,29,"Woman, Dark Green Jacket, Dark Turquoise Legs",4
fig-015214,29,"Woman, White Shirt, Light Bluish Gray Legs",4
fig-015215,21,"Construction Worker, Dark Orange Shirt, Dark Bluish Gray Legs, Red Hard Hat with Ear Protection",4
fig-015216,21,"Construction Foreman, Black Suit, White Hard Hat",4
fig-015217,21,"Construction Worker, Reddish Orange Jacket, Red Hard Hat with Ponytail",4
fig-015218,26,"Man, Dark Red Jacket, Light Bluish Gray Legs, Reddish Brown Flat Cap",4
fig-015219,26,"Woman, Tan Jacket and Legs, Glasses",4
fig-015220,26,"Man, Black Jacket, Dark Tan Legs, Sunglasses",4
fig-015221,26,"Woman, Light Bluish Gray Jacket, Dark Blue Legs",4
fig-015222,18,"Woman, Bright Light Blue Cardigan, Medium Nougat Legs",4
fig-015223,18,Bus Driver,4
fig-015224,18,"Man, Bright Light Yellow Hawaiian Shirt, Dark Tan Legs, Reddish Brown Flat Cap",4
fig-015225,18,"Woman, Dark Turquoise Jacket, Dark Bluish Gray Legs",4
fig-015226,13,"Vet, Sand Blue Jacket, Dark Tan Legs, Black Hair and Goatee, Backpack",5
fig-015228,13,"Cole, White Robes, Orange Wraps, Shoulder Armor",5
fig-015229,20,"Construction Worker, Reddish Orange Jacket, Red Hard Hat with Ponytail",4
fig-015230,20,"Construction Worker, Reddish Orange Jacket, Red Hard Hat",4
fig-015231,20,"Construction Worker, Reddish Orange Jacket, Overall, Red Hard Hat with Ear Protection",4
fig-015232,20,"Construction Supervisor, Black Jacket, White Hard Hat with Ponytail",4
fig-015233,1,"Bellatrix Lestrange, Black Dress with Buckles, Plain Skirt",4
fig-015234,7,"Ocean Explorer Diver, Woman, Dark Blue Wetsuit and Helmet",6
fig-015235,27,Sunny,3
fig-015236,34,Jules Verne,4
fig-015237,12,"Diver, White, Medium Azure, and Orange Wetsuit, Black Airtanks, Dark Blue Helmet",6
fig-015238,1,Mandalorian Fleet Commander - Helmet,6
fig-015239,26,"Gabby, Dark Pink Jacket, 5828 Hair",5
fig-015240,29,"Just Jason, Orange Torso, Dark Blue Legs, Reddish Brown Hair, Orange Life Vest",5
fig-015241,29,"Kid, White Torso, Dark Azure Legs, Dark Tan Hair, Orange Life Vest",5
fig-015242,29,"Tan Torso, Sand Blue Legs, Sunglasses, Red Cap, Orange Life Vest",5
fig-015243,29,"White Stripes Torso, Dark Turquoise Legs, Light Bluish Grey Hair",4
fig-015244,29,"White Torso, Blue Overall, Black Cap",4
fig-015245,29,"Harbor Worker, Vibrant Yellow Safety Vest, Reddish Brown Legs, White Helmet with Ponytail, Orange Life Vest",4
fig-015246,29,"Harbor Worker, Vibrant Yellow Safety Vest, Reddish Brown Legs, White Helmet",4
fig-015247,29,"Kid, White Torso, Medium Lavender Legs, Dark Brown Hair",4
fig-015248,32,Mountain Fortress Lion Knights King,5
fig-015249,32,Mountain Fortress Child,4
fig-015250,32,Mountain Fortress Black Falcon Archer - Male,6
fig-015251,32,Mountain Fortress Woman,4
fig-015252,32,Mountain Fortress Black Falcon Archer - Female,5
fig-015253,43,"Mountain Fortress Black Falcon Soldier - Helmet with Pointed Visor, Armor",6
fig-015254,32,"Mountain Fortress Black Falcon Soldier - Helmet with Broad Brim, Shoulder Armor",5
fig-015255,32,"Mountain Fortress Black Falcon Soldier - Helmet with Neck Protector, Beard",5
fig-015256,32,Mountain Fortress Black Falcon Woman,5
fig-015257,3,Rapton,4
fig-015258,39,"Painter - Tan Torso, Black Legs, Reddish Brown Cap",4
fig-015259,39,"Chef - White Torso, Black Legs, White Hat, Red Scarf, White Hat",4
fig-015260,39,"Florist, Dark Tan Torso, Sand Blue Legs, Reddish Brown Apron, Reddish Brown Hair",5
fig-015261,39,"Tourist, Dark Blue Suit, Hat",4
fig-015262,39,"Kid, Bright Green Torso, Dark Blue Legs, Reddish Brown Hair",4
fig-015263,39,"Bakery / Boulangerie Owner - Reddish Brown Apron, Dark Brown Legs, Dark Green Cap",4
fig-015264,39,"Tourist, Black Suit, Hat",4
fig-015265,10,Technic Figure Fireman,3
fig-015266,11,Dark Turquoise Cyber Strikers Driver,3
fig-015267,9,"Astronaut, White and Dark Blue Spacesuit, Dark Azure Helmet",5
fig-015268,27,"Boy, White and Blue Hoodie, Short Blue Legs, Dark Orange Hair, 3626cpr0499 Head",4
fig-015269,24,"Medium Nougat Torso, Sand Blue Legs, Dark Brown Hair",4
fig-015270,24,"Dark Tan Torso, Sand Blue Legs, Reddish Brown Apron, Dark Blue Cap",4
fig-015271,28,General Store Owner,4
fig-015272,28,"General Store Customer, Dark Green Torso, Dark Brown Legs, Reddish Brown Hair",4
fig-015273,28,"General Store Customer, Dark Blue Suit, Black Top Hat",4
fig-015274,28,"General Store Customer, Red Torso, Black Legs, Tan Hat",4
fig-015275,28,"General Store Customer, Dark Pink Torso, Dark Green Dress, Reddish Brown Hair",4
fig-015276,34,"Train Worker, Dark Tan Torso, Sand Blue Legs, Reddish Brown Apron, White Beard",5
fig-015277,34,"Train Worker, White Torso, Blue Overall, Dark Blue Cap",4
fig-015278,34,"Train Work, Dark Tan Torso, Dark Azure Legs, Prosthetic Leg, Red Hat, Orange Air Tanks",5
fig-015279,34,"Train Worker, Medium Blue Torso, Dark Tan Legs, Reddish Brown Boots, Black Hair",4
fig-015280,34,"Train Worker, Red Torso, Black Legs, Black Hair, Moustache",5
fig-015281,34,"Train Worker, Orange Torso, Dark Bluish Grey Legs, Black Boots, Black Hair",4
fig-015283,16,Padme Amidala / Queen Amidala (3626b Head),4
fig-015285,16,"Obi-Wan Kenobi, Padawan, Plain Legs (3626b Head)",5
fig-015287,0,"Cedric Diggory, Tank Top",4
fig-015288,11,"Luke Skywalker, White Robe, Straight Tan Hair, White Pupils, 3626cpr0635",4
fig-015289,11,"Obi-Wan Kenobi, Old, Tan Robes, Hair, White Pupils, Gray Beard, 3626cpr0638",4
fig-015290,3,"Harry Potter, Dark Red and Tan Gryffindor Quidditch Uniform",4
fig-015291,23,"Aviator, Captain Nautilus, Dark Brown Torso, Dark Tan Legs, Reddish Brown Hat with Goggles",5
fig-015292,22,Wilbur,3
fig-015293,22,Tangy,4
fig-015294,28,"Isabelle, Coral Jacket",4
fig-015295,28,Audie,5
fig-015296,28,K.K. Slider,3
fig-015297,25,"Sonic the Hedgehog, Light Nougat Face, Green Eyes, Orange Life Vest",4
fig-015298,30,"Miles 'Tails' Prower, Winking",4
fig-015299,30,"Knuckles, Open Mouth",3
fig-015300,29,Super Sonic / Sonic the Hedgehog,3
fig-015305,21,"Luke Skywalker, Dark Bluish Gray Robes, Dark Tan Hair",4
fig-015306,21,"Lando Calrissian, Skiff Guard Disguise, Dark Brown Helmet and Legs",4
fig-015308,21,"Han Solo, White Shirt, Dark Brown Legs, Dual Sided Head Open Mouth / Closed Eyes with Open Mouth, Ruffled Hair",4
fig-015309,21,Nien Nunb,3
fig-015311,36,"Imperial Crew, Light Bluish Gray Uniform, Black Cap, Open Mouth",4
fig-015312,21,Commander Praji,4
fig-015313,36,"Imperial Navy Trooper, Warm Tan Head",4
fig-015314,21,"Imperial Gunner, Nougat Head",4
fig-015315,21,Cal Kestis,4
fig-015316,24,"Astromech Droid, L3-G0",4
fig-015317,24,Rebel Pilot,4
fig-015318,24,Yesi Scala,4
fig-015319,24,Sig Greebling,4
fig-015321,33,"Princess Leia, Young",4
fig-015322,33,L0-LA59 (Lola),3
fig-015323,18,Ackbar Trooper,3
fig-015324,18,"Jedi Bob, Reddish Brown",5
fig-015325,18,SR-V0 (Servo),16
fig-015326,18,"Ahsoka Tano, Light Bluish Gray Robes",4
fig-015327,18,"Morgan Elsbeth, Legs",4
fig-015328,18,"Grand Admiral Thrawn, Dual Molded Legs",4
fig-015329,18,"Ezra Bridger, Adult",4
fig-015330,21,Night Trooper,4
fig-015331,30,Neel,3
fig-015332,30,KB,4
fig-015333,30,Fern,4
fig-015334,30,Wim,4
fig-015335,30,Jod Na Nawood,5
fig-015337,22,Darth Jar Jar,3
fig-015339,22,"C-3PO, Bounty Hunter, Red Eyes",3
fig-015340,22,Darth Rey,5
fig-015341,22,"Darth Dev, Cape",5
fig-015343,22,Jedi Vader,6
fig-015345,22,Beach Luke,4
fig-015346,15,"Woman, Olive Green Ferrari Sweater",4
fig-015347,16,"Race Driver, Dark Turquoise, White, and Dark Purple Race Suit, Dark Purple Helmet",5
fig-015348,26,"Man, Dark Red Tracksuit, Sunglasses",4
fig-015349,26,"Girl, White Shirt, Dark Purple Legs, Reddish Brown Hair",4
fig-015350,26,"Train Driver, Sand Blue Vest, Dark Blue Legs",4
fig-015351,26,"Barista, Reddish Brown Apron, Dark Orange Hair",4
fig-015352,26,"Boy, Bright Green Sweater, Short Sand Blue Legs",4
fig-015353,26,"Firefighter, Open Jacket, Dark Tan Legs, Light Bluish Gray Hair",4
fig-015354,13,"Thor, Rubber Cape",5
fig-015355,13,Fire Demon,6
fig-015356,16,"Hulk, Dark Purple Pants, Dual Molded Legs, Smile",4
fig-015357,28,Drax,3
fig-015358,28,Gamora,4
fig-015360,28,Star-Lord (Peter Quill),4
fig-015361,33,"Iron Man Mark 43 Armor, Red Panels",5
fig-015362,10,"Iron Legion, Dark Blue Head",4
fig-015363,23,Hydra Trooper,4
fig-015364,53,"Never Witch, Ghost Legs",5
fig-015365,53,"Dizzy, Skirt",6
fig-015366,40,Astrid,4
fig-015368,48,Dogan,5
fig-015369,47,"Mateo, Puffer Vest",5
fig-015370,46,"Madteo, Puffer Vest",5
fig-015371,22,Doey,5
fig-015372,22,"Zoey, Dark Blue Suit, Trans-Clear Neck Bracket",5
fig-015373,35,Dooper,5
fig-015374,12,"Zoey, Dark Blue Suit, Black Neck Bracket",5
fig-015375,24,"Logan, Dark Blue Jacket",4
fig-015376,30,Dizzy,5
fig-015377,30,"Dreamling - Medium Nougat, Lavender Plant",3
fig-015378,47,"Izzie, Cape",5
fig-015379,31,"Cooper, Flat Silver Head",5
fig-015380,31,"Doey, Quiver",5
fig-015381,31,"Zoey, Dark Blue Suit, Quiver",5
fig-015382,25,"Logan, Hood",4
fig-015383,44,"Dreamling Root - Medium Nougat, Leaves",4
fig-015384,44,"Mateo, Shoulder Armor",5
fig-015385,44,Dreamling - Shower Cap,3
fig-015386,44,Dreamling - Knight,4
fig-015388,44,"Mrs. Castillo, Light Aqua Dress",5
fig-015389,23,"Hulk (Big Fig), Olive Green, Black Hair, Removable Head, Sand Blue Pants",9
fig-015390,23,"Hydra Trooper, Neck Bracket",5
fig-015391,23,"Captain America, Neck Bracket",5
fig-015393,23,"Thor, Rubber Cape",5
fig-015394,33,"Hawkeye, Black Suit, Quiver",5
fig-015395,15,"Hulk (Big Fig), Black Hair, Removable Head, Dark Bluish Grey Pants, Angry",9
fig-015396,15,"Loki, Rubber Cape",5
fig-015397,2,"Liann - Coral/Bright Light Orange Top, Bright Light Orange Shorts",4
fig-015398,9,"Police Officer, Vibrant Yellow Police Vest, Orange Life Jacket, White Helmet",6
fig-015399,24,"Shadow the Hedgehog, Scowl",3
fig-015400,31,Chief Martin Brody,4
fig-015401,31,Quint,4
fig-015402,31,Matt Hooper,4
fig-015412,37,"Micromob Steve, Dark Azure Legs, Reddish Brown Hair",3
fig-015414,37,Micromob Skeleton,3
fig-015416,37,Micromob Witch,3
fig-015417,37,Micromob Villager,3
fig-015418,37,Micromob Alex,3
fig-015419,4,Jack B. Quick,4
fig-015420,0,"Classic Spaceman, White with Airtanks, Centered Logo (2446 Helmet) (3626b Head)",5
fig-015423,0,"Classic Spaceman, Black with Airtanks, Centered Logo (2446 Helmet) (3626b Head)",5
fig-015432,13,"Mateo, Puffer Vest, 2003pr0001 Hair",5
fig-015435,5,"Cam with Trans-Dark Blue Diving Mask, Scuba Airtank",6
fig-015436,16,"Iron Man, Pearl Gold Arms, Round Arc Reactor, Hair",4
fig-015440,6,"Hero, Dark Red Torso, Yellow Head",3
fig-015442,7,"Firefighter, Black Fire Suit, Vibrant Yellow Standard Helmet, Visor",5
fig-015443,5,Dwarf Barbarian,5
fig-015444,5,Gith Warlock,5
fig-015445,4,Tiefling Sorcerer,5
fig-015446,5,Dragonborn Paladin,6
fig-015447,7,Halfling Druid,5
fig-015448,3,Aarakocra Ranger,4
fig-015449,2,Mind Flayer,3
fig-015450,3,Strahd von Zarovich,5
fig-015451,4,Elf Bard,5
fig-015452,3,The Lady of Pain,5
fig-015453,3,Szass Tam,5
fig-015454,5,Tasha the Witch Queen,4
fig-015455,32,Leia - Ugly Christmas Sweater,4
fig-015457,32,Luke Skywalker - Ugly Christmas Sweater,4
fig-015459,33,Paisley - Microdoll,3
fig-015460,33,Olly - Microdoll,3
fig-015461,33,Rose,4
fig-015463,37,Moana - Microdoll,3
fig-015464,35,"Ariel - Microdoll, Plastic Hair",3
fig-015465,35,Tiana - Microdoll,3
fig-015466,40,"Mirabel - Microdoll, 92198pr0408",3
fig-015467,33,"Kid, Dark Orange Sweater, Dark Azure Legs, Black Hair",4
fig-015468,33,"Kid, Dark Green Sweater, Dark Red Legs, Dark Orange Hair",4
fig-015469,33,"Dark Red Sweater, Sand Blue Legs, Reddish Brown Cap",4
fig-015470,33,"Dark Blue Sweater, Dark Tan Legs, Dark Brown Hair, Red Scarf",5
fig-015472,33,"Mrs. Claus, Red Dress",4
fig-015473,33,"Baby, Dark Green Body, Christmas Sweater",2
fig-015474,30,"Venom, Red Scarf",4
fig-015475,30,"Miles Morales, Ugly Christmas Sweater",4
fig-015476,30,Spider-Ham Snowman,6
fig-015477,44,"Molly, Sand Green Robe",4
fig-015478,44,"Harry Potter, Red/Dark Red Sweater, Short Black Legs",4
fig-015479,44,Bill Weasley,4
fig-015480,44,Charlie Weasley,4
fig-015481,44,"Ginny Weasley, Bright Light Blue Robe",4
fig-015482,44,"Ron Weasley, Dark Red Shirt, Dark Blue Short Legs",4
fig-015483,44,"Arthur Weasley, Sand Green Jacket",4
fig-015485,44,"Fred Weasley, Dark Green Sweater",4
fig-015486,44,"George Weasley, Dark Green Sweater",4
fig-015487,44,"Percy Weasley, Bright Light Blue Pajamas",4
fig-015488,30,"Harry Potter, Short Legs, Dark Bluish Grey Sweater, Scarf",4
fig-015489,30,"Draco Malfoy, Short Legs, Dark Bluish Grey Sweater, Scarf",4
fig-015490,30,"Susan Bones, Short Legs, Dark Bluish Grey Sweater, Scarf",4
fig-015491,30,"Cho Chang, Short Legs, Dark Bluish Grey Sweater, Scarf",4
fig-015492,30,Choir Ghost,4
fig-015494,30,"Professor Filius Flitwick, Beard, Olive Green Vest, Black Legs",4
fig-015496,30,"Albus Dumbledore, Red Robe",5
fig-015497,41,Young Link,5
fig-015498,44,"Adult Link, Ocarina of Time",4
fig-015499,41,"Link, Breath of the Wild",4
fig-015500,41,Zelda,4
fig-015501,17,"Lucius Malfoy, Black Robes with Dark Red Fur, Plain Legs",4
fig-015502,33,"Jack Skellington, Long",5
fig-015503,33,Sally,4
fig-015504,33,Lock,4
fig-015505,33,Shock,5
fig-015506,33,Barrel,4
fig-015507,33,Mayor of Halloween Town,17
fig-015509,33,"Santa Claus, Dress",5
fig-015510,24,"Snowman, Skull Face",4
fig-015511,24,Boy,4
fig-015512,24,Girl,4
fig-015514,24,Santa Claus (Small),5
fig-015515,24,"Elf, Smirk",4
fig-015516,24,"Elf, Happy",4
fig-015517,29,"Nova - Adventure Camp, Yellowish Green Shorts",4
fig-015519,4,"Paisley - Bright Light Yellow Top, Medium Lavender Pants",4
fig-015523,18,Pharrell Williams,4
fig-015524,18,Helen Lasichanh,4
fig-015526,26,Snow White - Minidoll,4
fig-015528,26,Evil Queen - Minidoll,4
fig-015529,50,"Santa, Black Boots, 3626cpr3560 Head, 102264 Hat",5
fig-015533,40,"Wednesday, Dress",4
fig-015534,47,"Wednesday, School Uniform",4
fig-015535,40,"Enid, Bright Pink Hair",4
fig-015536,40,"Enid, Bright Light Yellow Hair",4
fig-015537,44,"Fiyero, Dark Blue Suit",4
fig-015538,44,"The Wizard, Minidoll",4
fig-015539,44,"Elphaba, Black Hat, Cape",5
fig-015540,44,"Glinda, Bright Pink Gown",5
fig-015541,44,"Madame Morrible, Dark Green Dress",4
fig-015542,36,"Glinda, Dark Pink Dress",4
fig-015543,36,"Elphaba, Sand Blue Dress",4
fig-015544,27,"Glinda, Lavender Dress",5
fig-015545,27,Nessarose,4
fig-015546,27,"Elphaba, Dark Bluish Grey Dress",4
fig-015547,36,"Belle, Minifig, Dress",4
fig-015548,36,Bruno,4
fig-015549,36,"Lilo, Bright Pink Flower, Brick Skirt",5
fig-015550,36,Geppetto,4
fig-015551,20,"Astromech Droid, QT-KT",4
fig-015552,20,"Rebel Trooper / Rebel Fleet Trooper, Light Nougat Head (Scared / Neutral)",5
fig-015553,20,"Rebel Trooper / Rebel Fleet Trooper, Medium Nougat Head",5
fig-015554,28,"Elf / Postal Elf - Bright Green Torso, Dark Tan Legs, Bright Green Hat, Glasses and Moustache",4
fig-015555,20,"Batman, Light Bluish Gray Suit, Rubber Dark Blue Cape and Cowl (60's TV Series)",5
fig-015556,40,"Elf / Postal Elf - Bright Green Torso, Green Legs, Bright Green Hat, Dark Green Collar, Teeth Smile",4
fig-015557,40,"Elf / Postal Elf - Bright Green Torso, Green Legs, Bright Green Hat, Dark Green Collar, Open Mouth Smile",4
fig-015560,40,"Elf / Postal Elf - Bright Green Torso, Green Legs, Aviator Hat",5
fig-015561,40,"Elf / Postal Elf - Bright Green Torso, Green Legs, Bright Green Hat, Dark Green Collar, Red Scarf",5
fig-015562,24,Meowscles,4
fig-015563,24,Raven (Fortnite),4
fig-015564,24,Battalion Brawler,4
fig-015565,37,Cuddle Team Leader,4
fig-015566,24,Adventure Peely,3
fig-015567,24,Brite Bomber,4
fig-015568,24,Trespasser Elite,5
fig-015569,24,Cube Assassin,4
fig-015570,24,Drift,4
fig-015571,4,"Imperial Shadow Trooper, Long Line on Back, Black, Plain Legs",4
fig-015573,27,"Jabba the Hutt (Big Fig), Dark Bluish Grey Stripes",3
fig-015574,27,"Bib Fortuna, Black Suit, Blue Hands",4
fig-015575,27,Vizam,4
fig-015576,27,Wooof,4
fig-015577,27,"Kithaba, Turban",4
fig-015578,27,"Gamorrean Guard, Printed Head, Dark Brown Hands",3
fig-015579,27,"Princess Leia, Slave Outfit, Long Dark Brown Hair",5
fig-015580,3,"Construction Worker, Orange Safety Jacket, Dark Blue Legs, Red Hard Hat",4
fig-015583,3,"Cho Chang - Dark Blue Quidditch Uniform, Tan Legs",4
fig-015584,27,"Astromech Droid, R2-D2 - Dual Sided Printed Body, Serving Tray",5
fig-015585,45,"Green Torso, Lime Legs, Dark Red Hair, Scarf",5
fig-015586,45,"Dark Turquoise Torso, Medium Azure Legs, Red Hair",4
fig-015587,45,"Kid - Dark Turquoise Torso, Medium Lavender Legs, Bright Light Orange Helmet, Black Hair",4
fig-015588,35,"Blue Torso, Blue Legs, Reddish Brown Hair",4
fig-015589,35,"Dark Azure Torso, Orange Legs, Dark Pink Hair",4
fig-015590,35,"Magenta Torso, Black Legs, Orange Hair",4
fig-015591,45,"Bright Light Orange Torso, Dark Red Legs, Dark Brown Hair",4
fig-015592,35,"Back Torso, Dark Bluish Grey Legs, Dark Azure Hair",4
fig-015593,45,"Dark Blue Torso, Magenta Legs, Light Bluish Grey Hair",4
fig-015594,35,"Dark Azure Torso, White Legs, Black Hair",4
fig-015595,35,"Kid - White Torso, Dark Turquoise Legs, Black Hair",4
fig-015597,16,"Woman, Blue Torso with White Arms, White Legs, Peach Lips",3
fig-015598,4,"Cooper, Flat Silver, Neck Bracket",5
fig-015600,14,"Detective, Play Day Torso, Sand Blue Hat with Red Hair",4
fig-015601,5,Lord Ras,3
fig-015602,49,"Professor Charles Xavier, Dark Blue Suit",3
fig-015603,13,"Professor Charles Xavier, Black Suit",3
fig-015604,49,"Storm, White Suit, Umber Brown Head",5
fig-015605,49,"Cyclops, Hair, Printed Legs",4
fig-015606,49,"Jean Grey, Bright Light Orange Suit",5
fig-015607,49,Iceman,3
fig-015608,49,Bishop,4
fig-015609,49,Gambit,4
fig-015610,49,"Magneto, Rubber Cape",5
fig-015611,49,"Wolverine, Hair, Yellow X-Men Suit, Plain Arms",4
fig-015612,32,"Tan Torso, Sweater, Black Legs, Reddish Brown Hair",4
fig-015613,37,"Kid - White Torso with Mountains, Dark Turquoise Legs, Black Hair",4
fig-015614,37,"Barista, Reddish Brown Apron, Dark Blue Beanie",4
fig-015615,37,"Visitor, Bright Light Blue Torso, White Legs, Dark Orange Hair",4
fig-015616,37,"Visitor, Tan Torso, Black Legs, Dark Tan Hair",4
fig-015617,37,"Kid - Bright Light Blue Torso, Dark Blue Legs, Dark Brown Hair",5
fig-015618,37,"Visitor, Light Bluish Grey Torso, Dark Brown Legs, Light Bluish Grey Hair",4
fig-015619,37,"Visitor, Red Torso, Dark Tan Legs, Light Bluish Grey Hair",4
fig-015620,37,"Photographer, Dark Brown Torso, Olive Green Legs, Reddish Brown Cap, Beard",5
fig-015621,37,"Gardener, Sand Blue Torso, Medium Nougat Apron, Bright Light Yellow Hair",4
fig-015622,37,"Guide, Dark Blue Torso, Tan Legs, Reddish Brown Hair",4
fig-015623,37,"Gardener, Sand Blue Torso, Medium Nougat Apron, Dark Brown Hair",4
fig-015624,37,"Visitor, Yellowish Green Torso, Sand Blue Legs, Medium Nougat Hair",4
fig-015625,19,"Gardener, Sand Blue Torso, Medium Nougat Apron, Red Cap",4
fig-015627,21,Sensei Wu as Majisto,6
fig-015628,21,Mrs Castillo as Willa,5
fig-015630,21,Johnny Thunder as a Forestman,6
fig-015631,21,Cyber Drone Robot as a Black Falcon soldier,4
fig-015632,34,"Barista, Reddish Brown Apron, Dark Brown Hair",4
fig-015633,34,"Passenger, Dark Green Torso, Sand Blue Legs, Dark Brown Hair, Backpack",5
fig-015634,34,"Pianist, Dark Green Torso, Dark Brown Legs, Light Bluish Grey Hair",4
fig-015635,34,"Passenger, Red Torso, Dark Brown Legs, Dark Tan Hair",4
fig-015636,34,"Singer, Bright Pink Torso, Medium Lavender Legs, Black Hair",4
fig-015637,34,"Passenger, Bright Light Blue Torso, Sand Blue Legs, Reddish Brown Hair",4
fig-015638,34,"Conductor, Dark Blue Uniform",4
fig-015639,34,"Passenger, Tan Torso, Dark Bluish Grey Legs, Dark Brown Hair",4
fig-015640,23,"Bandit, Dark Azure Torso, Black Legs, Medium Nougat Hair, Black Bandana",5
fig-015641,23,"Passenger, Dark Tan Torso, Sand Blue Legs, Tan Hat",4
fig-015642,23,"Train Driver, Reddish Brown Apron, Orange Hair",4
fig-015643,41,"Kid, Dark Tan Torso, Reddish Brown Apron, Tan Hat",4
fig-015644,41,"Dark Green, Dark Tan Legs, Reddish Brown Boots, Dark Tan Hair",4
fig-015645,41,"Dark Green Torso, Dark Tan Legs, Reddish Brown Hair",4
fig-015646,44,"Elf, Green Torso, Dark Brown Legs, Reddish Brown Hair, Backpack",5
fig-015647,44,"Elf, Green Torso, Dark Brown Legs, Medium Nougat Hair",4
fig-015648,44,"Elf, Sand Green Torso, Blue Legs, Nougat Hair",4
fig-015649,43,"Pirate, Black Tors, Dark Red Legs, Black Tricorne Hat",4
fig-015650,43,"Pirate, White Torso, Black Legs, Reddish Brown Hair",4
fig-015651,43,"Pirate, Blue Torso, Dark Bluish Grey Legs, Black Hair",4
fig-015652,43,"Pirate, White Torso, Dark Blue Legs, Red Bandana",4
fig-015653,43,"Pirate Captain, Blue Torso, Black Leg, Peg Leg, Black Hat",5
fig-015654,13,Ice Cream Seller,4
fig-015655,8,Popcorn Seller,4
fig-015656,15,Burger Stall Chef,4
fig-015657,45,Monochrome Bright Green,3
fig-015658,42,Monochrome Bright Light Blue,3
fig-015659,42,"Monochrome Black, Hat",4
fig-015660,42,Monochrome Reddish Brown,3
fig-015661,42,"Monochrome White, Tutu",4
fig-015662,42,Monochrome Dark Purple,3
fig-015663,42,Monochrome Dark Pink,3
fig-015664,45,"Monochrome Red, 28621 Head",3
fig-015665,42,"Monochrome Orange, 28621 Head",3
fig-015666,45,Monochrome Blue,3
fig-015667,33,"Mechanic, Blue Overall, Bright Light Blue Tors, Bright Light Yellow Hair",4
fig-015668,33,"Park Rider, White Torso, Orange Legs, Blue Hair",4
fig-015669,33,"Octan Worker, Medium Blue Torso, Dark Bluish Grey Legs, Dark Red Cap",4
fig-015670,33,"Construction Worker, Orange Safety Vest, White Hard Hat",4
fig-015671,22,"Super Hero, Dark Green Torso, Dark Azure Legs, Red Hair, Cape",5
fig-015672,22,"Super Hero, Bright Light Blue Torso, Orange Legs, Blue Hair, Cape",5
fig-015673,0,"Stormtrooper, Printed Black 3262c Head",4
fig-015674,3,"Sabine Wren, Hair",4
fig-015675,2,"Batman, Black Suit, Black Cowl, Rubber Cape",5
fig-015677,7,"Classic Space, Orange with 3626cpr1966 Head, Visor",5
fig-015678,7,"Classic Space, White with 3626cpr1966 Head, Visor",5
fig-015679,12,Ernest Shackleton,4
fig-015680,12,Frank Hurley,4
fig-015681,19,"Red Hulk (Big Fig), Rotatable Head",9
fig-015682,19,Ruth Bat-Seraph,4
fig-015683,19,"Falcon, Joaquín Torres",6
fig-015684,19,"Captain America, Sam Wilson, Dual-Molded Legs",5
fig-015685,26,"Ballerina, White Outfit",5
fig-015686,9,Steve with Pearl Titanium Legs,3
fig-015687,3,"Arctic Explorer, Orange Suit, Beanie, Backpack",5
fig-015688,6,End Warrior,3
fig-015689,9,"Pirate - Blue Stripes, Blue Legs, Red Bandana, Black Belt Buckle, 3626b",4
fig-015690,9,"Pirate - Blue Stripes, White Legs, Red Bandana, Black Belt Buckle, 3626b",4
fig-015691,15,"Policeman, Black Jacket with Pocket and Badge, White Hat, Smile, Black Eyebrows",4
fig-015692,21,"Bright Light Blue Torso, Dark Blue Legs, Black Hair",4
fig-015693,21,"Dark Turquoise Torso, Medium Nougat Legs, Black Hair",4
fig-015694,21,"Kid, White Torso, Sand Blue Legs, Black Hair",4
fig-015695,21,"Snake Costume, Red Torso, Dark Red Legs",4
fig-015696,21,"Kid, Dark Turquoise Torso, Medium Nougat Legs, Black Hair",4
fig-015697,16,"Girl, Medium Azure Jacket, Short White Legs, Dark Orange Hair",4
fig-015698,16,"Man, Red Jacket, Dark Blue Legs, Santa Hat",4
fig-015699,13,Leonardo da Vinci,5
fig-015700,18,"Kid, Jurassic Park Shirt, Blue Legs, Black Hair",4
fig-015701,12,"Julian, Dark Pink Hoodie",3
fig-015702,2,Hamster Costume Fan,4
fig-015703,3,Wolfpack Beastmaster,5
fig-015704,4,Jetpack Racer,5
fig-015705,3,Astronomer Kid,4
fig-015706,3,Plush Toy Collector,4
fig-015707,1,Pterodactyl Costume Fan,4
fig-015708,3,Longboarder,5
fig-015709,4,Bogeyman,5
fig-015710,2,Cupid,6
fig-015711,3,Pirate Quartermaster,5
fig-015712,3,Cat Lover,4
fig-015713,5,Steampunk Inventor,4
fig-015714,28,Mabel,4
fig-015715,28,Sasha,3
fig-015716,25,Leif,4
fig-015717,25,Poppy,4
fig-015718,18,Celeste,4
fig-015719,13,"Ahsoka Tano, Padawan, Medium Legs",4
fig-015720,29,"Astromech Droid, R7-A7, Dark Bluish Grey Rectangles",4
fig-015722,13,"Anakin Skywalker, Dark Brown Robe",4
fig-015723,22,Clone Pilot Odd Ball,4
fig-015724,22,Clone Pilot Jag,4
fig-015726,22,"Clone Pilot, Open Helmet with Yellow and Red Markings, White Legs",4
fig-015727,22,"Astromech Droid, R4-P44, Pearl Titanium print",4
fig-015729,10,"Astromech Droid, R5-D4, Dark Blue Center Panel",4
fig-015730,10,"Police Officer, Vibrant Yellow Safety Vest, Dark BLue Legs, Orange Life Vest, White Helmet",6
fig-015731,13,"Girl, White and Blue Plaid Shirt, Short Dark Blue Legs",4
fig-015732,19,"Farmer, Sand Green Shirt, Medium Nougat Legs, Dark Blue Cap",4
fig-015733,13,"Construction Worker, Reddish Orange Jacket, Black Hair",4
fig-015734,13,"Construction Worker, Reddish Orange Jacket, Overall, Red Hard Hat with Hair",4
fig-015735,29,"Astronaut, White and Bright Green Spacesuit (Futuron), Reddish Brown Hair",4
fig-015736,29,"Astronaut, White, Black and Dark Blue Spacesuit (Futuron), Dark Azure Helmet",5
fig-015737,29,"Astronaut, White and Bright Light Orange Spacesuit (Futuron), Black Hair",4
fig-015738,29,Driller Robot,16
fig-015740,29,"Astronaut, White and Dark Azure Spacesuit, Sand Blue Back Bracket",6
fig-015741,25,Zombified Piglin,3
fig-015742,25,Wolf Hero,3
fig-015744,10,"Izzie, Magenta Legs",4
fig-015745,11,"Autumn, Bright Pink Top, Sand Blue Pants",4
fig-015746,15,"Nova, Lavender Top, Yellowish Green Skirt, Sunglasses",5
fig-015747,47,"Aliya - Coral Top, Medium Azure Pants",4
fig-015748,29,"Matilde, White Shirt, Red Skirt",4
fig-015749,24,"Paisley - Lavender Top, Nougat Skirt",4
fig-015750,24,"Sage - Blue Top, Yellowish Green Skirt, Helmet",4
fig-015752,16,"Jamila - Medium Lavender Jacket, Light Aqua Pants",4
fig-015753,17,Elsa D,4
fig-015754,40,"Paisley - Bright Light Yellow Top, Medium Lavender Skirt",4
fig-015755,17,Amalia,2
fig-015756,48,"Liann - White Top, Bright Light Orange Skirt",4
fig-015757,34,"Autumn - Lavender Top, Sand Green Pants",4
fig-015758,43,"Leo - Dark Turquoise Jacket, Yellow Shorts",4
fig-015759,27,Liann - Pajama,4
fig-015760,27,Paisley - Pajama,4
fig-015761,35,Gigi,4
fig-015762,49,"Leo - Dark Pink Jacket, Yellow Pants",4
fig-015763,39,"Nova - Medium Lavender Top, Dark Turquoise Shorts",4
fig-015764,32,"Autumn - Lavender Top, Sand Green Pants, Helmet",4
fig-015765,32,Eniko,4
fig-015766,44,"Olly - White Top, Dark Blue Shorts",4
fig-015769,50,"Zac - White Shirt, Blue Shorts",4
fig-015770,50,"Aliya - Lavender Top, Bright Light Blue Skirt",4
fig-015771,48,Chef Marta,4
fig-015772,48,Leo - Reddish Orange Apron,4
fig-015773,48,"Sara - Bright Light Blue Top, Sand Blue Pants",4
fig-015774,39,Emilia,2
fig-015775,39,Celine,4
fig-015776,39,Eva,4
fig-015777,39,"Nova - Lavender Top, Dark Turquoise Pants",4
fig-015778,39,Raj,4
fig-015779,39,Yvette,4
fig-015780,39,Ryan,4
fig-015781,31,Faraji,4
fig-015782,31,"Nova - Lavender Top, Dark Turquoise Pants, Helmet",4
fig-015783,52,Liann - Coral Overall,4
fig-015784,40,Orla,4
fig-015785,40,Terence,4
fig-015786,46,"Paisley - Bright Light Yellow Top, Dark Tan Shorts",4
fig-015787,47,Roy,2
fig-015788,47,Anthony,4
fig-015789,47,Dione,4
fig-015790,50,Ella - Bright Yellow Dress,3
fig-015791,47,Fatimah - Firefighter,4
fig-015792,47,Gita,4
fig-015793,47,"Paisley - Bright Pink Top, Sand Blue Pants",4
fig-015794,47,Petch - Coral Shirt,4
fig-015795,26,Simea,3
fig-015796,25,Celestial Warrior,6
fig-015797,25,"Mei, Dark Turquoise Torso",4
fig-015799,25,"Sandy, Bright Light Yellow Torso",5
fig-015800,25,"Monkie Kid, Dark Turquoise Torso",4
fig-015801,14,"Ariel, Warm Tan",4
fig-015802,33,"Cooper, Red Cap",4
fig-015804,12,"Mateo, Futuron Suit",4
fig-015805,15,"Izzie, Bright Light Yellow Torso",4
fig-015807,22,"Izzie, Coral Torso, Neck Armour",5
fig-015808,38,"Cyberling, White Helmet",3
fig-015809,21,"Mateo, Dark Azure Torso",4
fig-015810,28,D-Shock,5
fig-015811,25,"Dreamling, VR Screen",2
fig-015812,33,Zero,5
fig-015813,27,Dreamer,4
fig-015814,33,"Cinderella, Bright Light Orange Hair",4
fig-015815,19,"Kiosk Customer, Tan Torso, Olive Green Legs, Reddish Brown Hair",4
fig-015816,19,Kiosk Owner,4
fig-015817,19,Kristoff,4
fig-015819,19,Anna,4
fig-015821,23,"Anna, Bright Light Blue Hat",4
fig-015823,23,"Elsa, Dark Blue Dress",4
fig-015824,30,Loto,4
fig-015826,34,"Moana, Sienna Brown, Red Skirt",4
fig-015827,30,Moni,4
fig-015829,9,"Kai, Dark Red Suit, Gold Helmet",4
fig-015830,33,"Dragonian Scout, Shoulder Armor",5
fig-015831,28,"Sora, Gold Helmet",4
fig-015832,38,"Dragonian Warrior, Short Horns, 28621pr9762 Head",7
fig-015834,33,"Arin, Gold Helmet",4
fig-015835,18,"Lord Ras, Black Shoulder Pads",4
fig-015837,12,"Zane, Silver Hair",4
fig-015838,40,"Wyldfyre, Dark Red Outfit",4
fig-015839,12,"Drix, Pearl Titanium Neckwear",5
fig-015841,13,"Lloyd - Dragons Rising Robes, Gold Shoulder Bracket",5
fig-015843,32,"Nya, Pearl Titanium Outfit",5
fig-015845,30,"Kai, Dark Red Suit, Red Helmet",4
fig-015847,28,"Lloyd, Dark Green Suit",4
fig-015849,19,"Nya, Pearl Titanium Outfit, Hair",4
fig-015851,19,"Zane, White Suit, Silver Hair, Smile",4
fig-015852,28,Lord Ras,3
fig-015853,48,"P.I.X.A.L., White Suit, Silver Hair",5
fig-015854,36,Nokt,6
fig-015856,30,"Cole, Black Helmet",5
fig-015858,20,"Zane, Silver Helmet, Katana Holder",5
fig-015859,21,Morro,6
fig-015860,37,"Rogue, Dark Blue Hat, Scabbard",6
fig-015861,39,"Tudor House Food Critic, Tan Suit",4
fig-015862,39,Haberdashery Store Owner,4
fig-015863,39,"Mannequin, Black Tuxedo",4
fig-015864,39,Tudor House Chef,4
fig-015865,39,Clockmaker,5
fig-015866,39,Tudor House Inn Owner,4
fig-015867,39,"Tudor House Resident, Dark Turquoise Torso, Dark Blue Legs",5
fig-015868,39,Chimney Sweep,5
fig-015869,17,"Sonic the Hedgehog, Smirk",3
fig-015870,26,Metal Sonic,3
fig-015871,14,"Miles 'Tails' Prower, Grumpy",4
fig-015872,22,Super Shadow,3
fig-015874,22,"Mr. Tang, Dark Orange Torso",5
fig-015876,22,"Monkie King, White Torso",5
fig-015877,22,Celestial General,6
fig-015878,22,Erlang Shen,6
fig-015880,10,"The Mandalorian / Din Djarin, Dark Brown Outfit, 87610pr0012 Helmet",5
fig-015881,32,Prince Charming,4
fig-015882,27,"Lucius Malfoy, Black Suit",4
fig-015883,27,"Narcissa Malfoy, Legs",4
fig-015884,27,"Harry Potter, Dark Brown Jacket, Sand Blue Legs",4
fig-015886,37,"Luna Lovegood, Medium Lavendar Outfit",4
fig-015887,37,"Hermione Granger, Dark Bluish Gray Jacket, Sand Blue Legs",4
fig-015889,27,"Voldemort, Dark Green Robe, Tan Eyes",3
fig-015890,27,"Draco Malfoy, Black Suit",4
fig-015891,27,"Bellatrix Lestrange, Legs",4
fig-015893,27,"Dobby, Clean Tan Vest",3
fig-015894,22,"Madame Hooch, Dark Blue Outfit (19888 Cape)",5
fig-015895,22,"Oliver Wood, Black Sweater, Dark Brown Legs",4
fig-015896,43,"Professor Minerva McGonagall, Dark Green Robes, Dark Tan Hair, Plain Skirt",4
fig-015898,22,"Neville Longbottom, Gryffindor Robes Open, Short Legs",4
fig-015899,23,"Statue, Robe, Skirt",3
fig-015901,21,"Professor Filius Flitwick, Beard, Olive Green Vest, Dark Brown Legs",4
fig-015902,17,"Gilderoy Lockhart, Light Bluish Gray Duelling Suit",5
fig-015903,32,"Steve, Nougat Face",3
fig-015904,24,Armadillo Miner,4
fig-015905,19,"Cactus Knight, Dark Azure Armor",5
fig-015906,12,"Alex, Reddish Brown Squares on Face",3
fig-015907,21,"Wither Skeleton, Square Skull, Straight Arms (78132 Torso)",6
fig-015908,13,"Blaze, Trans-Black Cone Stand",16
fig-015909,12,"Strider, Black Jumper Plates, Dark Red 1x3 Plate",31
fig-015910,20,Trapster,4
fig-015911,20,"Ghost-Spider / Spider-Gwen, Medium Legs, Lime Spider Print",4
fig-015913,18,"Spin / Spider-Man (Miles Morales), Medium Black Legs, Lime Spider",3
fig-015914,15,"Spider-Man (Spidey), Medium Legs, Lime Spider Print",3
fig-015915,33,The Spot,3
fig-015916,33,"Ghost-Spider / Spider-Gwen, Open Front Hood, Magenta Hands",4
fig-015917,33,Officer Jefferson,4
fig-015918,25,Anti-Venom,3
fig-015919,15,Venom with Two Identical Tentacles,8
fig-015920,15,Spider-Woman (Julia Carpenter),4
fig-015921,18,"Iron Man, Pearl Gold Arms, Round Arc Reactor, Helmet and Visor",5
fig-015922,18,Dum-E,5
fig-015923,18,Red Hulk,4
fig-015924,38,Black Panther,4
fig-015925,10,Ultron,4
fig-015926,23,"Iron Man Mark 6 Armor, HUD on Face",5
fig-015927,28,"Iron Man Mark 46 Armor, HUD on Face",5
fig-015928,35,Scarlet Witch,4
fig-015929,28,"Spider-Man, Suit with Detailed Black Trim, Plain Legs",3
fig-015930,35,"Black Widow, Black Jumpsuit, Printed Legs (85974 Hair)",4
fig-015931,28,"Winter Soldier, Black Suit",4
fig-015932,9,"Astronaut, White Spacesuit, Bright Green Helmet, Beard",5
fig-015933,9,"F1 Driver, McLaren, Orange Suit",5
fig-015934,11,"F1 Driver, Ferrari, Red Suit",5
fig-015935,11,"Pit Crew, Reddish Orange Torso, Dark Bluish Grey Legs, Female, Wink",4
fig-015936,11,"Pit Crew, Reddish Orange Torso, Dark Bluish Grey Legs, Female, Smile",4
fig-015937,11,"Pit Crew, Reddish Orange Torso, Dark Bluish Grey Legs, Male, Black Beard",4
fig-015938,11,"Pit Crew, Reddish Orange Torso, Dark Bluish Grey Legs, Male, Dark Orange Beard",4
fig-015939,21,"F1 Driver, Mercedes, Black Suit",5
fig-015940,21,"F1 Driver, Alpine, Black/Dark Pink Suit",5
fig-015941,21,"Garage Worker, White/Light Bluish Grey Suit, Dark Brown Hair",4
fig-015942,21,"Garage Worker, White/Light Bluish Grey Suit, Dark Brown Hair, Glasses",4
fig-015943,21,"Garage Worker, White/Light Bluish Grey Suit, Black Hair",4
fig-015944,21,"Garage Worker, White/Light Bluish Grey Suit, Medium Nougat Hair",4
fig-015945,23,"F1 Driver, Red Bull, Dark Blue Suit",5
fig-015946,23,"Pit Crew, Reddish Orange Torso, Dark Bluish Grey Legs, Tan Hair",4
fig-015947,23,"Pit Crew, Reddish Orange Torso, Dark Bluish Grey Legs, Female, Reddish Brown Hair",4
fig-015948,23,"F1 Driver, Aston Martin, Green Suit",5
fig-015949,23,"Garage Worker, White/Light Bluish Grey Suit, Black Hair",4
fig-015950,8,"F1 Driver, Haas, White Suit, Red Helmet",5
fig-015951,8,"F1 Driver, Williams, White Suit, Dark Blue Helmet",5
fig-015952,33,"Spider-Man (Miles Morales), Black Hands",3
fig-015953,6,"Police Officer Lucy Lawson - Black Torso, Dark Blue Legs, Reddish Brown Hair",4
fig-015965,42,"Autumn - Lavender Top, Sand Green Pants, Flower",5
fig-015966,16,"Captain America, Light Bluish Grey Arms",4
fig-015967,16,"Hulk, Minifig, Dark Bluish Grey Legs",4
fig-015968,16,"Thor, Dark Tan Hair, Fabric Cape",5
fig-015969,9,"Lex Luthor, Kryptonite Suit",4
fig-015970,9,"Superman, Plain Legs, Cape",5
fig-015971,17,"Batman, Dark Knight, Rubber Cape",5
fig-015973,17,"The Joker, Painted Face, Dark Purple Suit",4
fig-015974,17,"Two-Face, Dark Knight, Dark Bluish Grey Suit",4
fig-015975,12,"Mr. Freeze, Sand Blue Suit",4
fig-015976,12,"Batman, Black Suit, Black Cape and Cowl, Sweeping Cape",5
fig-015977,19,"Explorer, Dark Tan Jacket, Light Bluish Grey Legs",4
fig-015978,13,"Car Driver, Dark Brown Jacket, Sand Blue Legs",4
fig-015979,22,"Paramedic, Vibrant Yellow Safety Vest, Dark Turquoise Legs, Black Hair",4
fig-015980,22,"Skateboarder, Dark Purple Torso, Dark Bluish Grey Legs, Reddish Orange Helmet",4
fig-015981,16,"Donut Vendor, White Torso, Medium Nougat Legs, White Hat",4
fig-015982,16,"Police Officer, Bright Light Blue Torso, Dark Blue Legs, Dark Orange Hair",4
fig-015983,16,"Life Guard, White Torso, Red Shorts, Red Cap",4
fig-015984,16,"Surfer, Lime/Light Bluish Grey Wetsuit, Reddish Brown Hair",4
fig-015985,28,"Camper, Dark Brown/Bright Pink Torso, Dark Purple Legs",4
fig-015986,28,"Camper, Dark Turquoise Torso, Tan Legs, Baby Carrier",5
fig-015987,13,"Chef - White Torso, White Legs, White Hat, White Hat",4
fig-015988,13,"Firefighter, Black Fire Suit, Vibrant Yellow Helmet, Visor",5
fig-015989,12,"Pilot, Dark Brown Jacket, Dark Tan Legs, Aviator Helmet",5
fig-015990,12,"Patient, Bright Light Blue Scrubs, Bandage",4
fig-015991,24,"Hotdog Vender, Red/White Stripes Shirt, Tan Legs, Red Cap",4
fig-015992,24,"Plumber, White Shirt, Dark Turquoise Overall, Vibrant Yellow Hat",4
fig-015993,24,"Mech Max, Sand Blue Jacket, Dark Azure Legs, Magenta Hair",4
fig-015994,27,"Just Jason, Vlogger, Orange Jacket, Dark Blue Legs, Reddish Brown Hair",4
fig-015995,20,"Firefighter, Black Fire Suit, Vibrant Yellow Standard Helmet, Visor, Goggles",5
fig-015996,20,"Diver, Reddish Orange Wetsuit, Black Legs, Black Helmet",6
fig-015997,20,"Police Officer, Pilot - Black Torso, Dark Blue Legs, White Helmet",5
fig-015998,12,"Firefighter, Black Fire Suit, Black Hair",4
fig-015999,12,"Firefighter, Black Fire Suit, Dark Brown Hair",4
fig-016000,27,"Scrapyard Worker, White Shirt, Sand Blue Legs, Medium Nougat Hair",4
fig-016001,27,"Scrapyard Worker, Sand Blue Overall, Dark Blue Cap",4
fig-016002,27,"Scrapyard Worker, Vibrant Yellow Vest, Sand Blue Legs",4
fig-016003,27,"Scrapyard Worker, Sand Blue Overall, Dark Orange Hair",4
fig-016004,13,Birthday Girl,4
fig-016005,6,"Hero, Neck Bracket",4
fig-016006,1,"Zane, Ninja Wrap",4
fig-016008,31,"Illager, Vindicator, Dark Blue Legs, Narrow Eyes",3
fig-016010,19,"Pillager, Black Legs, Narrow Eyes",3
fig-016011,31,"Pillager, Black Legs, Neck Bracket, Narrow Eyes",4
fig-016012,9,"White Torso, Freestyle, Green Legs, Black Cap",4
fig-016013,8,The Pilot's Droid,8
fig-016014,1,Temple Guard,5
fig-016015,3,"Lord Ras, Neck Bracket",4
fig-016016,2,Qui-Gon Jinn,4
fig-016018,31,"Olaf, Micro-Doll Arms, Stick Hair, Bright Light Blue Mouth",4
fig-016019,26,"Qui-Gon Jinn, Poncho, Dark Brown Beard",5
fig-016020,28,"Aliya - Coral Top, Medium Azure Pants, Life Jacket",5
fig-016022,28,"Olly - White Top, Dark Blue Shorts, Life Jacket",5
fig-016023,35,Rosalie Hale,4
fig-016024,35,Carlisle Cullen,4
fig-016025,35,Charlie Swan,4
fig-016026,35,Bella Swan,4
fig-016027,35,Alice Cullen,4
fig-016028,35,Edward Cullen,4
fig-016029,35,Jacob Black,4
fig-016030,10,"Harry Potter, Black Sweater, Short Legs",4
fig-016031,7,"Construction Worker, Dark Orange Shirt, Dark Bluish Gray Legs, Red Hard Hat",4
fig-016032,6,"Pilot, Reddish Brown Torso, Dark Tan Legs, Reddish Brown Hat",5
fig-016033,4,"Steve, Dark Azure Torso, Medium Lavender Armor",5
fig-016035,0,"Sam Wilson, Captain America Suit",4
fig-016037,4,"Iron Legion, Dark Blue Head, Neck Bracket",5
fig-016038,9,"Hotdog Vender, Red/White Stripes Shirt, Tan Legs, Red Helmet",5
fig-016039,3,Jay / Evil Jay,4
fig-016040,42,Isaac Newton,4
fig-016041,42,Marie Skłodowska-Curie,4
fig-016042,42,George Washington Carver,4
fig-016043,21,"Cinderella, Bright Light Orange Hair, Full Skirt",4
fig-016044,17,"Cruella de Vil, Minidoll",5
fig-016045,17,"Maleficent, Lavender Cape",5
fig-016046,6,Red Bullet,4
fig-016047,5,Track Racer,4
fig-016048,6,Off-Roader,4
fig-016049,13,Red Blizzard,4
fig-016050,13,Zero Hurricane,4
fig-016051,3,Red Monster,4
fig-016052,4,Lightning Streak,4
fig-016053,18,"Off Road Racer - Green Helmet, Black Body",4
fig-016054,18,"Off Road Racer - Blue Helmet, Yellow Body",4
fig-016055,10,Maverick Sprinter,4
fig-016056,10,Hot Arrow,4
fig-016057,9,"Stunt Racer, Black Helmet and Body",4
fig-016058,6,"Blue Racer, Black Hair",3
fig-016059,9,Hot Rock,4
fig-016060,4,Desert Racer,4
fig-016061,6,Flash Turbo,4
fig-016062,5,Blue Power,4
fig-016063,7,Star Strike,4
fig-016064,9,Zero Tornado,4
fig-016065,6,Green Racer. White Cap,3
fig-016066,6,Pro-Stunt,4
fig-016067,17,Nigel Mansell,4
fig-016068,40,"Stitch, Dark Azure",3
fig-016069,3,"Chef, Red Neckerchief, Dark Tan Legs, Glasses",4
fig-016070,34,"Lilo, Light Aqua Flower",5
fig-016071,34,Scrump,4
fig-016072,34,Nani,5
fig-016073,34,Cobra Bubbles,3
fig-016074,34,David Kawena,4
fig-016076,37,Harry Potter,4
fig-016077,17,"Ernie Prang, Olive Green Sweater, Dark Bluish Gray Legs",4
fig-016078,17,Stan Shunpike,4
fig-016079,17,Sleeping Witch,4
fig-016080,30,"Aloy, Smile",4
fig-016081,30,Varl,5
fig-016082,25,Parrot Handler,3
fig-016083,25,Jungle Ranger,3
fig-016084,35,Steve (Human),4
fig-016085,24,Natalie,4
fig-016086,24,Dawn,4
fig-016087,24,"Villager, Reddish Brown, Coral Nose",3
fig-016088,24,"Iron Golem, Light Bluish Gray Head",43
fig-016089,24,"Piglin, Reddish Brown Legs",3
fig-016090,28,Baby Zombie (A Minecraft Movie),3
fig-016091,28,Garrett,4
fig-016092,28,Henry (Minecraft),4
fig-016093,19,Shadow Hoodie,3
fig-016094,19,Spawner (White),5
fig-016095,19,Spawner (Sand Blue),5
fig-016096,19,"Breeze, 32828",18
fig-016097,12,Ferrari F1 Driver,4
fig-016098,16,Williams F1 Driver,4
fig-016099,16,McLaren F1 Driver,4
fig-016100,14,MoneyGram Haas F1 Driver,4
fig-016101,17,BWT Alpine F1 Driver,4
fig-016102,12,KICK Sauber F1 Driver,4
fig-016103,13,Visa Cash App Racing Bulls F1 Driver,4
fig-016104,13,Aston Martin Aramco F1 Driver,4
fig-016105,11,Mercedes-AMG F1 Driver,4
fig-016106,13,Oracle Red Bull Racing F1 Driver,4
fig-016107,29,"Lloyd, Dark Green Suit, Scabbard",5
fig-016108,23,"Dragonian Warrior, Long Horns",7
fig-016110,33,"Arin, Black Helmet",5
fig-016112,23,"Kai, Dark Red Suit, Red Helmet, Scabbard",5
fig-016113,23,"Drix, Black Neckwear",5
fig-016114,38,Zarkt,4
fig-016115,14,"Visa Cash App Racing Bull F1 Driver, Standard Helmet",5
fig-016116,14,"KICK Sauber F1 Driver, Standard Helmet",5
fig-016117,6,"Racer, Blue Jumpsuit with Octan Logo, Blue Cap, Yellow Life Vest 97895, Silver Sunglasses",5
fig-016118,26,"Criminal, Orange Jumpsuit, Dark Orange Hair",4
fig-016119,26,"Criminal, Black and White Striped Shirt, Orange Legs, Dark Bluish Gray Hair",4
fig-016120,26,"Police Officer, Vibrant Yellow Safety Vest, Dark Orange Hair",4
fig-016121,26,"Police Officer, Black Vest, Dark Brown Hair",4
fig-016123,47,"Zane, Silver Hair",4
fig-016124,47,Dragonian Tourist,4
fig-016125,47,"Model Shop Owner, Reddish Brown Torso, Sand Blue Legs, Red beanie",4
fig-016126,47,Dorama,5
fig-016127,47,"Workshop Mechanic, Vibrant Yellow Safety Vest, Dark Bluish Grey Legs, Red Cap, Orange Safety Glasses",4
fig-016128,47,Dr. LaRow,4
fig-016129,47,"Harumi, Casual Outfit",5
fig-016130,47,Twitchy Tim,4
fig-016131,47,"Restaurant Owner, Light Bluish Grey Torso, Dark Tan Legs, Black Hair",4
fig-016132,47,Dorama's Puppet,36
fig-016133,2,"Kai, Red Robes, Shoulder Guard",4
fig-016134,27,"Chef - White Torso, Dark Bluish Grey Legs, White Hat, Moustache",4
fig-016135,27,"Kid, Red Torso, Dark Brown Medium Legs, Dark Tan Hair",4
fig-016136,27,"Barista, Reddish Brown Apron, Dark Brown Hair",4
fig-016137,27,"Kid, Medium Azure Torso, Dark Blue Medium Legs, Reddish Brown Hair",4
fig-016138,27,"Tan Sweater, Dark Tan Legs, Reddish Brown Boots, Light Bluish Grey Hair",4
fig-016139,27,Chocolate Shop Worker,4
fig-016140,27,"Dark Blue Torso, Sand Blue Legs, Dark Brown Hair",4
fig-016141,39,"Diver, Dark Blue Suit, Orange Air Tank, Dark Blue Helmet",6
fig-016142,39,"Kid, Reddish Brown torso, Dark Blue Legs, Dark Orange Hair",4
fig-016143,39,"Dark Green Torso, Dark Bluish Grey Legs, Black Boots, Dark Blue Legs",4
fig-016144,39,"Tan Sweater, Dark Tan Legs, Dark Bluish Grey Beanie, Dark Orange Moustache",5
fig-016145,39,"Red Torso, Pearl Titanium Legs, Reddish Brown Hair",4
fig-016146,39,"Orange Torso, Sand Blue Legs, Dark Brown Hair",4
fig-016147,34,"Kid, Reddish Brown torso, Sand Blue Legs, Dark Brown Hair",4
fig-016148,34,"Red Torso, Dark Blue Legs, Black Hair",4
fig-016149,21,"Dark Green Torso, Reddish Brown Legs, Hair",4
fig-016150,21,"Skeleton, Standard Face, Bent Arms, Vertical Hand Clips, 78132 Torso, Missing Left Leg",5
fig-016151,21,"Red Torso, Dark Tan Legs, Tan Hat, Neck Bracket",5
fig-016152,29,"Black Falcon Knight, Tan Sack",5
fig-016153,29,Black Falcon Knight,4
fig-016154,29,Forest Girl,4
fig-016155,29,"Forestman, Quiver, Smile",6
fig-016156,29,"Forestman, Quiver, Stubbles",6
fig-016157,29,Forestwoman,6
fig-016158,29,"Forestwoman, Nougat Lips",6
fig-016159,29,"Writer, Sand Green Outfit",5
fig-016160,29,"Woman, Sand Green Dress, Reddish Brown Hair",4
fig-016161,29,"Forestman, Quiver, Beard",6
fig-016163,37,"Skeleton, Standard Face, Bent Arms, Vertical Hand Clips, 78132 Torso, Missing Right Leg",5
fig-016164,29,"Black Falcon Knight, Black Helmet",5
fig-016165,30,"LEGO Inside Tour Participant, Dark Red Suit",5
fig-016166,30,"LEGO Inside Tour Participant, Dark Blue Torso",5
fig-016167,30,"LEGO Inside Tour Participant, Dark Pink Torso",5
fig-016168,30,"LEGO Inside Tour Participant, Light Bluish Grey Torso",5
fig-016169,30,"LEGO Inside Tour Participant, White Torso",5
fig-016170,30,"LEGO Employee, Yellow Torso, Blue Legs, Reddish Brown Hair",4
fig-016171,30,"LEGO House Employee, Black Torso, Dark Blue Legs, Light Bluish Grey Hair",4
fig-016172,30,"LEGO House Employee, Black Torso, Black Legs, Bright Light Yellow Hair",4
fig-016173,5,"Blue Torso, White Legs, Red Speech Bubble",4
fig-016174,5,"Red Torso, Blue Legs, Red Speech Bubble",4
fig-016175,5,"Red Torso, Blue Legs, Blue Speech Bubble",4
fig-016176,24,Alan Grant,4
fig-016177,24,Ellie Sattler,4
fig-016178,16,"Statue, Oceanus",5
fig-016179,16,"Statue, Salubrity / Abundantia",4
fig-016180,6,"Aaron Apnea, Diver, Reddish Orange Wetsuit, Black Legs, Black Helmet, Moustache",6
fig-016181,9,Red Cruiser,3
fig-016182,9,Blue Cruiser,3
fig-016183,9,Brown Cruiser,3
fig-016184,9,Green Cruiser,3
fig-016185,9,"Time Twister, Skeleton with Tuxedo",4
fig-016186,3,"Kenji, Warm Tan Head, Backpack",5
fig-016187,9,"White Torso, Red Legs, Red Hair",4
fig-016188,9,"Red Torso, Blue Legs, Black Hair",4
fig-016189,9,"Blue Torso, Red Legs, Brown Hair",4
fig-016190,9,"Black Torso, White Legs, Yellow Helmet",4
fig-016191,5,Quicky the Nesquik Bunny,3
fig-016192,25,"The Kraang with Medium Blue Armor, Neck Bracket",4
fig-016193,52,Jay with Plain Trans-Yellow Head,4
fig-016194,7,"Guard in Dark Blue Cap, neck Bracket",5
fig-016196,15,"Duke, Blue with Yellow Arms",4
fig-016197,29,"LEGOLAND Visitor, White Torso, Blue Legs, Red Cap",4
fig-016198,4,Venom Doc Ock,5
fig-016199,40,"Belle, Minifig, Dress",4
fig-016200,40,Maurice,4
fig-016201,40,Cogsworth,15
fig-016202,40,"Lumière, Candles",7
fig-016204,40,"Beast, Minifig",5
fig-016205,40,Sultan,17
fig-016206,40,Chef Bouche,19
fig-016207,40,LeFou,4
fig-016209,40,Babette,5
fig-016210,40,"Madame de la Grande Bouche, Hinge",25
fig-016211,40,"Gaston, Quiver",5
fig-016212,18,Sméagol,4
fig-016213,18,Déagol,4
fig-016215,40,"Bilbo Baggins, Light Bluish Grey Hair, Dark Red Vest",4
fig-016216,40,Mrs. Proudfoot,5
fig-016217,40,Mr. Proudfoot,4
fig-016218,40,"Meriadoc Brandybuck (Merry), Bright Light Orange Torso",4
fig-016219,40,"Peregrin Took (Pippin), Dark Green Torso",4
fig-016220,40,Rosie Cotton,5
fig-016222,40,"Gandalf the Grey, Light Bluish Grey Hair, Cape",6
fig-016223,40,"Frodo Baggins, Dark Red Torso",4
fig-016224,40,"Samwise Gamgee, Dark Brown Suit",4
fig-016225,15,"Hulk, Minifig, Yellow Helmet",5
fig-016226,15,"Thanos, Gold Shoulder Guard",4
fig-016227,13,"Pepper Potts, Reddish Orange Hair",4
fig-016228,13,Aldrich Killian,4
fig-016229,13,Iron Patriot MK1,6
fig-016230,13,"Iron Man Mark 6 Armor, Trans-Light Blue Head",5
fig-016231,4,"Minecraft Hero, Gold Helmet",4
fig-016233,6,"Zane, White Suit, Silver Hair, Angry",4
fig-016235,4,"Zane, Silver Helmet",4
fig-016237,3,"War Machine, Black Neck Bracket",6
fig-016238,13,"Dum-E, Black Claw",8
fig-016239,40,"Mrs. Potts, Medium Lavender Lid",2
fig-016240,10,Clone Cadet,4
fig-016241,28,K-2SO,4
fig-016242,18,"Cassian Andor, Warm Tan Head",4
fig-016243,18,Dedra Meero,4
fig-016244,18,ISB Tactical Agent,4
fig-016246,25,"Iron Spider-Man, Plain Legs, 53451 Claws",16
fig-016247,25,"Iron Man Mark 85 Armor, Pearl Gold Arms, Angular Helmet",5
fig-016248,25,Ant-Man,4
fig-016249,30,"Boba Fett, Child, Bright Light Blue Outfit",4
fig-016251,26,"Jango Fett, Pearl Titanium Torso with Printed Arms",6
fig-016252,5,Pit Droid,13
fig-016254,22,"Agent Charge with Armor, 3626c Head",5
fig-016255,19,"Hero Factory Jumper, Black Top, Lime Base",3
fig-016256,22,"Hero Factory Jumper, Black Top, Orange Base",3
fig-016257,17,"Hero Factory Jumper, Blue Top, Lime Base",3
fig-016258,19,"Hero Factory Jumper, Black Top, Red Base",3
fig-016259,21,"Hero Factory Jumper, Blue Top, Orange Base",3
fig-016261,6,"Firefighter, Black Fire Suit, Vibrant Yellow Helmet, Orange Life Jacket",6
fig-016262,15,"Fireman, Black Fire Jacket with Reflective Stripes, Radio, and Badge, Silver Helmet, Yellow Life Vest 97895, Beard and Glasses",5
fig-016263,15,"Fireman, Black Fire Jacket with Reflective Stripes, Radio, and Badge, White Helmet, Yellow Life Vest 97895",5
fig-016264,15,"Fireman, Black Fire Jacket with Reflective Stripes, Radio, and Badge, White Helmet, Yellow Life Vest 97895, Open Mouth",5
fig-016265,15,"Fireman, Black Fire Jacket with Reflective Stripes, Radio, and Badge, White Helmet, Yellow Life Vest 97895, Stubble",5
fig-016266,2,"Cinder, Ghost Legs",4
fig-016267,5,Ender Explorer,3
fig-016268,43,"Lisa Simpsons, Skirt with 2 Center Leg Holes",4
fig-016269,43,Jeremy Freedman / Squeaky-Voiced Teen,3
fig-016270,43,Sideshow Bob,3
fig-016271,43,Sergeant Lou,3
fig-016272,43,"Homer Simpsons, Stained Shirt",3
fig-016273,43,"Krusty the Clown, Farmer Outfit",3
fig-016274,18,"Gandalf the Grey, Light Bluish Grey Hair",5
fig-016275,14,Chloe,3
fig-016276,25,Bluey,3
fig-016277,36,Bingo,3
fig-016278,36,Chilli,3
fig-016279,32,Bandit,3
fig-016280,32,"Bluey, Cape, Crown",5
fig-016282,31,"Zac - White Shirt, Red Pants",4
fig-016283,31,"Elsa D - White Shirt, Lime Pants",4
fig-016284,34,"Aliya - White Shirt, Sand Blue Pants",4
fig-016285,34,"Liann - Coral Jacket, Tan Pants",4
fig-016286,34,Victoria - Blue Dress,3
fig-016287,21,"Leo - Coral Shirt, Bright Green Shorts",4
fig-016288,43,"Liann - Dark Azure Top, Bright Light Yellow Shorts",4
fig-016289,26,"Aliya - White Shirt, Medium Azure Pants, Sunglasses, Lifevest",6
fig-016290,36,"Leo - Red Shirt, Yellow Shorts",4
fig-016291,35,Autumn - Bee Costume,7
fig-016292,35,Paisley - Fairy Costume,6
fig-016293,35,Leo - Bunny Costume,4
fig-016294,35,Olly - Merman Costume,5
fig-016295,37,"Sky - Dark Turquoise Top, Dark Purple Shorts",4
fig-016296,37,"Celine - Coral Top, White Shorts",4
fig-016297,37,"Paisley - Lavender Top, Shorts",4
fig-016299,37,"Zac - White/Green Shirt, Orange Shorts",4
fig-016300,34,"Nova, Lavender Top, Yellowish Green Skirt",4
fig-016301,34,"Olly - White Shirt, Blue Pants",4
fig-016302,34,"Aliya - White Shirt, White Shorts",4
fig-016303,34,Esma,4
fig-016304,42,"Nova - Lavender Top, Dark Purple Shorts, Life Vest, Sunglasses",6
fig-016305,42,"Sage - Dark Azure Top, Bright Green Shorts",4
fig-016306,42,Mischa,4
fig-016307,42,Christopher,5
fig-016308,42,Aron - Blue Shorts,4
fig-016309,38,Zac - Robot Space Suit,7
fig-016310,38,Liann - Super Hero Costume,5
fig-016311,38,Nova - Classic Space Costume,5
fig-016312,38,Aliya - Knight Costume,5
fig-016313,15,Suki,4
fig-016314,39,"Police Officer Lina Brickle, Black Safety Vest, White Hair",4
fig-016315,39,"Astronaut, Jenny Brickle, White Spacesuit, Dark Azure Backpack, Standard Helmet",6
fig-016316,39,"Firefighter, Black Fire Suit, Vibrant Yellow Helmet",5
fig-016317,39,"Train Conductor, Sand Blue Vest, Dark Blue Legs",4
fig-016318,39,"Just Jason, Orange Jacket, Dark Blue Legs, Reddish Brown Hair",4
fig-016319,39,"Drea Brickle, Lavender Jacket, Dark Azure Medium Legs, Black Skirt",5
fig-016320,40,"Construction Worker, Ted Brickle, Bright Light Blue Shirt, Reddish Brown Legs, Dark Orange Belt, Red Helmet",5
fig-016322,34,"Nya, Dark Azure Shoulder Armor and Mask, Hair",5
fig-016324,36,"Cole, Black Shoulder Armor and Mask, Hair",5
fig-016326,34,"Zane, White Shoulder Armor and Mask, Hair",5
fig-016327,31,Professor Moriarty,6
fig-016328,31,Dr. Watson,4
fig-016329,31,Paige,4
fig-016330,31,Sherlock Holmes,5
fig-016331,31,Irene Adler,5
fig-016332,33,"Mateo, Dark Azure Torso, Cape",5
fig-016333,25,"Astrid, White Armor",4
fig-016334,25,Dreamsmasher (Claudius),5
fig-016335,25,"Logan, Vibrant Yellow Cap with Cat Ears",4
fig-016336,26,"Explorer, Reddish Brown Jacket, Dark Brown Hat, Red Scarf",5
fig-016337,26,"Arctic Explorer, STEVEGOESNORTH, Orange Suit, Dark Blue Hat and Backpack",5
fig-016338,26,"Train Driver, Dark Tan Vest, Medium Azure Legs, Dark Blue Hat",4
fig-016339,31,"Arctic Explorer, Tina Tarantula, Orange Suit, Dark Orange Hair",4
fig-016340,26,"Arctic Crane Operator, Red Jacket, Medium Azure Legs, Black Hair",4
fig-016342,30,"Master Wu, White Shoulder Armor and Mask, Pearl Gold Hat",5
fig-016343,26,Atwater,4
fig-016344,26,LeClerc,4
fig-016345,21,"Mechanic, Dirty White Vest, Sand Blue Legs, Dark Blue Hat",4
fig-016346,21,"Construction Worker, Reddish Orange Safety Jacket, Dark Bluish Gray Legs, Red Helmet",4
fig-016347,21,"Mechanic, Sand Blue Overalls, Dark Tan Hair",4
fig-016348,21,"Classic Spaceman, Dark Turquoise with Airtanks",5
fig-016349,21,"Classic Spaceman, Pearl Gold with Airtanks",5
fig-016350,21,Rob the Fan Designer,4
fig-016351,21,LEGO Ideas Designer,4
fig-016352,21,Pirate Camilla,5
fig-016353,21,Pirate Bo'Sun Will,4
fig-016354,21,Male Kraken Warrior,5
fig-016355,21,Paradisa Beach Bro,4
fig-016356,21,Paradisa Beach Bae,4
fig-016357,21,Male Griffin Knight,4
fig-016358,21,Female Griffin Knight,4
fig-016359,21,Bernard Bear Minifigure,4
fig-016360,21,Elton Elephant Minifigure,4
fig-016361,21,Female Kraken Warrior,5
fig-016362,28,"Arctic Explorer, Iris Icicle, Dark Azure Jacket, Dark Blue Legs, Orange Ponytail",4
fig-016363,28,"Arctic Explorer, Captain Nautilus, Medium Azure Jacket, Orange Legs, White Fur Neckwear, Dark Blue Cap",5
fig-016364,29,"Mateo, Trans-Bright Green Cape",4
fig-016365,27,One,5
fig-016366,27,"Mr. Oz, White Torso, Pearl Titanium Legs",4
fig-016368,27,"Albert, Dark Blue Spacesuit with Airtanks",4
fig-016369,38,Zora Bennett,4
fig-016370,38,Martin Krebs,4
fig-016371,38,Dr. Henry Loomis,5
fig-016372,33,Duncan Kincaid,5
fig-016374,28,Kai (Master of Fire),5
fig-016375,28,Fisherman,5
fig-016376,30,"Sora, Dark Blue Shoulder Armor and Mask",5
fig-016377,27,Kur,5
fig-016378,30,"Lloyd, Bright Green Shoulder Armor and Mask, Hair",5
fig-016379,29,"Spectral Dragonian Warrior, Ghost Lower Body",7
fig-016380,27,Tyr,12
fig-016381,23,Island Adventure Peely,3
fig-016382,23,Oro,4
fig-016383,25,"Mechanic, Vibrant Yellow Safety Vest and Helmet",4
fig-016384,25,"Man, Light Aqua Torso, Dark Tan Legs, Black Hair",4
fig-016385,25,"Barista, Reddish Brown Apron, Bright Light Yellow Hair",4
fig-016386,25,"Girl, White Torso, Short Lime Legs, Dark Brown Hair",4
fig-016387,25,"Train Operator, Sand Blue Vest, Dark Blue Legs",4
fig-016388,25,"Woman, Bright Light Blue Sweater, Dark Pink Legs",4
fig-016389,17,"Construction Worker, Reddish Orange Safety Jacket, Overalls, Red Helmet, Reddish Brown Hair",4
fig-016390,17,"Construction Worker, Reddish Orange Safety Jacket, Red Helmet",4
fig-016391,29,Rox,5
fig-016392,29,"Rogue, Dark Blue Hat",5
fig-016393,24,Maui (Big Fig) Sienna Brown,7
fig-016394,23,"Police Mechanic, Bright Light Blue Torso, Dark Blue Legs, Dark Blue Cap",4
fig-016395,23,"Police Mechanic, Bright Light Blue Torso, Dark Blue Legs, Dark Brown Hair",4
fig-016396,23,"Police Officer, Vibrant Yellow Torso, Dark Blue Legs, Dark Orange Hair",4
fig-016398,25,"Kai, Red Shoulder Armor and Mask, Hair",5
fig-016399,24,"Spectral Dragonian Warrior, Legs, Long Horns",7
fig-016400,24,Frak,3
fig-016401,27,Beef Boss,3
fig-016402,27,Grimey ,4
fig-016403,27,Ramirez / Beach Bomber,4
fig-016404,28,"Logan (Dreamling Form), Cap with Cat Ears",3
fig-016405,17,Iron Man Mark 4 Armor,5
fig-016406,15,The Thing / Benjamin Grimm,4
fig-016407,15,Susan Storm / Invisible Woman,4
fig-016409,15, Reed Richards / Mr. Fantastic,4
fig-016410,15,Johnny Storm / Human Torch,4
fig-016411,27,"Pilot, Light Aqua Shirt, Dark Blue Legs, Dark Bronw Hair",4
fig-016412,27,"Doctor, White Lab Coat, Medium Azure Legs, Black Hair",4
fig-016413,27,"Paramedic, Vibrant Yellow Safety Vest, Light Bluish Gray Hair",4
fig-016414,27,"Skier, Dark Red Suit, Tan Hair",4
fig-016415,19,"Zoey, White Shirt, Dark Purple Quiver",5
fig-016416,19,"Cyberling, White Helmet, Wings",8
fig-016417,20, Reuben Delgado,4
fig-016418,20, Isabella Delgado,5
fig-016420,33,"Elsa - Microdoll, Bright Light Blue Dress, Hair in Tail",3
fig-016421,33,"Olaf - Microdoll, 3626c Body, Stick Hair, Bright Light Blue Mouth",4
fig-016423,33,"Anna - Microdoll, Dark Purple Dress",3
fig-016424,33,"Kristoff - Microdoll, Closed Mouth",3
fig-016425,33,Honeymaren - Microdoll,3
fig-016426,24,"Police Officer, Bright Light Blue Shirt, Dark Blue Legs, Orange Life Jacket",5
fig-016427,24,"Police Officer, Vibrant Yellow Safety Vest, Dark Blue Legs, Orange Life Jacket",5
fig-016428,23,Peely,3
fig-016429,23,Sparkplug,4
fig-016431,12,"Arin, Black Hair and Mask",5
fig-016432,23,"Bo Peep, Large Bright Pink Dress",4
fig-016433,23,Xavier Dobbs,4
fig-016434,23,"Teresa Delgado, Red Life Jacket",5
fig-016436,21,Daisy Duck with Lavender Dress,5
fig-016438,21,"Minnie Mouse, Paw Print Dress",5
fig-016440,11,Nya,4
fig-016441,12, Drix,4
fig-016442,11,"Rogue, Wrap",4
fig-016443,7,"Night Trooper, Dark Bluish Gray Helmet",4
fig-016444,7,Death Trooper,4
fig-016445,10,"Plo Koon, Printed Legs",3
fig-016446,9,"Spectral Dragonian Warrior, Legs, Short Horns",7
fig-016447,16,"Criminal, White Torso, Sand Blue Legs, Light Bluish Gray Hat",5
fig-016448,16,"Police Officer, Vibrant Yellow Safety Vest, Dark Blue Legs, White Helmet",5
fig-016450,11,"Arin, Black Shoulder Armor and Mask, Hair",5
fig-016451,11,Spectral Dragonian,4
fig-016452,26,Silent Ranger,3
fig-016453,28,Mason Villager,3
fig-016454,28,Space Sentinel,4
fig-016455,38,"Stray Spider Jockey, Dark Azure Armor",7
fig-016456,20,Miner,3
fig-016457,28,"Realm Raider, Helmet",4
fig-016458,28,Dimensional Defender,3
fig-016459,23,"Ron Weasley, Olive Green Jacket",4
fig-016460,18,"Neville Longbottom, Gryffindor Robes, Short Legs, Happy",4
fig-016461,11,"Lightning McQueen, Duplo",2
fig-016462,7,"Tow Mater, Duplo",4
fig-016464,31,"Albus Dumbledore, Dark Red Robe",5
fig-016465,31,"Nearly Headless Nick, Collar",5
fig-016466,31,Professor Silvanus Kettleburn,5
fig-016467,31," Marcus Flint, No Cape",4
fig-016468,31,"Percy Weasley, Open Robes",4
fig-016469,31,"Dean Thomas, Short Legs, Closed Robe",4
fig-016470,31,Ernie Macmillan,4
fig-016471,31,Lisa Turpin,5
fig-016472,31,"Neville Longbottom, Pajamas",4
fig-016473,31,"Hermione Granger, Dark Green Sweater, Short Dark Tan Legs",4
fig-016474,31,"Harry Potter, Red Sweater, Short Dark Tan Legs",4
fig-016475,31,"Ron Weasley, Dark Bluish Gray Shirt, Short Legs",4
fig-016476,26,"Liann - White Shirt with Panda, Bright Light Orange Shorts",4
fig-016477,26,"Autumn - Dark Green Shirt, Sand Green Pants",4
fig-016478,16,"Sara - Bright Light Blue Top, Yellowish Green Shorts",4
fig-016479,30,"Dudley Dursley, Napkin",4
fig-016481,30,"Vernon Dursley, Tan Torso",4
fig-016482,30,"Petunia Dursley, White Shirt",4
fig-016483,30,Aunt Marge Dursley,4
fig-016484,30,"Aunt Marge Dursley, Balloon",14
fig-016485,8,"Firefighter, Black Fire Suit, Vibrant Yellow Helmet",5
fig-016487,9,"Darth Maul, Pearl Titanium Body",4
fig-016488,25,"Pomona Sprout, Medium Nougat Dress",4
fig-016490,25,"Hermione Granger, Herbology Outfit, Short Legs",4
fig-016491,33,Florian Fortescue,4
fig-016492,33,Alicia Spinnet,4
fig-016493,33,"Cho Chang, Short Legs, Olive Green Jacket",4
fig-016494,33,Katie Bell,4
fig-016495,33,"Witch, Shop Owner",4
fig-016496,33,"Ron Weasley, Dark Red Shirt, Sand Blue Short Legs",4
fig-016497,33,"Mannequin, Dark Green Quidditch Uniform",3
fig-016498,37,Jasmine,4
fig-016500,37,"Rapunzel, Big eyes, Flowers",6
fig-016501,37,Mulan,4
fig-016503,39,"Ariel, Warm Tan",4
fig-016505,23,Jessie with Bow in Hair,5
fig-016506,31,Woody,4
fig-016507,23,Buzz Lightyear,5
fig-016510,5,"Batman, Black Suit, Black Cowl, Black Backpack",5
fig-016511,29,"Chef - White Torso, Reddish Brown Legs",4
fig-016512,4,"Soldier (Imperial Soldier) - Yellow Epaulettes, 3626b",5
fig-016513,30,Jane Austen,4
fig-016514,0,"Superman, Plain Legs, Rubber Cape",5
fig-016515,11,"Worker - Orange Safety Vest, Orange Legs, Red Helmet",4
fig-016516,0,"Red Torso, Black Legs",3
fig-016517,4,"Blue Overalls, Blue Cap",4
fig-016518,2,"Man, Green Overalls over Red Shirt, Reddish Brown Hair, Black Eyebrows - Flatiron",4
fig-016519,2,"Orange Torso, Orange Legs, Reddish Brown Hair - Flatiron",4
fig-016520,2,"Sand Blue Scrubs, Black Hair - Flatiron",4
fig-016521,5,"Captain America, Neck Bracket",5
fig-016522,32,"Man, Reddish Brown Apron, Reddish Brown Cap",4
fig-016523,32,"Kid, White Torso, Dark Blue Medium Legs, Dark Brown Hair",4
fig-016524,32,"Woman, Bright Light Orange Torso, Dark Tan Legs, Dark Orange Hair",4
fig-016525,32,"Captain, Dark Tan Torso, Sand Blue Legs, Dark Green Hat, Dark Orange Beard",5
fig-016526,29,"Robber, Blue Torso, Dark Red Legs, Black Hat",4
fig-016527,29,"Robber, Black Torso, Dark Blue Legs, Dark Brown Hair",4
fig-016528,29,"Robber, White Torso, Dark Bluish Grey Legs, Fedora, Mask",5
fig-016529,29,"Cowboy, Red Torso, Dark Brown Legs, Dark Brown Fedora",4
fig-016530,29,"Train Driver, Blue Overalls, Mask, Reddish Brown Cap",5
fig-016531,29,"Passenger, Blue Torso, Dark Purple Dress, Dark Orange Hair",4
fig-016532,29,"Passenger, Light Bluish Grey Torso, Pearl Titanium Legs, Black Hat, Moustache",5
fig-016533,29,"Robber, Black Torso, Dark Bluish Grey Legs, Dark Brown Fedora",4
fig-016534,29,"Robber, Dark Green Torso, Dark Tan Legs, Light Bluish Grey Fedora",4
fig-016535,29,"Passenger, Sand Green Torso, Dark Green Dress, Dark Orange Hair",4
fig-016536,29,"Conductor, Dark Blue Uniform",4
fig-016537,29,"Train Driver, Reddish Brown Apron, Orange Hair, Beard",5
fig-016538,39,"Black Falcon Archer, Female",5
fig-016539,39,"Blacksmith, Black Torso, Dark Red Legs, Black Hair",5
fig-016540,39,"Warrior, Dark Bluish Grey Torso, Legs, Pearl Titanium Helmet, Dark Orange Beard",7
fig-016541,39,"Healer, Olive Green Torso, Dark Orange Legs, Bright Light Yellow Hair, Backpack",5
fig-016542,39,"Cart Driver, Olive Green Torso, Dark Tan Legs, Black Hair",4
fig-016543,39,"Cook, Dark Green Torso, Dress, White Hood",4
fig-016544,39,"Animal Handler, Tan Torso, Black Legs, Reddish Brown Hood, Backpack",5
fig-016545,39,"Black Falcon Archer, White Beard",6
fig-016546,39,"Black Falcon Knight, Black Moustache",6
fig-016547,39,"Black Falcon Knight, Reddish Brown Shoulder Guard",5
fig-016548,39,"Black Falcon Knight, Dark Blue Shoulder Guard",5
fig-016549,39,"Queen, Full Armor",6
fig-016550,39,"Queen, Black Dress, Dark Orange Hair, Sand Blue Collar",5
fig-016551,39,"Bard, Blue Torso, Dark Blue Legs, Blue Hat, Pearl Gold Shoulder Guard",6
fig-016552,39,"Knight, Dark Bluish Grey Armor, Neck Bracket",5
fig-016553,39,Lion Knight,4
fig-016554,0,"Spider-Man, Cyborg Suit",3
fig-016555,37,"Knight, Wide Brim, Stubbles",4
fig-016556,37,"Merchant, Dark Red Dress",4
fig-016557,37,"Blacksmith, Black Torso, Dark Red Legs, Orange Beard",4
fig-016558,37,"Snake Charmer, Olive Green Torso, Dark Brown Legs, Black Hair",4
fig-016559,37,"Knight, Archer, Quiver",5
fig-016560,37,"Cart Driver, Sand Blue Torso, Dark Orange Legs, Black Hair",4
fig-016561,37,"Tax Collector, Dark Purple Torso, Sand Blue Legs, Dark Orange Hair",4
fig-016562,37,"Knight, Wide Brim, Female",4
fig-016563,37,"Fish Merchant, Dark Tan Torso, Dark Blue Legs, Dark Blue Hat",4
fig-016564,48,"Kid, Reddish Brown Overall, Dark Orange Hair, Backpack",5
fig-016565,48,"Woman, Dark Green Torso, Dark Tan Legs, Light Bluish Grey Hair",4
fig-016566,48,"Man, Reddish Brown Torso, Legs, Tan Hat, Light Bluish Grey Beard",5
fig-016567,48,"Man, Sand Green Torso, Sand Blue Legs, Dark Brown Hat, White Beard",5
fig-016568,48,"Woman, Olive Green Torso, Dark Tan Legs, Dark Brown Hair",4
fig-016569,16,B'Ball,3
fig-016570,12,"Astronaut, White Spacesuit, Bright Green Legs, Sphere Helmet",4
fig-016571,12,"Astronaut, White Spacesuit, Bright Light Orange Legs, Sphere Helmet",4
fig-016572,1,Ender Explorer,3
fig-016573,1,"Enderman, Green Box, Foot Plate",15
fig-016574,28,"Enderman, Red Box, Red Floor Plate",13
fig-016575,28,"Enderman, Dark Turquoise Box, Dark Turquoise Foot Plate",15
fig-016576,23,"Bluey, Sunglasses",4
fig-016577,4,"Police Officer, Vibrant Yellow Police Vest, White Helmet with Visor, Neck Bracket",6
fig-016578,25,"Neville Longbottom, Tan Shirt, Headphones, Short Legs",5
fig-016579,29,"Spectral Dragonian Warrior, Ghost Lower Body, Wings",12
fig-016580,9,"Kid, Bright Light Blue Torso, Blue Legs, Dark Orange Hair",4
fig-016581,9,"Store Employee, Black Suit, Dark Brown Hair",4
fig-016582,9,"Medium Lavender Torso, Dark Azure Leg, Prosthetic Leg, Bright Light Yellow Hair",4
fig-016583,32,"Chef - White Torso, White Legs, White Hat",4
fig-016585,2,"Cole, Black Robes, Black Bandana",5
fig-016586,20,"Farmer, Medium Nougat Overalls, Dark Brown Hat",4
fig-016587,12,"327th Clone Trooper, Range Finder",6
fig-016588,12,327th Clone Trooper,5
fig-016590,14,"Iron Spider-Man, Plain Legs, 3171 Claws",8
fig-016592,19,"Ki-Adi-Mundi, Printed Legs",4
fig-016593,19,Galactic Marine,5
fig-016594,19,Commander Bacara,4
fig-016595,30,"Knight, Female, White Tunic, Helmet with Red Plume",6
fig-016596,30,"Knight, White Tunic, Helmet",4
fig-016597,30,"King, Armor with White Tunic, Crown",5
fig-016598,30,"Black Knight, Black Cape, Helmet with Yellow Plume",6
fig-016599,30,"Villager, Man, Dark Brown Vest, Blue Legs, Dark Tan Hair",4
fig-016600,30,"Archer, White Tunic, Blue Hood, Quiver",5
fig-016601,21,Clone Commander Bly,6
fig-016602,21,"Aayla Secura, Dark Azure",4
fig-016603,21,"Commando Droid, Pearl Titanium",5
fig-016605,19,"Obi-Wan Kenobi, Tan General Robes",4
fig-016606,19,Clone Pilot,4
fig-016607,19," Asajj Ventress, Dark Purple Outfit",3
fig-016608,22,Ultron,4
fig-016609,22,"Quicksilver, Sand Blue Torso",4
fig-016610,41,"Green Goblin, Dark Purple Hood",4
fig-016611,41,"Kraven the Hunter, Reddish Brown Legs",5
fig-016612,41,Eddie Brock & Venom,8
fig-016613,41,Spider-Woman,4
fig-016614,41,"Norman Osborn, Black Suit",4
fig-016616,13,"Aunt May, Light Bluish Gray Sweater, Bright Light Blue Legs",4
fig-016617,13,"J. Jonah Jameson, Dark Blue Suit, Reddish Brown Hair",4
fig-016618,13,"Spider-Man, Torn Suit",3
fig-016619,13,Dr. Octopus / Doc Ock Four-pointed Tentancles,63
fig-016620,20,"Sig Greebling, Reddish Brown Outfit",4
fig-016621,20,Darth Dev,4
fig-016622,19,"Man, Light Bluish Gray Sweater, Blue Legs, Dark Orange Hair",4
fig-016623,20,Solitus,5
fig-016624,45,"Monkey D. Luffy, Hat, Open Mouth",4
fig-016625,50,Nami,4
fig-016626,45,Monkey D. Garp,5
fig-016627,45,Helmeppo,4
fig-016628,45,Koby,4
fig-016629,45,Dracule Mihawk,5
fig-016630,45,Zeff,5
fig-016631,49,Usopp,4
fig-016632,45,"Roronoa Zoro, Blue Tunic, Bandana",4
fig-016633,45,"Sanji, Dark Blue Overalls",4
fig-016634,45,Mermaid Statue,4
fig-016635,25,"Wednesday Addams, Short Skirt",4
fig-016636,25,Marilyn Thornhil,4
fig-016637,17,Iron Patriot MK 2,5
fig-016638,17,"Rocket Raccoon, Dakr Blue Jumpsuit",4
fig-016639,17,"Thor, Dark Tan Hair, Rubber Cape",5
fig-016640,18,"Thanos, Dark Blue and Gold Outfit, Dark Blue Arms",4
fig-016641,18,"Captain America, No Wings on Helmet",4
fig-016642,25,"Mary Jane, Medium Nougat Jacket, Sand Blue Legs, Red Hair",4
fig-016643,24," Monkey D. Luffy, Short Legs",4
fig-016644,24,Makino,4
fig-016645,25,"Hobgoblin, Rubber Cape",5
fig-016646,24,Shanks,5
fig-016647,33,"Monkey D. Luffy, Hat, Closed Mouth",4
fig-016648,18,"Gabby, Mermaid Tail",5
fig-016649,33,"Sanji, Black Suit",4
fig-016650,18,Kitty Jellyfish,2
fig-016651,33,"Roronoa Zoro, Hair",4
fig-016652,31,Mecha Team Leader,3
fig-016653,18,Goldie,3
fig-016654,19,"Batman, Pearl Titanium Suit (Batman Forever)",5
fig-016655,11,"War Machine, Trans-Clear Neck Bracket, Pearl Titanium Hands",6
fig-016656,16,"Race Driver, White Shirt, Light Bluish Gray Legs, Dark Brown Hair",4
fig-016657,18,"Driver, Black Vest, Blue Legs, Black Hair",4
fig-016658,31,Blathers,3
fig-016659,31,Lily,3
fig-016660,34,"Monkey D. Luffy, Long Arms",4
fig-016661,34,"Nami, Yellowish Green Tank Top",5
fig-016662,34,"Usopp, Dark Green Hat",4
fig-016663,34,Arlong,4
fig-016664,34,Chu,4
fig-016666,26,"Roronoa Zoro, Blue Tunic, Hair",4
fig-016667,26,Buggy The Clown,4
fig-016668,26,"Monkey D. Luffy, Neck Bracket",5
fig-016669,27,Lama Su,3
fig-016670,27,"Jango Fett, Pearl Titanium Torso with Plain Arms",6
fig-016671,21,"Skeleton, Standard Face, Bent Arms, One Vertical and One Horizontal Hand Clips, 78132 Torso",6
fig-016672,21,Frankenstein's Monster,4
fig-016673,21,"Werewolf, Torn Red Flannel Site, Sand Blue Legs",3
fig-016674,21,"Vampire, Dark Red Dress, Black Hair",4
fig-016676,21,"Ghost, Glow in the Dark, Pin Hole",4
fig-016677,29,Chumsley Cat,2
fig-016678,29,Trans-Yellow Cone Creature,2
fig-016679,29,"Gabby, White Outfit",5
fig-016680,29,Cookie Bobby,9
fig-016681,32,Fang,3
fig-016682,32,Fuchsia,3
fig-016683,32,Stitches,3
fig-016684,17,"Blue Torso, Dark Blue Legs, Dark Blue Cap",4
fig-016685,19,"Lamborghini Driver, Dark Blue Torso, Tan Legs, Black Hair",4
fig-016686,19,"Lamborghini Driver, Dark Blue Torso, Tan Legs, Dark Tan Hair",4
fig-016687,12,"Porsche Driver, Red Racing Suit",4
fig-016689,16,"AT-ST Driver, Printed Legs and Arms",4
fig-016690,2,"Hero, Tan Torso, Armor",4
fig-016691,39,"Woman, Nougat Apron, Dark Brown Hat",4
fig-016692,26,"Monochrome Bright Light Orange, 28621 Head",3
fig-016693,18,"White Torso, Dark Turquoise Legs, Neutral Face",3
fig-016694,17,"White Torso, Dark Blue Legs, Neutral Face",3
fig-016695,25,"Mega Minon Gus, Yellow Arms",6
fig-016696,34,"Kid, White Torso, Dark Azure Legs, Dark Brown Hair",4
fig-016698,1,"Cole in Techno Robe Outfit, Katana Holder (Rebooted)",6
fig-016700,23,"Master Wu, Child",3
fig-016701,45,"Tourist, White Torso, Dark Blue Legs, Medium Nougat Hair",4
fig-016702,45,"Gelato Seller, White Torso, White Legs, Dark Orange Hair",4
fig-016703,45,"Man, Tan Torso, Dark Red Legs, Light Bluish Grey Hair",4
fig-016704,45,"Kid, White Torso, Dark Turquoise Legs, Black Hair",4
fig-016705,45,"Kid, Bright Light Blue Torso, Blue Medium Legs, Dark Brown Hair",4
fig-016706,45,"Cook, Light Aqua Apron, Light Bluish Grey Hair",4
fig-016707,45,"White Torso, Dark Pink Legs, Dark Tan Hair",4
fig-016708,45,"Fisher Man, Dark Green Torso, Dark Bluish Grey Legs, Reddish Brown Cap, Life Vest",5
fig-016709,45,"Lime Torso, Dark Azure Legs, Reddish Brown Hair",4
fig-016710,12,"Astromech Droid, R2-D2, White 30367b Dome, 30361c Body",4
fig-016711,4,"Man, Dark Blue Pinstripe Suit with Gold Tie, Black Hair, Glasses, 3626bpr0223",4
fig-016712,5,"Guard in Helmet, Neckbracket",5
fig-016713,2,Dragonian Scout,4
fig-016714,24,"Wicket, Molded Ewok, Dark Orange Hood, Tan Face, Lines on Hood",3
fig-016715,2,"Miles Morales, CMF",4
fig-016716,4,Hobie Brown / Spider-Punk,4
fig-016717,3,"Prowler, Miles Morales",5
fig-016718,2,"Gwen Stacy, CMF",4
fig-016719,2,Miguel O'Hara / Spider-Man 2099,5
fig-016720,4,Pavitr Prabhakar / Spider-Man India,4
fig-016721,3,Petra Parker / Cyborg Spider-Woman,7
fig-016722,2,Charlotte Webber / Sun-Spider,4
fig-016723,3,Margo Kess / Spider-Byte,4
fig-016724,1,May 'Mayday' Parker,2
fig-016725,4,Patrick O'Hara / Web-Slinger,6
fig-016726,1,"Peter Parker, Werewolf",4
fig-016728,1,Peter B. Parker,5
fig-016729,5,"Hero, Dark Green Torso, Dark Tan Legs",3
fig-016730,34,"Olaf - Microdoll, 28621 Body, Stick Hair, Bright Light Blue Mouth",4
fig-016732,34,"Elsa - Microdoll, Bright Light Blue Dress, Hair in Tail",3
fig-016734,34,"Anna - Microdoll, Dark Green Dress",3
fig-016735,34,Kristoff - Dark Blue Cap,3
fig-016736,35,Alex,3
fig-016737,35,"Micromob Steve, Dark Green Torso",3
fig-016738,35,Snow Golem,12
fig-016739,35,Iron Golem - Micro,15
fig-016740,35,"Steve, Ugly Christmas Sweater",4
fig-016741,35,"Warden, Micro",17
fig-016742,35,"Zombie, Micro",3
fig-016743,35,"Zombie, Armor",4
fig-016744,35,"Villager, Santa Skin",4
fig-016745,34,Aliya - Lime Pajama,4
fig-016746,34,"Liann, Coral Pajama",4
fig-016747,34,Leo - Dark Azure Pajama,4
fig-016748,34,Autumn - Bright Green Pajama,4
fig-016749,34,Nova - Dark Azure Pajama,4
fig-016750,28,"Kid, Polar Bear Costume",4
fig-016751,28,"Dark Green Sweater, Tan Legs, Black Hair",4
fig-016752,28,"Kid, Reindeer Costume",5
fig-016753,28,"Sand Blue Sweater, Dark Azure Legs, Dark Brown Hair",4
fig-016754,28,"Kid, Christmas Tree Costume",4
fig-016755,28,"Snowman, Tricorn, Scarf",8
fig-016756,28,"Mrs. Claus, Plain Red Dress",4
fig-016758,23,"C-3PO, Red Eyes",3
fig-016759,23,"Pit Droid, Reddish Brown",15
fig-016760,23,GNK Power Droid (Gonk) - White,19
fig-016761,23,Buzz Droid,15
fig-016762,23,B2EMO,16
fig-016763,23,"Jawa, Ugly Christmas Sweater",4
fig-016764,23,WED Treadwell Repair Droid,23
fig-016765,23,"Battle Droid, Medium Nougat Plate, Antenna",7
fig-016766,23,Holiday MSE-6 Mouse Droid,11
fig-016768,23,Imperial Probe Droid,18
fig-016769,23,Christmas Tree Medical Droid,13
fig-016770,23,"BB-8, Snow Man",3
fig-016771,22,"Harry Potter, Red Sweater",4
fig-016772,22,"Cho Chang, Blue Sweater",4
fig-016773,22,"Draco Malfoy, Green Sweater",4
fig-016776,22,"Hannah Abbott, Bright Light Orange Sweater",4
fig-016777,22,"Angelina Johnson, Red Sweater",4
fig-016778,22,"Luna Lovegood, Blue Sweater",4
fig-016779,22,"Blaise Zabini, Green Sweater",4
fig-016781,22,"Cedric Diggory, Bright Light Orange",4
fig-016782,22,"Neville Longbottom, Light Bluish Grey Sweater",4
fig-016783,17,Cruella de Vil,4
fig-016784,17,"Red Nike Outfit, Hood with Cap",4
fig-016785,34,Scarecrow,5
fig-016786,34,Tinman,4
fig-016787,34,"Elphaba, Black Hat",5
fig-016789,34,"Glinda, Lavender Gown",5
fig-016790,34,Dorothy Gale,4
fig-016791,42,"Ron Weasley, Dark Brown Jacket",4
fig-016792,42,Zonko Shopkeeper,4
fig-016793,42,Aberforth Dumbledore,5
fig-016794,42,"Hermione Granger, Dark Bluish Grey Coat",4
fig-016795,42,"Cornelius Fudge, Black Suit",4
fig-016796,42,Ambrosius Flume,4
fig-016797,47,"Draco Malfoy, Black Coat, Long Legs",4
fig-016798,42,"Katie Bell, Possessed",4
fig-016799,42,"Harry Potter, Black Coat, Long Dark Bluish Grey Legs",4
fig-016800,42,Madam Rosmerta,4
fig-016801,42,Horace Slughorn,4
fig-016802,30,"Glinda, Bright Pink Gown",5
fig-016803,30,"Madame Morrible, Minifig",4
fig-016804,30,Pfannee,4
fig-016805,30,"Elphaba, Black Hat, Dress",4
fig-016806,30,The Wizard,4
fig-016807,30,"Fiyero, Minifig",4
fig-016808,25,"Elphaba, Black Hair",4
fig-016809,25,"Fiyero, Dark Green Suit",4
fig-016810,27,"Glinda, White Wedding Dress",5
fig-016811,27,"Madame Morrible, Dark Green Dress",4
fig-016812,40,"Glinda, Lavender Dress, Tiara",5
fig-016813,40,"Elphaba, Black Hat, Neckwear",5
fig-016814,33,"Glinda, Lavender Gown, Tiara",5
fig-016815,33,"Elphaba, Black Hat, Neckwear",5
fig-016816,33,Boq Woodsman,4
fig-016817,0,Droideka,30
fig-016819,46,"The Joker, Prison Clothes",4
fig-016820,46,"Security Guard, Black Vest, Dark Blue Legs",4
fig-016821,46,"Batman, Black Suit, Black Cowl, Cloth Cape",5
fig-016822,46,"Killer Croc, Prison Clothes",3
fig-016823,46,"Robin, Dark Bluish Grey Torso, Medium Legs, Cape",5
fig-016825,46,"Harley Quinn, Prison Clothes",4
fig-016826,46,"The Riddler, Bright Green Suit",4
fig-016827,46,"Mr. Freeze, Sand Blue Suit, Bright Light Blue Tanks",5
fig-016828,46,"Batwoman, Black/Red Cape",5
fig-016829,46,"Bane, Prison Clothes",4
fig-016831,46,"The Scarecrow, Prison Clothes",3
fig-016832,46,"Poison Ivy, Lime Suit",5
fig-016833,46,"Security Guard, Black Vest, Dark Blue Legs",4
fig-016834,46,Batwing,5
fig-016835,46,"Catwoman, Red Goggles",4
fig-016837,46,"The Penguin, Prison Cloths",5
fig-016838,46,Arkham Asylum Statue,5
fig-016840,30,"Captain Jack Sparrow, Tricorne Hat",4
fig-016841,30,Will Turner,4
fig-016842,30,Joshamee Gibbs,4
fig-016843,30,Cotton,4
fig-016844,30,Anamaria,4
fig-016845,30,Marty,3
fig-016846,30,Elizabeth Swann,4
fig-016847,30,Hector Barbosa,4
fig-016848,30,Black Pearl Figurehead,5
fig-016849,5,"Farmer, Blue Overall, Reddish Brown Cap",4
fig-016850,44,Charlie Bucket,4
fig-016851,44,Grandpa Joe,4
fig-016852,44,Violet Beauregarde,4
fig-016853,44,Veruca Salt,5
fig-016854,44,Mike Teevee,5
fig-016855,44,"Oompa Loompa, Female",4
fig-016856,44,"Oompa Loompa, Male",4
fig-016857,44,Augustus Gloop,4
fig-016858,44,Willy Wonka,4
fig-016870,24,Caterkiller,34
fig-016871,24,Burrobot,29
fig-016873,6,"Hero, Flat Silver Armor",4
fig-016875,24,"Darth Vader, Gingerbread",6
fig-016876,40,"Enid, Dark Purple Outfit",4
fig-016877,29,Morticia Addams,4
fig-016878,29,Bianca Barclay,4
fig-016879,29,Lurch,5
fig-016881,43,"Santa, 973c22h27pr0002 Torso",5
fig-016882,43,"Elf - Bright Green Torso, Red Legs, Aviator Cap",5
fig-016883,43,"Elf - Red Torso, Green Legs, Space Helmet",5
fig-016884,43,"Mrs. Claus, Red Dress",4
fig-016885,43,"Elf - Bright Green Torso, Red Legs, Bright Green Hat, Backpack",5
fig-016886,43,"Elf - Red, Green Legs, Bright Green Hat, Hearts for Eyes",4
fig-016887,43,"Elf - Green Torso, Red Legs, Knight Helmet",4
fig-016889,34,"Stormtrooper, Umber Brown Head",4
fig-016890,34,"Stormtrooper, Warm Tan Head, Female",4
fig-016892,34,"Han Solo, Smuggler Outfit",4
fig-016893,34,"Han Solo, Stormtrooper Outfit",4
fig-016894,34,"Princess Leia Organa, Ambassador Outfit",4
fig-016896,34,"Luke Skywalker, Stormtrooper Outfit",4
fig-016897,34,"Imperial Crew Member, Tan Hair",4
fig-016899,34,"Stormtrooper, Sienna Brown Head, Female",4
fig-016900,34,"Imperial Navy Officer, Lieutenant",4
fig-016901,34,"Astromech Droid, R3-T6",4
fig-016903,34,"Obi-Wan Kenobi, Dark Brown Hood, Cloak",5
fig-016906,34,Admiral Motti,4
fig-016907,34,General Tagge,4
fig-016908,34,"Colonel Yularen, White Hair",4
fig-016909,34,"Grand Moff Tarkin, Plain Legs",4
fig-016910,34,"Imperial Gunner, Sienna Brown Head",4
fig-016911,34,5D6-RA-7,3
fig-016912,34,"Imperial Gunner, Reddish Brown Head",4
fig-016913,34,"Imperial Navy Trooper, Reddish Brown Head",4
fig-016915,34,"Luke Skywalker, Black Outfit",4
fig-016916,34,Imperial Dignitary Sim Aloo,4
fig-016918,34,"Royal Guard, Dark Red Hands, 19888 Cape, 28621 Head",5
fig-016920,34,Hot Tub Stormtrooper,4
fig-016921,34,"Imperial Shuttle Pilot, Medium Nougat Head",4
fig-016922,34,Director Krennic,5
fig-016923,34,"Luke Skywalker, White Robe",4
fig-016924,34,Galen Erso,4
fig-016925,35,"Stormtrooper, Medium Nougat Head",4
fig-016926,35,"Stormtrooper, Light Nougat Head, Female",4
fig-016927,27,"Olive Green Torso, Tan Leg, Dark Brown Hair",4
fig-016928,27,"Dark Red Torso, Dark Tan Legs, Medium Nougat Hair",4
fig-016929,27,"Train Driver, Dark Blue Overall, Reddish Brown Cap, Scarf",5
fig-016930,27,"Conductor, Pearl Gold Torso, Dark Blue Legs, Cap",4
fig-016931,34,Interrogation Droid,9
fig-016933,12,"TIE Pilot, Printed Legs, Warm Tan Head",4
fig-016935,41,"White Torso, Dark Purple Legs, Dark Brown Hair",4
fig-016936,41,"Kid, White Torso, Dark Red Legs, Tan Hair",4
fig-016937,9,"Store Employee, Black Suit, No LEGO Logo, Dark Brown Hair",4
fig-016938,21,"Woody, Happy, Plain Legs",4
fig-016942,0,"Blacktron I - Rerelease, Gold Logos",5
fig-016943,8,"Construction Worker, Orange Safety Jacket, Dark Bluish Grey Legs, Red Hard Hat",4
fig-016944,3,"Badlands Explorer, Helmet",4
fig-016945,4,"Dooper, Neck Bracket",5
fig-016946,39,"Skeleton, Standard Face, Bent Arms, Vertical Hand Clips, 78132 Torso",7
fig-016947,39,"Diver, Black Suit",6
fig-016948,39,"Figurehead, Black Top, Sand Green Mermaid Tail",4
fig-016949,46,"Pirate, Sand Blue Torso, Dark Blue Legs, Red Bandana",4
fig-016950,46,"Woman, Dark Green Dress, Black Hair",4
fig-016951,46,"Pirate Captain Ogel, Blue Torso, Dark Bluish Grey Legs, Red Epaulets, Beard, Black Hat",7
fig-016952,46,"Pirate, Woman, Dark Red Torso, Legs, Bright Light Yellow Hair",4
fig-016953,46,"Pirate, Blue Torso, Black Legs, Black Hair",4
fig-016954,46,"Pirate, Woman, Sand Green Torso, Reddish Brown Legs, Red Bandana",4
fig-016955,46,"Pirate, Woman, Olive Green Torso, Legs, Black Bicorne Hat",4
fig-016956,46,"Fish Seller, Reddish Brown Apron",5
fig-016957,46,"Pirate, Boy, White Torso, Dark Green Legs, Red Bandana",4
fig-016958,46,"Soldier, Woman, Sand Green Uniform, White Legs, Black Hat, Backpack",6
fig-016959,46,"Soldier, Sand Green Uniform, White Legs, Black Hat, Backpack",6
fig-016960,46,"Pirate, White Torso, Blue Legs, Black Bicorne Hat",4
fig-016961,46,"Pirate, Woman, Tan Torso, Legs, Black Hat",4
fig-016962,28,"Popcorn Seller, White/Red Torso, Black Legs, Black Hair",4
fig-016963,28,"Woman, White Torso, Sand Blue Legs, Light Bluish Grey Hair",4
fig-016964,28,"Girl, White Torso, Blue Medium Legs, Dark Brown Hair",4
fig-016965,50,"Girl, Sand Blue Torso, Dark Brown Legs, Dark Brown Hair",4
fig-016966,50,"Elf, Tan Torso, Dark Brown Legs, Reddish Brown Hair, Neckbracket",5
fig-016967,50,"Elf, Olive Green Torso, Dark Green Medium Legs, Green Hat",5
fig-016968,50,"Elf, Dark Tan Torso, Reddish Brown Apron, Sand Green Cap, Dark Blue Scarf",5
fig-016969,50,"Elf, Sand Green Torso, Dark Green Legs, Dark Orange Hair",4
fig-016970,50,"Elf, Wizard, Blue Suit, Hat",4
fig-016971,50,"Elf, Sand Green Torso, Medium Nougat Legs, Tan Hair",4
fig-016972,42,"Man, Old, Light Bluish Grey Torso, Dark Tan Legs, Reddish Brown Cap",4
fig-016973,42,"Woman, Orange Torso, Dark Tan Legs, Black Hair",4
fig-016974,42,"Kid, Bright Light Blue Torso, Medium Lavender Legs, Bright Light Yellow Hair",4
fig-016975,42,"Man, Dark Green Torso, Sand Blue Legs, Dark Brown Hair",4
fig-016976,42,"Woman, Bright Light Blue Torso, Dark Blue Legs, Reddish Brown Hair",4
fig-016977,30,"Girl, Red Torso, Black Medium Legs, Reddish Brown Hair",4
fig-016978,30,"Kid, Dark Tan Torso, Reddish Brown Apron, Medium Nougat Hair",4
fig-016979,30,"Pirate, Blue Torso, Dark Brown Legs, Dark Brown Hat",4
fig-016980,30,"Woman, Tan Torso, Dark Blue Dress, Dark Brown Hair, Dark Blue Scarf",5
fig-016981,30,"Skeleton, Black Suit, Red Scarf",5
fig-016982,30,"Woman, Black Torso, Dark Bluish Grey Legs, Reddish Brown Hair",4
fig-016983,30,"Man, Light Bluish Grey Torso, Pearl Titanium Legs, Yellowish Green Helmet",4
fig-016984,30,Knight Statue,6
fig-016985,30,"Chef, Black Legs, Black Moustache",5
fig-016986,30,"Man, Black Suit, Top Hat, Dark Tan Scarf",5
fig-016987,30,"Man, Dark Green Torso, Dark Tan Legs, Medium Nougat Hair",4
fig-016988,30,"Woman, Black Dress, Ghost Legs",4
fig-016989,30,"Man, Blue Torso, Dark Blue Legs, Black Hair",4
fig-016990,30,"Michael ""Mikey"" Walsh",4
fig-016991,30,"Brandon ""Brand"" Walsh",4
fig-016992,30,"Lawrence ""Chunk"" Cohen",4
fig-016993,30,"Clark ""Mouth"" Devereaux",4
fig-016994,30,"Andrea ""Andy"" Theresa Carmichael",4
fig-016995,30,"Stephanie ""Stef"" Steinbrenner",4
fig-016996,30,"Richard ""Data"" Wang",5
fig-016997,30,"Lotney ""Sloth"" Fratelli ",4
fig-016998,30,One-Eyed Willie,4
fig-016999,30,Mama Fratelli,4
fig-017000,30,Jake Fratelli,4
fig-017001,30,Francis Fratelli,4
fig-017002,20,Irene Walsh,4
fig-017003,20,Irving Walsh,4
fig-017005,0,"Police Officer, Medium Blue Torso, Dark Blue Legs, Tan Hair",4
fig-017006,0,"Light Bluish Grey Torso, Black Legs, Black Top Hat",4
fig-017007,0,"White Torso, Red Legs, Bright Light Yellow Hair",4
fig-017008,7,"Blue Torso, White Legs, Red Cap",4
fig-017009,4,"Hero, Armor, Helmet",5
fig-017010,17,"Barista, Reddish Brown Apron, Dark Orange Hair",4
fig-017011,17,"Man, Bright Green Torso, Blue Legs, Dark Blue Ushanka",4
fig-017012,29,"Kid, Light Bluish Grey Torso, Blue Legs, Medium Lavender Beanie, Red Scarf",5
fig-017013,29,"Postmaster, Dark Turquoise Torso, Black Legs, Dark Orange Hair",4
fig-017014,29,"Kid, Dark Green Torso, Dark Orange Legs, Dark Pink Hat",4
fig-017015,29,"Shopkeeper, Pearl Gold Torso, Dark Red Legs, Reddish Brown Hair",4
fig-017016,29,"Elf - Green Torso, Dark Blue Legs, Bright Green Hat",4
fig-017017,29,"Elf - Green Torso, Dark Blue Legs, Bright Green Hat, Glasses",4
fig-017018,28,Lt. Geordi La Forge,4
fig-017019,28,Lt. Worf,4
fig-017020,28,Counselor Deanna Troi,4
fig-017021,28,Lt. Commander Data,4
fig-017022,28,Capt. Jean-Luc Picard,3
fig-017023,28,Cmdr. William T. Riker,4
fig-017024,28,Guinan,4
fig-017025,28,Dr. Beverly Crusher,4
fig-017026,28,Wesley Crusher,4
fig-017027,10,Ensign Ro Laren,4
fig-017028,19,"Red Torso, Dark Blue Legs, Dark Bluish Grey Beanie",4
fig-017029,19,"Dark Red Torso, Dark Blue Legs, Medium Lavender Beanie",4
fig-017030,21,"Tan Torso, Sweater, Dark Tan Legs, Medium Nougat Hair",4
fig-017031,21,"Kid, Dark Green Torso, Dark Pink Legs, Reddish Brown Hair",4
fig-017032,21,"Kid, Bright Light Blue Torso, Blue Legs, Dark Orange Hair, Scarf",5
fig-017034,1,"Kai, Dark Red Suit, Hair",4
fig-017035,17,Black Figurehead,7
fig-017036,9,"Medium Lavender Suit, Trans-Pink Hair",4
fig-017037,9,"Dark Purple Torso, Sand Blue Legs, Reddish Brown Hair",4
fig-017038,9,"Red Torso, Black Legs, Black Hat",4
fig-017039,8,"Arctic Explorer, Orange Suit, Helmet",5
fig-017040,4,"Black Torso, Dark Red Legs, Dark Red Beanie",4
fig-017041,21,"Horse Costume, Red Torso, Red/Black Legs",4
fig-017042,21,"Kid, Yellowish Green Torso, Dark Green Legs, Black Hair",4
fig-017043,22,God of Fortune,7
fig-017044,22,"Kid, Sand Green Torso, Medium Azure Legs, Black Hair",4
fig-017045,22,"Dad, Sand Green Torso, Blue Legs Black Hair",4
fig-017046,22,"Grandma, Tan Torso, Reddish Brown Legs, Light Bluish Grey",4
fig-017047,22,"Grandpa, Light Bluish Grey Suit, White Hair",4
fig-017048,22,"Mom, Red Torso, Dark Blue Legs, Black Hair",4
fig-017049,4,"Captain America, Sam Wilson, Plain Legs",5
fig-017050,4,Peacock Suit,5
fig-017051,2,Cat Suit,5
fig-017052,3,Goldfish Suit,4
fig-017053,2,Monkey Suit,5
fig-017054,4,Frog Suit,4
fig-017055,3,Koala Suit,4
fig-017056,2,Dalmatian Suit,5
fig-017057,3,Crocodile Suit,4
fig-017058,3,Dolphin Suit,4
fig-017059,3,Rabbit Suit,4
fig-017060,2,Lion Suit,5
fig-017061,3,Parrot Suit,6
fig-017062,39,"Mateo, Trans-Bright Green Shoulder Armor",5
fig-017063,28,"Izzie, Opal Trans-Clear Shoulder Armor",5
fig-017064,37,Nightmare Emperor,6
fig-017065,28,"Grimspawn, Knight Helmet, Trans-Pink Plume",4
fig-017066,28,"Grimspawn, Hood",3
fig-017067,28,"Logan, Trans-Light Blue Shoulder Armor",5
fig-017068,28,"Zoey, Dark Purple Torso",5
fig-017069,28,"Arika, Spider",19
fig-017070,28,"Grimspawn, Knight Helmet, Black Plume",4
fig-017071,34,Arika,4
fig-017072,21,"Cooper, Red Harness",5
fig-017073,28,"Grimspawn, Horns",3
fig-017074,28,"Logan, Trans-Light Blue Shoulder Armor. Tile",6
fig-017075,28,"Cooper, Red Hood, Trans-Orange Shoulder Armor",5
fig-017076,28,"Dreamling, Tricorn",4
fig-017077,28,"Dreamling, Aviator",4
fig-017078,28,"Grimspawn, Top Hat",3
fig-017079,28,"Izzie, Opal Trans-Clear Shoulder Armor, Crystal",6
fig-017080,28,"Mr. Oz, Pearl Gold Shoulder Armor",5
fig-017081,28,"Arika, Centipede",54
fig-017083,2,"Rogue, Black Hat",5
fig-017085,2,"Palpatine, Black Robe, Hood",4
fig-017086,12,"Baby, Racer, Dark Blue Body, White Helmet",2
fig-017087,10,"Baby, Racer, Black Body, Vibrant Yellow Helmet",2
fig-017088,9,"Baby, Racer, Reddish Orange Body, Red Helmet",2
fig-017089,6,"Baby, Racer, Black Body, Lime Helmet",2
fig-017090,29,"Ariel, Micro Doll, Warm Tan",3
fig-017091,8,"Race Driver, Lime Jacket, Light Bluish Gray Legs, White Helmet",5
fig-017092,15,"Construction Worker, Reddish Orange Jacket, Overall, Red Hard Hat with Dark Brown Ponytail",4
fig-017093,15,"Man, Black Vest, Black Legs, White Hard Hat with Dark Brown Hair",4
fig-017094,15,"Police Officer, Black Vest, Dark Blue Legs, Dark Brown Hair, Moustache",4
fig-017095,15,"Criminal, Black Suit, Red Tie, Black Helmet",5
fig-017096,15,"Criminal, Orange Prison Jumpsiut, Medium Nougat Hair",4
fig-017097,15,"Man, Black Leather Jacket, Sand Blue Legs, Reddish Brown Hair",4
fig-017098,16,"Man, Dark Orange Torso, Dark Bluiosh Gray Legs, Black Hair",4
fig-017099,14,"Taxi Driver, Dark Brown Jacket, Tan Legs, Reddish Brown Hat",4
fig-017100,14,"Woman, White Torso, Bright Light Blue Legs, Black Hair",4
fig-017101,19,"Firefighter, Dark Tan Fire Suit, Vibrant Yellow Helmet, Closed Mouth",5
fig-017102,19,"Firefighter, Dark Tan Fire Suit, Vibrant Yellow Helmet, Open Mouth",5
fig-017103,19,"Firefighter, Dark Tan Fire Suit, Vibrant Yellow Helmet, Dirty Face",5
fig-017104,19,"Firefighter, Black Fire Suit, White Helmet, Moustache",5
fig-017105,20,Crimson Warrior,5
fig-017106,20,Wither Boss,18
fig-017107,20,"Strider, Orange Jumper Plates, Red 1x3 Plate",31
fig-017108,20,Baby Strider,3
fig-017109,20,Magma Cube,39
fig-017110,36,"Micromob Steve, Dark Azure Legs, Dark Brown Hair",3
fig-017111,36,Micromob Husk,3
fig-017112,36,Micromob Pillager,3
fig-017113,22,"Zombie, Enchanted Leggings",3
fig-017114,22,Wastelands Wanderer,4
fig-017115,16,"Skeleton, Square Skull, Medium Lavender Helmet and Armor (78132 Torso)",8
fig-017116,16,Mothman,6
fig-017117,16,Creaking,31
fig-017118,22,Chicken Fan,3
fig-017119,22,Cool Hero,3
fig-017121,22,Cole,5
fig-017124,35,Arin (Draconus Robes),5
fig-017125,41,"Acid Monster, Tail",3
fig-017126,31,"Sora, Mask (Draconus Robes)",6
fig-017128,33,"Zane, Shoulder Armor (Draconus Robes)",6
fig-017130,26,Cole (Draconus Form),10
fig-017131,35,Lloyd (Draconus Form),10
fig-017132,34,Earth Monster,5
fig-017133,46,Loyalist Leader,4
fig-017136,23,"Nya, Shoulder Armor (Draconus Robes)",6
fig-017137,19,Mutation Monster,4
fig-017139,9,"Kai (Draconus Form, No Wings or Tails)",4
fig-017140,13,"Earth Monster, No Horns",5
fig-017141,13,Lloyd (Draconus Robes),6
fig-017143,17,Zane (Draconus Form),10
fig-017145,25,Cole (Draconus Robes),6
fig-017147,23,Nya (Draconus Robes),5
fig-017149,30,Jay (Draconus Robes),5
fig-017151,26,Kai (Draconus Form),10
fig-017152,48,Loyalist,4
fig-017153,17,"Mutation Monster, Tentacles",15
fig-017155,17,Nya (Draconus Form),10
fig-017156,30,Kai (Draconus Robes),6
fig-017158,27,Jay (Draconus Form),10
fig-017159,27,Euphrasia,4
fig-017160,20,Silver the Hedgehog,3
fig-017161,8,"The Mandalorian / Din Djarin, Dark Brown Outfit with Cape, Printed Head",5
fig-017162,44,Music Shop Owner,4
fig-017163,44,Carpenter,4
fig-017164,44,Plumber,5
fig-017165,44,Mum,4
fig-017166,44,Furniture Mover,4
fig-017167,44,"Marching Band Kid, Short Hair",4
fig-017168,44,"Marching Band Kid, Long Hair",4
fig-017169,20,"Marty McFly, Puffer Vest",5
fig-017170,20,Doc Brown,4
fig-017171,42,Mystake,4
fig-017173,46,Master Wu,5
fig-017174,42,"Statue, First Spinjitzu Master",4
fig-017175,42,Chuck the Carpenter,4
fig-017177,42,Kai,5
fig-017178,42,Garmadon,5
fig-017180,44,Nya,4
fig-017182,42,Jay,6
fig-017183,42,Acronix,4
fig-017184,42,Mailman,5
fig-017185,42,Administration Agent,4
fig-017187,42,Faith,4
fig-017188,42,Dr. Saunders,4
fig-017190,44,Zane,5
fig-017192,42,Cole,5
fig-017193,42,Dr. Julien,4
fig-017196,42,Krux,4
fig-017198,42,"Garmadon, Young",4
fig-017199,42,First Spinjitzu Master,4
fig-017201,42,Young Wu,4
fig-017203,26,Kai,4
fig-017204,26,Maya,4
fig-017205,26,Ray,4
fig-017206,26,"Benton, Master of Earth",4
fig-017208,23,Kai,5
fig-017210,23,Jay,5
fig-017212,22,Nya / Samurai X,6
fig-017214,45,Lloyd,5
fig-017215,22,"Libber, Master of Lightning",4
fig-017216,42,Kabuki Harumi,4
fig-017217,18,Fries Vendor,4
fig-017218,18,"Construction Worker, Orange Safety Jacket, Dark Bluish Grey Legs, Black Hair",4
fig-017219,32,"Harry Potter, Dark Brown Torso, Sand Blue Legs",4
fig-017220,32,Xenophilius Lovegood,4
fig-017221,37,"Death Eater, 'Closed Mouth'",4
fig-017222,36,Penelope Clearwater,4
fig-017223,36,The Grey Lady,4
fig-017224,39,Dementor,5
fig-017225,36,"Professor Remus Lupin, Olive Green",4
fig-017226,36,"Ron Weasley, Black School Uniform, Medium Legs",4
fig-017227,36,"Harry Potter, Black School Uniform, Medium Legs",4
fig-017228,36,"Hermione Granger, Bright Pink Torso",4
fig-017229,21,"Harry Potter, Black School Uniform, Short Legs",4
fig-017230,21,"Draco Malfoy, Open Long Robes over Sweater, Short Black Legs",4
fig-017231,21,"Professor Minerva McGonagall, Dark Green Robe",4
fig-017232,42,Mr. Whatsit,4
fig-017233,42,"Eleven, Dark Brown Hair",4
fig-017234,42,Will Byers,4
fig-017235,42,Robin Buckley,5
fig-017236,42,Max Mayfield,4
fig-017237,42,"Mike Wheeler, Light Aqua Torso",4
fig-017238,42,Holly Wheeler,6
fig-017239,42,"Lucas Sinclair, Dark Azure Torso",4
fig-017240,42,Dustin Henderson,4
fig-017241,42,Nancy Wheeler,4
fig-017242,42,Steve Harrington,4
fig-017243,42,Jonathan Byers,4
fig-017244,42,Vecna,3
fig-017245,19,Sheriff Hopper,5
fig-017246,19,Joyce Byers,4
fig-017247,14,"Wolverine, Venomized",4
fig-017248,13,"Light Bluish Grey Suit, Dark Purple Tricorn",5
fig-017249,13,"Bright Light Blue Torso, White Legs, Hamburger Hat",8
fig-017251,19,"Spider-Man, Medium Legs",3
fig-017252,12,"Rhino, White Horn, Metallic Blue Chest Plate",4
fig-017253,17,"Dr. Octopus / Doc Ock, Medium Legs",5
fig-017254,17,"Gwen Stacy / Spider-Gwen, Medium Legs",4
fig-017255,22,"Miles Morales, Bicorn",4
fig-017256,22,"Gwen Stacy / Spider-Gwen, Medium Legs, Bicorn",4
fig-017257,22,"Green Goblin, Medium Legs, Tricorn",4
fig-017258,22,"Spider-Man, Medium Legs, Bicorn",4
fig-017259,45,"Paisley - Bright Light Yellow Top, Bright Light Blue Pants",4
fig-017260,8,Ghost Rider,4
fig-017261,21,BB-8,2
fig-017262,18,"Rubeus Hagrid, Medium Nougat Overcoat, Arms with Pins (28621 Head)",6
fig-017263,18,"Death Eater, 'Open Mouth'",4
fig-017264,51,"Nick Fury in Long Black Coat Over Gray Sweater, No Line on Hips",3
fig-017265,24,"Ron Weasley, Dark Bluish Gray Shirt, Short Sand Blue Legs",4
fig-017266,24,"Hermione Granger, Dark Green Sweater, Short Legs, Skirt",5
fig-017267,24,"Harry Potter, Red Sweater with Holes, Short Dark Tan Legs",4
fig-017268,12,"Venom, Black Tentacles, Tan Teeth",14
fig-017269,12,"Sandman, Sand Form",3
fig-017271,9,Spider-Man 2099,3
fig-017272,28,"Spider-Man (Miles Morales), Large Red Spider Symbol",3
fig-017273,13,"Dr. Octopus / Doc Ock, Dark Green Outfit, Black Goggles",4
fig-017274,27,Venomized Captain America,4
fig-017275,27,"Mysterio, Green Outfit, Opal Trans-Light Blue Helmet, Plastic Cape",5
fig-017276,27,"Rhino, Light Bluish Gray Horn",4
fig-017277,27,"J. Jonah Jameson, Dark Blue Suit, Light Bluish Gray Hair",4
fig-017278,22,"Hulk (Big Fig), Olive Green, Black Hair, Removable Head, Sand Blue Pants, Red Eyes",9
fig-017279,22,"Iron Man Mark 43 Armor, Sunglasses",5
fig-017280,14,"Iron Man Mark 3 Armor, Sunglasses",5
fig-017281,4,"Construction Worker, Reddish Orange Safety Jacket, Dark Blue Grey Legs, Red Hard Hat",4
fig-017282,23,"Lifeguard, Reddish Brown Torso, Dark Blue Legs, Dark Brown Hair, Life Vest",5
fig-017283,23,"Paramedic, Vibrant Yellow Safety Vest, Dark Turquoise Legs, Dark Tan Hair",4
fig-017284,23,"Technician, Vibrant Yellow Torso, Dark Green Legs, Dark Brown Hair",4
fig-017285,22,"Lifeguard, Reddish Brown Torso, Dark Blue Legs, Dark Brown Hair",4
fig-017286,22,"Lifeguard, Reddish Brown Torso, Dark Blue Legs, Dark Blue Cap",4
fig-017287,22,"Castaway, Tan Torso, Sand Blue Legs, Dark Bluish Grey Beanie, Life Vest",5
fig-017288,22,"Lifeguard, Reddish Brown Torso, Dark Blue Legs, White Helmet",4
fig-017289,22,"Lifeguard, Reddish Brown Torso, Dark Blue Legs, White Pilot Helmet",5
fig-017290,25,"Swimmer, Light Bluish Grey Wetsuit, Dark Orange Hair, Life Vest",5
fig-017291,25,"Lifeguard, Reddish Brown Torso, Dark Blue Legs, White Pilot Helmet, Beard",5
fig-017292,25,"Lifeguard, Reddish Brown Torso, Dark Blue Legs, White Helmet, Life Vest",5
fig-017293,25,"Lifeguard, Reddish Brown Torso, Dark Blue Legs, White Helmet, Neck Bracket",5
fig-017294,24,"Airport Ground Crew Worker, Vibrant Yellow Torso, Dark Blue Legs, Red Hard Hat",4
fig-017295,24,"Pilot, Dark Blue Suit, Cap",4
fig-017296,24,"Passenger, Dark Orange Torso, Tan Legs, Dark Tan Hair, Sunflower Lanyard",5
fig-017297,24,"Airport Security, Black Torso, Dark Blue Legs, Bright Light Yellow Hair",4
fig-017298,24,"Passenger, White Torso, Dark Blue Legs, Black Hair",4
fig-017299,24,"Barista, Reddish Brown Apron, Light Bluish Grey Hair",4
fig-017300,24,"Air Traffic Controller, Black Suit, Dark Tan Hair",4
fig-017301,24,"Passenger, Dark Turquoise Torso, Dark Bluish Grey Legs, Dark Blue Beanie",4
fig-017302,24,"Air Hostess, Dark Blue Suit, Dark Brown Hair",4
fig-017303,23,"LEGO Employee, Dark Blue Torso, Dark Tan Legs, Black Hair",4
fig-017304,23,"LEGO Employee, Dark Blue Torso, Bright Light Blue Legs, Reddish Brown Hair",4
fig-017305,18,"Recycling Worker, Lime Safety Vest, Dark Green Legs, Dark Bluish Grey Beanie",4
fig-017306,18,"Recycling Worker, Lime Safety Vest, Dark Green Legs, Dark Brown Hair",4
fig-017307,12,"Race Driver, Blue Suit, Black Hair",4
fig-017308,12,"Race Driver, Blue Suit, Dark Brown Hair",4
fig-017309,14,"Snowplow Driver, Lime Safety Vest, Dark Green Legs, Dark Bluish Grey Beanie",4
fig-017310,15,"Pilot, Black Suit, Helmet",5
fig-017311,15,"Race Driver, Lime Torso, Light Bluish Grey Legs, White Helmet",5
fig-017313,17,Anna,4
fig-017315,17,Elsa,4
fig-017316,25,"Alba, Magenta Dress, Life Vest",4
fig-017317,25,"Leo, Bright Light Orange Vest, Dark Blue Pants, Life Vest",5
fig-017318,16,Sonny Hayes,4
fig-017319,16,Joshua Pearce,4
fig-017320,19,"Race Driver, Bugatti",5
fig-017321,16,"Race Driver, Ferrari",5
fig-017322,18,"Race Driver, McLaren",5
fig-017323,18,Cobb Vanth,6
fig-017324,18,Cad Bane,5
fig-017325,10,"Mandalorian, Umber Brown Head",5
fig-017326,10,"Mandalorian, Light Nougat Head",5
fig-017328,34,"Paisley, White Top, Bright Light Blue Pants",4
fig-017329,28,"Leo, Bright Light Orange Vest, Dark Blue Pants",4
fig-017330,27,"Sage, Reddish Orange Top, Bright Light Blue Pants",4
fig-017331,32,"Aliya, Red Top, With Skirt",4
fig-017332,38,"Nova, Lime Jacket, Dark Turquoise Shorts",4
fig-017333,22,"Paisley, Bright Light Yellow Top, Medium Lavender Skirt, Flowers",5
fig-017334,42,"Autumn, Blue Plaid Shirt, Dark Blue Pants",4
fig-017335,45,"Aliya, Coral Top, Blue Skirt",4
fig-017336,33,Iza,4
fig-017337,31,"Nova, Dark Turquoise Top, Black Pants",4
fig-017338,31,"Liann, Black Jacket, Dark Azure Gown",4
fig-017339,31,"Paisley, Bright Light Yellow Top, Dark Blue Pant, Flowers",4
fig-017340,53,"Liann, Colored Top, Orange Skirt",4
fig-017341,37,Sonia,4
fig-017342,49,"Nova, Dark Turquoise Top, Dark Purple Pants",4
fig-017343,44,Michelle,4
fig-017344,36,"Aliya, Magenta Riding Outfit, Helmet",4
fig-017345,36,Cindy,5
fig-017346,36,"Liann, Blue Top, Sand Green Pants, Helemt",4
fig-017347,39,"Nova, Dark Turquoise Outfit",4
fig-017348,39,"Leo, Dark Turquoise Jacket, Dark Blue Pants",4
fig-017349,39,"Aliya, Coral Top, White Skirt, Sunglasses",5
fig-017350,39,Zahra,4
fig-017351,39,"Autumn, Lavender Outfit",4
fig-017353,42,"Zac, Dark Turquoise Top, Yellow Pants",4
fig-017354,54,"Olly, Bright Light Blue Shirt, Dark Orange Shorts",4
fig-017355,17,"Paisley, Lavender Top, Bright Light Blue Pants",4
fig-017356,17,"Liann, Colored Top, Orange Skirt, Helmet",4
fig-017357,24,Valeria,4
fig-017358,37,"Liann, Colored Top, Yellowish Green Shorts, Life Vest, Flower",6
fig-017359,37,"Paisley, Bright Light Yellow Top, Blue Violet Skirt, Visor",4
fig-017360,37,"Leo, Bright Light Orange Vest, Reddish Orange Pants",4
fig-017361,11,"Red Torso, Sand Blue Legs, Red Cap",4
fig-017362,7,"Jungle Ranger, Helmet",4
fig-017363,7,"Stray, Medium Lavender Armor",7
fig-017364,15,Anna Wilson / Anna Tasman,4
fig-017365,8,Draco Malfoy,4
fig-017366,30,Chester Copperpot (Skeleton),5
fig-017367,30,"Skeleton, Standard Face, Bent Arms, Vertical Hand Clips, 78132 Torso, No Legs",4
fig-017368,30,Pirate Ship Figurehead,11
fig-017369,11,"Sonic, Open Mouth Smile",3
fig-017370,17,"Dragon Operator, White Legs, Dark Brown Hair",4
fig-017371,17,"Dragon Operator, White Legs, Dark Tan Hair",4
fig-017372,17,"Dragon Operator, Red Legs, Black Hair",4
fig-017373,17,"Dragon Operator, Red Legs, Reddish Brown Hair",4
fig-017374,21,"Astronaut, White/Dark Turquoise Suit, Dark Turquoise Helmet, Neck Bracket",6
fig-017375,21,"Astronaut, White/Coral Suit, Dark Turquoise Legs, Bright Light Yellow Hair, Harnass",5
fig-017376,23,"Arctic Explorer, Coral Torso, Dark Turquoise Legs, Black Hair",4
fig-017377,23,"Arctic Explorer, Coral Torso, Dark Turquoise Legs, Dark Blue Ushanka",4
fig-017378,23,"Arctic Explorer, Coral Torso, Dark Blue Legs, Bright Light Yellow Hair",4
fig-017379,19,"Arctic Explorer, Dark Blue Wetsuit, Dark Brown Hair",4
fig-017380,21,"Astronaut, Dark Turquoise Jumpsuit, Black Hair",4
fig-017381,21,"Astronaut, White Torso, Dark Blue Legs, Medium Nougat Hair",5
fig-017382,21,"Astronaut, White/Dark Turquoise Spacesuit, Dark Brown Hair",5
fig-017383,21,"Astronaut, White/Coral Suit, Dark Turquoise Legs, Helmet, Dark Blue Harnass",6
fig-017384,19,"Arctic Explorer, Coral Torso, Dark Turquoise Legs, Dark Blue Beanie, Life Vest",5
fig-017385,23,"Arctic Explorer, Dark Blue Wetsuit, Helmet, Dark Turquoise Airtanks",6
fig-017386,8,"Police Officer, Vibrant Yellow Safety Vest, Dark Blue Legs, White Helmet",5
fig-017387,7,"Lloyd, Dark Green Suit, Wrap",4
fig-017389,9,"Kai, Dark Red Suit, Wrap",4
fig-017390,7,"Construction Worker, Reddish Orange Safety Jacket, Dark Blue Grey Legs, Red Hard Hat",4
fig-017392,4,"Red Torso, Blue Legs, Standard Head (3626c)",3
fig-017393,9,Anti-Venom,2
fig-017394,5,"Bruce Wayne, Striped Suit",4
fig-017395,5,"Batman Suit, Trans-Light Blue Head",5
fig-017396,0,"Pirate - Magenta Vest, Anchor Tattoo, Blue Legs, Red Bandana",4
fig-017397,10,"Police Officer, Vibrant Yellow Police Vest, White Helmet with Visor",5
fig-017398,2,"Lloyd, Bright Green Robes, Hair",5
fig-017399,30,"Autumn, Bright Light Blue Riding Helmet",4
fig-017400,30,"Matilde, Bright Pink Shirt, White Pants",4
fig-017401,16,"White Torso with Classic Space Fig, Blue Legs, Dark Orange Hair",4
fig-017402,35,"Dark Brown Torso, Dark Red Legs, Dark Brown Hair",4
fig-017403,35,"Police Officer, Black Vest, Bright Light Blue Shirt, Black Hair",4
fig-017404,35,"Tan Coat, Dark Green Legs, Dark Tan Hair",4
fig-017405,35,"Musician, Dark Bluish Grey Jacket, Dark Brown Hair, Light Bluish Grey Hair",4
fig-017406,35,"Sculptor, Black Fire Suit, Dark Bluish grey Legs, Light Bluish Grey Hair",4
fig-017407,35,"Ballerina Teacher, White Torso, Dark Turquoise Legs, Dark Brown Hair",4
fig-017408,35,"Ballerina, White Outfit, Medium Legs, Dark Brown Hair",5
fig-017409,35,"Painter, Sand Green Torso, Medium Nougat Apron, Dark Orange Hair",4
fig-017410,35,"Waiter, Black Suit, Black Hair",4
fig-017411,35,"Photographer, Dark Blue Jacket, Legs, Black Hair, Headphones",5
fig-017412,40,"Carriage Driver, Black Suit, Top Hat, Moustache",5
fig-017413,40,"Lady, White Torso, Black Dress, Dark Orange Hair",4
fig-017414,40,"Light Bluish Grey Suit, Fedora",4
fig-017415,40,"Prospector, Red Torso, Dark Blue Legs, Beard, Fedora",5
fig-017416,40,"Prospector, Reddish Brown Coat, Fur Collar, Dark Blue Legs, Dark Blue Beanie",5
fig-017417,40,"Bandit, Tan Coat, Black Legs, Fedora, Mask",5
fig-017418,40,"Bandit, Red Shirt, Black legs, Fedora, Mask",5
fig-017419,40,"Bandit, Black Dress, Dark Red Hair",4
fig-017420,40,"Climber, Dark Tan Shirt, Reddish Brown Apron, Reddish Brown Cap, Backpack",5
fig-017421,40,"Dark Green Torso, Sand Blue Legs, Dark Brown Hair",4
fig-017422,40,"Explosives Expert, White Torso, Reddish Brown Legs, Fedora, Mask",5
fig-017423,40,"Prisoner, White Shirt, Black Shirt, Dark Orange Hair, Moustache",5
fig-017424,40,"Explosives Expert, Sand Green Torso, Medium Nougat Apron, Fedora",4
fig-017425,36,"Motorcyclist, Dark Red Torso, Dark Tan Legs, Dark Blue Helmet",5
fig-017426,36,"Kid, Dark Turquoise Torso, Olive Green Medium Legs, Black Hair",4
fig-017427,36,"Hiker, Light Bluish Grey Torso, Sand Blue Legs, Dark Blue Cap, Backpack",5
fig-017428,33,"Knight, Gold Lion, Helmet",4
fig-017429,33,"Knight, Wolfpack, White Beard",5
fig-017430,33,"Knight, Wolfpack, Reddish Brown Hood",4
fig-017431,33,"Knight, Gold Lion, Helmet",4
fig-017432,33,"Knight, Wolfpack, Dark Brown Hair",4
fig-017433,33,"Knight, Wolfpack, Black Hood",4
fig-017434,33,"Knight, Wolfpack, Black Hair",4
fig-017435,33,"Knight, Wolfpack, Light Bluish Grey Hair, Fur Collar",5
fig-017436,33,"Knight, Wolfpack, Tan Hair, Mask",5
fig-017437,33,"Knight, Wolfpack, Black Hood, Quiver",5
fig-017438,35,"Ranger, Bright Light Blue Torso, Dark Green Legs, Fedora, Moustache",4
fig-017439,35,"Ranger, Bright Light Blue Torso, Dark Green Legs, Fedora, Sunglasses",4
fig-017440,35,"Ranger, Bright Light Blue Torso, Dark Green Legs, Fedora, Woman",4
fig-017441,35,"Dad, Dark Azure Torso, Dark Blue Legs, Dark Brown Hair, Baby Carrier",5
fig-017442,35,"Kid, Reddish Brown Torso, Medium Lavender Legs, Black Hair",4
fig-017443,35,"Mother, Light Bluish Grey Torso, Sand Blue Legs, Black Hair",4
fig-017444,35,"Hiker, Dark Turquoise Tracksuit, Medium Nougat Hair, Backpack",5
fig-017445,35,"Hiker, Dark Purple Tracksuit, Reddish Brown Hair",4
fig-017446,35,"Hiker, Tan Coat, Black Legs, Bright Light Yellow Hair",4
fig-017447,14,"Guard, Black Legs, Dark Blue Cap",4
fig-017448,25,Sushi Chef,4
fig-017449,35,"Kid, White Torso, Dark Purple Legs, Reddish Brown Hair",4
fig-017450,35,"Kid, Light Bluish Grey Torso, Dark Tan Legs, Dark Blue Beanie",4
fig-017451,8,Tom Nook,4
fig-017452,24,Sally,4
fig-017453,28,Piglet,3
fig-017454,25,Dr. Ryland Grace,6
fig-017455,25,Rocky (Alien),11
fig-017457,24,"Luke Skywalker, Black Robes (SMART Play)",3
fig-017459,32,Darth Vader (SMART Play),5
fig-017461,24,Emperor Palpatine (SMART Play),4
fig-017463,24,"Royal Guard, Dark Red Hands, Short Cape",5
fig-017465,24,"Rebel Pilot A-Wing, Green Uniform",4
fig-017466,30,"Zelda, Dress",5
fig-017467,30,Ganondorf,6
fig-017468,23,"Princess Leia, White Robe (SMART Play)",3
fig-017470,23,"Luke Skywalker, Orange Rebel Pilot Outift (SMART Play)",3
fig-017471,23,"Astromech Droid, R2-D2 (SMART Play)",5
fig-017472,23,"Rebel Crew, Sienna Brown Head",5
fig-017473,19,Grimfax,4
fig-017474,19,Hibernus / Master of Ice,4
fig-017475,12,Audi Revolut F1 Driver,4
fig-017477,14,"Jay (Draconus Form, No Wings or Tails)",4
fig-017478,13,"Audi Revolut F1 Driver, Hair",4
fig-017479,13,"Pit Crew, Reddish Orange Jacket, Dark Bluish Gray Legs, Black Hair",4
fig-017480,13,"Pit Crew, Reddish Orange Jacket, Dark Bluish Gray Legs, Dark Tan Hair",4
fig-017481,13,"Wicket, Ewok (SMART Play)",2
fig-017482,13,"AT-ST Driver, Printed Legs, Plain Arms",4
fig-017483,10,"Batman, Pearl Titanium Suit, Black Cape (Synderverse)",6
fig-017484,19,Michael Schumacher,4
fig-017485,10,"Batman, Black Suit, Black Cape and Cowl, Rubber Cape",5
fig-017486,10,"Batman, Pearl Gold Suit, Cape, and Cowl",5
fig-017488,29,"Luke Skywalker, Dagobah Outfit (SMART Play)",3
fig-017489,29,"Astromech Droid, R2-D2, Flat Silver Dome, Mud Stains",4
fig-017491,29,"Yoda, Olive Green Head (SMART Play)",2
fig-017492,14,"Batman, Black Suit, Black Cape and Cowl, Silver Logo, Printed Cowl",5
fig-017493,30,"Baby, Red Torso, Blue Legs",2
fig-017495,24,"Winnie the Pooh, White Bib",3
fig-017496,13,Blue Classic Space Droid,11
fig-017498,24,C-3PO (SMART Play),2
fig-017500,24,"Chewbacca, Dark Brown (SMART Play)",2
fig-017502,24,"Han Solo, Black Vest (SMART Play)",3
fig-017503,27,"Luke Skywalker, White Robe (SMART Play)",3
fig-017504,21,Jawa,4
fig-017505,21,Gnk Power Droid (GONK) - Blue,13
fig-017506,18,"Batman, Dark Bluish Gray Suit, Black Cape and Cowl",5
fig-017507,27,"Greedo, Sand Green Skin (SMART Play)",2
fig-017509,27,"Obi-Wan Kenobi, Old (SMART Play)",3
fig-017510,27,"Sandtrooper, Black Pauldron, Sienna Brown Head",5
fig-017511,20,Football Fan,4
fig-017512,15,"F1 ACADMEY Driver, Black Suit, White Helmet",4
fig-017513,36,"Police Officer, Vibrant Yellow Torso, Dark Blue Legs, Dark Orange Hair",4
fig-017514,36,"Police Officer, Black Torso, Dark Blue Legs, Black Hair",4
fig-017515,36,"Police Officer, Reddish Brown Torso, Black Legs, Bright Light Yellow Hair",4
fig-017516,36,"Criminal, Black Suit, Black Hair",4
fig-017517,36,"Criminal, White Torso, Sand Blue Legs, Medium Nougat Hair",4
fig-017518,36,"Prisoner, Orange Suit, Dark Brown Hair",4
fig-017520,13,Imperial Scout Trooper,4
fig-017521,2,"Ginny Weasley, Closed Gryffindor Robes, Short Legs, Skirt",5
fig-017522,17,Snowgie,2
fig-017523,2,"Dragonian Warrior, Short Horns, 28621pr9761 Head",7
fig-017524,3,"Mateo, Dark Azure Torso, Red Mask",5
fig-017525,2,Draco Malfoy,4
fig-017526,16,"Paisley, Dark Turquoise Top, Bright Light Blue Pants",4
fig-017527,1,"Police Officer, White Legs, Cap, Silver Glasses",4
fig-017528,27,"Black/White Nike Outfit, Hood with Cap",4
fig-017529,23,"Pan Am Air Hostess, Sand Blue Uniform",4
fig-017530,23,"Pan Am Air Hostess, Blue Uniform",4
fig-017531,23,"Pan Am Pilot, Black Uniform",4
fig-017532,23,"Pan Am Pilot, Dark Blue Uniform",4
fig-017533,22,Tintin,7
fig-017534,22,Captain Haddock,7
fig-017535,22,Professor Calculus,7
fig-017536,22,Thomson,7
fig-017537,22,Thompson,7
fig-017538,21,Colonel Ward,4
fig-017539,21,Carson Teva,4
fig-017540,21,"Astromech Droid, Dark Green Head, New Republic",4
fig-017541,0,Lloyd (The Final Battle),4
fig-017542,5,"Pilot, Light Aqua Shirt, Dark Blue Legs, Cap",4
fig-017544,1,Garmadon,5
fig-017545,2,"Ender Explorer, Harnass",4
fig-017546,0,Makena,3
fig-017547,0,LEGO Club Lime Max,4
fig-017548,32,Taco Chef,4
fig-017549,1,"Postal Worker, Red Jacket with Zipper and Letter Logo, Blue Legs, Red Cap",4
fig-017550,6,"Realm Raider, Armor",4
fig-017551,2,"Hero, Armor, Helmet",5
fig-017552,32,"Grogu, 7789 Body, Mandalorian Apprentice",2
fig-017554,28,"Grogu, 7789 Body",2
fig-017555,3,Robot T. rex,5
fig-017556,6,Marine Biologist,4
fig-017557,5,BIONICLE Cosplayer,5
fig-017558,4,Unicorn Elf,4
fig-017559,2,Mysterious Ronin,5
fig-017560,3,Cute Witch,5
fig-017561,2,Football Goalkeeper,4
fig-017562,2,Tuba Player,5
fig-017563,3,Chocolatier,4
fig-017564,4,Trash Monster,4
fig-017565,2,Boba Cup Fan,4
fig-017566,4,Monster Hunter,5
fig-017567,22,"Imperial Remnant Stormtrooper, Medium Nougat Head, Pauldron",5
fig-017568,24,"The Mandalorian / Din Djarin, Dark Brown Outfit with Jet Pack",5
fig-017569,22,"Colonel Ward, Sand Green Torso",4
fig-017570,22,Garazeb (Zeb) Orrelios,3
fig-017571,16,Imperial Remnant AT-RT Driver,4
fig-017572,4,"Bike Rider, Dark Turquoise Torso, Dark Tan Legs, Black Helmet",5
fig-017573,24,"The Mandalorian / Din Djarin, Dark Brown Outfit, Cape",5
fig-017574,12,"USA Soccer Player, Home Shirt",4
fig-017575,12,"USA Soccer Player, Away Shirt",4
fig-017576,22,Vinícius Júnior,4
fig-017577,24,Lewis Hamilton,4
fig-017578,24,Charles Leclerc,4
fig-017579,18,Kylian Mbappé,4
fig-017580,20,Cristiano Ronaldo,4
fig-017581,28,Lionel Messi,4
fig-017582,22,"Woody, Happy, Plain Legs",4
fig-017583,22,"Jessie, Sherriff Badge",4
fig-017584,23,Slinky Dog,2
fig-017585,25,"Dennis Nedry, Yellow Hood",4
fig-017586,0,"Sydney Anniversary, Dark Orange Hair",4
fig-017587,0,"Sydney Anniversary, Dark Brown Hair",4
fig-017588,1,"5th Anniversary LEGO Store Wangfujing Beijing, Dark Turquoise Legs",4
fig-017589,1,"5th Anniversary LEGO Store Wangfujing Beijing, Red Legs",4
fig-017590,0,"5th Anniversary LEGO Store Wangfujing Beijing, Red Short Legs",4
fig-017591,3,"5th Anniversary LEGO Store Wangfujing Beijing, White Legs",4
fig-017592,0,"5th Anniversary LEGO Store People's Square Shanghai, Blue Legs",4
fig-017593,0,"5th Anniversary LEGO Store People's Square Shanghai, Magenta Legs",4
fig-017594,1,"LEGO Official Flagship Store 2nd Anniversary, Blue",4
fig-017595,1,"LEGO Official Flagship Store 2nd Anniversary, Magenta",4
fig-017596,0,Masters Minifigure - White,3
fig-017597,0,Masters Academy Grand Opening Exclusive,3
fig-017598,0,Building our Singapore Together,3
fig-017599,2,"The LEGO Store (ChongQing), Blue Torso",4
fig-017600,2,"The LEGO Store (ChongQing), Red Torso",4
fig-017601,0,"5th Anniversary The LEGO Store (Hangzhou), Dark Orange Hair",4
fig-017602,0,"5th Anniversary The LEGO Store (Hangzhou), Black Hair",4
fig-017603,0,"San Antonio 100th LEGO Store Minifigures, Black Hair",4
fig-017604,0,"San Antonio 100th LEGO Store Minifigures, Dark Tan Hair",4
fig-017605,1,"The LEGO Store (Chengdu), Red Torso, Black Legs",4
fig-017606,1,"The LEGO Store (Chengdu), White Torso, Light Bluish Grey Legs",4
fig-017607,40,"Tan Robes, Dark Bluish Grey Legs, Dark Brown Hat",4
fig-017608,40,"Tan Robes, Dark Orange Legs, Black Bun",4
fig-017609,40,"Lime Robes, Medium Nougat Dress, Black Hair",4
fig-017610,40,"Light Aqua Tunic, Bright Light Blue Dress, Black Hair",4
fig-017611,40,"Sand Green Robes, Light Bluish Grey Hair",4
fig-017612,40,"Dark Red Robes, Dark Brown Legs, Dark Brown Hair",4
fig-017613,40,"Tan Tunic, Dark Orange Medium Legs, Black Hair",4
fig-017614,40,"Su Dongpo, Sand Blue Robes/Dress, Black Hair",4
fig-017615,40,"Medium Lavender Dress, Black Hair",4
fig-017616,1,CARGO CONNECT China Open Minifigure,4
fig-017617,6,"Construction Worker, Vibrant Yellow Safety Vest, Olive Green Legs, Dark Blue Cap",4
fig-017618,4,"Blacksmith, Pearl Titanium Helmet",4
fig-017619,15,"Forest Police / Ranger, Dark Tan Shirt with Radio and Badge, Dark Blue Legs, White Helmet with Visor, Sunglasses, 3626b Head",5
fig-017620,26,"Batman, Light Bluish Gray Suit, Dark Blue Cape and 10113 Cowl",5
fig-017621,0,Build Your City of Tomorrow,4
fig-017622,0,Redsox,4
fig-017623,0,"10 Years at Suntec City, Dark Orange Hair",4
fig-017624,0,"10 Years at Suntec City, Dark Brown Hair",4
fig-017625,0,"The LEGO Store (People's Square, Shanghai), Blue Legs",4
fig-017626,0,"The LEGO Store (People's Square, Shanghai), Bright Light Orange Legs",4
fig-017627,0,"The LEGO Store (Hangzhou), Green Legs",4
fig-017628,0,"The LEGO Store (Hangzhou), Blue Legs",4
fig-017629,1,"The LEGO Store (Guangzhou), Blue",4
fig-017630,1,"The LEGO Store (Guangzhou), Red",4
fig-017631,0,"The LEGO Store (Disneytown), Blue Legs",4
fig-017632,0,"The LEGO Store (Disneytown), Red Legs",4
fig-017633,36,Mira,5
fig-017634,24,Oni Warrior,5
fig-017635,36,Jin,6
fig-017636,24,Master Ivo,4
fig-017638,26,"Nya (Draconus Robes), Katana Holder",6
fig-017640,26,Zane (Draconus Robes),5
fig-017641,26,Fire Monster,3
fig-017642,19,"Acid Monster, Legs",3
fig-017644,19,"Zane, Wrap (Draconus Robes)",4
fig-017645,19,Sora (Draconus Robes),4
fig-017646,25,Ice Monster,3
fig-017647,17,Zilvar,5
fig-017649,10,"Jay, Shoulder Armor (Draconus Robes)",6
fig-017650,10,Lloyd (Draconus Robes),4
fig-017651,0,"LEGO Store Shenzhen, Male",4
fig-017652,0,"LEGO Store Shenzhen, Female",4
fig-017653,0,"The LEGO Store (Shenzhen), Blue Legs",4
fig-017654,0,"The LEGO Store (Shenzhen), Dark Turquoise Legs",4
fig-017655,1,"LEGO Store Opening Commemoration, Male",4
fig-017656,1,"LEGO Store Opening Commemoration, Female",4
fig-017657,13,"Bingo, Chef Hat",4
fig-017658,14,"Bingo, Granny Rita Costume",3
fig-017659,14,"Bluey, Granny Janet Costume",3
fig-017660,20,Rusty,3
fig-017662,24,"Lilo, Bright Pink Flower, Legs",5
fig-017664,14,"Moana, Sienna Brown, Tan Skirt (5828 Hair)",4
fig-017666,33,"Spider-Man, Suit with Bue 'Ribs', Plain Legs",3
fig-017667,31,Tarantula (Marvel),4
fig-017668,29,Hotdog Vendor,4
fig-017669,29,Boomerang (Marvel),4
fig-017671,29,"Hulk (Big Fig), Olive Green, Black Hair, Removable Head, Reddish Brown Pants, Dark Green Eyes",9
fig-017672,29,"Scorpion, Dark Green Suit",16
fig-017673,15,DODC Guard,4
fig-017674,15,Tombstone,4
fig-017675,25,Dr. Gerry Harding,4
fig-017676,27,"Steve, Nougat Face, Lavender Helmet and Armor",5
fig-017677,27,Deep Sea Diver,3
fig-017679,27,"Zombie, Sand Green Head (Drowned)",3
fig-017680,30,Ghast Keeper,3
fig-017681,30,Aeronaut (Minecraft),3
fig-017682,29,Raccoon Adventurer,3
fig-017683,29,Undying Protector,3
fig-017684,29,Mason (Minecraft),3
fig-017685,29,Librarian (Minecraft),3
fig-017686,29,Evoker (Minecraft),3
fig-017687,29,Vex,13
fig-017688,29,Iron Golem,42
fig-017689,35,"Captain America, Printed Arms",4
fig-017691,35,"Maria Hill, Dark Blue Outfit",4
fig-017692,35,"Hawkeye, Black Outfit",5
fig-017693,35,"Agent Coulson, Black Tie",4
fig-017694,35,"Winter Soldier, Black Eyes",4
fig-017695,35,"Nick Fury, Long Coat, Dark Bluish Gray Legs Print",3
fig-017696,22,Puss in Boots,5
fig-017697,22,Iron Hulk,4
fig-017698,22,"Ironheart, Helmet, Short Legs",4
fig-017699,22,"Loki, Rubber Cape, Pearl Gold Outfit",5
fig-017700,25,"Iron Man, Medium Legs",4
fig-017702,13,Ultron (Iron Man and His Awesome Friends),4
fig-017703,14,"Orc, 67037 Helmet",4
fig-017704,14,"Orc, Olive Green, Yellow Eyes",4
fig-017706,32,Gandalf the White (28621 Head),6
fig-017707,32,Soldier of Gondor ,5
fig-017708,32,"Soldier of Gondor, Stern",5
fig-017709,32,Statue of King of Gondor,5
fig-017710,32,Denethor,4
fig-017712,32,"Peregrin Took (Pippin), Gondor Armor",5
fig-017713,32,Faramir,5
fig-017714,32,"Soldier of Gondor, Smirk",5
fig-017715,32,"Soldier of Gondor, Raised Eyebrow",5
fig-017716,32,Aragorn (King Elessar),6
fig-017717,32,"Arwen, Yellowish Green Dress",4
fig-017719,29,"Albus Dumbledore, Dark Red Robe with Dark Purple Trim",5
fig-017720,17,"Sirius Black, Sand Blue Prison Outfit with Long Jacket",4
fig-017721,38,"Vincent Crabbe / Ron Weasley, Gryffindor Robe with Crest",4
fig-017722,38,"Gregory Goyle / Harry Potter, Gryffindor Robe with Crest",4
fig-017723,38,"Draco Malfoy, Closed Long Slytherin Robe, Short Black Legs",4
fig-017724,38,"Professor Gilderoy Lockhart, Warm Pink Outfit",4
fig-017725,38,The Bloody Baron,5
fig-017726,38,"Hermione Granger, Gryffindor Robe Closed, Skirt, Cat Face",5
fig-017727,38,"Moaning Myrtle, Medium Legs",4
fig-017728,38,Millicent Bulstrode,5
fig-017729,38,"Lee Jordan, Medium Brown",4
fig-017730,38,"Statue, Knight",4
fig-017731,38,"Argus Filch, Bald Top, Reddish Brown Jacket",4
fig-017732,38,"Tom Riddle (Voldemort), Slytherin Robe",4
fig-017733,38,"Ginny Weasley, Open Gryffindor Robes, Short Legs, Skirt",5
fig-017734,28,"Narcissa Malfoy, Plain Dress",4
fig-017735,28,"Harry Potter, Open Light Bluish Gray Jacket over Dark Red Shirt, Sand Blue Legs",4
fig-017737,28,"Hermione Granger, Warm Pink Jacket, Dark Tan Legs",4
fig-017738,28,Madam Potage,4
fig-017739,28,"Mr. Borgin, Dark Bluish Gray Jacket",4
fig-017740,28,"Fenrir Greyback, Warm Tan Head",4
fig-017741,18,Brian O'Conner,4
fig-017742,15,"Race Driver, Ferrari, Helmet",5
fig-017743,16,Ken Block,5
fig-017744,28,"Flynn Rider, Microdoll",3
fig-017746,28,"Rapunzel, Microdoll",3
fig-017747,33,Funk Ops,4
fig-017748,33,DJ Yonder,4
fig-017749,33,Partie Trooper,3
fig-017750,33,Aura,4
fig-017751,33,Evie,4
fig-017752,33,"Skeleton, 28621 Head",6
fig-017753,30,KIT,4
fig-017754,20,Fishstick,3
fig-017755,20,Ginger Gunner,4
fig-017756,20,Leviathan,4
fig-017757,19,"Pilot, Dark Blue Suit, Bright Light Yellow Hair",4
fig-017758,19,"Man, Dark Purple Jacket, Black Medium Legs",4
fig-017759,19,"Woman, Dark Red Tracksuit, Dark Brown Hair",4
fig-017760,19,"Airport Crew, Vibrant Yellow Safety Vest, Red Hard Hat",4
fig-017761,21,"Construction Worker, Dark Bluish Gray Overalls",4
fig-017762,21,"Construction Worker, Reddish Orange Jacket, Dark Bluish Gray Legs, Red Hard Hat with Ponytail",4
fig-017763,22,"Mountain Biker, Blue Jacket, Dark Blue Legs",4
fig-017764,22,"Woman, Dark Turquoise Jacket, Dark Purple Legs",4
fig-017765,20,"Train Driver, Vibrant Yellow Safety Vest, Dark Green Legs, White Hard Hat",4
fig-017766,20,"Train Crew, Vibrant Yellow Safety Vest, Dark Green Legs, White Hard Hat",4
fig-017767,20,"Train Crew, Red Plaid Shirt, Dark Bluish Gray Legs, Red Hard Hat",4
fig-017768,20,"Woman, Blue Overalls, Dark Brown Hair",4
fig-017769,23,"Train Driver, Dark Blue Overalls, Reddish Brown Flat Cap",4
fig-017770,23,"Woman, Tan Sweater, Reddish Brown Legs, Dark Orange Hair",4
fig-017771,23,"Boy, Tan Sweater, Dark Blue Medium Legs",4
fig-017772,23,"Train Conductor, Sand Blue Vest, Dark Blue Legs, Bright Light Yellow Hair",4
fig-017773,23,"Man, Light Bluish Gray Cardigan, Dark Brown Legs, Light Bluish Gray Hair",4
fig-017774,24,"Pizza Worker, Dark Red Legs, Dark Brown Hair",4
fig-017775,24,"Pizza Worker, Tan Legs, Black Hair",4
fig-017776,24,"Pizza Worker, Light Bluish Gray Legs, Dark Tan Hair",4
fig-017777,24,"Girl, Bright Green Sweater, Tan Short Legs, Dark Brown Hair",4
fig-017778,24,"Woman, Dark Pink Hoodie, Sand Blue Legs, Dark Orange Hair",4
fig-017779,24,"Woman, Dark Turquoise Hoodie, Black Legs, Dark Brown Hair",4
fig-017780,24,"Man, Dark Brown Jacket, Sand Blue Legs, Dark Brown Hair",4
fig-017781,24,Sponge Costume Guy,6
fig-017782,24,"Car Wash Worker, Blue Overalls, Medium Azure Cap",4
fig-017783,26,"Man, Lime Hoodie, Green Legs, Tan Hair",4
fig-017784,26,"Rollercoaster Worker, Blue Overalls, Bright Light Yellow Hair",4
fig-017785,26,"Man, White Shirt, Tan Legs, Reddish Brown Hair",4
fig-017786,26,"Girl, Bright Light Blue Jacket, White Short Legs, Black Hair",4
fig-017787,26,"Woman, Reddish Brown Vest, Dark Pink Legs, Dark Brown Hair",4
fig-017788,26,"Boy, White Shirt, Dark Bluish Gray Shirt Legs, Lanyard, Medium Azure Cap",5
fig-017789,26,"Rollercoaster Worker, Blue Overalls, Lime Miner Helmet",5
fig-017790,26,"Woman, Lavendar Top, Dark Purple Legs, Black Hair",4
fig-017791,27,"Fisherman, Dark Tan Vest, Oive Green Legs, Dark Blue Beanie",4
fig-017792,27,"Woman, White Vest, Dark Turquoise Shorts, Black Hair",4
fig-017793,27,"Ice Cream Server, White Shirt, Medium Nougat Legs, Dark Orange Hair",4
fig-017794,27,"Street Car Conductor, Sand Blue Vest, Dark Blue Legs, Dark Brown Hair",4
fig-017795,27,"Man, Bright Light Yellow Shirt, Sand Blue Legs, Sand Blue Cap",4
fig-017796,33,Oni General,6
fig-017797,33,Nate,6
fig-017798,25,"Jin, Pearl Titanium Suit",5
fig-017799,25,Oni Warrior,6
fig-017800,25,"Mira, Pearl Titanium Suit",5
fig-017801,21,"General Cryptor, 15th Anniversary",5
fig-017803,21,Kai,4
fig-017804,21,Elemental Master of Shadow (Dusk),4
fig-017805,20,Empress Beatrix,5
fig-017806,20,"Wyldfyre, Shoulder Guard, Hipwear",6
fig-017807,44,Astrid,6
fig-017808,44,Petch,5
fig-017809,44,"Liann, White Top, Medium Lavender Pants",4
fig-017810,44,Valentine,4
fig-017811,44,"Paisley, Bright Light Blue Top, Coral Dress",4
fig-017812,38,"Autumn, Blue Plaid Shirt, Medium Lavender Shorts",4
fig-017813,38,Azurea,4
fig-017814,38,Serina,4
fig-017815,34,"Liann, Dark Turquoise Top, Orange Skirt",4
fig-017816,34,"Aliya, Sand Blue Top, White Skirt",4
fig-017817,34,"Autumn, Lavender Top, Sand Green Pants",4
fig-017818,31,"Autumn, Orange Top, Lavender Shorts",4
fig-017819,31,"Nova, Blue Top, Dark Turquoise Shorts, Sunglasses",5
fig-017821,40,"Zac, White Top, Yellow Pants",4
fig-017822,26,"Nova, White Jacket, Dark Turquoise Shorts",4
fig-017823,26,"Liann, Dark Turquoise Jacket, Lavender Shorts, Scared",4
fig-017824,46,"Nova, Dark Turquoise Top, Dark Blue Pants",4
fig-017825,20,"Aliya, Sand Blue Top, Blue Shorts",4
fig-017827,20,"Olly, White Shirt, Dark Orange Pants, Red Hat",4
fig-017828,33,"Astrid, Reddish Orange Top, Dark Blue Pants, Visor",4
fig-017829,27,"Paisley, Bright Light Blue Top, Coral Dress, Visor",4
fig-017830,27,"Aliya, Sand Blue Top, Blue Shorts. Flowers",5
fig-017831,33,"Liann, Reddish Orange Top, Lavender Pants",4
fig-017832,33,"Nova, Dark Turquoise Top, Dark Blue Pants, Sunglasses",5
fig-017833,37,"Leo, Blue Shirt, Reddish Brown Pants",4
fig-017834,22,Cinderella,4
fig-017835,28,Belle,4
fig-017837,28,Beast,4
fig-017838,30,Jasmin,4
fig-017840,30,Aladdin,4
fig-017842,36,Rapunzel,5
fig-017843,36,King Frederic,4
fig-017844,36,Queen Arianna,4
fig-017845,36,Flynn Rider,4
fig-017846,34,King Triton,4
fig-017847,34,"Ariel, Wedding Dress",5
fig-017849,34,Prince Eric,4
fig-017850,34,Vanessa,4
fig-017851,24,Oscar Piastri,4
fig-017852,25,Lando Norris,4
fig-017853,23,"Pirate, Dark Red Vest, Dark Blue Legs, Tricorne Hat with Red Plume",5
fig-017854,23,"Pirate, White Vest, Medium Nougat Shorts, Red Bandana",4
fig-017855,23,"Pirate, Red Coat, Peg Leg, Bicorne Hat with White Plume",6
fig-017856,23,"Pirate, Black Vest, Dark Red Legs, Dark Brown Hair",4
fig-017857,4,Cactus Knight,3
fig-017858,4,Breeze,19
fig-017859,18,Magma Cube,40
fig-017860,1,"Race Driver, White Torso, Dark Blue Legs, Red Helmet",5
fig-017861,9,"Firefighter, Black Fire Suit, Vibrant Yellow Helmet",5
