theme,color,total_quantity
12V,Black,3628
12V,Blue,582
12V,Brown,6
12V,Dark Gray,449
12V,Green,1
12V,Light Gray,2080
12V,Metal,5
12V,Milky White,4
12V,Red,1734
12V,Trans-Clear,348
12V,Trans-Red,58
12V,Trans-Yellow,30
12V,White,523
12V,Yellow,791
12V,[No Color/Any Color],28
4 Juniors,Black,235
4 Juniors,Blue,28
4 Juniors,Chrome Gold,12
4 Juniors,Chrome Silver,8
4 Juniors,Dark Bluish Gray,45
4 Juniors,Dark Gray,20
4 Juniors,Green,54
4 Juniors,Light Bluish Gray,57
4 Juniors,Light Gray,37
4 Juniors,Medium Green,2
4 Juniors,Orange,4
4 Juniors,Red,121
4 Juniors,Reddish Brown,56
4 Juniors,Tan,1
4 Juniors,Trans-Brown,10
4 Juniors,Trans-Dark Blue,12
4 Juniors,Trans-Green,2
4 Juniors,Trans-Light Blue,4
4 Juniors,Trans-Medium Blue,14
4 Juniors,Trans-Neon Green,15
4 Juniors,Trans-Neon Orange,10
4 Juniors,Trans-Red,3
4 Juniors,Trans-Yellow,8
4 Juniors,White,136
4 Juniors,Yellow,136
4 Juniors,[No Color/Any Color],1
4.5V,Black,3590
4.5V,Blue,1844
4.5V,Brown,7
4.5V,Dark Gray,264
4.5V,Green,10
4.5V,Light Gray,1357
4.5V,Milky White,4
4.5V,Red,2851
4.5V,Royal Blue,1
4.5V,Trans-Clear,431
4.5V,Trans-Red,17
4.5V,Trans-Yellow,14
4.5V,White,893
4.5V,Yellow,1005
4.5V,[No Color/Any Color],30
9V,Black,7251
9V,Blue,983
9V,Brown,292
9V,Chrome Gold,16
9V,Chrome Silver,33
9V,Dark Bluish Gray,63
9V,Dark Gray,923
9V,Dark Green,95
9V,Green,357
9V,Light Bluish Gray,99
9V,Light Gray,2729
9V,Orange,61
9V,Pearl Light Gray,128
9V,Red,2535
9V,Tan,92
9V,Trans-Clear,348
9V,Trans-Dark Blue,16
9V,Trans-Green,21
9V,Trans-Light Blue,296
9V,Trans-Neon Green,45
9V,Trans-Red,139
9V,Trans-Yellow,170
9V,White,1533
9V,Yellow,1963
9V,[No Color/Any Color],46
Action Wheelers,Black,77
Action Wheelers,Blue,3
Action Wheelers,Brown,1
Action Wheelers,Chrome Silver,14
Action Wheelers,Dark Gray,18
Action Wheelers,Green,2
Action Wheelers,Light Gray,13
Action Wheelers,Pearl Light Gray,3
Action Wheelers,Red,28
Action Wheelers,Trans-Brown,1
Action Wheelers,Trans-Neon Green,6
Action Wheelers,Trans-Red,5
Action Wheelers,Trans-Yellow,2
Action Wheelers,White,1
Action Wheelers,Yellow,25
Action Wheelers,[No Color/Any Color],9
Activity Books,Black,1
Activity Books,Medium Azure,1
Activity Books,Sand Green,1
Activity Books,White,2
Activity Books with LEGO Parts,Black,947
Activity Books with LEGO Parts,Blue,88
Activity Books with LEGO Parts,Bright Green,25
Activity Books with LEGO Parts,Bright Light Blue,7
Activity Books with LEGO Parts,Bright Light Orange,62
Activity Books with LEGO Parts,Bright Light Yellow,6
Activity Books with LEGO Parts,Bright Pink,20
Activity Books with LEGO Parts,Coral,1
Activity Books with LEGO Parts,Dark Azure,18
Activity Books with LEGO Parts,Dark Blue,87
Activity Books with LEGO Parts,Dark Bluish Gray,532
Activity Books with LEGO Parts,Dark Brown,63
Activity Books with LEGO Parts,Dark Green,64
Activity Books with LEGO Parts,Dark Orange,20
Activity Books with LEGO Parts,Dark Pink,31
Activity Books with LEGO Parts,Dark Purple,27
Activity Books with LEGO Parts,Dark Red,58
Activity Books with LEGO Parts,Dark Tan,89
Activity Books with LEGO Parts,Dark Turquoise,15
Activity Books with LEGO Parts,Flat Silver,90
Activity Books with LEGO Parts,Glitter Trans-Dark Pink,1
Activity Books with LEGO Parts,Green,162
Activity Books with LEGO Parts,Lavender,11
Activity Books with LEGO Parts,Light Aqua,2
Activity Books with LEGO Parts,Light Bluish Gray,569
Activity Books with LEGO Parts,Lime,105
Activity Books with LEGO Parts,Magenta,44
Activity Books with LEGO Parts,Medium Azure,54
Activity Books with LEGO Parts,Medium Lavender,37
Activity Books with LEGO Parts,Medium Nougat,44
Activity Books with LEGO Parts,Metallic Gold,6
Activity Books with LEGO Parts,Metallic Silver,9
Activity Books with LEGO Parts,Olive Green,12
Activity Books with LEGO Parts,Opal Trans-Purple,2
Activity Books with LEGO Parts,Orange,68
Activity Books with LEGO Parts,Pearl Gold,198
Activity Books with LEGO Parts,Pearl Light Gray,7
Activity Books with LEGO Parts,Pearl Titanium,26
Activity Books with LEGO Parts,Red,388
Activity Books with LEGO Parts,Reddish Brown,315
Activity Books with LEGO Parts,Sand Green,7
Activity Books with LEGO Parts,Speckle Black-Silver,1
Activity Books with LEGO Parts,Tan,213
Activity Books with LEGO Parts,Trans-Bright Green,36
Activity Books with LEGO Parts,Trans-Brown,13
Activity Books with LEGO Parts,Trans-Clear,54
Activity Books with LEGO Parts,Trans-Dark Blue,37
Activity Books with LEGO Parts,Trans-Dark Pink,22
Activity Books with LEGO Parts,Trans-Green,11
Activity Books with LEGO Parts,Trans-Light Blue,66
Activity Books with LEGO Parts,Trans-Medium Blue,1
Activity Books with LEGO Parts,Trans-Neon Green,9
Activity Books with LEGO Parts,Trans-Neon Orange,39
Activity Books with LEGO Parts,Trans-Orange,85
Activity Books with LEGO Parts,Trans-Purple,2
Activity Books with LEGO Parts,Trans-Red,53
Activity Books with LEGO Parts,Trans-Yellow,28
Activity Books with LEGO Parts,Vibrant Yellow,2
Activity Books with LEGO Parts,White,563
Activity Books with LEGO Parts,Yellow,163
Activity Books with LEGO Parts,Yellowish Green,2
Activity Books with LEGO Parts,[No Color/Any Color],16
Advent,Black,158
Advent,Blue,67
Advent,Bright Green,7
Advent,Bright Light Blue,8
Advent,Bright Light Orange,8
Advent,Bright Pink,1
Advent,Dark Azure,1
Advent,Dark Blue,3
Advent,Dark Bluish Gray,37
Advent,Dark Brown,10
Advent,Dark Green,16
Advent,Dark Orange,1
Advent,Dark Red,7
Advent,Dark Tan,22
Advent,Dark Turquoise,2
Advent,Flat Silver,11
Advent,Glitter Trans-Purple,1
Advent,Green,95
Advent,Light Bluish Gray,39
Advent,Light Gray,17
Advent,Lime,7
Advent,Medium Azure,6
Advent,Medium Blue,5
Advent,Medium Lavender,1
Advent,Medium Nougat,15
Advent,Nougat,1
Advent,Olive Green,2
Advent,Orange,12
Advent,Pearl Gold,9
Advent,Pearl Titanium,1
Advent,Red,188
Advent,Reddish Brown,78
Advent,Sand Green,1
Advent,Tan,46
Advent,Trans-Clear,43
Advent,Trans-Dark Blue,4
Advent,Trans-Green,10
Advent,Trans-Light Blue,12
Advent,Trans-Orange,16
Advent,Trans-Red,11
Advent,Trans-Yellow,14
Advent,White,197
Advent,Yellow,104
Advent,Yellowish Green,3
Agents,Black,1631
Agents,Blue,190
Agents,Bright Green,1
Agents,Dark Blue,609
Agents,Dark Bluish Gray,906
Agents,Dark Brown,118
Agents,Dark Green,9
Agents,Dark Red,16
Agents,Dark Tan,8
Agents,Green,29
Agents,Light Bluish Gray,1480
Agents,Lime,41
Agents,Medium Blue,4
Agents,Metallic Gold,15
Agents,Metallic Silver,128
Agents,Orange,277
Agents,Pearl Dark Gray,1
Agents,Pearl Light Gray,62
Agents,Red,246
Agents,Reddish Brown,59
Agents,Tan,73
Agents,Trans-Brown,19
Agents,Trans-Clear,62
Agents,Trans-Dark Pink,4
Agents,Trans-Green,26
Agents,Trans-Light Blue,6
Agents,Trans-Neon Green,78
Agents,Trans-Neon Orange,41
Agents,Trans-Orange,104
Agents,Trans-Red,127
Agents,Trans-Yellow,51
Agents,White,113
Agents,Yellow,283
Agents,[No Color/Any Color],18
Airlines,Black,81
Airlines,Blue,84
Airlines,Brown,1
Airlines,Dark Gray,3
Airlines,Flat Silver,4
Airlines,Green,10
Airlines,Light Bluish Gray,13
Airlines,Light Gray,150
Airlines,Metallic Silver,4
Airlines,Red,124
Airlines,Trans-Brown,1
Airlines,Trans-Clear,29
Airlines,Trans-Dark Blue,2
Airlines,Trans-Green,7
Airlines,Trans-Light Blue,21
Airlines,Trans-Red,16
Airlines,Trans-Yellow,4
Airlines,White,362
Airlines,Yellow,31
Airlines,[No Color/Any Color],9
Airport,Black,2443
Airport,Blue,1013
Airport,Bright Light Orange,32
Airport,Bright Pink,3
Airport,Coral,8
Airport,Dark Azure,92
Airport,Dark Blue,78
Airport,Dark Bluish Gray,1274
Airport,Dark Orange,3
Airport,Dark Pink,1
Airport,Dark Purple,1
Airport,Dark Tan,38
Airport,Dark Turquoise,5
Airport,Flat Silver,58
Airport,Green,352
Airport,Lavender,1
Airport,Light Aqua,1
Airport,Light Bluish Gray,2217
Airport,Light Gray,111
Airport,Lime,74
Airport,Medium Azure,3
Airport,Medium Nougat,19
Airport,Metallic Gold,24
Airport,Metallic Silver,11
Airport,Milky White,2
Airport,Orange,160
Airport,Red,1413
Airport,Reddish Brown,126
Airport,Sand Blue,3
Airport,Tan,133
Airport,Trans-Bright Green,1
Airport,Trans-Brown,224
Airport,Trans-Clear,163
Airport,Trans-Dark Blue,85
Airport,Trans-Green,95
Airport,Trans-Light Blue,375
Airport,Trans-Neon Green,16
Airport,Trans-Orange,67
Airport,Trans-Red,194
Airport,Trans-Yellow,112
Airport,Vibrant Yellow,27
Airport,White,3329
Airport,Yellow,983
Airport,[No Color/Any Color],50
Alien Conquest,Black,306
Alien Conquest,Blue,345
Alien Conquest,Dark Bluish Gray,353
Alien Conquest,Dark Purple,73
Alien Conquest,Dark Tan,10
Alien Conquest,Flat Silver,12
Alien Conquest,Light Bluish Gray,497
Alien Conquest,Lime,114
Alien Conquest,Pearl Titanium,3
Alien Conquest,Red,51
Alien Conquest,Reddish Brown,5
Alien Conquest,Tan,17
Alien Conquest,Trans-Bright Green,2
Alien Conquest,Trans-Brown,13
Alien Conquest,Trans-Clear,27
Alien Conquest,Trans-Dark Blue,20
Alien Conquest,Trans-Green,20
Alien Conquest,Trans-Light Blue,41
Alien Conquest,Trans-Neon Green,91
Alien Conquest,Trans-Neon Orange,38
Alien Conquest,Trans-Red,28
Alien Conquest,White,43
Alien Conquest,Yellow,133
Alien Conquest,[No Color/Any Color],8
Alpha Team,Black,325
Alpha Team,Blue,10
Alpha Team,Dark Gray,133
Alpha Team,Green,8
Alpha Team,Light Gray,167
Alpha Team,Orange,2
Alpha Team,Purple,4
Alpha Team,Red,113
Alpha Team,Trans-Dark Blue,9
Alpha Team,Trans-Green,1
Alpha Team,Trans-Neon Green,72
Alpha Team,Trans-Neon Orange,57
Alpha Team,Trans-Red,14
Alpha Team,White,55
Alpha Team,Yellow,100
Alpha Team,[No Color/Any Color],7
Angry Birds,Black,253
Angry Birds,Blue,33
Angry Birds,Bright Green,6
Angry Birds,Bright Light Orange,6
Angry Birds,Bright Pink,11
Angry Birds,Dark Azure,1
Angry Birds,Dark Bluish Gray,419
Angry Birds,Dark Brown,17
Angry Birds,Dark Green,12
Angry Birds,Dark Orange,6
Angry Birds,Dark Pink,6
Angry Birds,Dark Purple,10
Angry Birds,Dark Red,2
Angry Birds,Dark Tan,58
Angry Birds,Flat Silver,19
Angry Birds,Green,23
Angry Birds,Light Bluish Gray,568
Angry Birds,Lime,21
Angry Birds,Magenta,14
Angry Birds,Medium Azure,40
Angry Birds,Medium Blue,3
Angry Birds,Medium Lavender,5
Angry Birds,Medium Nougat,62
Angry Birds,Orange,4
Angry Birds,Pearl Gold,71
Angry Birds,Pearl Titanium,1
Angry Birds,Red,111
Angry Birds,Reddish Brown,341
Angry Birds,Tan,100
Angry Birds,Trans-Clear,11
Angry Birds,Trans-Green,11
Angry Birds,Trans-Orange,6
Angry Birds,Trans-Red,2
Angry Birds,Trans-Yellow,1
Angry Birds,White,130
Angry Birds,Yellow,63
Angry Birds,[No Color/Any Color],3
Animal Crossing,Black,181
Animal Crossing,Blue,52
Animal Crossing,Bright Green,205
Animal Crossing,Bright Light Blue,9
Animal Crossing,Bright Light Orange,221
Animal Crossing,Bright Light Yellow,95
Animal Crossing,Bright Pink,182
Animal Crossing,Coral,14
Animal Crossing,Dark Azure,50
Animal Crossing,Dark Blue,1
Animal Crossing,Dark Bluish Gray,63
Animal Crossing,Dark Brown,6
Animal Crossing,Dark Green,11
Animal Crossing,Dark Orange,131
Animal Crossing,Dark Pink,46
Animal Crossing,Dark Purple,55
Animal Crossing,Dark Red,9
Animal Crossing,Dark Tan,20
Animal Crossing,Dark Turquoise,38
Animal Crossing,Flat Silver,20
Animal Crossing,Green,402
Animal Crossing,Lavender,15
Animal Crossing,Light Aqua,6
Animal Crossing,Light Bluish Gray,350
Animal Crossing,Lime,108
Animal Crossing,Magenta,74
Animal Crossing,Medium Azure,89
Animal Crossing,Medium Lavender,14
Animal Crossing,Medium Nougat,170
Animal Crossing,Metallic Silver,1
Animal Crossing,Nougat,10
Animal Crossing,Olive Green,5
Animal Crossing,Opal Trans-Dark Pink,1
Animal Crossing,Orange,185
Animal Crossing,Pearl Gold,26
Animal Crossing,Red,207
Animal Crossing,Reddish Brown,270
Animal Crossing,Reddish Orange,9
Animal Crossing,Sand Green,3
Animal Crossing,Tan,442
Animal Crossing,Trans-Black,1
Animal Crossing,Trans-Clear,56
Animal Crossing,Trans-Dark Blue,2
Animal Crossing,Trans-Dark Pink,3
Animal Crossing,Trans-Green,2
Animal Crossing,Trans-Light Blue,23
Animal Crossing,Trans-Orange,9
Animal Crossing,Trans-Purple,5
Animal Crossing,Trans-Red,15
Animal Crossing,Trans-Yellow,13
Animal Crossing,White,1047
Animal Crossing,Yellow,80
Animal Crossing,Yellowish Green,6
Aquanauts,Black,406
Aquanauts,Blue,28
Aquanauts,Chrome Silver,38
Aquanauts,Green,7
Aquanauts,Light Blue,2
Aquanauts,Light Gray,34
Aquanauts,Red,5
Aquanauts,Trans-Dark Blue,25
Aquanauts,Trans-Neon Orange,69
Aquanauts,Yellow,456
Aquaraiders I,Black,231
Aquaraiders I,Blue,8
Aquaraiders I,Chrome Silver,22
Aquaraiders I,Dark Gray,8
Aquaraiders I,Green,127
Aquaraiders I,Light Gray,31
Aquaraiders I,Red,1
Aquaraiders I,Trans-Neon Green,58
Aquaraiders I,Yellow,28
Aquaraiders I,[No Color/Any Color],5
Aquaraiders II,Black,849
Aquaraiders II,Blue,52
Aquaraiders II,Bright Light Orange,2
Aquaraiders II,Chrome Gold,24
Aquaraiders II,Chrome Silver,6
Aquaraiders II,Dark Blue,66
Aquaraiders II,Dark Bluish Gray,342
Aquaraiders II,Dark Green,18
Aquaraiders II,Dark Red,26
Aquaraiders II,Glow In Dark Trans,16
Aquaraiders II,Green,9
Aquaraiders II,Light Bluish Gray,278
Aquaraiders II,Metallic Gold,2
Aquaraiders II,Pearl Light Gray,25
Aquaraiders II,Red,182
Aquaraiders II,Reddish Brown,26
Aquaraiders II,Tan,32
Aquaraiders II,Trans-Brown,6
Aquaraiders II,Trans-Clear,24
Aquaraiders II,Trans-Dark Blue,46
Aquaraiders II,Trans-Dark Pink,2
Aquaraiders II,Trans-Green,48
Aquaraiders II,Trans-Light Blue,19
Aquaraiders II,Trans-Medium Blue,4
Aquaraiders II,Trans-Neon Green,3
Aquaraiders II,Trans-Red,57
Aquaraiders II,Trans-Yellow,6
Aquaraiders II,White,84
Aquaraiders II,Yellow,534
Aquaraiders II,[No Color/Any Color],3
Aquasharks,Black,412
Aquasharks,Blue,153
Aquasharks,Chrome Silver,21
Aquasharks,Dark Gray,6
Aquasharks,Green,6
Aquasharks,Light Blue,2
Aquasharks,Light Gray,13
Aquasharks,Red,6
Aquasharks,Trans-Neon Orange,59
Aquazone,Black,3
Aquazone,Blue,2
Aquazone,Chrome Silver,6
Aquazone,Dark Gray,2
Aquazone,Green,2
Aquazone,Red,1
Architecture,Black,3822
Architecture,Blue,355
Architecture,Bright Green,112
Architecture,Bright Light Orange,59
Architecture,Bright Light Yellow,4
Architecture,Bright Pink,50
Architecture,Dark Azure,32
Architecture,Dark Blue,158
Architecture,Dark Bluish Gray,2869
Architecture,Dark Brown,62
Architecture,Dark Green,1096
Architecture,Dark Orange,194
Architecture,Dark Purple,2
Architecture,Dark Red,1460
Architecture,Dark Tan,1813
Architecture,Dark Turquoise,10
Architecture,Flat Silver,90
Architecture,Green,549
Architecture,Light Aqua,10
Architecture,Light Bluish Gray,5932
Architecture,Light Nougat,108
Architecture,Lime,40
Architecture,Magenta,5
Architecture,Medium Azure,58
Architecture,Medium Blue,156
Architecture,Medium Nougat,19
Architecture,Metallic Gold,3
Architecture,Metallic Silver,20
Architecture,Olive Green,515
Architecture,Orange,107
Architecture,Pearl Gold,51
Architecture,Red,349
Architecture,Reddish Brown,468
Architecture,Sand Blue,55
Architecture,Sand Green,934
Architecture,Tan,9801
Architecture,Trans-Black,111
Architecture,Trans-Brown,645
Architecture,Trans-Clear,1431
Architecture,Trans-Dark Blue,2
Architecture,Trans-Light Blue,770
Architecture,Trans-Orange,2
Architecture,White,11196
Architecture,Yellow,159
Arctic,Black,1858
Arctic,Blue,243
Arctic,Bright Green,2
Arctic,Bright Light Blue,3
Arctic,Bright Light Orange,13
Arctic,Bright Light Yellow,1
Arctic,Bright Pink,2
Arctic,Brown,2
Arctic,Dark Azure,68
Arctic,Dark Blue,414
Arctic,Dark Bluish Gray,1185
Arctic,Dark Brown,2
Arctic,Dark Gray,49
Arctic,Dark Green,32
Arctic,Dark Orange,9
Arctic,Dark Red,1
Arctic,Dark Tan,69
Arctic,Dark Turquoise,34
Arctic,Flat Silver,63
Arctic,Green,18
Arctic,Light Bluish Gray,1409
Arctic,Light Gray,137
Arctic,Lime,27
Arctic,Medium Azure,288
Arctic,Medium Nougat,37
Arctic,Metallic Silver,16
Arctic,Olive Green,24
Arctic,Orange,1345
Arctic,Pearl Gold,11
Arctic,Pearl Titanium,13
Arctic,Red,158
Arctic,Reddish Brown,119
Arctic,Sand Green,12
Arctic,Tan,135
Arctic,Trans-Bright Green,1
Arctic,Trans-Brown,10
Arctic,Trans-Clear,212
Arctic,Trans-Dark Blue,23
Arctic,Trans-Green,37
Arctic,Trans-Light Blue,282
Arctic,Trans-Medium Blue,2
Arctic,Trans-Neon Green,55
Arctic,Trans-Neon Orange,5
Arctic,Trans-Orange,82
Arctic,Trans-Red,102
Arctic,Trans-Yellow,48
Arctic,White,1304
Arctic,Yellow,206
Arctic,Yellowish Green,3
Arctic,[No Color/Any Color],25
Atlantis,Black,1525
Atlantis,Blue,160
Atlantis,Dark Bluish Gray,1151
Atlantis,Dark Brown,8
Atlantis,Dark Green,137
Atlantis,Dark Red,67
Atlantis,Dark Tan,100
Atlantis,Flat Silver,59
Atlantis,Glow In Dark Trans,4
Atlantis,Green,12
Atlantis,Light Bluish Gray,706
Atlantis,Lime,262
Atlantis,Orange,66
Atlantis,Pearl Dark Gray,8
Atlantis,Pearl Gold,218
Atlantis,Pearl Light Gray,37
Atlantis,Red,1108
Atlantis,Reddish Brown,6
Atlantis,Sand Green,1
Atlantis,Speckle Black-Gold,4
Atlantis,Tan,195
Atlantis,Trans-Bright Green,54
Atlantis,Trans-Clear,91
Atlantis,Trans-Dark Blue,28
Atlantis,Trans-Green,40
Atlantis,Trans-Light Blue,18
Atlantis,Trans-Neon Green,5
Atlantis,Trans-Orange,5
Atlantis,Trans-Purple,1
Atlantis,Trans-Red,97
Atlantis,Trans-Yellow,46
Atlantis,White,506
Atlantis,Yellow,197
Atlantis,[No Color/Any Color],29
Audio and Visual Media,Reddish Brown,1
Audio and Visual Media,[No Color/Any Color],7
Avatar,Black,698
Avatar,Blue,55
Avatar,Bright Green,17
Avatar,Bright Light Blue,29
Avatar,Bright Light Orange,78
Avatar,Bright Light Yellow,7
Avatar,Bright Pink,20
Avatar,Coral,3
Avatar,Dark Azure,19
Avatar,Dark Blue,265
Avatar,Dark Bluish Gray,782
Avatar,Dark Brown,46
Avatar,Dark Green,29
Avatar,Dark Orange,11
Avatar,Dark Pink,32
Avatar,Dark Purple,24
Avatar,Dark Red,72
Avatar,Dark Tan,190
Avatar,Dark Turquoise,103
Avatar,Flat Silver,9
Avatar,Glow in Dark White,35
Avatar,Green,76
Avatar,Lavender,28
Avatar,Light Aqua,67
Avatar,Light Bluish Gray,538
Avatar,Lime,66
Avatar,Magenta,56
Avatar,Medium Azure,45
Avatar,Medium Blue,22
Avatar,Medium Lavender,26
Avatar,Medium Nougat,35
Avatar,Olive Green,70
Avatar,Opal Trans-Dark Blue,5
Avatar,Orange,100
Avatar,Pearl Gold,2
Avatar,Pearl Titanium,5
Avatar,Red,161
Avatar,Reddish Brown,300
Avatar,Sand Blue,60
Avatar,Sand Green,288
Avatar,Tan,231
Avatar,Trans-Bright Green,12
Avatar,Trans-Brown,12
Avatar,Trans-Clear,66
Avatar,Trans-Dark Blue,3
Avatar,Trans-Dark Pink,137
Avatar,Trans-Light Blue,27
Avatar,Trans-Orange,24
Avatar,Trans-Purple,3
Avatar,Trans-Red,5
Avatar,Trans-Yellow,18
Avatar,White,332
Avatar,Yellow,260
Avatar,Yellowish Green,22
Avatar,[No Color/Any Color],4
Avatar: The Last Airbender,Black,270
Avatar: The Last Airbender,Blue,3
Avatar: The Last Airbender,Dark Bluish Gray,391
Avatar: The Last Airbender,Dark Red,32
Avatar: The Last Airbender,Light Bluish Gray,111
Avatar: The Last Airbender,Light Tan,1
Avatar: The Last Airbender,Red,75
Avatar: The Last Airbender,Reddish Brown,49
Avatar: The Last Airbender,Sand Green,9
Avatar: The Last Airbender,Tan,101
Avatar: The Last Airbender,Trans-Clear,3
Avatar: The Last Airbender,Trans-Dark Blue,3
Avatar: The Last Airbender,Trans-Green,10
Avatar: The Last Airbender,Trans-Neon Orange,7
Avatar: The Last Airbender,Trans-Red,9
Avatar: The Last Airbender,White,27
Avatar: The Last Airbender,[No Color/Any Color],1
Avengers,Black,4508
Avengers,Blue,604
Avengers,Bright Green,34
Avengers,Bright Light Blue,1
Avengers,Bright Light Orange,34
Avengers,Bright Light Yellow,4
Avengers,Bright Pink,16
Avengers,Chrome Gold,3
Avengers,Dark Azure,342
Avengers,Dark Blue,1222
Avengers,Dark Bluish Gray,5107
Avengers,Dark Brown,24
Avengers,Dark Green,45
Avengers,Dark Orange,31
Avengers,Dark Pink,1
Avengers,Dark Purple,77
Avengers,Dark Red,1148
Avengers,Dark Tan,538
Avengers,Dark Turquoise,44
Avengers,Flat Silver,614
Avengers,Glow in Dark White,15
Avengers,Green,105
Avengers,Light Bluish Gray,6107
Avengers,Light Nougat,9
Avengers,Lime,119
Avengers,Magenta,3
Avengers,Medium Azure,27
Avengers,Medium Blue,17
Avengers,Medium Lavender,10
Avengers,Medium Nougat,60
Avengers,Metallic Gold,81
Avengers,Metallic Silver,42
Avengers,Olive Green,19
Avengers,Opal Trans-Clear,1
Avengers,Opal Trans-Light Blue,11
Avengers,Opal Trans-Purple,1
Avengers,Orange,327
Avengers,Pearl Gold,732
Avengers,Pearl Titanium,150
Avengers,Red,935
Avengers,Reddish Brown,371
Avengers,Sand Blue,110
Avengers,Sand Green,7
Avengers,Tan,402
Avengers,Trans-Black,316
Avengers,Trans-Bright Green,14
Avengers,Trans-Brown,119
Avengers,Trans-Clear,356
Avengers,Trans-Dark Blue,169
Avengers,Trans-Dark Pink,11
Avengers,Trans-Green,30
Avengers,Trans-Light Blue,1294
Avengers,Trans-Medium Blue,32
Avengers,Trans-Neon Green,68
Avengers,Trans-Neon Orange,41
Avengers,Trans-Orange,424
Avengers,Trans-Purple,176
Avengers,Trans-Red,272
Avengers,Trans-Yellow,106
Avengers,White,1019
Avengers,Yellow,419
Avengers,[No Color/Any Color],58
Basic,Black,4646
Basic,Blue,7742
Basic,Brown,17
Basic,Chrome Silver,2
Basic,Dark Gray,34
Basic,Duplo Pink,20
Basic,Green,1104
Basic,Light Gray,411
Basic,Light Green,7
Basic,Light Pink,37
Basic,Milky White,2
Basic,Red,10322
Basic,Tan,7
Basic,Trans-Clear,437
Basic,Trans-Dark Blue,18
Basic,Trans-Green,20
Basic,Trans-Light Blue,12
Basic,Trans-Red,38
Basic,Trans-Yellow,49
Basic,White,7810
Basic,Yellow,8070
Basic,[No Color/Any Color],55
Basic Set,Black,415
Basic Set,Blue,3624
Basic Set,Bright Green,1162
Basic Set,Bright Light Blue,5
Basic Set,Bright Light Orange,96
Basic Set,Bright Light Yellow,106
Basic Set,Bright Pink,58
Basic Set,Bright Reddish Orange,12
Basic Set,Brown,16
Basic Set,Chrome Silver,2
Basic Set,Coral,87
Basic Set,Curry,4
Basic Set,Dark Azure,51
Basic Set,Dark Blue,4
Basic Set,Dark Bluish Gray,25
Basic Set,Dark Brown,1
Basic Set,Dark Gray,7
Basic Set,Dark Orange,217
Basic Set,Dark Pink,110
Basic Set,Dark Purple,46
Basic Set,Dark Red,14
Basic Set,Dark Tan,2
Basic Set,Dark Turquoise,10
Basic Set,Earth Orange,1
Basic Set,Fabuland Brown,2
Basic Set,Fabuland Red,2
Basic Set,Flat Dark Gold,1
Basic Set,Flat Silver,2
Basic Set,Glitter Trans-Light Blue,1
Basic Set,Glow In Dark Opaque,4
Basic Set,Green,2357
Basic Set,Lavender,41
Basic Set,Light Aqua,68
Basic Set,Light Bluish Gray,52
Basic Set,Light Gray,22
Basic Set,Light Lilac,1
Basic Set,Light Nougat,1
Basic Set,Light Turquoise,2
Basic Set,Light Yellow,2
Basic Set,Lime,674
Basic Set,Magenta,11
Basic Set,Medium Azure,311
Basic Set,Medium Blue,448
Basic Set,Medium Bluish Violet,3
Basic Set,Medium Brown,1
Basic Set,Medium Green,1
Basic Set,Medium Lavender,6
Basic Set,Medium Lime,5
Basic Set,Medium Nougat,18
Basic Set,Medium Orange,46
Basic Set,Nougat,4
Basic Set,Opal Trans-Clear,1
Basic Set,Orange,755
Basic Set,Pearl Gold,12
Basic Set,Purple,8
Basic Set,Red,4467
Basic Set,Reddish Brown,32
Basic Set,Reddish Orange,3
Basic Set,Sand Blue,1
Basic Set,Tan,12
Basic Set,Trans-Clear,5
Basic Set,Trans-Dark Blue,4
Basic Set,Trans-Green,1
Basic Set,Trans-Light Blue,81
Basic Set,Trans-Purple,1
Basic Set,Trans-Yellow,4
Basic Set,Very Light Gray,1
Basic Set,Violet,33
Basic Set,Warm Tan,1
Basic Set,White,580
Basic Set,Yellow,4473
Basic Set,Yellowish Green,49
Basic Set,[No Color/Any Color],29
Basketball,Black,237
Basketball,Blue,142
Basketball,Brown,1
Basketball,Dark Blue,1
Basketball,Dark Bluish Gray,5
Basketball,Dark Gray,225
Basketball,Dark Orange,1
Basketball,Green,1
Basketball,Light Bluish Gray,4
Basketball,Light Gray,172
Basketball,Medium Orange,9
Basketball,Medium Violet,1
Basketball,Milky White,4
Basketball,Orange,51
Basketball,Red,304
Basketball,Sand Green,29
Basketball,Tan,185
Basketball,Trans-Brown,1
Basketball,Trans-Clear,9
Basketball,Trans-Neon Green,3
Basketball,Violet,1
Basketball,White,119
Basketball,Yellow,4
Basketball,[No Color/Any Color],16
Batman,Black,16044
Batman,Blue,732
Batman,Bright Green,32
Batman,Bright Light Blue,70
Batman,Bright Light Orange,153
Batman,Bright Light Yellow,211
Batman,Bright Pink,19
Batman,Coral,4
Batman,Dark Azure,20
Batman,Dark Blue,647
Batman,Dark Bluish Gray,7156
Batman,Dark Brown,344
Batman,Dark Green,192
Batman,Dark Orange,278
Batman,Dark Pink,9
Batman,Dark Purple,232
Batman,Dark Red,393
Batman,Dark Tan,1112
Batman,Dark Turquoise,9
Batman,Flat Silver,821
Batman,Glow in Dark White,4
Batman,Green,368
Batman,Light Aqua,27
Batman,Light Bluish Gray,6581
Batman,Light Nougat,7
Batman,Lime,177
Batman,Magenta,3
Batman,Medium Azure,66
Batman,Medium Blue,2
Batman,Medium Nougat,179
Batman,Metallic Silver,40
Batman,Olive Green,21
Batman,Opal Trans-Clear,5
Batman,Orange,192
Batman,Pearl Copper,11
Batman,Pearl Gold,318
Batman,Pearl Light Gray,17
Batman,Pearl Titanium,221
Batman,Red,1404
Batman,Reddish Brown,1651
Batman,Reddish Orange,81
Batman,Sand Blue,202
Batman,Sand Green,83
Batman,Tan,987
Batman,Trans-Black,28
Batman,Trans-Bright Green,72
Batman,Trans-Brown,228
Batman,Trans-Clear,394
Batman,Trans-Dark Blue,65
Batman,Trans-Green,108
Batman,Trans-Light Blue,415
Batman,Trans-Medium Blue,11
Batman,Trans-Neon Green,130
Batman,Trans-Neon Orange,49
Batman,Trans-Orange,249
Batman,Trans-Purple,6
Batman,Trans-Red,434
Batman,Trans-Yellow,485
Batman,White,1269
Batman,Yellow,1291
Batman,[No Color/Any Color],88
Belville,Aqua,59
Belville,Black,199
Belville,Blue,242
Belville,Bright Green,254
Belville,Bright Light Blue,11
Belville,Bright Light Orange,56
Belville,Bright Light Yellow,27
Belville,Bright Pink,69
Belville,Brown,110
Belville,Chrome Antique Brass,4
Belville,Chrome Gold,72
Belville,Chrome Pink,3
Belville,Chrome Silver,111
Belville,Dark Blue-Violet,4
Belville,Dark Bluish Gray,14
Belville,Dark Gray,16
Belville,Dark Orange,26
Belville,Dark Pink,282
Belville,Dark Purple,22
Belville,Dark Red,1
Belville,Dark Turquoise,16
Belville,Earth Orange,15
Belville,Glitter Trans-Clear,10
Belville,Glitter Trans-Dark Pink,152
Belville,Glitter Trans-Purple,5
Belville,Glow In Dark Opaque,1
Belville,Green,265
Belville,Light Blue,12
Belville,Light Bluish Gray,57
Belville,Light Gray,41
Belville,Light Green,18
Belville,Light Lime,19
Belville,Light Orange,17
Belville,Light Salmon,2
Belville,Light Turquoise,5
Belville,Light Violet,121
Belville,Light Yellow,139
Belville,Lime,58
Belville,Magenta,162
Belville,Medium Blue,67
Belville,Medium Bluish Violet,1
Belville,Medium Dark Pink,656
Belville,Medium Green,157
Belville,Medium Lime,106
Belville,Medium Orange,97
Belville,Medium Violet,3
Belville,Metallic Gold,12
Belville,Metallic Silver,3
Belville,Nougat,21
Belville,Orange,120
Belville,Pearl Gold,8
Belville,Pearl Light Gray,26
Belville,Pearl Very Light Gray,2
Belville,Pink,255
Belville,Purple,22
Belville,Red,196
Belville,Reddish Brown,44
Belville,Reddish Lilac,1
Belville,Rust Orange,2
Belville,Sand Blue,17
Belville,Sky Blue,26
Belville,Tan,1
Belville,Trans-Clear,154
Belville,Trans-Dark Blue,74
Belville,Trans-Dark Pink,338
Belville,Trans-Green,163
Belville,Trans-Light Blue,109
Belville,Trans-Light Bright Green,20
Belville,Trans-Medium Blue,99
Belville,Trans-Neon Green,27
Belville,Trans-Neon Orange,72
Belville,Trans-Neon Yellow,22
Belville,Trans-Orange,22
Belville,Trans-Purple,72
Belville,Trans-Red,75
Belville,Trans-Yellow,144
Belville,Very Light Bluish Gray,1
Belville,Very Light Gray,1
Belville,Very Light Orange,1
Belville,Violet,18
Belville,White,2149
Belville,Yellow,398
Belville,[No Color/Any Color],97
Ben 10,Black,18
Ben 10,Blue,7
Ben 10,Bright Light Blue,8
Ben 10,Dark Blue,17
Ben 10,Dark Green,5
Ben 10,Dark Red,5
Ben 10,Dark Tan,1
Ben 10,Magenta,10
Ben 10,Medium Blue,9
Ben 10,Red,16
Ben 10,Reddish Brown,13
Ben 10,Sand Green,13
Ben 10,Yellow,1
Bionicle,Black,9786
Bionicle,Blue,2001
Bionicle,Bright Green,65
Bionicle,Bright Light Orange,265
Bionicle,Brown,194
Bionicle,Chrome Silver,1
Bionicle,Copper,5
Bionicle,Dark Azure,16
Bionicle,Dark Blue,433
Bionicle,Dark Bluish Gray,2400
Bionicle,Dark Brown,4
Bionicle,Dark Gray,1255
Bionicle,Dark Green,320
Bionicle,Dark Orange,102
Bionicle,Dark Purple,12
Bionicle,Dark Red,552
Bionicle,Dark Tan,68
Bionicle,Dark Turquoise,26
Bionicle,Flat Dark Gold,60
Bionicle,Flat Silver,260
Bionicle,Glow In Dark Opaque,33
Bionicle,Glow In Dark Trans,14
Bionicle,Green,286
Bionicle,Light Bluish Gray,2532
Bionicle,Light Brown,114
Bionicle,Light Gray,1660
Bionicle,Lime,323
Bionicle,Medium Blue,200
Bionicle,Medium Orange,1
Bionicle,Metal,1
Bionicle,Metallic Green,2
Bionicle,Metallic Silver,4
Bionicle,Milky White,7
Bionicle,Orange,255
Bionicle,Pearl Black,31
Bionicle,Pearl Blue,19
Bionicle,Pearl Brown,35
Bionicle,Pearl Dark Gray,135
Bionicle,Pearl Gold,232
Bionicle,Pearl Green,20
Bionicle,Pearl Light Gold,2
Bionicle,Pearl Light Gray,2295
Bionicle,Pearl Lime,3
Bionicle,Pearl Red,24
Bionicle,Pearl Sand Blue,14
Bionicle,Pearl Titanium,113
Bionicle,Pearl Very Light Gray,4
Bionicle,Pearl White,37
Bionicle,Purple,19
Bionicle,Red,1538
Bionicle,Reddish Brown,34
Bionicle,Sand Blue,48
Bionicle,Sand Green,10
Bionicle,Tan,545
Bionicle,Trans-Bright Green,44
Bionicle,Trans-Brown,5
Bionicle,Trans-Clear,10
Bionicle,Trans-Dark Blue,101
Bionicle,Trans-Green,36
Bionicle,Trans-Light Blue,197
Bionicle,Trans-Medium Blue,65
Bionicle,Trans-Neon Green,164
Bionicle,Trans-Neon Orange,226
Bionicle,Trans-Neon Red,20
Bionicle,Trans-Neon Yellow,10
Bionicle,Trans-Orange,52
Bionicle,Trans-Purple,54
Bionicle,Trans-Red,132
Bionicle,Trans-Yellow,27
Bionicle,Two-tone Copper,2
Bionicle,Very Light Bluish Gray,17
Bionicle,White,1010
Bionicle,Yellow,292
Bionicle,Yellowish Green,2
Bionicle,[No Color/Any Color],45
Black Falcons,Black,356
Black Falcons,Blue,16
Black Falcons,Brown,43
Black Falcons,Dark Gray,11
Black Falcons,Green,58
Black Falcons,Light Gray,968
Black Falcons,Red,65
Black Falcons,White,36
Black Falcons,Yellow,19
Black Knights,Black,1011
Black Knights,Blue,79
Black Knights,Brown,101
Black Knights,Dark Gray,72
Black Knights,Green,23
Black Knights,Light Gray,912
Black Knights,Red,100
Black Knights,Trans-Yellow,8
Black Knights,White,28
Black Knights,Yellow,38
Blacktron I,Black,1767
Blacktron I,Light Gray,42
Blacktron I,Trans-Green,2
Blacktron I,Trans-Red,172
Blacktron I,Trans-Yellow,38
Blacktron I,White,11
Blacktron I,Yellow,261
Blacktron II,Black,1608
Blacktron II,Light Gray,42
Blacktron II,Trans-Green,8
Blacktron II,Trans-Neon Green,224
Blacktron II,Trans-Red,40
Blacktron II,White,749
Blacktron II,[No Color/Any Color],3
Bluey,Black,70
Bluey,Blue,29
Bluey,Bright Green,37
Bluey,Bright Light Blue,15
Bluey,Bright Light Orange,20
Bluey,Bright Light Yellow,104
Bluey,Bright Pink,19
Bluey,Dark Azure,1
Bluey,Dark Blue,36
Bluey,Dark Bluish Gray,2
Bluey,Dark Green,4
Bluey,Dark Orange,50
Bluey,Dark Pink,5
Bluey,Dark Purple,2
Bluey,Dark Red,1
Bluey,Dark Turquoise,29
Bluey,Flat Silver,12
Bluey,Green,12
Bluey,Lavender,21
Bluey,Light Aqua,30
Bluey,Light Bluish Gray,38
Bluey,Light Nougat,2
Bluey,Lime,45
Bluey,Magenta,1
Bluey,Medium Azure,23
Bluey,Medium Blue,55
Bluey,Medium Lavender,29
Bluey,Medium Nougat,77
Bluey,Opal Trans-Dark Pink,1
Bluey,Opal Trans-Light Blue,3
Bluey,Orange,80
Bluey,Pearl Gold,10
Bluey,Red,54
Bluey,Reddish Brown,127
Bluey,Reddish Orange,94
Bluey,Tan,105
Bluey,Trans-Clear,19
Bluey,Trans-Dark Blue,1
Bluey,Trans-Dark Pink,5
Bluey,Trans-Light Blue,6
Bluey,Trans-Orange,2
Bluey,Trans-Purple,2
Bluey,Warm Pink,5
Bluey,White,138
Bluey,Yellow,71
Bluey,Yellowish Green,4
Boat,Black,353
Boat,Blue,157
Boat,Brown,1
Boat,Chrome Silver,4
Boat,Dark Gray,2
Boat,Light Gray,357
Boat,Maersk Blue,7
Boat,Milky White,2
Boat,Red,407
Boat,Trans-Clear,105
Boat,Trans-Dark Blue,27
Boat,Trans-Green,22
Boat,Trans-Light Blue,72
Boat,Trans-Red,25
Boat,Trans-Yellow,43
Boat,White,1128
Boat,Yellow,170
Boat,[No Color/Any Color],25
Bob the Builder,Black,20
Bob the Builder,Blue,55
Bob the Builder,Bright Green,46
Bob the Builder,Bright Light Orange,9
Bob the Builder,Bright Light Yellow,2
Bob the Builder,Brown,9
Bob the Builder,Dark Bluish Gray,1
Bob the Builder,Dark Gray,9
Bob the Builder,Dark Orange,68
Bob the Builder,Dark Pink,1
Bob the Builder,Dark Red,6
Bob the Builder,Dark Tan,2
Bob the Builder,Dark Turquoise,5
Bob the Builder,Green,49
Bob the Builder,Light Bluish Gray,16
Bob the Builder,Light Yellow,42
Bob the Builder,Lime,17
Bob the Builder,Medium Blue,52
Bob the Builder,Orange,53
Bob the Builder,Pearl Blue,2
Bob the Builder,Pearl Light Gray,16
Bob the Builder,Red,90
Bob the Builder,Reddish Brown,4
Bob the Builder,Sand Purple,2
Bob the Builder,Tan,14
Bob the Builder,Trans-Dark Blue,4
Bob the Builder,Trans-Light Blue,5
Bob the Builder,Very Light Bluish Gray,1
Bob the Builder,White,2
Bob the Builder,Yellow,174
Bob the Builder,[No Color/Any Color],10
Botanicals,Black,2411
Botanicals,Blue,358
Botanicals,Blue Violet,53
Botanicals,Bright Green,840
Botanicals,Bright Light Blue,241
Botanicals,Bright Light Orange,348
Botanicals,Bright Light Yellow,397
Botanicals,Bright Pink,852
Botanicals,Chrome Gold,20
Botanicals,Coral,47
Botanicals,Dark Azure,5
Botanicals,Dark Blue,150
Botanicals,Dark Bluish Gray,560
Botanicals,Dark Brown,467
Botanicals,Dark Green,1907
Botanicals,Dark Orange,340
Botanicals,Dark Pink,537
Botanicals,Dark Purple,289
Botanicals,Dark Red,498
Botanicals,Dark Tan,663
Botanicals,Dark Turquoise,35
Botanicals,Green,1683
Botanicals,Lavender,404
Botanicals,Light Aqua,25
Botanicals,Light Bluish Gray,569
Botanicals,Light Nougat,581
Botanicals,Lime,744
Botanicals,Magenta,403
Botanicals,Medium Azure,26
Botanicals,Medium Lavender,280
Botanicals,Medium Nougat,860
Botanicals,Metallic Gold,53
Botanicals,Nougat,53
Botanicals,Olive Green,326
Botanicals,Opal Trans-Dark Pink,12
Botanicals,Opal Trans-Yellow,4
Botanicals,Orange,567
Botanicals,Pearl Gold,248
Botanicals,Red,1551
Botanicals,Reddish Brown,2372
Botanicals,Reddish Orange,167
Botanicals,Sand Blue,131
Botanicals,Sand Green,854
Botanicals,Tan,916
Botanicals,Trans-Clear,99
Botanicals,Trans-Light Blue,8
Botanicals,Warm Pink,24
Botanicals,White,1870
Botanicals,Yellow,956
Botanicals,Yellowish Green,276
Brick Sketches,Black,197
Brick Sketches,Blue,31
Brick Sketches,Bright Light Orange,5
Brick Sketches,Bright Light Yellow,7
Brick Sketches,Dark Azure,8
Brick Sketches,Dark Bluish Gray,43
Brick Sketches,Dark Purple,7
Brick Sketches,Dark Red,81
Brick Sketches,Dark Turquoise,17
Brick Sketches,Green,34
Brick Sketches,Light Bluish Gray,108
Brick Sketches,Lime,27
Brick Sketches,Medium Azure,15
Brick Sketches,Medium Nougat,1
Brick Sketches,Orange,22
Brick Sketches,Red,135
Brick Sketches,Tan,27
Brick Sketches,Trans-Light Blue,2
Brick Sketches,White,446
Brick Sketches,Yellow,97
BrickLink Designer Program,Black,17908
BrickLink Designer Program,Blue,659
BrickLink Designer Program,Bright Green,1214
BrickLink Designer Program,Bright Light Blue,275
BrickLink Designer Program,Bright Light Orange,680
BrickLink Designer Program,Bright Light Yellow,108
BrickLink Designer Program,Bright Pink,134
BrickLink Designer Program,Chrome Gold,6
BrickLink Designer Program,Coral,129
BrickLink Designer Program,Dark Azure,622
BrickLink Designer Program,Dark Blue,1268
BrickLink Designer Program,Dark Bluish Gray,12235
BrickLink Designer Program,Dark Brown,2120
BrickLink Designer Program,Dark Green,1874
BrickLink Designer Program,Dark Orange,2120
BrickLink Designer Program,Dark Pink,270
BrickLink Designer Program,Dark Purple,116
BrickLink Designer Program,Dark Red,2654
BrickLink Designer Program,Dark Tan,5860
BrickLink Designer Program,Dark Turquoise,697
BrickLink Designer Program,Flat Silver,414
BrickLink Designer Program,Glow in Dark White,12
BrickLink Designer Program,Green,3037
BrickLink Designer Program,Lavender,46
BrickLink Designer Program,Light Aqua,57
BrickLink Designer Program,Light Bluish Gray,18060
BrickLink Designer Program,Light Nougat,4
BrickLink Designer Program,Lime,1279
BrickLink Designer Program,Magenta,112
BrickLink Designer Program,Medium Azure,383
BrickLink Designer Program,Medium Blue,104
BrickLink Designer Program,Medium Lavender,72
BrickLink Designer Program,Medium Nougat,2205
BrickLink Designer Program,Metallic Gold,48
BrickLink Designer Program,Metallic Silver,186
BrickLink Designer Program,Nougat,88
BrickLink Designer Program,Olive Green,872
BrickLink Designer Program,Opal Trans-Clear,2
BrickLink Designer Program,Opal Trans-Dark Pink,1
BrickLink Designer Program,Opal Trans-Light Blue,9
BrickLink Designer Program,Opal Trans-Purple,1
BrickLink Designer Program,Orange,660
BrickLink Designer Program,Pearl Gold,1366
BrickLink Designer Program,Pearl Titanium,70
BrickLink Designer Program,Red,2798
BrickLink Designer Program,Reddish Brown,16736
BrickLink Designer Program,Reddish Orange,68
BrickLink Designer Program,Sand Blue,746
BrickLink Designer Program,Sand Green,1244
BrickLink Designer Program,Tan,7048
BrickLink Designer Program,Trans-Black,9
BrickLink Designer Program,Trans-Bright Green,24
BrickLink Designer Program,Trans-Brown,169
BrickLink Designer Program,Trans-Clear,1679
BrickLink Designer Program,Trans-Dark Blue,155
BrickLink Designer Program,Trans-Dark Pink,4
BrickLink Designer Program,Trans-Green,95
BrickLink Designer Program,Trans-Light Blue,415
BrickLink Designer Program,Trans-Neon Green,3
BrickLink Designer Program,Trans-Orange,319
BrickLink Designer Program,Trans-Purple,1
BrickLink Designer Program,Trans-Red,102
BrickLink Designer Program,Trans-Yellow,237
BrickLink Designer Program,White,11145
BrickLink Designer Program,Yellow,1691
BrickLink Designer Program,Yellowish Green,11
BrickLink Designer Program,[No Color/Any Color],27
Brickheadz,Black,9045
Brickheadz,Blue,1061
Brickheadz,Bright Green,316
Brickheadz,Bright Light Blue,172
Brickheadz,Bright Light Orange,774
Brickheadz,Bright Light Yellow,638
Brickheadz,Bright Pink,677
Brickheadz,Chrome Gold,19
Brickheadz,Coral,26
Brickheadz,Dark Azure,274
Brickheadz,Dark Blue,501
Brickheadz,Dark Bluish Gray,1655
Brickheadz,Dark Brown,806
Brickheadz,Dark Green,375
Brickheadz,Dark Orange,1062
Brickheadz,Dark Pink,213
Brickheadz,Dark Purple,379
Brickheadz,Dark Red,700
Brickheadz,Dark Tan,936
Brickheadz,Dark Turquoise,327
Brickheadz,Flat Silver,124
Brickheadz,Glitter Trans-Light Blue,4
Brickheadz,Glow in Dark White,12
Brickheadz,Green,856
Brickheadz,Lavender,73
Brickheadz,Light Aqua,70
Brickheadz,Light Bluish Gray,4914
Brickheadz,Light Nougat,107
Brickheadz,Lime,682
Brickheadz,Magenta,419
Brickheadz,Medium Azure,321
Brickheadz,Medium Blue,192
Brickheadz,Medium Lavender,295
Brickheadz,Medium Nougat,1004
Brickheadz,Metallic Gold,39
Brickheadz,Metallic Silver,94
Brickheadz,Nougat,59
Brickheadz,Olive Green,124
Brickheadz,Opal Trans-Clear,7
Brickheadz,Opal Trans-Light Blue,50
Brickheadz,Orange,818
Brickheadz,Pearl Gold,355
Brickheadz,Pearl Titanium,18
Brickheadz,Red,2229
Brickheadz,Reddish Brown,2981
Brickheadz,Sand Blue,205
Brickheadz,Sand Green,514
Brickheadz,Tan,3047
Brickheadz,Trans-Bright Green,8
Brickheadz,Trans-Brown,20
Brickheadz,Trans-Clear,138
Brickheadz,Trans-Dark Blue,52
Brickheadz,Trans-Dark Pink,10
Brickheadz,Trans-Green,6
Brickheadz,Trans-Light Blue,103
Brickheadz,Trans-Neon Green,1
Brickheadz,Trans-Neon Orange,1
Brickheadz,Trans-Orange,72
Brickheadz,Trans-Purple,1
Brickheadz,Trans-Red,85
Brickheadz,Trans-Yellow,10
Brickheadz,Vibrant Yellow,2
Brickheadz,Warm Pink,4
Brickheadz,Warm Tan,21
Brickheadz,White,4005
Brickheadz,Yellow,1470
Brickheadz,Yellowish Green,52
Brickheadz,[No Color/Any Color],15
Bricks & More,Black,2964
Bricks & More,Blue,3960
Bricks & More,Bright Green,74
Bricks & More,Bright Light Orange,23
Bricks & More,Bright Pink,202
Bricks & More,Chrome Gold,1
Bricks & More,Dark Azure,122
Bricks & More,Dark Blue,28
Bricks & More,Dark Bluish Gray,424
Bricks & More,Dark Green,22
Bricks & More,Dark Orange,3
Bricks & More,Dark Pink,83
Bricks & More,Dark Purple,38
Bricks & More,Dark Red,23
Bricks & More,Dark Tan,47
Bricks & More,Flat Silver,44
Bricks & More,Green,1927
Bricks & More,Light Bluish Gray,1021
Bricks & More,Lime,1271
Bricks & More,Magenta,47
Bricks & More,Medium Azure,10
Bricks & More,Medium Blue,350
Bricks & More,Medium Lavender,17
Bricks & More,Medium Nougat,2
Bricks & More,Metallic Silver,7
Bricks & More,Orange,1342
Bricks & More,Pearl Gold,8
Bricks & More,Pearl Light Gray,1
Bricks & More,Pearl Titanium,1
Bricks & More,Red,4979
Bricks & More,Reddish Brown,655
Bricks & More,Tan,263
Bricks & More,Trans-Brown,5
Bricks & More,Trans-Clear,199
Bricks & More,Trans-Dark Blue,63
Bricks & More,Trans-Dark Pink,9
Bricks & More,Trans-Green,75
Bricks & More,Trans-Light Blue,30
Bricks & More,Trans-Neon Green,16
Bricks & More,Trans-Neon Orange,29
Bricks & More,Trans-Orange,50
Bricks & More,Trans-Red,174
Bricks & More,Trans-Yellow,158
Bricks & More,White,4438
Bricks & More,Yellow,4260
Bricktober,Black,805
Bricktober,Blue,100
Bricktober,Bright Green,91
Bricktober,Bright Light Blue,5
Bricktober,Bright Light Orange,37
Bricktober,Bright Light Yellow,5
Bricktober,Bright Pink,60
Bricktober,Chrome Gold,1
Bricktober,Dark Azure,2
Bricktober,Dark Blue,42
Bricktober,Dark Bluish Gray,154
Bricktober,Dark Brown,10
Bricktober,Dark Green,40
Bricktober,Dark Orange,76
Bricktober,Dark Pink,23
Bricktober,Dark Purple,16
Bricktober,Dark Red,56
Bricktober,Dark Tan,75
Bricktober,Dark Turquoise,19
Bricktober,Flat Silver,71
Bricktober,Green,170
Bricktober,Lavender,5
Bricktober,Light Aqua,17
Bricktober,Light Bluish Gray,341
Bricktober,Lime,49
Bricktober,Magenta,6
Bricktober,Medium Azure,45
Bricktober,Medium Blue,8
Bricktober,Medium Lavender,6
Bricktober,Medium Nougat,64
Bricktober,Metallic Gold,59
Bricktober,Metallic Silver,66
Bricktober,Orange,26
Bricktober,Pearl Gold,53
Bricktober,Red,294
Bricktober,Reddish Brown,192
Bricktober,Sand Blue,12
Bricktober,Sand Green,26
Bricktober,Tan,284
Bricktober,Trans-Clear,289
Bricktober,Trans-Dark Blue,28
Bricktober,Trans-Dark Pink,9
Bricktober,Trans-Light Blue,65
Bricktober,Trans-Neon Green,1
Bricktober,Trans-Orange,6
Bricktober,Trans-Red,19
Bricktober,Trans-Yellow,16
Bricktober,White,582
Bricktober,Yellow,115
Bricktober,Yellowish Green,3
Bricktober,[No Color/Any Color],6
Building,Black,528
Building,Blue,611
Building,Green,50
Building,Light Gray,138
Building,Milky White,1
Building,Red,1119
Building,Trans-Clear,45
Building,White,649
Building,Yellow,311
Building,[No Color/Any Color],3
Building Set with People,Black,930
Building Set with People,Blue,716
Building Set with People,Brown,19
Building Set with People,Green,12
Building Set with People,Light Gray,14
Building Set with People,Red,1516
Building Set with People,Trans-Clear,124
Building Set with People,White,543
Building Set with People,Yellow,894
Building Set with People,[No Color/Any Color],3
Bulk Bricks,Black,1630
Bulk Bricks,Blue,174
Bulk Bricks,Brown,590
Bulk Bricks,Chrome Gold,1
Bulk Bricks,Chrome Silver,1
Bulk Bricks,Dark Bluish Gray,1
Bulk Bricks,Dark Gray,307
Bulk Bricks,Dark Red,1
Bulk Bricks,Green,525
Bulk Bricks,Light Gray,923
Bulk Bricks,Orange,1
Bulk Bricks,Pearl Light Gray,2
Bulk Bricks,Red,1094
Bulk Bricks,Sand Red,475
Bulk Bricks,Tan,163
Bulk Bricks,Trans-Brown,5
Bulk Bricks,Trans-Clear,164
Bulk Bricks,Trans-Dark Blue,2
Bulk Bricks,Trans-Light Blue,45
Bulk Bricks,White,793
Bulk Bricks,Yellow,129
Captain America,Black,526
Captain America,Blue,141
Captain America,Bright Light Blue,1
Captain America,Bright Light Orange,53
Captain America,Dark Blue,164
Captain America,Dark Bluish Gray,388
Captain America,Dark Green,4
Captain America,Dark Orange,18
Captain America,Dark Purple,29
Captain America,Dark Red,4
Captain America,Dark Tan,2
Captain America,Flat Silver,17
Captain America,Green,2
Captain America,Light Bluish Gray,348
Captain America,Lime,18
Captain America,Olive Green,3
Captain America,Orange,20
Captain America,Pearl Gold,3
Captain America,Pearl Titanium,2
Captain America,Red,266
Captain America,Reddish Brown,56
Captain America,Tan,37
Captain America,Trans-Black,1
Captain America,Trans-Bright Green,5
Captain America,Trans-Brown,8
Captain America,Trans-Clear,35
Captain America,Trans-Dark Blue,2
Captain America,Trans-Dark Pink,4
Captain America,Trans-Green,3
Captain America,Trans-Light Blue,11
Captain America,Trans-Neon Orange,1
Captain America,Trans-Orange,28
Captain America,Trans-Red,48
Captain America,Trans-Yellow,28
Captain America,White,164
Captain America,Yellow,36
Captain America,[No Color/Any Color],8
Cargo,Black,730
Cargo,Blue,159
Cargo,Dark Azure,4
Cargo,Dark Bluish Gray,411
Cargo,Dark Orange,3
Cargo,Dark Red,7
Cargo,Dark Tan,4
Cargo,Dark Turquoise,1
Cargo,Flat Silver,21
Cargo,Green,279
Cargo,Light Bluish Gray,636
Cargo,Lime,6
Cargo,Medium Azure,13
Cargo,Medium Nougat,8
Cargo,Metallic Silver,7
Cargo,Olive Green,14
Cargo,Orange,12
Cargo,Pearl Light Gray,2
Cargo,Red,204
Cargo,Reddish Brown,17
Cargo,Tan,122
Cargo,Trans-Brown,5
Cargo,Trans-Clear,35
Cargo,Trans-Green,2
Cargo,Trans-Light Blue,11
Cargo,Trans-Orange,68
Cargo,Trans-Red,54
Cargo,Trans-Yellow,31
Cargo,White,330
Cargo,Yellow,344
Cargo,[No Color/Any Color],7
Cars,Black,836
Cars,Blue,127
Cars,Bright Green,28
Cars,Bright Light Orange,15
Cars,Bright Light Yellow,4
Cars,Chrome Silver,1
Cars,Dark Azure,7
Cars,Dark Blue,4
Cars,Dark Bluish Gray,576
Cars,Dark Brown,3
Cars,Dark Orange,36
Cars,Dark Red,13
Cars,Dark Tan,2
Cars,Flat Silver,23
Cars,Green,91
Cars,Light Aqua,10
Cars,Light Bluish Gray,611
Cars,Lime,13
Cars,Magenta,1
Cars,Medium Azure,49
Cars,Medium Blue,62
Cars,Medium Nougat,17
Cars,Metallic Silver,1
Cars,Orange,60
Cars,Pearl Gold,25
Cars,Red,774
Cars,Reddish Brown,234
Cars,Sand Green,6
Cars,Tan,297
Cars,Trans-Bright Green,1
Cars,Trans-Brown,6
Cars,Trans-Clear,47
Cars,Trans-Green,26
Cars,Trans-Light Blue,11
Cars,Trans-Orange,23
Cars,Trans-Red,98
Cars,Trans-Yellow,14
Cars,White,455
Cars,Yellow,194
Cars,[No Color/Any Color],20
Castle,Black,1059
Castle,Blue,298
Castle,Bright Green,18
Castle,Bright Light Orange,12
Castle,Brown,40
Castle,Chrome Gold,20
Castle,Chrome Silver,1
Castle,Copper,1
Castle,Dark Blue,9
Castle,Dark Bluish Gray,812
Castle,Dark Brown,23
Castle,Dark Gray,37
Castle,Dark Green,7
Castle,Dark Orange,10
Castle,Dark Red,37
Castle,Dark Tan,127
Castle,Flat Dark Gold,1
Castle,Flat Silver,60
Castle,Green,63
Castle,Light Bluish Gray,573
Castle,Light Gray,221
Castle,Lime,9
Castle,Magenta,10
Castle,Medium Azure,2
Castle,Medium Blue,40
Castle,Medium Nougat,1
Castle,Metallic Gold,3
Castle,Metallic Silver,21
Castle,Nougat,1
Castle,Orange,3
Castle,Pearl Dark Gray,5
Castle,Pearl Gold,111
Castle,Pearl Light Gray,90
Castle,Pearl Titanium,26
Castle,Red,329
Castle,Reddish Brown,514
Castle,Tan,33
Castle,Trans-Brown,1
Castle,Trans-Clear,8
Castle,Trans-Dark Blue,5
Castle,Trans-Dark Pink,5
Castle,Trans-Green,11
Castle,Trans-Light Blue,1
Castle,Trans-Neon Green,7
Castle,Trans-Neon Orange,28
Castle,Trans-Orange,13
Castle,Trans-Red,26
Castle,Trans-Yellow,10
Castle,White,336
Castle,Yellow,147
Castle,[No Color/Any Color],2
Chinese (Lunar) New Year,Black,294
Chinese (Lunar) New Year,Blue,30
Chinese (Lunar) New Year,Bright Green,32
Chinese (Lunar) New Year,Bright Light Blue,17
Chinese (Lunar) New Year,Bright Light Orange,90
Chinese (Lunar) New Year,Bright Pink,626
Chinese (Lunar) New Year,Coral,1
Chinese (Lunar) New Year,Dark Blue,6
Chinese (Lunar) New Year,Dark Bluish Gray,547
Chinese (Lunar) New Year,Dark Brown,13
Chinese (Lunar) New Year,Dark Green,46
Chinese (Lunar) New Year,Dark Orange,54
Chinese (Lunar) New Year,Dark Pink,1
Chinese (Lunar) New Year,Dark Red,96
Chinese (Lunar) New Year,Dark Tan,46
Chinese (Lunar) New Year,Dark Turquoise,57
Chinese (Lunar) New Year,Flat Silver,5
Chinese (Lunar) New Year,Green,116
Chinese (Lunar) New Year,Lavender,5
Chinese (Lunar) New Year,Light Bluish Gray,567
Chinese (Lunar) New Year,Lime,69
Chinese (Lunar) New Year,Magenta,1
Chinese (Lunar) New Year,Medium Azure,10
Chinese (Lunar) New Year,Medium Blue,2
Chinese (Lunar) New Year,Medium Nougat,26
Chinese (Lunar) New Year,Metallic Gold,5
Chinese (Lunar) New Year,Olive Green,15
Chinese (Lunar) New Year,Orange,134
Chinese (Lunar) New Year,Pearl Gold,180
Chinese (Lunar) New Year,Red,479
Chinese (Lunar) New Year,Reddish Brown,225
Chinese (Lunar) New Year,Sand Green,6
Chinese (Lunar) New Year,Tan,180
Chinese (Lunar) New Year,Trans-Clear,13
Chinese (Lunar) New Year,Trans-Neon Green,5
Chinese (Lunar) New Year,White,628
Chinese (Lunar) New Year,Yellow,419
Chinese (Lunar) New Year,Yellowish Green,1
Chinese (Lunar) New Year,[No Color/Any Color],10
Chinese Traditional Festivals,Black,1996
Chinese Traditional Festivals,Blue,346
Chinese Traditional Festivals,Bright Green,272
Chinese Traditional Festivals,Bright Light Blue,16
Chinese Traditional Festivals,Bright Light Orange,998
Chinese Traditional Festivals,Bright Light Yellow,124
Chinese Traditional Festivals,Bright Pink,131
Chinese Traditional Festivals,Chrome Gold,16
Chinese Traditional Festivals,Coral,26
Chinese Traditional Festivals,Dark Azure,73
Chinese Traditional Festivals,Dark Blue,230
Chinese Traditional Festivals,Dark Bluish Gray,970
Chinese Traditional Festivals,Dark Brown,339
Chinese Traditional Festivals,Dark Green,303
Chinese Traditional Festivals,Dark Orange,213
Chinese Traditional Festivals,Dark Pink,48
Chinese Traditional Festivals,Dark Purple,7
Chinese Traditional Festivals,Dark Red,883
Chinese Traditional Festivals,Dark Tan,648
Chinese Traditional Festivals,Dark Turquoise,951
Chinese Traditional Festivals,Flat Silver,57
Chinese Traditional Festivals,Green,405
Chinese Traditional Festivals,Lavender,7
Chinese Traditional Festivals,Light Aqua,14
Chinese Traditional Festivals,Light Bluish Gray,1891
Chinese Traditional Festivals,Light Nougat,52
Chinese Traditional Festivals,Lime,257
Chinese Traditional Festivals,Magenta,52
Chinese Traditional Festivals,Medium Azure,157
Chinese Traditional Festivals,Medium Blue,2
Chinese Traditional Festivals,Medium Lavender,20
Chinese Traditional Festivals,Medium Nougat,333
Chinese Traditional Festivals,Metallic Gold,262
Chinese Traditional Festivals,Metallic Silver,4
Chinese Traditional Festivals,Nougat,6
Chinese Traditional Festivals,Olive Green,71
Chinese Traditional Festivals,Opal Trans-Clear,38
Chinese Traditional Festivals,Opal Trans-Dark Blue,3
Chinese Traditional Festivals,Opal Trans-Light Blue,2
Chinese Traditional Festivals,Orange,676
Chinese Traditional Festivals,Pearl Gold,2361
Chinese Traditional Festivals,Pearl Titanium,1
Chinese Traditional Festivals,Red,3825
Chinese Traditional Festivals,Reddish Brown,1540
Chinese Traditional Festivals,Reddish Orange,26
Chinese Traditional Festivals,Sand Blue,57
Chinese Traditional Festivals,Sand Green,199
Chinese Traditional Festivals,Tan,1168
Chinese Traditional Festivals,Trans-Black,2
Chinese Traditional Festivals,Trans-Bright Green,2
Chinese Traditional Festivals,Trans-Brown,2
Chinese Traditional Festivals,Trans-Clear,144
Chinese Traditional Festivals,Trans-Dark Blue,4
Chinese Traditional Festivals,Trans-Dark Pink,7
Chinese Traditional Festivals,Trans-Green,3
Chinese Traditional Festivals,Trans-Light Blue,313
Chinese Traditional Festivals,Trans-Neon Green,10
Chinese Traditional Festivals,Trans-Neon Orange,5
Chinese Traditional Festivals,Trans-Orange,46
Chinese Traditional Festivals,Trans-Red,61
Chinese Traditional Festivals,Trans-Yellow,15
Chinese Traditional Festivals,Warm Pink,4
Chinese Traditional Festivals,White,2813
Chinese Traditional Festivals,Yellow,586
Chinese Traditional Festivals,Yellowish Green,12
Chinese Traditional Festivals,[No Color/Any Color],16
Christmas,Black,3516
Christmas,Blue,528
Christmas,Bright Green,281
Christmas,Bright Light Blue,275
Christmas,Bright Light Orange,133
Christmas,Bright Light Yellow,87
Christmas,Bright Pink,211
Christmas,Brown,105
Christmas,Chrome Gold,2
Christmas,Coral,13
Christmas,Dark Azure,40
Christmas,Dark Blue,511
Christmas,Dark Bluish Gray,1800
Christmas,Dark Brown,426
Christmas,Dark Gray,1
Christmas,Dark Green,1312
Christmas,Dark Orange,306
Christmas,Dark Pink,83
Christmas,Dark Purple,26
Christmas,Dark Red,1029
Christmas,Dark Tan,661
Christmas,Dark Turquoise,159
Christmas,Flat Silver,75
Christmas,Green,3242
Christmas,Lavender,43
Christmas,Light Aqua,193
Christmas,Light Bluish Gray,2277
Christmas,Light Gray,32
Christmas,Lime,278
Christmas,Magenta,48
Christmas,Medium Azure,189
Christmas,Medium Blue,260
Christmas,Medium Lavender,46
Christmas,Medium Nougat,1159
Christmas,Metallic Gold,43
Christmas,Metallic Silver,11
Christmas,Nougat,3
Christmas,Olive Green,108
Christmas,Opal Trans-Clear,123
Christmas,Opal Trans-Light Blue,27
Christmas,Orange,184
Christmas,Pearl Gold,1246
Christmas,Pearl Light Gray,4
Christmas,Pearl Titanium,5
Christmas,Red,4237
Christmas,Reddish Brown,3607
Christmas,Reddish Orange,22
Christmas,Sand Blue,123
Christmas,Sand Green,526
Christmas,Tan,1906
Christmas,Trans-Bright Green,26
Christmas,Trans-Brown,10
Christmas,Trans-Clear,485
Christmas,Trans-Dark Blue,60
Christmas,Trans-Dark Pink,34
Christmas,Trans-Green,64
Christmas,Trans-Light Blue,158
Christmas,Trans-Medium Blue,4
Christmas,Trans-Neon Green,5
Christmas,Trans-Neon Orange,15
Christmas,Trans-Orange,174
Christmas,Trans-Purple,5
Christmas,Trans-Red,169
Christmas,Trans-Yellow,240
Christmas,White,7221
Christmas,Yellow,755
Christmas,Yellowish Green,19
Christmas,[No Color/Any Color],32
Cities of Wonders,Black,277
Cities of Wonders,Blue,38
Cities of Wonders,Bright Green,53
Cities of Wonders,Bright Light Orange,2
Cities of Wonders,Dark Bluish Gray,441
Cities of Wonders,Dark Green,14
Cities of Wonders,Dark Orange,69
Cities of Wonders,Dark Pink,2
Cities of Wonders,Dark Red,191
Cities of Wonders,Dark Tan,23
Cities of Wonders,Flat Silver,8
Cities of Wonders,Green,186
Cities of Wonders,Lavender,4
Cities of Wonders,Light Bluish Gray,515
Cities of Wonders,Lime,67
Cities of Wonders,Magenta,6
Cities of Wonders,Medium Azure,2
Cities of Wonders,Medium Blue,6
Cities of Wonders,Medium Nougat,27
Cities of Wonders,Olive Green,2
Cities of Wonders,Orange,28
Cities of Wonders,Pearl Gold,10
Cities of Wonders,Red,284
Cities of Wonders,Reddish Brown,215
Cities of Wonders,Sand Green,8
Cities of Wonders,Tan,212
Cities of Wonders,Trans-Brown,14
Cities of Wonders,Trans-Clear,22
Cities of Wonders,Trans-Dark Blue,6
Cities of Wonders,Trans-Light Blue,32
Cities of Wonders,Trans-Orange,1
Cities of Wonders,Trans-Red,6
Cities of Wonders,Trans-Yellow,2
Cities of Wonders,White,371
Cities of Wonders,Yellow,39
City,Black,11831
City,Blue,1427
City,Bright Green,334
City,Bright Light Blue,67
City,Bright Light Orange,399
City,Bright Light Yellow,63
City,Bright Pink,41
City,Chrome Silver,2
City,Coral,15
City,Dark Azure,364
City,Dark Blue,941
City,Dark Bluish Gray,6543
City,Dark Brown,74
City,Dark Green,66
City,Dark Orange,368
City,Dark Pink,70
City,Dark Purple,112
City,Dark Red,419
City,Dark Tan,416
City,Dark Turquoise,299
City,Flat Silver,522
City,Glitter Trans-Light Blue,6
City,Glitter Trans-Purple,1
City,Glow in Dark White,11
City,Green,1220
City,Lavender,4
City,Light Aqua,34
City,Light Bluish Gray,8446
City,Lime,1280
City,Magenta,99
City,Medium Azure,542
City,Medium Blue,22
City,Medium Brown,1
City,Medium Lavender,15
City,Medium Nougat,812
City,Metallic Gold,36
City,Metallic Silver,73
City,Olive Green,41
City,Opal Trans-Bright Green,3
City,Opal Trans-Dark Pink,1
City,Opal Trans-Purple,4
City,Orange,1003
City,Pearl Gold,433
City,Pearl Titanium,35
City,Red,4304
City,Reddish Brown,1446
City,Reddish Orange,69
City,Sand Blue,28
City,Sand Green,53
City,Tan,1856
City,Trans-Black,3
City,Trans-Bright Green,83
City,Trans-Brown,272
City,Trans-Clear,1023
City,Trans-Dark Blue,271
City,Trans-Dark Pink,23
City,Trans-Green,169
City,Trans-Light Blue,1051
City,Trans-Neon Green,38
City,Trans-Neon Orange,17
City,Trans-Orange,804
City,Trans-Purple,6
City,Trans-Red,733
City,Trans-Yellow,469
City,Vibrant Yellow,134
City,White,6972
City,Yellow,2849
City,Yellowish Green,6
City,[No Color/Any Color],106
City Center,Black,429
City Center,Blue,64
City Center,Brown,5
City Center,Chrome Silver,3
City Center,Dark Gray,71
City Center,Green,55
City Center,Light Gray,191
City Center,Orange,5
City Center,Red,238
City Center,Trans-Clear,16
City Center,Trans-Dark Blue,44
City Center,Trans-Green,13
City Center,Trans-Light Blue,27
City Center,Trans-Neon Green,49
City Center,Trans-Neon Orange,4
City Center,Trans-Red,32
City Center,Trans-Yellow,22
City Center,White,392
City Center,Yellow,229
City Center,[No Color/Any Color],9
Classic,Black,3829
Classic,Blue,1741
Classic,Bright Green,542
Classic,Bright Light Blue,188
Classic,Bright Light Orange,1113
Classic,Bright Light Yellow,553
Classic,Bright Pink,982
Classic,Coral,442
Classic,Dark Azure,637
Classic,Dark Blue,486
Classic,Dark Bluish Gray,955
Classic,Dark Brown,87
Classic,Dark Green,379
Classic,Dark Orange,304
Classic,Dark Pink,703
Classic,Dark Purple,877
Classic,Dark Red,398
Classic,Dark Tan,265
Classic,Dark Turquoise,303
Classic,Flat Silver,198
Classic,Glitter Trans-Purple,32
Classic,Glow in Dark White,23
Classic,Green,1609
Classic,Lavender,406
Classic,Light Aqua,563
Classic,Light Bluish Gray,2317
Classic,Light Nougat,4
Classic,Lime,1795
Classic,Magenta,753
Classic,Medium Azure,1661
Classic,Medium Blue,212
Classic,Medium Lavender,558
Classic,Medium Nougat,755
Classic,Metallic Gold,6
Classic,Metallic Silver,2
Classic,Olive Green,45
Classic,Opal Trans-Clear,89
Classic,Opal Trans-Light Blue,2
Classic,Orange,1488
Classic,Pearl Gold,551
Classic,Pearl Titanium,5
Classic,Red,3254
Classic,Reddish Brown,1779
Classic,Reddish Orange,28
Classic,Sand Green,77
Classic,Tan,1204
Classic,Trans-Bright Green,47
Classic,Trans-Brown,41
Classic,Trans-Clear,697
Classic,Trans-Dark Blue,136
Classic,Trans-Dark Pink,193
Classic,Trans-Green,99
Classic,Trans-Light Blue,291
Classic,Trans-Neon Green,59
Classic,Trans-Neon Orange,15
Classic,Trans-Orange,251
Classic,Trans-Purple,35
Classic,Trans-Red,270
Classic,Trans-Yellow,226
Classic,Vibrant Yellow,223
Classic,White,5993
Classic,Yellow,2870
Classic,Yellowish Green,172
Classic,[No Color/Any Color],3
Classic Basic,Black,1275
Classic Basic,Blue,2384
Classic Basic,Bright Green,11
Classic Basic,Brown,6
Classic Basic,Dark Gray,71
Classic Basic,Green,613
Classic Basic,Light Gray,143
Classic Basic,Medium Dark Pink,5
Classic Basic,Red,2591
Classic Basic,Trans-Clear,70
Classic Basic,Trans-Dark Blue,8
Classic Basic,Trans-Green,10
Classic Basic,Trans-Light Blue,12
Classic Basic,Trans-Red,14
Classic Basic,Trans-Yellow,17
Classic Basic,Violet,4
Classic Basic,White,2009
Classic Basic,Yellow,2403
Classic Castle,Black,246
Classic Castle,Blue,62
Classic Castle,Brown,4
Classic Castle,Green,14
Classic Castle,Light Gray,179
Classic Castle,Red,120
Classic Castle,White,142
Classic Castle,Yellow,1056
Classic Castle,[No Color/Any Color],4
Classic Space,Black,1708
Classic Space,Blue,3769
Classic Space,Dark Gray,3
Classic Space,Light Gray,4451
Classic Space,Red,4
Classic Space,Trans-Clear,14
Classic Space,Trans-Dark Blue,67
Classic Space,Trans-Green,240
Classic Space,Trans-Red,767
Classic Space,Trans-Yellow,344
Classic Space,White,1937
Classic Space,Yellow,110
Classic Space,[No Color/Any Color],6
Classic Town,Black,11532
Classic Town,Blue,3569
Classic Town,Brown,156
Classic Town,Chrome Gold,20
Classic Town,Chrome Silver,22
Classic Town,Dark Gray,217
Classic Town,Green,780
Classic Town,Light Gray,5232
Classic Town,Maersk Blue,265
Classic Town,Milky White,6
Classic Town,Pink,8
Classic Town,Red,9785
Classic Town,Rust,4
Classic Town,Trans-Clear,1192
Classic Town,Trans-Dark Blue,443
Classic Town,Trans-Green,173
Classic Town,Trans-Light Blue,748
Classic Town,Trans-Neon Green,2
Classic Town,Trans-Neon Orange,14
Classic Town,Trans-Red,1068
Classic Town,Trans-Yellow,1128
Classic Town,White,14692
Classic Town,Yellow,5846
Classic Town,[No Color/Any Color],205
Clikits,Aqua,182
Clikits,Black,14
Clikits,Bright Light Blue,26
Clikits,Bright Light Orange,19
Clikits,Bright Light Yellow,23
Clikits,Bright Pink,134
Clikits,Chrome Pink,3
Clikits,Chrome Silver,63
Clikits,Clikits Pink,32
Clikits,Clikits Yellow,22
Clikits,Dark Pink,170
Clikits,Glitter Trans-Medium Purple,6
Clikits,Glitter Trans-Pink,2
Clikits,Glitter Trans-Purple,7
Clikits,Light Green,32
Clikits,Light Purple,12
Clikits,Light Turquoise,40
Clikits,Light Yellow,2
Clikits,Lime,5
Clikits,Magenta,49
Clikits,Medium Blue,3
Clikits,Metal,5
Clikits,Metallic Silver,2
Clikits,Milky White,16
Clikits,Orange,25
Clikits,Pearl White,8
Clikits,Purple,11
Clikits,Reddish Lilac,49
Clikits,Sky Blue,79
Clikits,Trans-Clear,246
Clikits,Trans-Dark Pink,934
Clikits,Trans-Fire Yellow,41
Clikits,Trans-Flame Yellowish Orange,206
Clikits,Trans-Light Blue,289
Clikits,Trans-Light Bright Green,90
Clikits,Trans-Light Green,41
Clikits,Trans-Light Purple,67
Clikits,Trans-Light Royal Blue,90
Clikits,Trans-Medium Blue,7
Clikits,Trans-Medium Purple,257
Clikits,Trans-Neon Green,55
Clikits,Trans-Neon Yellow,153
Clikits,Trans-Orange,246
Clikits,Trans-Pink,426
Clikits,Trans-Purple,8
Clikits,Trans-Red,3
Clikits,Trans-Very Lt Blue,228
Clikits,Trans-Yellow,63
Clikits,White,103
Clikits,[No Color/Any Color],150
Clocks and Watches,Aqua,14
Clocks and Watches,Black,715
Clocks and Watches,Blue,239
Clocks and Watches,Bright Green,13
Clocks and Watches,Bright Light Blue,4
Clocks and Watches,Bright Light Orange,4
Clocks and Watches,Bright Pink,90
Clocks and Watches,Brown,7
Clocks and Watches,Chrome Silver,6
Clocks and Watches,Dark Azure,4
Clocks and Watches,Dark Blue,21
Clocks and Watches,Dark Bluish Gray,21
Clocks and Watches,Dark Gray,36
Clocks and Watches,Dark Green,9
Clocks and Watches,Dark Olive Green,10
Clocks and Watches,Dark Pink,38
Clocks and Watches,Dark Purple,9
Clocks and Watches,Dark Red,10
Clocks and Watches,Dark Tan,12
Clocks and Watches,Dark Turquoise,1
Clocks and Watches,Flat Silver,117
Clocks and Watches,Glow In Dark Opaque,2
Clocks and Watches,Glow in Dark White,4
Clocks and Watches,Green,70
Clocks and Watches,Light Bluish Gray,34
Clocks and Watches,Light Gray,66
Clocks and Watches,Lime,30
Clocks and Watches,Magenta,10
Clocks and Watches,Medium Blue,82
Clocks and Watches,Medium Dark Pink,9
Clocks and Watches,Medium Lavender,35
Clocks and Watches,Medium Orange,3
Clocks and Watches,Metallic Silver,12
Clocks and Watches,Neon Green,25
Clocks and Watches,Neon Orange,14
Clocks and Watches,Olive Green,7
Clocks and Watches,Orange,48
Clocks and Watches,Pearl Black,5
Clocks and Watches,Pearl Gold,12
Clocks and Watches,Pearl Green,1
Clocks and Watches,Pearl Light Gray,60
Clocks and Watches,Pearl Sand Blue,17
Clocks and Watches,Pearl Titanium,2
Clocks and Watches,Pearl Very Light Gray,9
Clocks and Watches,Pink,4
Clocks and Watches,Red,260
Clocks and Watches,Reddish Brown,50
Clocks and Watches,Reddish Gold,2
Clocks and Watches,Royal Blue,4
Clocks and Watches,Sand Blue,12
Clocks and Watches,Sand Green,34
Clocks and Watches,Sky Blue,2
Clocks and Watches,Tan,15
Clocks and Watches,Trans-Bright Green,1
Clocks and Watches,Trans-Clear,43
Clocks and Watches,Trans-Dark Blue,42
Clocks and Watches,Trans-Dark Pink,66
Clocks and Watches,Trans-Flame Yellowish Orange,2
Clocks and Watches,Trans-Green,9
Clocks and Watches,Trans-Light Blue,43
Clocks and Watches,Trans-Light Bright Green,4
Clocks and Watches,Trans-Medium Blue,5
Clocks and Watches,Trans-Neon Green,32
Clocks and Watches,Trans-Neon Orange,18
Clocks and Watches,Trans-Neon Red,1
Clocks and Watches,Trans-Neon Yellow,1
Clocks and Watches,Trans-Orange,14
Clocks and Watches,Trans-Pink,8
Clocks and Watches,Trans-Purple,2
Clocks and Watches,Trans-Red,25
Clocks and Watches,Trans-Very Lt Blue,4
Clocks and Watches,Trans-Yellow,1
Clocks and Watches,Very Light Bluish Gray,1
Clocks and Watches,Very Light Gray,4
Clocks and Watches,Very Light Orange,1
Clocks and Watches,White,180
Clocks and Watches,Yellow,143
Clocks and Watches,Yellowish Green,2
Clocks and Watches,[No Color/Any Color],79
Clocks and Watches,[Unknown],17
Coast Guard,Black,1344
Coast Guard,Blue,567
Coast Guard,Bright Green,9
Coast Guard,Bright Light Blue,6
Coast Guard,Bright Light Orange,60
Coast Guard,Bright Pink,2
Coast Guard,Dark Azure,6
Coast Guard,Dark Blue,3
Coast Guard,Dark Bluish Gray,1003
Coast Guard,Dark Pink,1
Coast Guard,Dark Red,4
Coast Guard,Dark Tan,18
Coast Guard,Dark Turquoise,1
Coast Guard,Flat Silver,33
Coast Guard,Green,29
Coast Guard,Light Bluish Gray,1012
Coast Guard,Light Gray,17
Coast Guard,Lime,20
Coast Guard,Magenta,5
Coast Guard,Medium Azure,10
Coast Guard,Medium Lavender,1
Coast Guard,Medium Nougat,16
Coast Guard,Milky White,1
Coast Guard,Olive Green,1
Coast Guard,Orange,489
Coast Guard,Pearl Gold,1
Coast Guard,Pearl Light Gray,1
Coast Guard,Pearl Titanium,1
Coast Guard,Red,326
Coast Guard,Reddish Brown,21
Coast Guard,Reddish Orange,94
Coast Guard,Sand Blue,8
Coast Guard,Sand Green,25
Coast Guard,Tan,65
Coast Guard,Trans-Brown,19
Coast Guard,Trans-Clear,81
Coast Guard,Trans-Dark Blue,6
Coast Guard,Trans-Green,54
Coast Guard,Trans-Light Blue,131
Coast Guard,Trans-Neon Green,1
Coast Guard,Trans-Orange,94
Coast Guard,Trans-Red,141
Coast Guard,Trans-Yellow,89
Coast Guard,Vibrant Yellow,40
Coast Guard,White,1690
Coast Guard,Yellow,273
Coast Guard,[No Color/Any Color],21
Collectible Minifigures,Black,59
Collectible Minifigures,Blue,1
Collectible Minifigures,Bright Light Orange,1
Collectible Minifigures,Coral,1
Collectible Minifigures,Dark Azure,2
Collectible Minifigures,Dark Bluish Gray,10
Collectible Minifigures,Dark Brown,4
Collectible Minifigures,Dark Orange,3
Collectible Minifigures,Dark Pink,1
Collectible Minifigures,Dark Red,3
Collectible Minifigures,Dark Tan,2
Collectible Minifigures,Flat Silver,13
Collectible Minifigures,Green,5
Collectible Minifigures,Light Bluish Gray,24
Collectible Minifigures,Lime,4
Collectible Minifigures,Magenta,2
Collectible Minifigures,Medium Azure,2
Collectible Minifigures,Medium Blue,2
Collectible Minifigures,Medium Nougat,1
Collectible Minifigures,Metallic Silver,8
Collectible Minifigures,Orange,3
Collectible Minifigures,Pearl Gold,14
Collectible Minifigures,Pearl Titanium,1
Collectible Minifigures,Red,8
Collectible Minifigures,Reddish Brown,21
Collectible Minifigures,Sand Green,1
Collectible Minifigures,Tan,6
Collectible Minifigures,Trans-Clear,2
Collectible Minifigures,Trans-Dark Blue,5
Collectible Minifigures,Trans-Light Blue,2
Collectible Minifigures,Trans-Neon Green,5
Collectible Minifigures,Trans-Neon Orange,2
Collectible Minifigures,Trans-Orange,5
Collectible Minifigures,Trans-Red,4
Collectible Minifigures,Trans-Yellow,3
Collectible Minifigures,White,22
Collectible Minifigures,Yellow,8
Competition,Black,3202
Competition,Blue,11
Competition,Dark Gray,231
Competition,Dark Turquoise,424
Competition,Green,10
Competition,Light Gray,959
Competition,Lime,36
Competition,Orange,39
Competition,Pearl Light Gray,6
Competition,Purple,107
Competition,Red,12
Competition,Trans-Clear,1
Competition,Trans-Green,2
Competition,Trans-Light Blue,6
Competition,Trans-Neon Green,6
Competition,Trans-Red,2
Competition,White,27
Competition,Yellow,196
Competition,[No Color/Any Color],27
Constraction,Black,242
Constraction,Blue,18
Constraction,Dark Bluish Gray,142
Constraction,Dark Brown,2
Constraction,Dark Green,14
Constraction,Dark Purple,8
Constraction,Dark Red,14
Constraction,Dark Tan,5
Constraction,Flat Silver,30
Constraction,Light Bluish Gray,39
Constraction,Olive Green,8
Constraction,Pearl Gold,78
Constraction,Pearl Titanium,54
Constraction,Red,40
Constraction,Reddish Brown,15
Constraction,Tan,1
Constraction,Trans-Dark Blue,12
Constraction,Trans-Light Blue,35
Constraction,Trans-Neon Orange,38
Constraction,Trans-Orange,5
Constraction,Trans-Red,4
Constraction,Trans-Yellow,1
Constraction,White,60
Constraction,Yellow,2
Constraction,[No Color/Any Color],1
Construction,Black,5927
Construction,Blue,1208
Construction,Bright Green,1
Construction,Bright Light Blue,1
Construction,Bright Light Orange,603
Construction,Dark Azure,19
Construction,Dark Blue,9
Construction,Dark Bluish Gray,3976
Construction,Dark Gray,2
Construction,Dark Green,5
Construction,Dark Orange,16
Construction,Dark Red,19
Construction,Dark Tan,206
Construction,Dark Turquoise,19
Construction,Flat Silver,75
Construction,Glow in Dark White,4
Construction,Green,361
Construction,Light Bluish Gray,3568
Construction,Light Gray,106
Construction,Lime,36
Construction,Medium Azure,15
Construction,Medium Blue,1
Construction,Medium Nougat,50
Construction,Metallic Gold,2
Construction,Milky White,4
Construction,Olive Green,3
Construction,Opal Trans-Purple,2
Construction,Orange,232
Construction,Pearl Gold,51
Construction,Pearl Light Gray,8
Construction,Red,2047
Construction,Reddish Brown,270
Construction,Reddish Orange,4
Construction,Sand Blue,10
Construction,Sand Green,7
Construction,Tan,241
Construction,Trans-Brown,108
Construction,Trans-Clear,421
Construction,Trans-Dark Blue,3
Construction,Trans-Green,3
Construction,Trans-Light Blue,29
Construction,Trans-Orange,578
Construction,Trans-Purple,1
Construction,Trans-Red,253
Construction,Trans-Yellow,153
Construction,White,824
Construction,Yellow,4192
Construction,[No Color/Any Color],46
Control Lab,Black,310
Control Lab,Blue,21
Control Lab,Chrome Silver,2
Control Lab,Dark Gray,11
Control Lab,Light Gray,154
Control Lab,Red,172
Control Lab,Trans-Clear,10
Control Lab,Trans-Dark Blue,1
Control Lab,Trans-Green,2
Control Lab,Trans-Red,1
Control Lab,Trans-Yellow,1
Control Lab,White,33
Control Lab,Yellow,76
Control Lab,[No Color/Any Color],14
Creator,Aqua,4
Creator,Black,5881
Creator,Blue,4620
Creator,Bright Green,137
Creator,Bright Light Blue,12
Creator,Bright Light Orange,169
Creator,Bright Light Yellow,52
Creator,Bright Pink,123
Creator,Brown,114
Creator,Chrome Silver,15
Creator,Coral,38
Creator,Dark Azure,145
Creator,Dark Blue,360
Creator,Dark Bluish Gray,1709
Creator,Dark Brown,96
Creator,Dark Gray,313
Creator,Dark Green,377
Creator,Dark Orange,214
Creator,Dark Pink,62
Creator,Dark Purple,13
Creator,Dark Red,557
Creator,Dark Tan,249
Creator,Dark Turquoise,73
Creator,Earth Orange,2
Creator,Flat Silver,133
Creator,Glitter Trans-Dark Pink,20
Creator,Glitter Trans-Purple,20
Creator,Green,3141
Creator,Lavender,13
Creator,Light Aqua,5
Creator,Light Blue,1
Creator,Light Bluish Gray,3233
Creator,Light Gray,311
Creator,Light Nougat,2
Creator,Light Yellow,9
Creator,Lime,529
Creator,Magenta,35
Creator,Medium Azure,160
Creator,Medium Blue,522
Creator,Medium Bluish Violet,1
Creator,Medium Dark Pink,11
Creator,Medium Green,2
Creator,Medium Lavender,3
Creator,Medium Nougat,328
Creator,Medium Orange,30
Creator,Metallic Gold,16
Creator,Metallic Silver,19
Creator,Nougat,12
Creator,Olive Green,1
Creator,Orange,1148
Creator,Pearl Gold,613
Creator,Pearl Light Gray,10
Creator,Pearl Titanium,2
Creator,Pink,5
Creator,Purple,51
Creator,Red,6495
Creator,Reddish Brown,1671
Creator,Reddish Orange,3
Creator,Sand Blue,25
Creator,Sand Green,130
Creator,Sand Red,5
Creator,Tan,1857
Creator,Trans-Bright Green,15
Creator,Trans-Brown,93
Creator,Trans-Clear,655
Creator,Trans-Dark Blue,422
Creator,Trans-Dark Pink,22
Creator,Trans-Green,69
Creator,Trans-Light Blue,242
Creator,Trans-Medium Blue,2
Creator,Trans-Neon Green,58
Creator,Trans-Neon Orange,38
Creator,Trans-Orange,184
Creator,Trans-Purple,7
Creator,Trans-Red,478
Creator,Trans-Yellow,176
Creator,Very Light Gray,2
Creator,White,7892
Creator,Yellow,4129
Creator,Yellowish Green,5
Creator,[No Color/Any Color],43
Creator 3-in-1,Black,16017
Creator 3-in-1,Blue,4237
Creator 3-in-1,Blue Violet,51
Creator 3-in-1,Bright Green,616
Creator 3-in-1,Bright Light Blue,534
Creator 3-in-1,Bright Light Orange,669
Creator 3-in-1,Bright Light Yellow,403
Creator 3-in-1,Bright Pink,706
Creator 3-in-1,Chrome Silver,8
Creator 3-in-1,Coral,168
Creator 3-in-1,Dark Azure,825
Creator 3-in-1,Dark Blue,1932
Creator 3-in-1,Dark Bluish Gray,9841
Creator 3-in-1,Dark Brown,287
Creator 3-in-1,Dark Green,848
Creator 3-in-1,Dark Orange,856
Creator 3-in-1,Dark Pink,369
Creator 3-in-1,Dark Purple,265
Creator 3-in-1,Dark Red,1342
Creator 3-in-1,Dark Tan,1013
Creator 3-in-1,Dark Turquoise,552
Creator 3-in-1,Flat Silver,449
Creator 3-in-1,Glow In Dark Trans,11
Creator 3-in-1,Glow in Dark White,9
Creator 3-in-1,Green,2634
Creator 3-in-1,Lavender,217
Creator 3-in-1,Light Aqua,839
Creator 3-in-1,Light Bluish Gray,15082
Creator 3-in-1,Light Nougat,121
Creator 3-in-1,Lime,1201
Creator 3-in-1,Magenta,178
Creator 3-in-1,Medium Azure,863
Creator 3-in-1,Medium Blue,546
Creator 3-in-1,Medium Lavender,117
Creator 3-in-1,Medium Nougat,1497
Creator 3-in-1,Metallic Gold,6
Creator 3-in-1,Metallic Silver,140
Creator 3-in-1,Nougat,16
Creator 3-in-1,Olive Green,386
Creator 3-in-1,Opal Trans-Brown,4
Creator 3-in-1,Opal Trans-Clear,11
Creator 3-in-1,Opal Trans-Dark Blue,2
Creator 3-in-1,Opal Trans-Dark Pink,11
Creator 3-in-1,Opal Trans-Light Blue,11
Creator 3-in-1,Opal Trans-Purple,1
Creator 3-in-1,Orange,1443
Creator 3-in-1,Pearl Dark Gray,2
Creator 3-in-1,Pearl Gold,926
Creator 3-in-1,Pearl Light Gray,11
Creator 3-in-1,Pearl Titanium,59
Creator 3-in-1,Red,7321
Creator 3-in-1,Reddish Brown,5199
Creator 3-in-1,Reddish Orange,70
Creator 3-in-1,Sand Blue,110
Creator 3-in-1,Sand Green,478
Creator 3-in-1,Tan,5918
Creator 3-in-1,Trans-Black,1
Creator 3-in-1,Trans-Bright Green,41
Creator 3-in-1,Trans-Brown,372
Creator 3-in-1,Trans-Clear,1656
Creator 3-in-1,Trans-Dark Blue,107
Creator 3-in-1,Trans-Dark Pink,40
Creator 3-in-1,Trans-Green,216
Creator 3-in-1,Trans-Light Blue,272
Creator 3-in-1,Trans-Medium Blue,3
Creator 3-in-1,Trans-Neon Green,57
Creator 3-in-1,Trans-Neon Orange,103
Creator 3-in-1,Trans-Orange,647
Creator 3-in-1,Trans-Purple,7
Creator 3-in-1,Trans-Red,467
Creator 3-in-1,Trans-Yellow,433
Creator 3-in-1,Vibrant Yellow,38
Creator 3-in-1,Warm Pink,18
Creator 3-in-1,White,15655
Creator 3-in-1,Yellow,5151
Creator 3-in-1,Yellowish Green,91
Creator 3-in-1,[No Color/Any Color],12
Creator Expert,Black,14863
Creator Expert,Blue,2877
Creator Expert,Bright Green,213
Creator Expert,Bright Light Blue,386
Creator Expert,Bright Light Orange,33
Creator Expert,Bright Light Yellow,810
Creator Expert,Bright Pink,36
Creator Expert,Brown,437
Creator Expert,Chrome Gold,5
Creator Expert,Chrome Silver,50
Creator Expert,Dark Azure,790
Creator Expert,Dark Blue,2801
Creator Expert,Dark Bluish Gray,11435
Creator Expert,Dark Brown,54
Creator Expert,Dark Gray,403
Creator Expert,Dark Green,1508
Creator Expert,Dark Orange,111
Creator Expert,Dark Pink,97
Creator Expert,Dark Purple,41
Creator Expert,Dark Red,1146
Creator Expert,Dark Tan,3262
Creator Expert,Dark Turquoise,3
Creator Expert,Flat Silver,438
Creator Expert,Glow in Dark White,120
Creator Expert,Green,1125
Creator Expert,Light Aqua,3
Creator Expert,Light Bluish Gray,15328
Creator Expert,Light Gray,418
Creator Expert,Lime,115
Creator Expert,Maersk Blue,170
Creator Expert,Magenta,3
Creator Expert,Medium Azure,140
Creator Expert,Medium Blue,1367
Creator Expert,Medium Nougat,344
Creator Expert,Metallic Gold,178
Creator Expert,Metallic Silver,391
Creator Expert,Orange,421
Creator Expert,Pastel Blue,895
Creator Expert,Pearl Dark Gray,8
Creator Expert,Pearl Gold,534
Creator Expert,Pearl Titanium,2
Creator Expert,Red,6072
Creator Expert,Reddish Brown,3248
Creator Expert,Sand Blue,90
Creator Expert,Sand Green,54
Creator Expert,Tan,12144
Creator Expert,Trans-Brown,1434
Creator Expert,Trans-Clear,2078
Creator Expert,Trans-Dark Blue,124
Creator Expert,Trans-Dark Pink,6
Creator Expert,Trans-Green,53
Creator Expert,Trans-Light Blue,163
Creator Expert,Trans-Medium Blue,28
Creator Expert,Trans-Neon Green,10
Creator Expert,Trans-Neon Orange,51
Creator Expert,Trans-Orange,170
Creator Expert,Trans-Red,183
Creator Expert,Trans-Yellow,358
Creator Expert,Very Light Gray,200
Creator Expert,White,23603
Creator Expert,Yellow,1924
Creator Expert,[No Color/Any Color],93
DC Comics,Black,62
DC Comics,Blue,47
DC Comics,Bright Green,12
DC Comics,Bright Light Blue,4
DC Comics,Bright Light Orange,2
DC Comics,Dark Bluish Gray,13
DC Comics,Dark Orange,1
DC Comics,Dark Purple,9
DC Comics,Flat Silver,1
DC Comics,Light Bluish Gray,52
DC Comics,Lime,3
DC Comics,Magenta,1
DC Comics,Medium Azure,42
DC Comics,Orange,16
DC Comics,Pearl Gold,1
DC Comics,Red,26
DC Comics,Reddish Brown,2
DC Comics,Trans-Bright Green,1
DC Comics,Trans-Light Blue,11
DC Comics,Trans-Orange,2
DC Comics,White,18
DC Comics,Yellow,46
DC Comics Super Heroes,Black,162
DC Comics Super Heroes,Blue,58
DC Comics Super Heroes,Bright Green,3
DC Comics Super Heroes,Bright Light Blue,3
DC Comics Super Heroes,Dark Azure,6
DC Comics Super Heroes,Dark Bluish Gray,57
DC Comics Super Heroes,Dark Purple,11
DC Comics Super Heroes,Dark Red,4
DC Comics Super Heroes,Flat Silver,4
DC Comics Super Heroes,Glitter Trans-Light Blue,1
DC Comics Super Heroes,Green,6
DC Comics Super Heroes,Light Bluish Gray,84
DC Comics Super Heroes,Lime,26
DC Comics Super Heroes,Medium Blue,6
DC Comics Super Heroes,Orange,1
DC Comics Super Heroes,Pearl Gold,1
DC Comics Super Heroes,Pearl Titanium,4
DC Comics Super Heroes,Red,28
DC Comics Super Heroes,Reddish Brown,3
DC Comics Super Heroes,Trans-Bright Green,5
DC Comics Super Heroes,Trans-Brown,4
DC Comics Super Heroes,Trans-Dark Blue,5
DC Comics Super Heroes,Trans-Green,3
DC Comics Super Heroes,Trans-Light Blue,7
DC Comics Super Heroes,Trans-Neon Green,1
DC Comics Super Heroes,Trans-Orange,9
DC Comics Super Heroes,Trans-Red,13
DC Comics Super Heroes,Trans-Yellow,20
DC Comics Super Heroes,White,24
DC Comics Super Heroes,Yellow,60
DC Super Hero Girls,Black,738
DC Super Hero Girls,Blue,147
DC Super Hero Girls,Bright Green,22
DC Super Hero Girls,Bright Light Blue,1
DC Super Hero Girls,Bright Light Orange,46
DC Super Hero Girls,Bright Pink,19
DC Super Hero Girls,Dark Azure,30
DC Super Hero Girls,Dark Blue,65
DC Super Hero Girls,Dark Bluish Gray,419
DC Super Hero Girls,Dark Pink,59
DC Super Hero Girls,Dark Purple,106
DC Super Hero Girls,Dark Red,1
DC Super Hero Girls,Dark Tan,4
DC Super Hero Girls,Flat Silver,106
DC Super Hero Girls,Glitter Trans-Purple,1
DC Super Hero Girls,Green,45
DC Super Hero Girls,Lavender,13
DC Super Hero Girls,Light Bluish Gray,423
DC Super Hero Girls,Lime,40
DC Super Hero Girls,Magenta,66
DC Super Hero Girls,Medium Azure,38
DC Super Hero Girls,Medium Lavender,40
DC Super Hero Girls,Medium Nougat,29
DC Super Hero Girls,Orange,28
DC Super Hero Girls,Pearl Gold,47
DC Super Hero Girls,Pearl Titanium,4
DC Super Hero Girls,Red,197
DC Super Hero Girls,Reddish Brown,15
DC Super Hero Girls,Tan,44
DC Super Hero Girls,Trans-Bright Green,52
DC Super Hero Girls,Trans-Brown,6
DC Super Hero Girls,Trans-Clear,82
DC Super Hero Girls,Trans-Dark Blue,9
DC Super Hero Girls,Trans-Dark Pink,74
DC Super Hero Girls,Trans-Green,5
DC Super Hero Girls,Trans-Light Blue,135
DC Super Hero Girls,Trans-Neon Green,25
DC Super Hero Girls,Trans-Neon Orange,8
DC Super Hero Girls,Trans-Orange,55
DC Super Hero Girls,Trans-Purple,55
DC Super Hero Girls,Trans-Red,31
DC Super Hero Girls,Trans-Yellow,36
DC Super Hero Girls,White,405
DC Super Hero Girls,Yellow,75
DC Super Hero Girls,[No Color/Any Color],11
DC Super Heroes,Black,33
DC Super Heroes,Blue,2
DC Super Heroes,Bright Green,1
DC Super Heroes,Bright Light Orange,1
DC Super Heroes,Bright Pink,2
DC Super Heroes,Dark Purple,3
DC Super Heroes,Glitter Trans-Orange,1
DC Super Heroes,Green,1
DC Super Heroes,Light Bluish Gray,3
DC Super Heroes,Magenta,1
DC Super Heroes,Pearl Gold,2
DC Super Heroes,Pearl Titanium,1
DC Super Heroes,Trans-Bright Green,2
DC Super Heroes,Trans-Clear,32
DC Super Heroes,Trans-Yellow,7
DC Super Heroes,White,3
DC Super Heroes,Yellow,1
DC Super Heroes,Yellowish Green,1
DFB Minifigures,White,32
DOTS,Black,1541
DOTS,Blue,770
DOTS,Bright Green,459
DOTS,Bright Light Blue,304
DOTS,Bright Light Orange,874
DOTS,Bright Light Yellow,1044
DOTS,Bright Pink,1188
DOTS,Coral,1511
DOTS,Dark Azure,657
DOTS,Dark Blue,339
DOTS,Dark Bluish Gray,100
DOTS,Dark Green,121
DOTS,Dark Orange,49
DOTS,Dark Pink,179
DOTS,Dark Purple,384
DOTS,Dark Red,114
DOTS,Dark Turquoise,1144
DOTS,Glitter Trans-Clear,204
DOTS,Glitter Trans-Dark Pink,26
DOTS,Glitter Trans-Light Blue,21
DOTS,Glow in Dark White,24
DOTS,Green,30
DOTS,Lavender,1351
DOTS,Light Aqua,1540
DOTS,Light Bluish Gray,287
DOTS,Light Nougat,57
DOTS,Lime,106
DOTS,Magenta,612
DOTS,Medium Azure,708
DOTS,Medium Blue,11
DOTS,Medium Lavender,393
DOTS,Medium Nougat,87
DOTS,Metallic Gold,8
DOTS,Metallic Silver,37
DOTS,Nougat,1
DOTS,Opal Trans-Bright Green,49
DOTS,Opal Trans-Brown,16
DOTS,Opal Trans-Clear,267
DOTS,Opal Trans-Dark Blue,48
DOTS,Opal Trans-Dark Pink,5
DOTS,Opal Trans-Light Blue,73
DOTS,Opal Trans-Purple,43
DOTS,Orange,381
DOTS,Pearl Gold,9
DOTS,Red,525
DOTS,Reddish Brown,107
DOTS,Sand Green,26
DOTS,Tan,137
DOTS,Trans-Clear,44
DOTS,Trans-Dark Blue,5
DOTS,Trans-Dark Pink,43
DOTS,Trans-Light Blue,129
DOTS,Trans-Neon Green,20
DOTS,Trans-Orange,41
DOTS,Trans-Purple,61
DOTS,Trans-Red,17
DOTS,Trans-Yellow,17
DOTS,Vibrant Yellow,353
DOTS,White,2960
DOTS,Yellow,1163
DOTS,Yellowish Green,437
DOTS,[No Color/Any Color],2
Dark Forest,Black,295
Dark Forest,Blue,37
Dark Forest,Brown,114
Dark Forest,Dark Gray,13
Dark Forest,Green,42
Dark Forest,Light Gray,137
Dark Forest,Red,25
Dark Forest,Trans-Dark Blue,3
Dark Forest,Trans-Green,8
Dark Forest,Trans-Neon Orange,4
Dark Forest,Trans-Red,8
Dark Forest,Trans-Yellow,7
Dark Forest,White,6
Dark Forest,Yellow,5
Database Sets,Black,220
Database Sets,Blue,131
Database Sets,Bright Green,23
Database Sets,Bright Light Blue,19
Database Sets,Bright Light Orange,24
Database Sets,Bright Light Yellow,15
Database Sets,Bright Pink,10
Database Sets,Brown,40
Database Sets,Chrome Black,3
Database Sets,Chrome Gold,3
Database Sets,Chrome Silver,2
Database Sets,Coral,6
Database Sets,Dark Azure,13
Database Sets,Dark Blue,27
Database Sets,Dark Bluish Gray,29
Database Sets,Dark Brown,9
Database Sets,Dark Gray,76
Database Sets,Dark Green,16
Database Sets,Dark Olive Green,1
Database Sets,Dark Orange,30
Database Sets,Dark Pink,27
Database Sets,Dark Purple,37
Database Sets,Dark Red,25
Database Sets,Dark Tan,15
Database Sets,Dark Turquoise,68
Database Sets,Flat Dark Gold,33
Database Sets,Flat Silver,16
Database Sets,Glitter Milky White,2
Database Sets,Glitter Trans-Clear,1
Database Sets,Glitter Trans-Green,1
Database Sets,Glitter Trans-Light Blue,1
Database Sets,Glow In Dark Opaque,67
Database Sets,Glow in Dark White,1
Database Sets,Green,125
Database Sets,HO Aqua,1
Database Sets,HO Azure,1
Database Sets,HO Blue-gray,1
Database Sets,HO Cyan,1
Database Sets,HO Dark Aqua,1
Database Sets,HO Dark Blue,2
Database Sets,HO Dark Gray,2
Database Sets,HO Dark Green,1
Database Sets,HO Dark Lime,1
Database Sets,HO Dark Red,1
Database Sets,HO Dark Sand Green,1
Database Sets,HO Earth Orange,2
Database Sets,HO Gold,1
Database Sets,HO Light Aqua,1
Database Sets,HO Light Brown,1
Database Sets,HO Light Gold,2
Database Sets,HO Light Tan,2
Database Sets,HO Light Yellow,1
Database Sets,HO Medium Blue,2
Database Sets,HO Medium Red,4
Database Sets,HO Metallic Blue,2
Database Sets,HO Metallic Dark Gray,2
Database Sets,HO Metallic Green,1
Database Sets,HO Metallic Sand Blue,1
Database Sets,HO Olive Green,6
Database Sets,HO Rose,1
Database Sets,HO Sand Blue,2
Database Sets,HO Sand Green,1
Database Sets,HO Tan,2
Database Sets,HO Titanium,1
Database Sets,Lavender,8
Database Sets,Light Aqua,8
Database Sets,Light Bluish Gray,28
Database Sets,Light Brown,15
Database Sets,Light Gray,63
Database Sets,Light Lime,1
Database Sets,Light Nougat,16
Database Sets,Light Orange,9
Database Sets,Light Purple,5
Database Sets,Light Violet,1
Database Sets,Light Yellow,3
Database Sets,Lime,88
Database Sets,Magenta,29
Database Sets,Medium Azure,17
Database Sets,Medium Blue,54
Database Sets,Medium Bluish Violet,12
Database Sets,Medium Dark Pink,2
Database Sets,Medium Green,2
Database Sets,Medium Lavender,6
Database Sets,Medium Lime,1
Database Sets,Medium Nougat,8
Database Sets,Medium Orange,10
Database Sets,Medium Violet,1
Database Sets,Metal,6
Database Sets,Metallic Gold,16
Database Sets,Metallic Silver,2
Database Sets,Milky White,1
Database Sets,Modulex Aqua Green,16
Database Sets,Modulex Black,293
Database Sets,Modulex Brown,13
Database Sets,Modulex Buff,26
Database Sets,Modulex Charcoal Gray,2
Database Sets,Modulex Clear,34
Database Sets,Modulex Foil Dark Blue,1
Database Sets,Modulex Foil Dark Gray,1
Database Sets,Modulex Foil Dark Green,1
Database Sets,Modulex Foil Light Blue,1
Database Sets,Modulex Foil Light Gray,1
Database Sets,Modulex Foil Light Green,1
Database Sets,Modulex Foil Orange,1
Database Sets,Modulex Foil Red,1
Database Sets,Modulex Foil Violet,1
Database Sets,Modulex Foil Yellow,1
Database Sets,Modulex Lemon,23
Database Sets,Modulex Light Bluish Gray,10
Database Sets,Modulex Light Gray,39
Database Sets,Modulex Light Orange,7
Database Sets,Modulex Light Yellow,8
Database Sets,Modulex Medium Blue,9
Database Sets,Modulex Ochre Yellow,7
Database Sets,Modulex Olive Green,11
Database Sets,Modulex Orange,26
Database Sets,Modulex Pastel Blue,19
Database Sets,Modulex Pastel Green,35
Database Sets,Modulex Pink,20
Database Sets,Modulex Pink Red,7
Database Sets,Modulex Red,26
Database Sets,Modulex Teal Blue,4
Database Sets,Modulex Terracotta,22
Database Sets,Modulex Tile Blue,80
Database Sets,Modulex Tile Brown,161
Database Sets,Modulex Tile Gray,222
Database Sets,Modulex Violet,7
Database Sets,Modulex White,788
Database Sets,Nougat,15
Database Sets,Ochre Yellow,1
Database Sets,Olive Green,10
Database Sets,Orange,113
Database Sets,Pastel Blue,7
Database Sets,Pearl Dark Gray,32
Database Sets,Pearl Gold,25
Database Sets,Pearl Light Gold,3
Database Sets,Pearl Light Gray,39
Database Sets,Pearl Lime,38
Database Sets,Pearl Sand Blue,32
Database Sets,Pearl Titanium,9
Database Sets,Pearl Very Light Gray,20
Database Sets,Pink,8
Database Sets,Purple,34
Database Sets,Red,191
Database Sets,Reddish Brown,35
Database Sets,Reddish Gold,32
Database Sets,Reddish Orange,5
Database Sets,Rust,1
Database Sets,Sand Blue,19
Database Sets,Sand Green,23
Database Sets,Sand Purple,1
Database Sets,Sand Red,3
Database Sets,Sienna Brown,1
Database Sets,Sky Blue,2
Database Sets,Tan,84
Database Sets,Trans-Bright Green,14
Database Sets,Trans-Brown,5
Database Sets,Trans-Clear,31
Database Sets,Trans-Dark Blue,18
Database Sets,Trans-Dark Pink,3
Database Sets,Trans-Green,6
Database Sets,Trans-Light Blue,28
Database Sets,Trans-Medium Blue,4
Database Sets,Trans-Neon Green,5
Database Sets,Trans-Neon Orange,26
Database Sets,Trans-Neon Red,1
Database Sets,Trans-Neon Yellow,2
Database Sets,Trans-Orange,5
Database Sets,Trans-Purple,1
Database Sets,Trans-Red,22
Database Sets,Trans-Yellow,16
Database Sets,Two-tone Gold,6
Database Sets,Two-tone Silver,6
Database Sets,Very Light Bluish Gray,9
Database Sets,Very Light Orange,13
Database Sets,Violet,2
Database Sets,Warm Yellowish Orange,18
Database Sets,White,943
Database Sets,Yellow,554
Database Sets,Yellowish Green,11
Database Sets,[No Color/Any Color],2723
Desert,Black,632
Desert,Blue,60
Desert,Brown,102
Desert,Chrome Gold,12
Desert,Dark Gray,318
Desert,Green,68
Desert,Light Gray,574
Desert,Metallic Gold,2
Desert,Red,171
Desert,Tan,383
Desert,Trans-Clear,40
Desert,Trans-Green,6
Desert,Trans-Neon Green,4
Desert,Trans-Neon Orange,15
Desert,Trans-Red,16
Desert,Trans-Yellow,13
Desert,White,76
Desert,Yellow,73
Desert,[No Color/Any Color],6
Designer Sets,Black,2338
Designer Sets,Blue,723
Designer Sets,Brown,68
Designer Sets,Chrome Silver,42
Designer Sets,Dark Blue,68
Designer Sets,Dark Bluish Gray,1064
Designer Sets,Dark Gray,604
Designer Sets,Dark Orange,96
Designer Sets,Dark Red,281
Designer Sets,Glow In Dark Opaque,46
Designer Sets,Green,415
Designer Sets,Light Bluish Gray,702
Designer Sets,Light Gray,658
Designer Sets,Lime,86
Designer Sets,Medium Blue,126
Designer Sets,Medium Dark Pink,2
Designer Sets,Metallic Silver,21
Designer Sets,Orange,426
Designer Sets,Pearl Light Gray,6
Designer Sets,Red,1214
Designer Sets,Reddish Brown,269
Designer Sets,Sand Blue,298
Designer Sets,Tan,677
Designer Sets,Trans-Brown,53
Designer Sets,Trans-Clear,119
Designer Sets,Trans-Dark Blue,15
Designer Sets,Trans-Green,18
Designer Sets,Trans-Light Blue,2
Designer Sets,Trans-Medium Blue,2
Designer Sets,Trans-Neon Green,21
Designer Sets,Trans-Neon Orange,63
Designer Sets,Trans-Red,73
Designer Sets,Trans-Yellow,31
Designer Sets,White,879
Designer Sets,Yellow,915
Designer Sets,[No Color/Any Color],1
Despicable Me 4,Black,540
Despicable Me 4,Blue,52
Despicable Me 4,Bright Green,22
Despicable Me 4,Bright Light Orange,23
Despicable Me 4,Bright Light Yellow,1
Despicable Me 4,Bright Pink,7
Despicable Me 4,Coral,5
Despicable Me 4,Dark Azure,115
Despicable Me 4,Dark Blue,180
Despicable Me 4,Dark Bluish Gray,174
Despicable Me 4,Dark Brown,4
Despicable Me 4,Dark Orange,18
Despicable Me 4,Dark Pink,28
Despicable Me 4,Dark Purple,12
Despicable Me 4,Dark Red,8
Despicable Me 4,Dark Tan,13
Despicable Me 4,Dark Turquoise,1
Despicable Me 4,Flat Silver,14
Despicable Me 4,Green,7
Despicable Me 4,Lavender,2
Despicable Me 4,Light Bluish Gray,210
Despicable Me 4,Light Nougat,39
Despicable Me 4,Lime,83
Despicable Me 4,Magenta,6
Despicable Me 4,Medium Azure,50
Despicable Me 4,Medium Nougat,72
Despicable Me 4,Olive Green,4
Despicable Me 4,Orange,5
Despicable Me 4,Pearl Gold,4
Despicable Me 4,Red,87
Despicable Me 4,Reddish Brown,88
Despicable Me 4,Reddish Orange,8
Despicable Me 4,Sand Blue,8
Despicable Me 4,Tan,87
Despicable Me 4,Trans-Black,9
Despicable Me 4,Trans-Bright Green,15
Despicable Me 4,Trans-Clear,15
Despicable Me 4,Trans-Dark Blue,4
Despicable Me 4,Trans-Dark Pink,12
Despicable Me 4,Trans-Light Blue,38
Despicable Me 4,Trans-Orange,19
Despicable Me 4,Trans-Red,15
Despicable Me 4,Trans-Yellow,9
Despicable Me 4,White,212
Despicable Me 4,Yellow,189
Despicable Me 4,Yellowish Green,21
Despicable Me 4,[No Color/Any Color],4
Dimensions,Black,1257
Dimensions,Blue,104
Dimensions,Bright Green,2
Dimensions,Bright Light Blue,1
Dimensions,Bright Light Orange,11
Dimensions,Bright Light Yellow,1
Dimensions,Bright Pink,31
Dimensions,Dark Blue,261
Dimensions,Dark Bluish Gray,378
Dimensions,Dark Brown,27
Dimensions,Dark Green,36
Dimensions,Dark Orange,2
Dimensions,Dark Pink,27
Dimensions,Dark Purple,15
Dimensions,Dark Red,33
Dimensions,Dark Tan,40
Dimensions,Flat Silver,109
Dimensions,Green,87
Dimensions,Light Aqua,1
Dimensions,Light Bluish Gray,970
Dimensions,Lime,59
Dimensions,Magenta,21
Dimensions,Medium Azure,204
Dimensions,Medium Blue,14
Dimensions,Medium Lavender,47
Dimensions,Medium Nougat,4
Dimensions,Metallic Silver,6
Dimensions,Nougat,6
Dimensions,Olive Green,12
Dimensions,Orange,21
Dimensions,Pearl Gold,196
Dimensions,Pearl Titanium,5
Dimensions,Red,236
Dimensions,Reddish Brown,180
Dimensions,Sand Blue,3
Dimensions,Sand Green,41
Dimensions,Tan,75
Dimensions,Trans-Brown,59
Dimensions,Trans-Clear,128
Dimensions,Trans-Dark Blue,29
Dimensions,Trans-Dark Pink,4
Dimensions,Trans-Green,30
Dimensions,Trans-Light Blue,452
Dimensions,Trans-Orange,108
Dimensions,Trans-Purple,47
Dimensions,Trans-Red,98
Dimensions,Trans-Yellow,147
Dimensions,White,426
Dimensions,Yellow,134
Dimensions,Yellowish Green,1
Dimensions,[No Color/Any Color],11
Dino,Black,341
Dino,Blue,151
Dino,Bright Green,21
Dino,Bright Light Orange,1
Dino,Brown,30
Dino,Dark Bluish Gray,442
Dino,Dark Brown,6
Dino,Dark Green,4
Dino,Dark Orange,33
Dino,Dark Red,224
Dino,Dark Tan,19
Dino,Flat Silver,4
Dino,Green,161
Dino,Light Bluish Gray,428
Dino,Light Gray,4
Dino,Lime,34
Dino,Medium Nougat,24
Dino,Medium Orange,13
Dino,Nougat,28
Dino,Olive Green,17
Dino,Orange,3
Dino,Pearl Light Gray,1
Dino,Pearl Titanium,13
Dino,Red,188
Dino,Reddish Brown,56
Dino,Tan,28
Dino,Trans-Clear,47
Dino,Trans-Green,6
Dino,Trans-Neon Green,46
Dino,Trans-Orange,19
Dino,Trans-Red,31
Dino,Trans-Yellow,8
Dino,Violet,2
Dino,White,31
Dino,Yellow,639
Dino,[No Color/Any Color],6
Dino Attack / Dino 2010,Black,839
Dino Attack / Dino 2010,Blue,58
Dino Attack / Dino 2010,Dark Bluish Gray,440
Dino Attack / Dino 2010,Dark Green,6
Dino Attack / Dino 2010,Dark Orange,4
Dino Attack / Dino 2010,Dark Red,263
Dino Attack / Dino 2010,Light Bluish Gray,437
Dino Attack / Dino 2010,Light Purple,2
Dino Attack / Dino 2010,Lime,38
Dino Attack / Dino 2010,Pearl Light Gray,24
Dino Attack / Dino 2010,Red,46
Dino Attack / Dino 2010,Tan,371
Dino Attack / Dino 2010,Trans-Brown,23
Dino Attack / Dino 2010,Trans-Clear,12
Dino Attack / Dino 2010,Trans-Dark Blue,3
Dino Attack / Dino 2010,Trans-Neon Green,16
Dino Attack / Dino 2010,Trans-Red,23
Dino Attack / Dino 2010,Trans-Yellow,13
Dino Attack / Dino 2010,White,87
Dino Attack / Dino 2010,Yellow,20
Dino Attack / Dino 2010,[No Color/Any Color],6
Dino Island,Black,331
Dino Island,Blue,108
Dino Island,Brown,167
Dino Island,Dark Gray,153
Dino Island,Dark Orange,5
Dino Island,Green,72
Dino Island,Light Gray,391
Dino Island,Red,145
Dino Island,Tan,84
Dino Island,Trans-Brown,1
Dino Island,Trans-Clear,32
Dino Island,Trans-Green,1
Dino Island,Trans-Neon Green,1
Dino Island,Trans-Neon Orange,3
Dino Island,Trans-Red,4
Dino Island,Trans-Yellow,5
Dino Island,White,135
Dino Island,Yellow,41
Dino Island,[No Color/Any Color],4
Dinosaurs,Black,47
Dinosaurs,Dark Gray,100
Dinosaurs,Light Gray,112
Dinosaurs,Red,2
Dinosaurs,Sand Blue,79
Dinosaurs,Sand Green,82
Dinosaurs,Tan,13
Discovery,Black,632
Discovery,Blue,102
Discovery,Chrome Gold,5
Discovery,Chrome Silver,7
Discovery,Dark Blue,10
Discovery,Dark Gray,257
Discovery,Light Gray,892
Discovery,Pearl Light Gray,5
Discovery,Red,1
Discovery,Sand Green,9
Discovery,Tan,309
Discovery,Trans-Brown,21
Discovery,Trans-Clear,17
Discovery,Trans-Dark Blue,7
Discovery,Trans-Neon Orange,42
Discovery,Very Light Gray,2
Discovery,White,621
Discovery,Yellow,11
Discovery,[No Color/Any Color],12
Disney,Black,4282
Disney,Blue,1079
Disney,Blue Violet,8
Disney,Bright Green,529
Disney,Bright Light Blue,315
Disney,Bright Light Orange,2442
Disney,Bright Light Yellow,494
Disney,Bright Pink,930
Disney,Chrome Gold,3
Disney,Coral,399
Disney,Dark Azure,647
Disney,Dark Blue,699
Disney,Dark Bluish Gray,2059
Disney,Dark Brown,77
Disney,Dark Green,266
Disney,Dark Orange,988
Disney,Dark Pink,616
Disney,Dark Purple,230
Disney,Dark Red,1053
Disney,Dark Tan,996
Disney,Dark Turquoise,677
Disney,Flat Silver,131
Disney,Glitter Trans-Purple,3
Disney,Glow in Dark White,4
Disney,Green,817
Disney,Lavender,540
Disney,Light Aqua,203
Disney,Light Bluish Gray,4599
Disney,Light Nougat,640
Disney,Lime,702
Disney,Magenta,498
Disney,Medium Azure,677
Disney,Medium Blue,68
Disney,Medium Brown,1
Disney,Medium Lavender,212
Disney,Medium Nougat,1771
Disney,Metallic Gold,12
Disney,Metallic Silver,6
Disney,Nougat,181
Disney,Olive Green,104
Disney,Opal Trans-Bright Green,61
Disney,Opal Trans-Brown,51
Disney,Opal Trans-Clear,21
Disney,Opal Trans-Dark Blue,35
Disney,Opal Trans-Dark Pink,3
Disney,Opal Trans-Light Blue,26
Disney,Opal Trans-Yellow,5
Disney,Orange,879
Disney,Pearl Gold,2679
Disney,Pearl Titanium,7
Disney,Red,2460
Disney,Reddish Brown,2673
Disney,Reddish Orange,92
Disney,Sand Blue,856
Disney,Sand Green,562
Disney,Sienna Brown,1
Disney,Tan,4948
Disney,Trans-Bright Green,16
Disney,Trans-Brown,24
Disney,Trans-Clear,425
Disney,Trans-Dark Blue,8
Disney,Trans-Dark Pink,41
Disney,Trans-Green,14
Disney,Trans-Light Blue,173
Disney,Trans-Neon Green,2
Disney,Trans-Orange,144
Disney,Trans-Purple,10
Disney,Trans-Red,16
Disney,Trans-Yellow,80
Disney,Warm Pink,20
Disney,Warm Tan,3
Disney,White,8818
Disney,Yellow,1191
Disney,Yellowish Green,64
Disney,[No Color/Any Color],50
Disney 100,Black,21
Disney 100,Bright Light Yellow,2
Disney 100,Coral,1
Disney 100,Dark Bluish Gray,2
Disney 100,Dark Brown,1
Disney 100,Dark Orange,1
Disney 100,Dark Red,2
Disney 100,Dark Tan,1
Disney 100,Flat Silver,2
Disney 100,Light Bluish Gray,2
Disney 100,Lime,1
Disney 100,Magenta,2
Disney 100,Medium Nougat,2
Disney 100,Nougat,1
Disney 100,Orange,1
Disney 100,Pearl Gold,10
Disney 100,Red,13
Disney 100,Reddish Brown,5
Disney 100,Tan,1
Disney 100,Trans-Clear,2
Disney 100,Trans-Purple,2
Disney 100,White,3
Disney 100,Yellow,2
Disney 100,Yellowish Green,1
Disney Princess,Black,725
Disney Princess,Blue,265
Disney Princess,Blue Violet,60
Disney Princess,Bright Green,464
Disney Princess,Bright Light Blue,436
Disney Princess,Bright Light Orange,580
Disney Princess,Bright Light Yellow,550
Disney Princess,Bright Pink,802
Disney Princess,Chrome Gold,4
Disney Princess,Coral,237
Disney Princess,Dark Azure,291
Disney Princess,Dark Blue,304
Disney Princess,Dark Bluish Gray,352
Disney Princess,Dark Brown,28
Disney Princess,Dark Green,28
Disney Princess,Dark Orange,160
Disney Princess,Dark Pink,816
Disney Princess,Dark Purple,489
Disney Princess,Dark Red,324
Disney Princess,Dark Tan,174
Disney Princess,Dark Turquoise,506
Disney Princess,Flat Silver,76
Disney Princess,Glitter Trans-Clear,4
Disney Princess,Glitter Trans-Light Blue,5
Disney Princess,Glitter Trans-Neon Green,6
Disney Princess,Glitter Trans-Purple,17
Disney Princess,Green,439
Disney Princess,Lavender,617
Disney Princess,Light Aqua,499
Disney Princess,Light Bluish Gray,988
Disney Princess,Light Nougat,150
Disney Princess,Lime,541
Disney Princess,Magenta,689
Disney Princess,Medium Azure,744
Disney Princess,Medium Blue,163
Disney Princess,Medium Brown,4
Disney Princess,Medium Lavender,656
Disney Princess,Medium Nougat,607
Disney Princess,Metallic Gold,45
Disney Princess,Nougat,49
Disney Princess,Olive Green,5
Disney Princess,Opal Trans-Bright Green,4
Disney Princess,Opal Trans-Clear,71
Disney Princess,Opal Trans-Dark Blue,14
Disney Princess,Opal Trans-Dark Pink,36
Disney Princess,Opal Trans-Light Blue,42
Disney Princess,Opal Trans-Purple,54
Disney Princess,Orange,101
Disney Princess,Pearl Gold,2828
Disney Princess,Pearl Titanium,5
Disney Princess,Red,477
Disney Princess,Reddish Brown,1134
Disney Princess,Reddish Orange,6
Disney Princess,Sand Blue,50
Disney Princess,Sand Green,17
Disney Princess,Tan,1517
Disney Princess,Trans-Bright Green,41
Disney Princess,Trans-Brown,12
Disney Princess,Trans-Clear,219
Disney Princess,Trans-Dark Blue,27
Disney Princess,Trans-Dark Pink,372
Disney Princess,Trans-Green,20
Disney Princess,Trans-Light Blue,385
Disney Princess,Trans-Medium Blue,3
Disney Princess,Trans-Neon Green,12
Disney Princess,Trans-Neon Orange,16
Disney Princess,Trans-Orange,130
Disney Princess,Trans-Purple,23
Disney Princess,Trans-Red,14
Disney Princess,Trans-Yellow,91
Disney Princess,Warm Pink,34
Disney Princess,Warm Tan,1
Disney Princess,White,4042
Disney Princess,Yellow,301
Disney Princess,Yellowish Green,92
Disney Princess,[No Color/Any Color],64
Disney Series 1,Black,18
Disney Series 1,Dark Blue,1
Disney Series 1,Pearl Gold,8
Disney Series 1,Trans-Dark Pink,1
Disney Series 1,Trans-Light Blue,1
Disney Series 1,Trans-Yellow,1
Disney Series 1,White,3
Disney Series 2,Black,23
Disney Series 2,Dark Brown,2
Disney Series 2,Flat Silver,4
Disney Series 2,Light Bluish Gray,4
Disney Series 2,Lime,2
Disney Series 2,Medium Nougat,1
Disney Series 2,Pearl Gold,2
Disney Series 2,Reddish Brown,5
Disney Series 2,Trans-Clear,6
Disney Series 2,Trans-Light Blue,1
Disney Series 2,Trans-Neon Orange,2
Disney Series 2,Trans-Yellow,3
Disney Series 2,White,11
Divers,Black,423
Divers,Blue,150
Divers,Brown,28
Divers,Chrome Gold,24
Divers,Chrome Silver,9
Divers,Dark Gray,55
Divers,Green,66
Divers,Light Gray,357
Divers,Red,128
Divers,Tan,9
Divers,Trans-Clear,29
Divers,Trans-Dark Blue,7
Divers,Trans-Green,44
Divers,Trans-Light Blue,18
Divers,Trans-Neon Green,60
Divers,Trans-Neon Orange,2
Divers,Trans-Red,37
Divers,Trans-Yellow,23
Divers,White,466
Divers,Yellow,207
Divers,[No Color/Any Color],16
Doc McStuffins,Bright Green,3
Doc McStuffins,Bright Light Blue,5
Doc McStuffins,Bright Light Orange,2
Doc McStuffins,Bright Light Yellow,3
Doc McStuffins,Bright Pink,1
Doc McStuffins,Dark Azure,1
Doc McStuffins,Dark Orange,1
Doc McStuffins,Dark Pink,11
Doc McStuffins,Dark Purple,2
Doc McStuffins,Lavender,2
Doc McStuffins,Light Bluish Gray,1
Doc McStuffins,Lime,7
Doc McStuffins,Medium Azure,7
Doc McStuffins,Medium Blue,11
Doc McStuffins,Medium Lavender,2
Doc McStuffins,Medium Nougat,1
Doc McStuffins,Orange,1
Doc McStuffins,Trans-Light Blue,1
Doc McStuffins,Trans-Yellow,1
Doc McStuffins,White,14
Doc McStuffins,Yellow,8
Dolls,Blue,14
Dolls,Dark Blue,1
Dolls,Green,14
Dolls,Light Gray,1
Dolls,Nougat,8
Dolls,Pearl Light Gray,2
Dolls,Red,20
Dolls,Tan,1
Dolls,Trans-Clear,2
Dolls,White,5
Dolls,Yellow,19
Dolls,[No Color/Any Color],2
Dora the Explorer,Blue,1
Dora the Explorer,Bright Green,17
Dora the Explorer,Bright Light Blue,1
Dora the Explorer,Bright Light Orange,3
Dora the Explorer,Bright Light Yellow,7
Dora the Explorer,Dark Blue-Violet,4
Dora the Explorer,Dark Orange,4
Dora the Explorer,Dark Pink,2
Dora the Explorer,Dark Turquoise,7
Dora the Explorer,Earth Orange,5
Dora the Explorer,Green,8
Dora the Explorer,Light Lime,1
Dora the Explorer,Light Purple,3
Dora the Explorer,Lime,10
Dora the Explorer,Magenta,8
Dora the Explorer,Medium Green,1
Dora the Explorer,Medium Lime,3
Dora the Explorer,Medium Orange,1
Dora the Explorer,Nougat,2
Dora the Explorer,Orange,6
Dora the Explorer,Yellow,4
Dora the Explorer,[No Color/Any Color],7
Dragon Knights,Black,735
Dragon Knights,Blue,49
Dragon Knights,Brown,134
Dragon Knights,Dark Gray,65
Dragon Knights,Glow In Dark Opaque,9
Dragon Knights,Green,57
Dragon Knights,Light Gray,430
Dragon Knights,Red,121
Dragon Knights,Trans-Clear,6
Dragon Knights,Trans-Dark Blue,4
Dragon Knights,Trans-Green,20
Dragon Knights,Trans-Neon Orange,19
Dragon Knights,Trans-Red,14
Dragon Knights,Trans-Yellow,3
Dragon Knights,White,21
Dragon Knights,Yellow,18
Dreamzzz,Black,4409
Dreamzzz,Blue,858
Dreamzzz,Bright Green,91
Dreamzzz,Bright Light Blue,6
Dreamzzz,Bright Light Orange,672
Dreamzzz,Bright Light Yellow,15
Dreamzzz,Bright Pink,30
Dreamzzz,Coral,354
Dreamzzz,Dark Azure,484
Dreamzzz,Dark Blue,584
Dreamzzz,Dark Bluish Gray,2823
Dreamzzz,Dark Brown,25
Dreamzzz,Dark Green,75
Dreamzzz,Dark Orange,145
Dreamzzz,Dark Pink,103
Dreamzzz,Dark Purple,230
Dreamzzz,Dark Red,24
Dreamzzz,Dark Tan,270
Dreamzzz,Dark Turquoise,150
Dreamzzz,Flat Silver,350
Dreamzzz,Green,196
Dreamzzz,Lavender,37
Dreamzzz,Light Aqua,119
Dreamzzz,Light Bluish Gray,2469
Dreamzzz,Lime,485
Dreamzzz,Magenta,404
Dreamzzz,Medium Azure,867
Dreamzzz,Medium Blue,4
Dreamzzz,Medium Lavender,134
Dreamzzz,Medium Nougat,169
Dreamzzz,Olive Green,4
Dreamzzz,Opal Trans-Bright Green,6
Dreamzzz,Opal Trans-Brown,4
Dreamzzz,Opal Trans-Clear,4
Dreamzzz,Opal Trans-Dark Blue,15
Dreamzzz,Opal Trans-Dark Pink,7
Dreamzzz,Opal Trans-Light Blue,36
Dreamzzz,Opal Trans-Purple,3
Dreamzzz,Opal Trans-Yellow,2
Dreamzzz,Orange,370
Dreamzzz,Pearl Gold,965
Dreamzzz,Pearl Titanium,148
Dreamzzz,Red,1235
Dreamzzz,Reddish Brown,972
Dreamzzz,Reddish Orange,54
Dreamzzz,Sand Blue,74
Dreamzzz,Sand Green,97
Dreamzzz,Tan,940
Dreamzzz,Trans-Black,2
Dreamzzz,Trans-Bright Green,415
Dreamzzz,Trans-Clear,109
Dreamzzz,Trans-Dark Blue,153
Dreamzzz,Trans-Dark Pink,297
Dreamzzz,Trans-Green,18
Dreamzzz,Trans-Light Blue,237
Dreamzzz,Trans-Orange,147
Dreamzzz,Trans-Purple,20
Dreamzzz,Trans-Red,71
Dreamzzz,Trans-Yellow,47
Dreamzzz,Vibrant Yellow,122
Dreamzzz,White,2818
Dreamzzz,Yellow,367
Dreamzzz,Yellowish Green,232
Dreamzzz,[No Color/Any Color],35
Dungeons & Dragons,Black,16
Dungeons & Dragons,Blue,1
Dungeons & Dragons,Bright Green,1
Dungeons & Dragons,Bright Pink,1
Dungeons & Dragons,Dark Bluish Gray,1
Dungeons & Dragons,Dark Brown,2
Dungeons & Dragons,Dark Tan,2
Dungeons & Dragons,Flat Silver,1
Dungeons & Dragons,Light Bluish Gray,1
Dungeons & Dragons,Lime,1
Dungeons & Dragons,Medium Nougat,1
Dungeons & Dragons,Nougat,1
Dungeons & Dragons,Opal Trans-Clear,1
Dungeons & Dragons,Orange,1
Dungeons & Dragons,Pearl Gold,6
Dungeons & Dragons,Pearl Titanium,4
Dungeons & Dragons,Red,3
Dungeons & Dragons,Reddish Brown,7
Dungeons & Dragons,Tan,1
Dungeons & Dragons,Trans-Brown,4
Dungeons & Dragons,Trans-Clear,2
Dungeons & Dragons,Trans-Dark Pink,3
Dungeons & Dragons,Trans-Orange,3
Dungeons & Dragons,Trans-Red,1
Dungeons & Dragons,Warm Tan,1
Dungeons & Dragons,White,1
Dungeons & Dragons,Yellow,1
Duplo,Black,79
Duplo,Blue,273
Duplo,Bright Green,228
Duplo,Bright Light Blue,4
Duplo,Bright Light Orange,77
Duplo,Bright Light Yellow,80
Duplo,Bright Pink,25
Duplo,Brown,6
Duplo,Chrome Silver,2
Duplo,Coral,82
Duplo,Dark Azure,61
Duplo,Dark Blue,5
Duplo,Dark Bluish Gray,11
Duplo,Dark Gray,29
Duplo,Dark Green,1
Duplo,Dark Orange,73
Duplo,Dark Pink,25
Duplo,Dark Purple,21
Duplo,Dark Turquoise,16
Duplo,Flat Dark Gold,5
Duplo,Flat Silver,6
Duplo,Glitter Trans-Clear,1
Duplo,Glitter Trans-Light Blue,1
Duplo,Green,64
Duplo,Lavender,42
Duplo,Light Aqua,75
Duplo,Light Bluish Gray,54
Duplo,Light Gray,16
Duplo,Light Green,3
Duplo,Lime,237
Duplo,Magenta,5
Duplo,Medium Azure,224
Duplo,Medium Blue,31
Duplo,Medium Green,1
Duplo,Medium Lavender,27
Duplo,Medium Nougat,74
Duplo,Medium Orange,9
Duplo,Opal Trans-Clear,2
Duplo,Orange,157
Duplo,Pearl Gold,3
Duplo,Pearl Light Gray,20
Duplo,Red,412
Duplo,Reddish Brown,102
Duplo,Reddish Orange,41
Duplo,Tan,61
Duplo,Trans-Clear,5
Duplo,Trans-Dark Blue,1
Duplo,Trans-Light Blue,16
Duplo,Trans-Orange,2
Duplo,Trans-Red,3
Duplo,Trans-Yellow,5
Duplo,Vibrant Yellow,8
Duplo,White,288
Duplo,Yellow,414
Duplo,Yellowish Green,33
Duplo,[No Color/Any Color],50
Duplo and Explore,Black,973
Duplo and Explore,Blue,2597
Duplo and Explore,Bright Green,1089
Duplo and Explore,Bright Light Blue,73
Duplo and Explore,Bright Light Orange,145
Duplo and Explore,Bright Light Yellow,42
Duplo and Explore,Bright Pink,50
Duplo and Explore,Bright Reddish Orange,4
Duplo and Explore,Brown,182
Duplo and Explore,Coral,10
Duplo and Explore,Dark Azure,14
Duplo and Explore,Dark Blue,20
Duplo and Explore,Dark Bluish Gray,275
Duplo and Explore,Dark Brown,6
Duplo and Explore,Dark Gray,217
Duplo and Explore,Dark Green,2
Duplo and Explore,Dark Orange,319
Duplo and Explore,Dark Pink,131
Duplo and Explore,Dark Purple,75
Duplo and Explore,Dark Tan,2
Duplo and Explore,Dark Turquoise,10
Duplo and Explore,Earth Orange,23
Duplo and Explore,Fabuland Brown,3
Duplo and Explore,Fabuland Red,11
Duplo and Explore,Flat Dark Gold,5
Duplo and Explore,Flat Silver,37
Duplo and Explore,Glitter Milky White,2
Duplo and Explore,Glitter Trans-Clear,7
Duplo and Explore,Green,1427
Duplo and Explore,Lavender,10
Duplo and Explore,Light Aqua,6
Duplo and Explore,Light Bluish Gray,286
Duplo and Explore,Light Brown,8
Duplo and Explore,Light Gray,118
Duplo and Explore,Light Green,4
Duplo and Explore,Light Lilac,8
Duplo and Explore,Light Yellow,18
Duplo and Explore,Lime,477
Duplo and Explore,Magenta,14
Duplo and Explore,Medium Azure,176
Duplo and Explore,Medium Blue,332
Duplo and Explore,Medium Bluish Violet,13
Duplo and Explore,Medium Dark Pink,48
Duplo and Explore,Medium Green,64
Duplo and Explore,Medium Lavender,11
Duplo and Explore,Medium Lime,7
Duplo and Explore,Medium Nougat,1
Duplo and Explore,Medium Orange,40
Duplo and Explore,Nougat,108
Duplo and Explore,Orange,569
Duplo and Explore,Pearl Gold,37
Duplo and Explore,Pearl Light Gray,137
Duplo and Explore,Purple,6
Duplo and Explore,Red,3897
Duplo and Explore,Reddish Brown,124
Duplo and Explore,Sand Green,11
Duplo and Explore,Sky Blue,6
Duplo and Explore,Tan,70
Duplo and Explore,Trans-Brown,3
Duplo and Explore,Trans-Clear,56
Duplo and Explore,Trans-Dark Blue,13
Duplo and Explore,Trans-Dark Pink,1
Duplo and Explore,Trans-Green,4
Duplo and Explore,Trans-Light Blue,84
Duplo and Explore,Trans-Neon Green,8
Duplo and Explore,Trans-Neon Orange,1
Duplo and Explore,Trans-Orange,5
Duplo and Explore,Trans-Red,8
Duplo and Explore,Trans-Yellow,23
Duplo and Explore,Violet,23
Duplo and Explore,White,5191
Duplo and Explore,Yellow,3705
Duplo and Explore,Yellowish Green,6
Duplo and Explore,[No Color/Any Color],275
EV3,Black,540
EV3,Blue,132
EV3,Dark Bluish Gray,28
EV3,Dark Tan,8
EV3,Light Bluish Gray,216
EV3,Red,230
EV3,Tan,18
EV3,White,60
EV3,Yellow,24
EV3,[No Color/Any Color],2
Early Creator,Black,1154
Early Creator,Blue,1249
Early Creator,Bright Green,1
Early Creator,Brown,171
Early Creator,Chrome Silver,45
Early Creator,Dark Gray,378
Early Creator,Dark Turquoise,13
Early Creator,Green,567
Early Creator,Light Gray,367
Early Creator,Orange,219
Early Creator,Purple,136
Early Creator,Red,1605
Early Creator,Tan,109
Early Creator,Trans-Brown,1
Early Creator,Trans-Clear,11
Early Creator,Trans-Dark Blue,49
Early Creator,Trans-Green,26
Early Creator,Trans-Light Blue,11
Early Creator,Trans-Medium Blue,8
Early Creator,Trans-Neon Green,28
Early Creator,Trans-Neon Orange,4
Early Creator,Trans-Red,51
Early Creator,Trans-Yellow,5
Early Creator,White,1189
Early Creator,Yellow,1445
Early Creator,[No Color/Any Color],23
Easter,Black,124
Easter,Blue,194
Easter,Blue Violet,15
Easter,Bright Green,362
Easter,Bright Light Blue,58
Easter,Bright Light Orange,225
Easter,Bright Light Yellow,291
Easter,Bright Pink,247
Easter,Coral,46
Easter,Dark Azure,18
Easter,Dark Blue,14
Easter,Dark Bluish Gray,113
Easter,Dark Brown,12
Easter,Dark Green,1
Easter,Dark Orange,50
Easter,Dark Pink,58
Easter,Dark Purple,67
Easter,Dark Red,10
Easter,Dark Tan,55
Easter,Dark Turquoise,35
Easter,Flat Silver,11
Easter,Green,337
Easter,Lavender,139
Easter,Light Aqua,53
Easter,Light Bluish Gray,351
Easter,Light Nougat,2
Easter,Lime,431
Easter,Magenta,24
Easter,Medium Azure,170
Easter,Medium Blue,23
Easter,Medium Lavender,31
Easter,Medium Nougat,125
Easter,Opal Trans-Bright Green,5
Easter,Opal Trans-Dark Pink,1
Easter,Opal Trans-Light Blue,9
Easter,Orange,311
Easter,Pearl Gold,19
Easter,Red,246
Easter,Reddish Brown,393
Easter,Reddish Orange,4
Easter,Sand Blue,4
Easter,Sand Green,76
Easter,Tan,453
Easter,Trans-Clear,8
Easter,Trans-Green,10
Easter,Trans-Light Blue,14
Easter,Trans-Neon Orange,3
Easter,Trans-Orange,4
Easter,Trans-Purple,5
Easter,Trans-Red,4
Easter,Trans-Yellow,15
Easter,Warm Pink,42
Easter,White,1375
Easter,Yellow,942
Easter,Yellowish Green,34
Easter,[No Color/Any Color],4
Editions,Black,2345
Editions,Blue,375
Editions,Bright Green,236
Editions,Bright Light Blue,256
Editions,Bright Light Orange,33
Editions,Bright Pink,40
Editions,Chrome Gold,13
Editions,Coral,56
Editions,Dark Azure,196
Editions,Dark Blue,100
Editions,Dark Bluish Gray,760
Editions,Dark Brown,42
Editions,Dark Green,128
Editions,Dark Orange,54
Editions,Dark Pink,20
Editions,Dark Purple,10
Editions,Dark Red,33
Editions,Dark Tan,291
Editions,Dark Turquoise,40
Editions,Flat Silver,1
Editions,Green,632
Editions,Light Bluish Gray,857
Editions,Light Nougat,2
Editions,Lime,185
Editions,Magenta,19
Editions,Medium Azure,488
Editions,Medium Lavender,4
Editions,Medium Nougat,76
Editions,Metallic Gold,390
Editions,Metallic Silver,42
Editions,Nougat,49
Editions,Olive Green,12
Editions,Orange,243
Editions,Pearl Gold,1346
Editions,Red,697
Editions,Reddish Brown,165
Editions,Reddish Orange,7
Editions,Sand Blue,6
Editions,Sand Green,52
Editions,Tan,584
Editions,Trans-Black,2
Editions,Trans-Bright Green,3
Editions,Trans-Clear,21
Editions,Trans-Dark Blue,2
Editions,Trans-Light Blue,3
Editions,Trans-Orange,25
Editions,Trans-Red,1
Editions,Trans-Yellow,5
Editions,Vibrant Yellow,102
Editions,Warm Tan,138
Editions,White,1615
Editions,Yellow,588
Editions,Yellowish Green,4
Editions,[No Color/Any Color],10
Educational and Dacta,Black,3724
Educational and Dacta,Blue,2893
Educational and Dacta,Bright Green,256
Educational and Dacta,Bright Light Blue,28
Educational and Dacta,Bright Light Orange,311
Educational and Dacta,Bright Light Yellow,1
Educational and Dacta,Bright Pink,167
Educational and Dacta,Brown,98
Educational and Dacta,Chrome Gold,22
Educational and Dacta,Chrome Silver,65
Educational and Dacta,Coral,314
Educational and Dacta,Dark Azure,221
Educational and Dacta,Dark Blue,149
Educational and Dacta,Dark Bluish Gray,750
Educational and Dacta,Dark Brown,10
Educational and Dacta,Dark Gray,154
Educational and Dacta,Dark Green,12
Educational and Dacta,Dark Orange,32
Educational and Dacta,Dark Pink,71
Educational and Dacta,Dark Purple,265
Educational and Dacta,Dark Red,23
Educational and Dacta,Dark Tan,16
Educational and Dacta,Dark Turquoise,359
Educational and Dacta,Flat Silver,39
Educational and Dacta,Glitter Trans-Dark Pink,20
Educational and Dacta,Green,1893
Educational and Dacta,Light Aqua,3
Educational and Dacta,Light Bluish Gray,1760
Educational and Dacta,Light Gray,1179
Educational and Dacta,Lime,609
Educational and Dacta,Magenta,131
Educational and Dacta,Medium Azure,52
Educational and Dacta,Medium Blue,289
Educational and Dacta,Medium Dark Pink,16
Educational and Dacta,Medium Lavender,17
Educational and Dacta,Medium Nougat,133
Educational and Dacta,Metallic Gold,4
Educational and Dacta,Metallic Silver,2
Educational and Dacta,Olive Green,2
Educational and Dacta,Orange,816
Educational and Dacta,Pearl Gold,80
Educational and Dacta,Pearl Light Gray,15
Educational and Dacta,Pearl Titanium,5
Educational and Dacta,Purple,26
Educational and Dacta,Red,4042
Educational and Dacta,Reddish Brown,854
Educational and Dacta,Sand Green,14
Educational and Dacta,Tan,657
Educational and Dacta,Trans-Bright Green,10
Educational and Dacta,Trans-Brown,67
Educational and Dacta,Trans-Clear,259
Educational and Dacta,Trans-Dark Blue,248
Educational and Dacta,Trans-Dark Pink,48
Educational and Dacta,Trans-Green,94
Educational and Dacta,Trans-Light Blue,185
Educational and Dacta,Trans-Neon Green,110
Educational and Dacta,Trans-Neon Orange,81
Educational and Dacta,Trans-Orange,60
Educational and Dacta,Trans-Purple,34
Educational and Dacta,Trans-Red,145
Educational and Dacta,Trans-Yellow,78
Educational and Dacta,White,4548
Educational and Dacta,Yellow,3392
Educational and Dacta,[No Color/Any Color],74
Elves,Black,1752
Elves,Blue,119
Elves,Bright Green,96
Elves,Bright Light Blue,31
Elves,Bright Light Orange,394
Elves,Bright Light Yellow,66
Elves,Bright Pink,64
Elves,Dark Azure,55
Elves,Dark Blue,493
Elves,Dark Bluish Gray,1059
Elves,Dark Brown,94
Elves,Dark Green,83
Elves,Dark Orange,18
Elves,Dark Pink,143
Elves,Dark Purple,389
Elves,Dark Red,258
Elves,Dark Tan,85
Elves,Dark Turquoise,84
Elves,Flat Silver,84
Elves,Glitter Trans-Clear,2
Elves,Glitter Trans-Light Blue,2
Elves,Glitter Trans-Purple,19
Elves,Green,228
Elves,Lavender,305
Elves,Light Aqua,200
Elves,Light Bluish Gray,1202
Elves,Lime,744
Elves,Magenta,424
Elves,Medium Azure,230
Elves,Medium Blue,15
Elves,Medium Lavender,288
Elves,Medium Nougat,150
Elves,Orange,54
Elves,Pearl Gold,716
Elves,Pearl Titanium,12
Elves,Red,229
Elves,Reddish Brown,1451
Elves,Sand Blue,5
Elves,Sand Green,99
Elves,Tan,841
Elves,Trans-Bright Green,144
Elves,Trans-Brown,2
Elves,Trans-Clear,246
Elves,Trans-Dark Blue,109
Elves,Trans-Dark Pink,311
Elves,Trans-Green,131
Elves,Trans-Light Blue,278
Elves,Trans-Medium Blue,40
Elves,Trans-Neon Green,126
Elves,Trans-Neon Orange,2
Elves,Trans-Orange,137
Elves,Trans-Purple,202
Elves,Trans-Red,65
Elves,Trans-Yellow,26
Elves,White,1028
Elves,Yellow,157
Elves,Yellowish Green,189
Elves,[No Color/Any Color],41
Exo-Force,Black,4392
Exo-Force,Blue,455
Exo-Force,Bright Green,6
Exo-Force,Dark Blue,27
Exo-Force,Dark Bluish Gray,2026
Exo-Force,Dark Green,68
Exo-Force,Dark Purple,27
Exo-Force,Dark Red,241
Exo-Force,Dark Tan,12
Exo-Force,Green,30
Exo-Force,Light Bluish Gray,1589
Exo-Force,Light Gray,1
Exo-Force,Lime,235
Exo-Force,Medium Blue,14
Exo-Force,Milky White,2
Exo-Force,Orange,184
Exo-Force,Pearl Dark Gray,9
Exo-Force,Pearl Gold,90
Exo-Force,Pearl Light Gray,149
Exo-Force,Red,626
Exo-Force,Reddish Brown,28
Exo-Force,Sand Blue,6
Exo-Force,Tan,129
Exo-Force,Trans-Brown,65
Exo-Force,Trans-Clear,47
Exo-Force,Trans-Dark Blue,29
Exo-Force,Trans-Green,11
Exo-Force,Trans-Neon Green,288
Exo-Force,Trans-Neon Orange,21
Exo-Force,Trans-Orange,14
Exo-Force,Trans-Red,232
Exo-Force,Trans-Yellow,14
Exo-Force,White,886
Exo-Force,Yellow,581
Exo-Force,[No Color/Any Color],41
Expert Builder,Black,3575
Expert Builder,Blue,1327
Expert Builder,Light Gray,4492
Expert Builder,Red,2078
Expert Builder,Trans-Clear,45
Expert Builder,Trans-Red,36
Expert Builder,Trans-Yellow,24
Expert Builder,White,92
Expert Builder,Yellow,2169
Expert Builder,[No Color/Any Color],3
Exploriens,Black,609
Exploriens,Blue,1
Exploriens,Dark Gray,2
Exploriens,Light Gray,43
Exploriens,Red,2
Exploriens,Trans-Dark Blue,49
Exploriens,Trans-Neon Green,132
Exploriens,Trans-Red,7
Exploriens,White,726
Exploriens,[No Color/Any Color],27
Extreme Team,Black,465
Extreme Team,Blue,25
Extreme Team,Brown,9
Extreme Team,Chrome Silver,10
Extreme Team,Dark Gray,19
Extreme Team,Dark Orange,1
Extreme Team,Green,34
Extreme Team,Light Gray,295
Extreme Team,Red,180
Extreme Team,Trans-Clear,9
Extreme Team,Trans-Dark Blue,4
Extreme Team,Trans-Green,8
Extreme Team,Trans-Light Blue,3
Extreme Team,Trans-Neon Green,37
Extreme Team,Trans-Neon Orange,21
Extreme Team,Trans-Red,21
Extreme Team,Trans-Yellow,28
Extreme Team,White,195
Extreme Team,Yellow,111
Extreme Team,[No Color/Any Color],7
FIRST LEGO League,Black,13519
FIRST LEGO League,Blue,5000
FIRST LEGO League,Bright Green,122
FIRST LEGO League,Bright Light Blue,19
FIRST LEGO League,Bright Light Orange,373
FIRST LEGO League,Bright Light Yellow,21
FIRST LEGO League,Bright Pink,194
FIRST LEGO League,Brown,186
FIRST LEGO League,Coral,16
FIRST LEGO League,Dark Azure,46
FIRST LEGO League,Dark Blue,106
FIRST LEGO League,Dark Bluish Gray,3124
FIRST LEGO League,Dark Brown,21
FIRST LEGO League,Dark Gray,118
FIRST LEGO League,Dark Green,58
FIRST LEGO League,Dark Orange,33
FIRST LEGO League,Dark Pink,95
FIRST LEGO League,Dark Purple,344
FIRST LEGO League,Dark Red,6
FIRST LEGO League,Dark Tan,150
FIRST LEGO League,Dark Turquoise,57
FIRST LEGO League,Flat Silver,135
FIRST LEGO League,Glitter Trans-Light Blue,1
FIRST LEGO League,Glow in Dark White,2
FIRST LEGO League,Green,1026
FIRST LEGO League,Lavender,29
FIRST LEGO League,Light Aqua,23
FIRST LEGO League,Light Bluish Gray,6764
FIRST LEGO League,Light Gray,466
FIRST LEGO League,Light Green,2
FIRST LEGO League,Lime,944
FIRST LEGO League,Magenta,78
FIRST LEGO League,Medium Azure,863
FIRST LEGO League,Medium Blue,226
FIRST LEGO League,Medium Lavender,71
FIRST LEGO League,Medium Nougat,101
FIRST LEGO League,Metallic Gold,8
FIRST LEGO League,Metallic Silver,11
FIRST LEGO League,Nougat,3
FIRST LEGO League,Olive Green,6
FIRST LEGO League,Opal Trans-Clear,4
FIRST LEGO League,Opal Trans-Light Blue,4
FIRST LEGO League,Orange,995
FIRST LEGO League,Pearl Gold,84
FIRST LEGO League,Pearl Light Gray,118
FIRST LEGO League,Pearl Titanium,4
FIRST LEGO League,Purple,32
FIRST LEGO League,Red,4131
FIRST LEGO League,Reddish Brown,697
FIRST LEGO League,Reddish Orange,1
FIRST LEGO League,Sand Blue,2
FIRST LEGO League,Sand Green,4
FIRST LEGO League,Tan,1452
FIRST LEGO League,Trans-Black,8
FIRST LEGO League,Trans-Bright Green,12
FIRST LEGO League,Trans-Brown,59
FIRST LEGO League,Trans-Clear,302
FIRST LEGO League,Trans-Dark Blue,128
FIRST LEGO League,Trans-Dark Pink,4
FIRST LEGO League,Trans-Green,11
FIRST LEGO League,Trans-Light Blue,231
FIRST LEGO League,Trans-Medium Blue,5
FIRST LEGO League,Trans-Neon Green,11
FIRST LEGO League,Trans-Neon Orange,35
FIRST LEGO League,Trans-Orange,54
FIRST LEGO League,Trans-Purple,13
FIRST LEGO League,Trans-Red,69
FIRST LEGO League,Trans-Yellow,58
FIRST LEGO League,Vibrant Yellow,5
FIRST LEGO League,White,5952
FIRST LEGO League,Yellow,3188
FIRST LEGO League,Yellowish Green,14
FIRST LEGO League,[No Color/Any Color],23
Fabuland,Black,144
Fabuland,Blue,589
Fabuland,Brown,27
Fabuland,Dark Gray,5
Fabuland,Earth Orange,25
Fabuland,Fabuland Brown,45
Fabuland,Fabuland Lime,3
Fabuland,Fabuland Orange,5
Fabuland,Green,156
Fabuland,Light Gray,36
Fabuland,Red,1056
Fabuland,Tan,9
Fabuland,White,344
Fabuland,Yellow,1192
Fabuland,[No Color/Any Color],43
Factory,Black,1639
Factory,Blue,238
Factory,Chrome Silver,12
Factory,Dark Bluish Gray,842
Factory,Dark Red,32
Factory,Green,470
Factory,Light Bluish Gray,1214
Factory,Lime,4
Factory,Medium Blue,135
Factory,Orange,54
Factory,Pearl Dark Gray,8
Factory,Red,539
Factory,Reddish Brown,140
Factory,Tan,732
Factory,Trans-Brown,34
Factory,Trans-Clear,281
Factory,Trans-Dark Blue,522
Factory,Trans-Neon Green,26
Factory,Trans-Neon Orange,7
Factory,Trans-Red,100
Factory,Trans-Yellow,36
Factory,White,1338
Factory,Yellow,136
Factory,[No Color/Any Color],4
Fantastic Beasts,Black,138
Fantastic Beasts,Blue,4
Fantastic Beasts,Bright Green,6
Fantastic Beasts,Bright Light Orange,1
Fantastic Beasts,Dark Azure,7
Fantastic Beasts,Dark Bluish Gray,129
Fantastic Beasts,Dark Brown,46
Fantastic Beasts,Dark Green,15
Fantastic Beasts,Dark Orange,17
Fantastic Beasts,Dark Purple,11
Fantastic Beasts,Dark Tan,49
Fantastic Beasts,Flat Silver,1
Fantastic Beasts,Glitter Trans-Neon Green,1
Fantastic Beasts,Glitter Trans-Purple,1
Fantastic Beasts,Green,3
Fantastic Beasts,Light Bluish Gray,67
Fantastic Beasts,Magenta,2
Fantastic Beasts,Medium Azure,27
Fantastic Beasts,Medium Nougat,5
Fantastic Beasts,Nougat,1
Fantastic Beasts,Pearl Gold,53
Fantastic Beasts,Pearl Titanium,4
Fantastic Beasts,Red,7
Fantastic Beasts,Reddish Brown,153
Fantastic Beasts,Tan,41
Fantastic Beasts,Trans-Bright Green,1
Fantastic Beasts,Trans-Clear,1
Fantastic Beasts,Trans-Light Blue,2
Fantastic Beasts,Trans-Orange,7
Fantastic Beasts,Trans-Purple,1
Fantastic Beasts,Trans-Yellow,4
Fantastic Beasts,White,40
Fantastic Beasts,Yellow,2
Fantastic Beasts,[No Color/Any Color],1
Fantasy Era,Black,2762
Fantasy Era,Blue,52
Fantasy Era,Bright Green,12
Fantasy Era,Bright Light Orange,6
Fantasy Era,Bright Pink,4
Fantasy Era,Chrome Gold,24
Fantasy Era,Chrome Silver,9
Fantasy Era,Copper,12
Fantasy Era,Dark Blue,328
Fantasy Era,Dark Bluish Gray,2303
Fantasy Era,Dark Brown,359
Fantasy Era,Dark Green,222
Fantasy Era,Dark Orange,13
Fantasy Era,Dark Pink,8
Fantasy Era,Dark Red,408
Fantasy Era,Dark Tan,80
Fantasy Era,Flat Silver,10
Fantasy Era,Glow In Dark Trans,4
Fantasy Era,Green,18
Fantasy Era,Light Bluish Gray,2994
Fantasy Era,Medium Blue,248
Fantasy Era,Metallic Copper,38
Fantasy Era,Metallic Gold,19
Fantasy Era,Metallic Silver,26
Fantasy Era,Orange,10
Fantasy Era,Pearl Dark Gray,2
Fantasy Era,Pearl Gold,278
Fantasy Era,Pearl Light Gray,220
Fantasy Era,Red,175
Fantasy Era,Reddish Brown,2182
Fantasy Era,Sand Green,21
Fantasy Era,Speckle Black-Silver,30
Fantasy Era,Tan,404
Fantasy Era,Trans-Clear,7
Fantasy Era,Trans-Dark Blue,12
Fantasy Era,Trans-Green,9
Fantasy Era,Trans-Light Blue,12
Fantasy Era,Trans-Neon Green,5
Fantasy Era,Trans-Neon Orange,101
Fantasy Era,Trans-Orange,52
Fantasy Era,Trans-Red,17
Fantasy Era,Trans-Yellow,16
Fantasy Era,White,806
Fantasy Era,Yellow,15
Fantasy Era,[No Color/Any Color],7
Farm,Black,787
Farm,Blue,259
Farm,Bright Green,75
Farm,Bright Light Orange,4
Farm,Bright Light Yellow,1
Farm,Bright Pink,3
Farm,Dark Azure,15
Farm,Dark Blue,3
Farm,Dark Bluish Gray,438
Farm,Dark Brown,1
Farm,Dark Green,2
Farm,Dark Orange,3
Farm,Dark Purple,3
Farm,Dark Red,19
Farm,Dark Tan,18
Farm,Dark Turquoise,28
Farm,Flat Silver,25
Farm,Green,189
Farm,Light Bluish Gray,583
Farm,Lime,114
Farm,Medium Azure,1
Farm,Medium Nougat,21
Farm,Nougat,5
Farm,Orange,48
Farm,Pearl Gold,11
Farm,Pearl Light Gray,5
Farm,Red,344
Farm,Reddish Brown,182
Farm,Tan,284
Farm,Trans-Brown,15
Farm,Trans-Clear,77
Farm,Trans-Light Blue,23
Farm,Trans-Orange,48
Farm,Trans-Red,62
Farm,Trans-Yellow,42
Farm,White,365
Farm,Yellow,238
Farm,[No Color/Any Color],9
Ferrari,Black,5154
Ferrari,Blue,340
Ferrari,Chrome Silver,3
Ferrari,Dark Bluish Gray,599
Ferrari,Light Bluish Gray,2064
Ferrari,Light Gray,2
Ferrari,Lime,2
Ferrari,Metallic Gold,1
Ferrari,Metallic Silver,40
Ferrari,Pearl Light Gray,52
Ferrari,Red,6152
Ferrari,Tan,95
Ferrari,Trans-Brown,61
Ferrari,Trans-Clear,59
Ferrari,Trans-Green,12
Ferrari,Trans-Light Blue,4
Ferrari,Trans-Neon Orange,9
Ferrari,Trans-Orange,13
Ferrari,Trans-Red,104
Ferrari,Trans-Yellow,3
Ferrari,White,712
Ferrari,Yellow,438
Ferrari,[No Color/Any Color],39
Ferries,Black,308
Ferries,Blue,253
Ferries,Dark Blue,76
Ferries,Flat Silver,5
Ferries,Green,17
Ferries,Light Bluish Gray,2
Ferries,Light Gray,94
Ferries,Orange,33
Ferries,Red,411
Ferries,Tan,16
Ferries,Trans-Clear,269
Ferries,Trans-Dark Blue,2
Ferries,Trans-Green,15
Ferries,Trans-Light Blue,38
Ferries,Trans-Neon Orange,5
Ferries,Trans-Red,17
Ferries,Trans-Yellow,18
Ferries,White,2355
Ferries,Yellow,59
Ferries,[No Color/Any Color],20
Fire,Black,3048
Fire,Blue,613
Fire,Bright Green,47
Fire,Bright Light Blue,2
Fire,Bright Light Orange,16
Fire,Bright Light Yellow,153
Fire,Bright Pink,3
Fire,Dark Azure,1
Fire,Dark Blue,2
Fire,Dark Bluish Gray,2602
Fire,Dark Brown,19
Fire,Dark Green,6
Fire,Dark Orange,22
Fire,Dark Pink,1
Fire,Dark Purple,6
Fire,Dark Tan,52
Fire,Dark Turquoise,51
Fire,Flat Silver,78
Fire,Green,226
Fire,Light Bluish Gray,3059
Fire,Light Gray,66
Fire,Lime,19
Fire,Medium Azure,4
Fire,Medium Blue,3
Fire,Medium Nougat,76
Fire,Metallic Silver,2
Fire,Olive Green,8
Fire,Opal Trans-Clear,7
Fire,Orange,27
Fire,Pearl Light Gray,13
Fire,Pearl Titanium,17
Fire,Red,5420
Fire,Reddish Brown,339
Fire,Sand Green,4
Fire,Tan,304
Fire,Trans-Bright Green,9
Fire,Trans-Brown,101
Fire,Trans-Clear,291
Fire,Trans-Dark Blue,805
Fire,Trans-Green,53
Fire,Trans-Light Blue,757
Fire,Trans-Neon Orange,5
Fire,Trans-Orange,396
Fire,Trans-Red,285
Fire,Trans-Yellow,216
Fire,Vibrant Yellow,250
Fire,White,3469
Fire,Yellow,1388
Fire,[No Color/Any Color],56
Forestmen,Black,494
Forestmen,Blue,29
Forestmen,Brown,61
Forestmen,Dark Gray,11
Forestmen,Green,63
Forestmen,Light Gray,345
Forestmen,Red,16
Forestmen,White,13
Forestmen,Yellow,33
Forma,Black,89
Forma,Blue,37
Forma,Dark Bluish Gray,22
Forma,Flat Silver,3
Forma,Light Bluish Gray,26
Forma,Red,9
Forma,Reddish Brown,8
Forma,Tan,10
Forma,White,183
Forma,Yellow,7
Forma,[No Color/Any Color],8
Formula 1,Black,144
Formula 1,Blue,14
Formula 1,Bright Green,10
Formula 1,Dark Blue,18
Formula 1,Dark Pink,6
Formula 1,Dark Purple,12
Formula 1,Dark Turquoise,5
Formula 1,Green,14
Formula 1,Light Bluish Gray,16
Formula 1,Magenta,6
Formula 1,Medium Azure,2
Formula 1,Orange,11
Formula 1,Red,34
Formula 1,White,85
Formula 1,Yellow,10
Fortnite,Black,2051
Fortnite,Blue,817
Fortnite,Blue Violet,16
Fortnite,Bright Green,84
Fortnite,Bright Light Blue,13
Fortnite,Bright Light Orange,47
Fortnite,Bright Light Yellow,22
Fortnite,Bright Pink,108
Fortnite,Coral,24
Fortnite,Dark Azure,18
Fortnite,Dark Blue,41
Fortnite,Dark Bluish Gray,1426
Fortnite,Dark Brown,10
Fortnite,Dark Green,6
Fortnite,Dark Orange,60
Fortnite,Dark Pink,507
Fortnite,Dark Purple,152
Fortnite,Dark Red,35
Fortnite,Dark Tan,140
Fortnite,Dark Turquoise,33
Fortnite,Flat Silver,19
Fortnite,Green,150
Fortnite,Lavender,21
Fortnite,Light Bluish Gray,1290
Fortnite,Lime,338
Fortnite,Magenta,147
Fortnite,Medium Azure,345
Fortnite,Medium Lavender,484
Fortnite,Medium Nougat,36
Fortnite,Metallic Gold,12
Fortnite,Olive Green,6
Fortnite,Opal Trans-Light Blue,3
Fortnite,Orange,207
Fortnite,Pearl Gold,58
Fortnite,Pearl Titanium,37
Fortnite,Red,531
Fortnite,Reddish Brown,494
Fortnite,Reddish Orange,2
Fortnite,Sand Blue,255
Fortnite,Sand Green,21
Fortnite,Tan,270
Fortnite,Trans-Clear,67
Fortnite,Trans-Dark Pink,31
Fortnite,Trans-Green,1
Fortnite,Trans-Light Blue,40
Fortnite,Trans-Orange,25
Fortnite,Trans-Red,20
Fortnite,Trans-Yellow,5
Fortnite,White,862
Fortnite,Yellow,508
Fortnite,[No Color/Any Color],9
Freestyle,Black,1413
Freestyle,Blue,3660
Freestyle,Bright Green,15
Freestyle,Brown,18
Freestyle,Chrome Silver,2
Freestyle,Dark Gray,73
Freestyle,Green,1054
Freestyle,Light Gray,120
Freestyle,Medium Dark Pink,39
Freestyle,Medium Green,3
Freestyle,Pink,58
Freestyle,Red,3796
Freestyle,Trans-Clear,55
Freestyle,Trans-Green,4
Freestyle,Trans-Light Blue,21
Freestyle,Trans-Red,4
Freestyle,Trans-Yellow,4
Freestyle,White,2981
Freestyle,Yellow,3804
Freestyle,[No Color/Any Color],3
Friends,Black,11084
Friends,Blue,1982
Friends,Blue Violet,129
Friends,Bright Green,3897
Friends,Bright Light Blue,906
Friends,Bright Light Orange,4319
Friends,Bright Light Yellow,2122
Friends,Bright Pink,3884
Friends,Chrome Gold,17
Friends,Coral,2128
Friends,Dark Azure,2251
Friends,Dark Blue,2521
Friends,Dark Bluish Gray,3118
Friends,Dark Brown,305
Friends,Dark Green,620
Friends,Dark Orange,2115
Friends,Dark Pink,4668
Friends,Dark Purple,3420
Friends,Dark Red,437
Friends,Dark Tan,747
Friends,Dark Turquoise,3127
Friends,Flat Silver,1102
Friends,Glitter Trans-Dark Pink,12
Friends,Glitter Trans-Neon Green,2
Friends,Glitter Trans-Purple,44
Friends,Glow in Dark White,84
Friends,Green,3178
Friends,Lavender,2675
Friends,Light Aqua,2326
Friends,Light Bluish Gray,13603
Friends,Light Nougat,538
Friends,Lime,6040
Friends,Magenta,4471
Friends,Medium Azure,6704
Friends,Medium Blue,688
Friends,Medium Brown,13
Friends,Medium Lavender,3381
Friends,Medium Nougat,5714
Friends,Metallic Gold,14
Friends,Metallic Silver,115
Friends,Nougat,167
Friends,Ochre Yellow,6
Friends,Olive Green,56
Friends,Opal Trans-Bright Green,11
Friends,Opal Trans-Brown,16
Friends,Opal Trans-Clear,61
Friends,Opal Trans-Dark Blue,8
Friends,Opal Trans-Dark Pink,91
Friends,Opal Trans-Light Blue,140
Friends,Opal Trans-Purple,47
Friends,Opal Trans-Yellow,4
Friends,Orange,2784
Friends,Pearl Copper,5
Friends,Pearl Gold,2397
Friends,Pearl Titanium,27
Friends,Red,4720
Friends,Reddish Brown,8266
Friends,Reddish Orange,247
Friends,Sand Blue,315
Friends,Sand Green,454
Friends,Sienna Brown,3
Friends,Tan,10878
Friends,Trans-Bright Green,224
Friends,Trans-Brown,98
Friends,Trans-Clear,4207
Friends,Trans-Dark Blue,258
Friends,Trans-Dark Pink,1215
Friends,Trans-Green,192
Friends,Trans-Light Blue,2819
Friends,Trans-Medium Blue,34
Friends,Trans-Neon Green,506
Friends,Trans-Neon Orange,68
Friends,Trans-Orange,710
Friends,Trans-Purple,311
Friends,Trans-Red,546
Friends,Trans-Yellow,1619
Friends,Vibrant Yellow,428
Friends,Warm Pink,216
Friends,Warm Tan,6
Friends,White,35074
Friends,Yellow,6964
Friends,Yellowish Green,426
Friends,[No Color/Any Color],516
Fright Knights,Black,393
Fright Knights,Blue,1
Fright Knights,Brown,74
Fright Knights,Chrome Silver,10
Fright Knights,Dark Gray,72
Fright Knights,Green,23
Fright Knights,Light Gray,495
Fright Knights,Red,222
Fright Knights,Trans-Clear,15
Fright Knights,Trans-Dark Blue,9
Fright Knights,Trans-Green,6
Fright Knights,Trans-Neon Orange,44
Fright Knights,Trans-Red,18
Fright Knights,Trans-Yellow,11
Fright Knights,White,32
Fright Knights,Yellow,141
Fright Knights,[No Color/Any Color],3
Frozen,Black,160
Frozen,Blue,85
Frozen,Bright Green,41
Frozen,Bright Light Blue,137
Frozen,Bright Light Orange,119
Frozen,Bright Light Yellow,19
Frozen,Bright Pink,31
Frozen,Coral,16
Frozen,Dark Azure,62
Frozen,Dark Blue,167
Frozen,Dark Bluish Gray,107
Frozen,Dark Brown,10
Frozen,Dark Green,10
Frozen,Dark Orange,21
Frozen,Dark Pink,59
Frozen,Dark Purple,131
Frozen,Dark Red,4
Frozen,Dark Tan,47
Frozen,Dark Turquoise,237
Frozen,Flat Silver,45
Frozen,Glitter Trans-Dark Pink,4
Frozen,Glitter Trans-Light Blue,19
Frozen,Glitter Trans-Purple,2
Frozen,Green,75
Frozen,Lavender,246
Frozen,Light Aqua,718
Frozen,Light Bluish Gray,389
Frozen,Light Nougat,6
Frozen,Lime,54
Frozen,Magenta,340
Frozen,Medium Azure,678
Frozen,Medium Blue,35
Frozen,Medium Lavender,210
Frozen,Medium Nougat,141
Frozen,Metallic Gold,1
Frozen,Metallic Silver,2
Frozen,Nougat,8
Frozen,Opal Trans-Clear,24
Frozen,Opal Trans-Dark Blue,2
Frozen,Opal Trans-Light Blue,233
Frozen,Opal Trans-Purple,3
Frozen,Opal Trans-Yellow,1
Frozen,Orange,73
Frozen,Pearl Gold,243
Frozen,Pearl Titanium,1
Frozen,Red,43
Frozen,Reddish Brown,561
Frozen,Reddish Orange,3
Frozen,Sand Blue,2
Frozen,Sand Green,48
Frozen,Tan,527
Frozen,Trans-Clear,101
Frozen,Trans-Dark Blue,26
Frozen,Trans-Dark Pink,71
Frozen,Trans-Green,4
Frozen,Trans-Light Blue,995
Frozen,Trans-Medium Blue,1
Frozen,Trans-Neon Green,1
Frozen,Trans-Neon Orange,7
Frozen,Trans-Orange,31
Frozen,Trans-Purple,14
Frozen,Trans-Yellow,26
Frozen,White,2428
Frozen,Yellow,56
Frozen,[No Color/Any Color],19
Fusion,Black,101
Fusion,Bright Light Orange,20
Fusion,Bright Pink,18
Fusion,Dark Blue,23
Fusion,Dark Bluish Gray,18
Fusion,Dark Green,34
Fusion,Dark Orange,14
Fusion,Dark Red,26
Fusion,Flat Silver,29
Fusion,Green,32
Fusion,Light Aqua,24
Fusion,Light Bluish Gray,106
Fusion,Lime,16
Fusion,Magenta,28
Fusion,Medium Azure,24
Fusion,Medium Blue,50
Fusion,Olive Green,31
Fusion,Orange,21
Fusion,Pearl Gold,8
Fusion,Red,44
Fusion,Reddish Brown,56
Fusion,Sand Blue,10
Fusion,Sand Green,12
Fusion,Tan,113
Fusion,Trans-Brown,2
Fusion,Trans-Red,2
Fusion,White,69
Fusion,Yellow,14
Futuron,Black,858
Futuron,Blue,7
Futuron,Light Gray,151
Futuron,Trans-Dark Blue,117
Futuron,Trans-Green,3
Futuron,Trans-Red,162
Futuron,White,1663
Gabby's Dollhouse,Black,26
Gabby's Dollhouse,Blue,29
Gabby's Dollhouse,Bright Green,25
Gabby's Dollhouse,Bright Light Blue,22
Gabby's Dollhouse,Bright Light Orange,51
Gabby's Dollhouse,Bright Light Yellow,35
Gabby's Dollhouse,Bright Pink,168
Gabby's Dollhouse,Coral,17
Gabby's Dollhouse,Dark Azure,15
Gabby's Dollhouse,Dark Blue,8
Gabby's Dollhouse,Dark Bluish Gray,19
Gabby's Dollhouse,Dark Pink,95
Gabby's Dollhouse,Dark Purple,42
Gabby's Dollhouse,Dark Turquoise,40
Gabby's Dollhouse,Flat Silver,18
Gabby's Dollhouse,Glitter Trans-Purple,1
Gabby's Dollhouse,Green,16
Gabby's Dollhouse,Lavender,25
Gabby's Dollhouse,Light Aqua,92
Gabby's Dollhouse,Light Bluish Gray,41
Gabby's Dollhouse,Lime,84
Gabby's Dollhouse,Magenta,61
Gabby's Dollhouse,Medium Azure,75
Gabby's Dollhouse,Medium Lavender,71
Gabby's Dollhouse,Medium Nougat,19
Gabby's Dollhouse,Opal Trans-Clear,8
Gabby's Dollhouse,Opal Trans-Dark Blue,2
Gabby's Dollhouse,Opal Trans-Dark Pink,7
Gabby's Dollhouse,Opal Trans-Purple,3
Gabby's Dollhouse,Orange,41
Gabby's Dollhouse,Pearl Gold,11
Gabby's Dollhouse,Red,32
Gabby's Dollhouse,Reddish Brown,17
Gabby's Dollhouse,Tan,129
Gabby's Dollhouse,Trans-Bright Green,2
Gabby's Dollhouse,Trans-Clear,10
Gabby's Dollhouse,Trans-Dark Blue,4
Gabby's Dollhouse,Trans-Dark Pink,15
Gabby's Dollhouse,Trans-Light Blue,27
Gabby's Dollhouse,Trans-Orange,1
Gabby's Dollhouse,Trans-Purple,8
Gabby's Dollhouse,Trans-Yellow,17
Gabby's Dollhouse,Vibrant Yellow,12
Gabby's Dollhouse,Warm Tan,4
Gabby's Dollhouse,White,428
Gabby's Dollhouse,Yellow,70
Gabby's Dollhouse,Yellowish Green,6
Gabby's Dollhouse,[No Color/Any Color],3
Galaxy Squad,Black,780
Galaxy Squad,Blue,120
Galaxy Squad,Bright Green,19
Galaxy Squad,Dark Azure,94
Galaxy Squad,Dark Blue,76
Galaxy Squad,Dark Bluish Gray,670
Galaxy Squad,Dark Brown,4
Galaxy Squad,Dark Green,59
Galaxy Squad,Dark Red,200
Galaxy Squad,Dark Tan,119
Galaxy Squad,Flat Silver,21
Galaxy Squad,Light Bluish Gray,549
Galaxy Squad,Lime,277
Galaxy Squad,Olive Green,25
Galaxy Squad,Orange,113
Galaxy Squad,Pearl Gold,45
Galaxy Squad,Pearl Titanium,22
Galaxy Squad,Red,103
Galaxy Squad,Reddish Brown,6
Galaxy Squad,Sand Green,1
Galaxy Squad,Tan,115
Galaxy Squad,Trans-Bright Green,9
Galaxy Squad,Trans-Clear,51
Galaxy Squad,Trans-Dark Blue,5
Galaxy Squad,Trans-Dark Pink,57
Galaxy Squad,Trans-Green,2
Galaxy Squad,Trans-Light Blue,51
Galaxy Squad,Trans-Neon Green,35
Galaxy Squad,Trans-Neon Orange,5
Galaxy Squad,Trans-Orange,9
Galaxy Squad,Trans-Purple,18
Galaxy Squad,Trans-Red,81
Galaxy Squad,Trans-Yellow,42
Galaxy Squad,White,592
Galaxy Squad,Yellow,20
Galaxy Squad,[No Color/Any Color],9
Galidor,Black,52
Galidor,Blue,12
Galidor,Dark Blue,6
Galidor,Dark Gray,42
Galidor,Dark Green,6
Galidor,Dark Red,17
Galidor,Earth Orange,10
Galidor,Light Blue,1
Galidor,Light Gray,11
Galidor,Medium Blue,19
Galidor,Medium Bluish Violet,3
Galidor,Nougat,9
Galidor,Orange,1
Galidor,Purple,2
Galidor,Red,9
Galidor,Sand Blue,4
Galidor,Trans-Clear,1
Galidor,Trans-Light Blue,1
Galidor,Trans-Medium Blue,1
Galidor,Trans-Red,1
Galidor,Violet,5
Galidor,White,17
Galidor,[No Color/Any Color],1
Games,Black,1107
Games,Blue,515
Games,Bright Green,95
Games,Bright Light Blue,21
Games,Bright Light Orange,15
Games,Bright Pink,41
Games,Dark Azure,16
Games,Dark Blue,46
Games,Dark Bluish Gray,896
Games,Dark Brown,18
Games,Dark Green,25
Games,Dark Orange,5
Games,Dark Purple,40
Games,Dark Red,48
Games,Dark Tan,202
Games,Flat Silver,24
Games,Green,664
Games,Light Bluish Gray,1374
Games,Lime,320
Games,Medium Azure,1
Games,Medium Blue,38
Games,Medium Nougat,1
Games,Metallic Gold,1
Games,Orange,175
Games,Pearl Gold,336
Games,Pearl Titanium,19
Games,Red,678
Games,Reddish Brown,979
Games,Sand Green,47
Games,Tan,522
Games,Trans-Brown,32
Games,Trans-Clear,214
Games,Trans-Dark Blue,75
Games,Trans-Green,69
Games,Trans-Light Blue,76
Games,Trans-Medium Blue,17
Games,Trans-Neon Green,52
Games,Trans-Neon Orange,65
Games,Trans-Orange,76
Games,Trans-Purple,17
Games,Trans-Red,84
Games,Trans-Yellow,65
Games,White,1027
Games,Yellow,384
Games,[No Color/Any Color],28
Gas Station,Black,347
Gas Station,Blue,24
Gas Station,Green,2
Gas Station,Light Gray,112
Gas Station,Milky White,2
Gas Station,Red,149
Gas Station,Trans-Clear,40
Gas Station,White,224
Gas Station,Yellow,279
Gas Station,[No Color/Any Color],2
Gear,Black,144
Gear,Blue,55
Gear,Bright Light Orange,8
Gear,Bright Pink,3
Gear,Brown,1
Gear,Chrome Gold,1
Gear,Dark Azure,2
Gear,Dark Blue,11
Gear,Dark Bluish Gray,102
Gear,Dark Gray,14
Gear,Dark Green,1
Gear,Dark Pink,6
Gear,Dark Purple,2
Gear,Dark Red,2
Gear,Dark Tan,13
Gear,Green,11
Gear,Light Aqua,3
Gear,Light Bluish Gray,97
Gear,Light Gray,4
Gear,Lime,19
Gear,Magenta,1
Gear,Medium Azure,10
Gear,Medium Blue,1
Gear,Orange,8
Gear,Pearl Gold,22
Gear,Pearl Light Gray,1
Gear,Red,60
Gear,Reddish Brown,32
Gear,Tan,37
Gear,Trans-Clear,22
Gear,Trans-Dark Blue,1
Gear,Trans-Dark Pink,5
Gear,Trans-Green,2
Gear,Trans-Light Blue,9
Gear,Trans-Neon Orange,4
Gear,Trans-Orange,2
Gear,Trans-Purple,1
Gear,Trans-Red,1
Gear,Trans-Yellow,7
Gear,White,80
Gear,Yellow,34
Gear,[No Color/Any Color],85
Gears,Black,225
Gears,Blue,87
Gears,Light Gray,95
Gears,Metal,24
Gears,Milky White,83
Gears,Red,524
Gears,Trans-Clear,11
Gears,White,22
Gears,Yellow,108
Ghostbusters,Black,612
Ghostbusters,Blue,92
Ghostbusters,Bright Green,2
Ghostbusters,Bright Light Orange,3
Ghostbusters,Bright Pink,3
Ghostbusters,Dark Blue,20
Ghostbusters,Dark Bluish Gray,382
Ghostbusters,Dark Brown,4
Ghostbusters,Dark Green,83
Ghostbusters,Dark Orange,9
Ghostbusters,Dark Purple,4
Ghostbusters,Dark Red,555
Ghostbusters,Dark Tan,36
Ghostbusters,Flat Silver,19
Ghostbusters,Green,10
Ghostbusters,Light Bluish Gray,2054
Ghostbusters,Light Nougat,1
Ghostbusters,Lime,3
Ghostbusters,Medium Azure,3
Ghostbusters,Medium Blue,17
Ghostbusters,Medium Nougat,16
Ghostbusters,Metallic Gold,1
Ghostbusters,Metallic Silver,6
Ghostbusters,Orange,3
Ghostbusters,Pearl Gold,16
Ghostbusters,Pearl Titanium,1
Ghostbusters,Red,101
Ghostbusters,Reddish Brown,300
Ghostbusters,Sand Green,8
Ghostbusters,Tan,191
Ghostbusters,Trans-Bright Green,2
Ghostbusters,Trans-Brown,2
Ghostbusters,Trans-Clear,130
Ghostbusters,Trans-Dark Pink,13
Ghostbusters,Trans-Green,2
Ghostbusters,Trans-Light Blue,4
Ghostbusters,Trans-Medium Blue,2
Ghostbusters,Trans-Neon Green,7
Ghostbusters,Trans-Neon Orange,3
Ghostbusters,Trans-Orange,8
Ghostbusters,Trans-Red,16
Ghostbusters,Trans-Yellow,1
Ghostbusters,White,503
Ghostbusters,Yellow,56
Ghostbusters,[No Color/Any Color],3
Gravity Games,Black,72
Gravity Games,Blue,128
Gravity Games,Brown,9
Gravity Games,Dark Bluish Gray,2
Gravity Games,Dark Gray,49
Gravity Games,Dark Tan,4
Gravity Games,Green,11
Gravity Games,Light Bluish Gray,1
Gravity Games,Light Gray,133
Gravity Games,Medium Blue,8
Gravity Games,Medium Orange,3
Gravity Games,Orange,1
Gravity Games,Pearl Light Gray,1
Gravity Games,Red,65
Gravity Games,Rust Orange,1
Gravity Games,Tan,6
Gravity Games,Trans-Clear,1
Gravity Games,Trans-Dark Blue,1
Gravity Games,Trans-Green,5
Gravity Games,Trans-Light Blue,1
Gravity Games,White,139
Gravity Games,Yellow,31
Gravity Games,[No Color/Any Color],7
Guardians of the Galaxy,Black,699
Guardians of the Galaxy,Blue,177
Guardians of the Galaxy,Bright Light Orange,128
Guardians of the Galaxy,Bright Pink,12
Guardians of the Galaxy,Dark Azure,16
Guardians of the Galaxy,Dark Blue,57
Guardians of the Galaxy,Dark Bluish Gray,913
Guardians of the Galaxy,Dark Brown,13
Guardians of the Galaxy,Dark Green,8
Guardians of the Galaxy,Dark Orange,1
Guardians of the Galaxy,Dark Pink,9
Guardians of the Galaxy,Dark Purple,5
Guardians of the Galaxy,Dark Red,74
Guardians of the Galaxy,Dark Tan,18
Guardians of the Galaxy,Dark Turquoise,300
Guardians of the Galaxy,Flat Silver,134
Guardians of the Galaxy,Green,9
Guardians of the Galaxy,Light Bluish Gray,602
Guardians of the Galaxy,Lime,7
Guardians of the Galaxy,Magenta,55
Guardians of the Galaxy,Medium Azure,13
Guardians of the Galaxy,Medium Blue,1
Guardians of the Galaxy,Medium Nougat,24
Guardians of the Galaxy,Metallic Gold,1
Guardians of the Galaxy,Metallic Silver,3
Guardians of the Galaxy,Olive Green,1
Guardians of the Galaxy,Opal Trans-Dark Pink,11
Guardians of the Galaxy,Orange,96
Guardians of the Galaxy,Pearl Gold,60
Guardians of the Galaxy,Pearl Titanium,17
Guardians of the Galaxy,Red,112
Guardians of the Galaxy,Reddish Brown,60
Guardians of the Galaxy,Tan,32
Guardians of the Galaxy,Trans-Brown,9
Guardians of the Galaxy,Trans-Clear,13
Guardians of the Galaxy,Trans-Dark Blue,15
Guardians of the Galaxy,Trans-Dark Pink,6
Guardians of the Galaxy,Trans-Green,6
Guardians of the Galaxy,Trans-Light Blue,78
Guardians of the Galaxy,Trans-Neon Orange,20
Guardians of the Galaxy,Trans-Orange,48
Guardians of the Galaxy,Trans-Purple,15
Guardians of the Galaxy,Trans-Red,27
Guardians of the Galaxy,Trans-Yellow,46
Guardians of the Galaxy,White,29
Guardians of the Galaxy,Yellow,97
Guardians of the Galaxy,[No Color/Any Color],15
HO 1:87 Vehicles,Black,15
HO 1:87 Vehicles,Blue,35
HO 1:87 Vehicles,Green,3
HO 1:87 Vehicles,HO Dark Blue,7
HO 1:87 Vehicles,HO Dark Gray,9
HO 1:87 Vehicles,HO Dark Green,2
HO 1:87 Vehicles,HO Dark Red,8
HO 1:87 Vehicles,HO Dark Turquoise,1
HO 1:87 Vehicles,HO Light Tan,2
HO 1:87 Vehicles,HO Metallic Blue,1
HO 1:87 Vehicles,HO Olive Green,8
HO 1:87 Vehicles,HO Sand Green,2
HO 1:87 Vehicles,HO Tan,1
HO 1:87 Vehicles,Light Gray,157
HO 1:87 Vehicles,Red,63
HO 1:87 Vehicles,Trans-Clear,2
HO 1:87 Vehicles,White,40
HO 1:87 Vehicles,Yellow,26
Halloween,Black,1336
Halloween,Blue,57
Halloween,Bright Green,14
Halloween,Bright Light Orange,37
Halloween,Bright Pink,15
Halloween,Brown,11
Halloween,Coral,4
Halloween,Dark Blue,39
Halloween,Dark Bluish Gray,239
Halloween,Dark Brown,28
Halloween,Dark Gray,4
Halloween,Dark Green,170
Halloween,Dark Orange,12
Halloween,Dark Purple,105
Halloween,Dark Red,10
Halloween,Dark Tan,62
Halloween,Dark Turquoise,10
Halloween,Flat Silver,19
Halloween,Green,223
Halloween,Lavender,7
Halloween,Light Bluish Gray,223
Halloween,Light Gray,28
Halloween,Lime,51
Halloween,Magenta,14
Halloween,Medium Azure,22
Halloween,Medium Lavender,45
Halloween,Medium Nougat,9
Halloween,Olive Green,24
Halloween,Opal Trans-Clear,3
Halloween,Orange,930
Halloween,Pearl Gold,6
Halloween,Pearl Titanium,1
Halloween,Red,159
Halloween,Reddish Brown,216
Halloween,Reddish Orange,22
Halloween,Sand Green,77
Halloween,Tan,84
Halloween,Trans-Bright Green,23
Halloween,Trans-Clear,14
Halloween,Trans-Dark Blue,3
Halloween,Trans-Green,6
Halloween,Trans-Light Blue,7
Halloween,Trans-Orange,23
Halloween,Trans-Purple,5
Halloween,Trans-Red,3
Halloween,Trans-Yellow,3
Halloween,White,490
Halloween,Yellow,169
Halloween,[No Color/Any Color],5
Harbor,Black,1115
Harbor,Blue,292
Harbor,Bright Green,4
Harbor,Bright Light Blue,1
Harbor,Bright Light Orange,93
Harbor,Dark Blue,35
Harbor,Dark Bluish Gray,756
Harbor,Dark Brown,12
Harbor,Dark Green,54
Harbor,Dark Orange,15
Harbor,Dark Red,22
Harbor,Dark Tan,8
Harbor,Dark Turquoise,4
Harbor,Flat Silver,39
Harbor,Green,64
Harbor,Light Bluish Gray,855
Harbor,Light Gray,9
Harbor,Lime,74
Harbor,Medium Azure,1
Harbor,Medium Blue,7
Harbor,Medium Nougat,8
Harbor,Milky White,1
Harbor,Olive Green,26
Harbor,Orange,131
Harbor,Pearl Gold,2
Harbor,Pearl Light Gray,1
Harbor,Red,659
Harbor,Reddish Brown,121
Harbor,Reddish Orange,30
Harbor,Tan,94
Harbor,Trans-Brown,56
Harbor,Trans-Clear,117
Harbor,Trans-Dark Blue,2
Harbor,Trans-Green,63
Harbor,Trans-Light Blue,39
Harbor,Trans-Neon Green,1
Harbor,Trans-Orange,43
Harbor,Trans-Red,96
Harbor,Trans-Yellow,48
Harbor,White,1026
Harbor,Yellow,495
Harbor,[No Color/Any Color],21
Harry Potter,Black,19853
Harry Potter,Blue,908
Harry Potter,Blue Violet,13
Harry Potter,Bright Green,320
Harry Potter,Bright Light Blue,984
Harry Potter,Bright Light Orange,651
Harry Potter,Bright Light Yellow,115
Harry Potter,Bright Pink,302
Harry Potter,Brown,263
Harry Potter,Chrome Antique Brass,35
Harry Potter,Chrome Gold,47
Harry Potter,Chrome Silver,35
Harry Potter,Copper,3
Harry Potter,Coral,12
Harry Potter,Dark Azure,35
Harry Potter,Dark Blue,997
Harry Potter,Dark Bluish Gray,14318
Harry Potter,Dark Brown,1973
Harry Potter,Dark Gray,812
Harry Potter,Dark Green,1005
Harry Potter,Dark Nougat,10
Harry Potter,Dark Orange,1385
Harry Potter,Dark Pink,134
Harry Potter,Dark Purple,1096
Harry Potter,Dark Red,2086
Harry Potter,Dark Tan,8852
Harry Potter,Dark Turquoise,193
Harry Potter,Earth Orange,2
Harry Potter,Flat Silver,483
Harry Potter,Glitter Trans-Dark Pink,3
Harry Potter,Glitter Trans-Light Blue,7
Harry Potter,Glitter Trans-Purple,6
Harry Potter,Glow In Dark Opaque,2
Harry Potter,Glow In Dark Trans,25
Harry Potter,Glow in Dark White,49
Harry Potter,Green,1281
Harry Potter,Lavender,407
Harry Potter,Light Aqua,113
Harry Potter,Light Bluish Gray,12762
Harry Potter,Light Gray,1021
Harry Potter,Light Green,1
Harry Potter,Light Nougat,436
Harry Potter,Light Turquoise,2
Harry Potter,Light Violet,5
Harry Potter,Lime,387
Harry Potter,Magenta,131
Harry Potter,Medium Azure,256
Harry Potter,Medium Blue,799
Harry Potter,Medium Brown,4
Harry Potter,Medium Dark Pink,32
Harry Potter,Medium Lavender,160
Harry Potter,Medium Nougat,3337
Harry Potter,Medium Orange,13
Harry Potter,Metallic Gold,27
Harry Potter,Metallic Silver,45
Harry Potter,Nougat,9
Harry Potter,Olive Green,1079
Harry Potter,Opal Trans-Bright Green,3
Harry Potter,Opal Trans-Brown,1
Harry Potter,Opal Trans-Clear,55
Harry Potter,Opal Trans-Dark Blue,6
Harry Potter,Opal Trans-Dark Pink,6
Harry Potter,Opal Trans-Light Blue,109
Harry Potter,Opal Trans-Purple,4
Harry Potter,Opal Trans-Yellow,2
Harry Potter,Orange,1162
Harry Potter,Pearl Gold,3041
Harry Potter,Pearl Light Gray,13
Harry Potter,Pearl Titanium,130
Harry Potter,Purple,7
Harry Potter,Red,4141
Harry Potter,Reddish Brown,13094
Harry Potter,Reddish Gold,4
Harry Potter,Reddish Orange,13
Harry Potter,Sand Blue,603
Harry Potter,Sand Green,2502
Harry Potter,Speckle Black-Silver,5
Harry Potter,Tan,19214
Harry Potter,Trans-Black,91
Harry Potter,Trans-Bright Green,130
Harry Potter,Trans-Brown,143
Harry Potter,Trans-Clear,2579
Harry Potter,Trans-Dark Blue,243
Harry Potter,Trans-Dark Pink,64
Harry Potter,Trans-Green,295
Harry Potter,Trans-Light Blue,474
Harry Potter,Trans-Neon Green,50
Harry Potter,Trans-Neon Orange,274
Harry Potter,Trans-Orange,514
Harry Potter,Trans-Purple,54
Harry Potter,Trans-Red,340
Harry Potter,Trans-Yellow,553
Harry Potter,Vibrant Yellow,3
Harry Potter,Violet,2
Harry Potter,Warm Tan,2
Harry Potter,White,9722
Harry Potter,Yellow,935
Harry Potter,Yellowish Green,72
Harry Potter,[No Color/Any Color],154
Harry Potter and Fantastic Beasts Series 1,Black,26
Harry Potter and Fantastic Beasts Series 1,Bright Green,1
Harry Potter and Fantastic Beasts Series 1,Bright Light Blue,1
Harry Potter and Fantastic Beasts Series 1,Dark Brown,14
Harry Potter and Fantastic Beasts Series 1,Dark Green,1
Harry Potter and Fantastic Beasts Series 1,Dark Orange,3
Harry Potter and Fantastic Beasts Series 1,Dark Purple,1
Harry Potter and Fantastic Beasts Series 1,Dark Red,2
Harry Potter and Fantastic Beasts Series 1,Dark Tan,7
Harry Potter and Fantastic Beasts Series 1,Flat Silver,2
Harry Potter and Fantastic Beasts Series 1,Light Bluish Gray,1
Harry Potter and Fantastic Beasts Series 1,Medium Nougat,5
Harry Potter and Fantastic Beasts Series 1,Nougat,1
Harry Potter and Fantastic Beasts Series 1,Olive Green,1
Harry Potter and Fantastic Beasts Series 1,Pearl Gold,2
Harry Potter and Fantastic Beasts Series 1,Reddish Brown,19
Harry Potter and Fantastic Beasts Series 1,Tan,3
Harry Potter and Fantastic Beasts Series 1,White,6
Harry Potter and Fantastic Beasts Series 2,Black,24
Harry Potter and Fantastic Beasts Series 2,Bright Green,2
Harry Potter and Fantastic Beasts Series 2,Bright Light Yellow,1
Harry Potter and Fantastic Beasts Series 2,Dark Bluish Gray,4
Harry Potter and Fantastic Beasts Series 2,Dark Brown,12
Harry Potter and Fantastic Beasts Series 2,Dark Tan,6
Harry Potter and Fantastic Beasts Series 2,Flat Silver,1
Harry Potter and Fantastic Beasts Series 2,Lime,2
Harry Potter and Fantastic Beasts Series 2,Medium Nougat,4
Harry Potter and Fantastic Beasts Series 2,Orange,2
Harry Potter and Fantastic Beasts Series 2,Red,1
Harry Potter and Fantastic Beasts Series 2,Reddish Brown,11
Harry Potter and Fantastic Beasts Series 2,Sand Blue,3
Harry Potter and Fantastic Beasts Series 2,Tan,3
Harry Potter and Fantastic Beasts Series 2,Trans-Clear,5
Harry Potter and Fantastic Beasts Series 2,White,1
Hero Factory,Black,594
Hero Factory,Blue,124
Hero Factory,Dark Bluish Gray,118
Hero Factory,Dark Brown,3
Hero Factory,Dark Purple,7
Hero Factory,Dark Tan,4
Hero Factory,Flat Silver,48
Hero Factory,Light Bluish Gray,175
Hero Factory,Lime,17
Hero Factory,Medium Azure,32
Hero Factory,Medium Blue,2
Hero Factory,Orange,17
Hero Factory,Pearl Gold,14
Hero Factory,Pearl Light Gray,3
Hero Factory,Pearl Titanium,56
Hero Factory,Red,93
Hero Factory,Tan,8
Hero Factory,Trans-Bright Green,45
Hero Factory,Trans-Brown,4
Hero Factory,Trans-Clear,2
Hero Factory,Trans-Light Blue,35
Hero Factory,Trans-Medium Blue,1
Hero Factory,Trans-Neon Green,18
Hero Factory,Trans-Neon Orange,15
Hero Factory,Trans-Orange,12
Hero Factory,Trans-Red,14
Hero Factory,Trans-Yellow,1
Hero Factory,White,20
Hero Factory,Yellow,101
Hero Factory,[No Color/Any Color],8
Heroes,Black,668
Heroes,Blue,223
Heroes,Bright Green,4
Heroes,Bright Light Orange,12
Heroes,Dark Bluish Gray,208
Heroes,Dark Brown,4
Heroes,Dark Green,4
Heroes,Dark Purple,3
Heroes,Dark Tan,11
Heroes,Flat Silver,202
Heroes,Green,5
Heroes,Light Bluish Gray,230
Heroes,Lime,67
Heroes,Orange,63
Heroes,Pearl Gold,63
Heroes,Pearl Light Gray,30
Heroes,Pearl Titanium,184
Heroes,Red,142
Heroes,Reddish Brown,3
Heroes,Tan,12
Heroes,Trans-Bright Green,45
Heroes,Trans-Brown,1
Heroes,Trans-Clear,4
Heroes,Trans-Dark Blue,11
Heroes,Trans-Green,8
Heroes,Trans-Light Blue,20
Heroes,Trans-Medium Blue,6
Heroes,Trans-Neon Green,43
Heroes,Trans-Neon Orange,30
Heroes,Trans-Orange,6
Heroes,Trans-Red,15
Heroes,Trans-Yellow,1
Heroes,White,139
Heroes,Yellow,39
Heroes,[No Color/Any Color],5
Hidden Side,Black,2031
Hidden Side,Blue,164
Hidden Side,Bright Green,11
Hidden Side,Bright Light Orange,208
Hidden Side,Bright Pink,9
Hidden Side,Coral,41
Hidden Side,Dark Azure,229
Hidden Side,Dark Blue,146
Hidden Side,Dark Bluish Gray,1270
Hidden Side,Dark Brown,61
Hidden Side,Dark Green,154
Hidden Side,Dark Orange,137
Hidden Side,Dark Pink,9
Hidden Side,Dark Purple,29
Hidden Side,Dark Red,363
Hidden Side,Dark Tan,358
Hidden Side,Dark Turquoise,31
Hidden Side,Flat Silver,231
Hidden Side,Glitter Trans-Purple,1
Hidden Side,Green,51
Hidden Side,Lavender,4
Hidden Side,Light Aqua,8
Hidden Side,Light Bluish Gray,1963
Hidden Side,Lime,17
Hidden Side,Magenta,10
Hidden Side,Medium Azure,94
Hidden Side,Medium Blue,13
Hidden Side,Medium Lavender,17
Hidden Side,Medium Nougat,55
Hidden Side,Metallic Silver,15
Hidden Side,Olive Green,100
Hidden Side,Orange,31
Hidden Side,Pearl Gold,195
Hidden Side,Pearl Titanium,60
Hidden Side,Red,457
Hidden Side,Reddish Brown,577
Hidden Side,Sand Blue,11
Hidden Side,Sand Green,143
Hidden Side,Tan,304
Hidden Side,Trans-Bright Green,9
Hidden Side,Trans-Brown,38
Hidden Side,Trans-Clear,95
Hidden Side,Trans-Dark Blue,5
Hidden Side,Trans-Dark Pink,6
Hidden Side,Trans-Green,12
Hidden Side,Trans-Light Blue,43
Hidden Side,Trans-Neon Green,87
Hidden Side,Trans-Neon Orange,3
Hidden Side,Trans-Orange,42
Hidden Side,Trans-Purple,105
Hidden Side,Trans-Red,51
Hidden Side,Trans-Yellow,41
Hidden Side,White,415
Hidden Side,Yellow,153
Hidden Side,Yellowish Green,212
Hidden Side,[No Color/Any Color],27
Hobby Sets,Black,2620
Hobby Sets,Blue,280
Hobby Sets,Light Gray,436
Hobby Sets,Milky White,19
Hobby Sets,Red,475
Hobby Sets,Trans-Clear,44
Hobby Sets,Trans-Red,4
Hobby Sets,White,634
Hobby Sets,Yellow,323
Hobby Sets,[No Color/Any Color],15
Hockey,Black,407
Hockey,Blue,117
Hockey,Chrome Silver,4
Hockey,Dark Bluish Gray,8
Hockey,Dark Gray,35
Hockey,Green,6
Hockey,Light Bluish Gray,34
Hockey,Light Gray,158
Hockey,Orange,17
Hockey,Pearl Light Gray,35
Hockey,Red,189
Hockey,Reddish Brown,10
Hockey,Tan,27
Hockey,Trans-Clear,12
Hockey,Trans-Light Blue,1
Hockey,Trans-Red,3
Hockey,Trans-Yellow,2
Hockey,White,142
Hockey,Yellow,36
Hockey,[No Color/Any Color],27
Homemaker,Black,469
Homemaker,Blue,766
Homemaker,Brown,40
Homemaker,Dark Gray,1
Homemaker,Green,56
Homemaker,Light Gray,46
Homemaker,Red,1157
Homemaker,Trans-Clear,95
Homemaker,Trans-Green,1
Homemaker,White,1594
Homemaker,Yellow,854
Homemaker,[No Color/Any Color],36
Horizon Adventures,Black,172
Horizon Adventures,Blue,11
Horizon Adventures,Bright Light Blue,2
Horizon Adventures,Bright Light Orange,2
Horizon Adventures,Dark Azure,13
Horizon Adventures,Dark Bluish Gray,76
Horizon Adventures,Dark Brown,1
Horizon Adventures,Dark Pink,2
Horizon Adventures,Dark Tan,17
Horizon Adventures,Flat Silver,12
Horizon Adventures,Green,12
Horizon Adventures,Light Bluish Gray,78
Horizon Adventures,Lime,3
Horizon Adventures,Medium Azure,10
Horizon Adventures,Medium Nougat,7
Horizon Adventures,Orange,45
Horizon Adventures,Pearl Gold,7
Horizon Adventures,Pearl Titanium,8
Horizon Adventures,Red,7
Horizon Adventures,Reddish Brown,9
Horizon Adventures,Reddish Orange,5
Horizon Adventures,Sand Blue,32
Horizon Adventures,Tan,61
Horizon Adventures,Trans-Clear,1
Horizon Adventures,Trans-Dark Blue,4
Horizon Adventures,Trans-Light Blue,12
Horizon Adventures,Trans-Orange,7
Horizon Adventures,Trans-Yellow,1
Horizon Adventures,White,142
Horizon Adventures,Yellow,54
Hospital,Black,653
Hospital,Blue,124
Hospital,Bright Green,10
Hospital,Bright Light Blue,15
Hospital,Bright Light Orange,19
Hospital,Bright Pink,3
Hospital,Brown,1
Hospital,Coral,1
Hospital,Dark Azure,35
Hospital,Dark Blue,6
Hospital,Dark Bluish Gray,401
Hospital,Dark Green,1
Hospital,Dark Orange,1
Hospital,Dark Pink,8
Hospital,Dark Purple,1
Hospital,Dark Tan,11
Hospital,Dark Turquoise,140
Hospital,Flat Silver,29
Hospital,Green,51
Hospital,Light Aqua,20
Hospital,Light Bluish Gray,605
Hospital,Light Gray,78
Hospital,Lime,23
Hospital,Magenta,6
Hospital,Medium Azure,7
Hospital,Medium Blue,2
Hospital,Medium Nougat,6
Hospital,Orange,32
Hospital,Pearl Gold,1
Hospital,Pearl Titanium,6
Hospital,Red,909
Hospital,Reddish Brown,19
Hospital,Reddish Orange,1
Hospital,Sand Blue,7
Hospital,Sand Green,1
Hospital,Tan,26
Hospital,Trans-Brown,14
Hospital,Trans-Clear,92
Hospital,Trans-Dark Blue,178
Hospital,Trans-Green,28
Hospital,Trans-Light Blue,138
Hospital,Trans-Neon Green,7
Hospital,Trans-Neon Orange,2
Hospital,Trans-Orange,44
Hospital,Trans-Red,81
Hospital,Trans-Yellow,56
Hospital,Vibrant Yellow,91
Hospital,White,1901
Hospital,Yellow,100
Hospital,[No Color/Any Color],22
Houseware,Blue,2
Houseware,Green,3
Houseware,Red,2
Houseware,Trans-Clear,6
Houseware,White,2
Houseware,Yellow,2
Hydronauts,Black,340
Hydronauts,Blue,58
Hydronauts,Chrome Silver,31
Hydronauts,Dark Gray,13
Hydronauts,Light Blue,1
Hydronauts,Light Gray,162
Hydronauts,Red,22
Hydronauts,Trans-Green,105
Hydronauts,Trans-Neon Green,1
Hydronauts,Trans-Neon Orange,37
Hydronauts,White,2
Hydronauts,Yellow,233
Ice Planet 2002,Black,282
Ice Planet 2002,Blue,337
Ice Planet 2002,Light Gray,38
Ice Planet 2002,Trans-Neon Orange,123
Ice Planet 2002,White,305
Icons,Black,31342
Icons,Blue,4825
Icons,Bright Green,832
Icons,Bright Light Blue,1005
Icons,Bright Light Orange,896
Icons,Bright Light Yellow,194
Icons,Bright Pink,255
Icons,Chrome Gold,21
Icons,Dark Azure,252
Icons,Dark Blue,3573
Icons,Dark Bluish Gray,22244
Icons,Dark Brown,1039
Icons,Dark Green,1101
Icons,Dark Orange,1498
Icons,Dark Pink,207
Icons,Dark Purple,84
Icons,Dark Red,2217
Icons,Dark Tan,5770
Icons,Dark Turquoise,221
Icons,Flat Silver,1220
Icons,Glow in Dark White,14
Icons,Green,2025
Icons,Lavender,292
Icons,Light Aqua,324
Icons,Light Bluish Gray,25263
Icons,Light Nougat,324
Icons,Lime,486
Icons,Magenta,26
Icons,Medium Azure,1062
Icons,Medium Blue,38
Icons,Medium Brown,7
Icons,Medium Lavender,101
Icons,Medium Nougat,2067
Icons,Metallic Gold,18
Icons,Metallic Silver,384
Icons,Nougat,219
Icons,Olive Green,1272
Icons,Opal Trans-Clear,10
Icons,Opal Trans-Dark Pink,53
Icons,Opal Trans-Light Blue,36
Icons,Orange,1265
Icons,Pearl Gold,1127
Icons,Pearl Titanium,183
Icons,Red,6670
Icons,Reddish Brown,7650
Icons,Reddish Orange,157
Icons,Sand Blue,264
Icons,Sand Green,1552
Icons,Tan,17000
Icons,Trans-Black,21
Icons,Trans-Bright Green,9
Icons,Trans-Brown,182
Icons,Trans-Clear,1345
Icons,Trans-Dark Blue,173
Icons,Trans-Dark Pink,16
Icons,Trans-Green,96
Icons,Trans-Light Blue,831
Icons,Trans-Orange,597
Icons,Trans-Purple,1
Icons,Trans-Red,315
Icons,Trans-Yellow,158
Icons,Warm Tan,7
Icons,White,22092
Icons,Yellow,4037
Icons,Yellowish Green,80
Icons,[No Color/Any Color],62
Ideas Books,Black,270
Ideas Books,Blue,73
Ideas Books,Bright Green,47
Ideas Books,Bright Light Blue,26
Ideas Books,Bright Light Orange,27
Ideas Books,Bright Light Yellow,13
Ideas Books,Bright Pink,17
Ideas Books,Coral,3
Ideas Books,Dark Azure,28
Ideas Books,Dark Blue,51
Ideas Books,Dark Bluish Gray,100
Ideas Books,Dark Brown,5
Ideas Books,Dark Gray,10
Ideas Books,Dark Green,9
Ideas Books,Dark Orange,10
Ideas Books,Dark Pink,15
Ideas Books,Dark Purple,10
Ideas Books,Dark Red,10
Ideas Books,Dark Tan,13
Ideas Books,Dark Turquoise,18
Ideas Books,Flat Silver,21
Ideas Books,Glitter Trans-Purple,1
Ideas Books,Glow in Dark White,8
Ideas Books,Green,48
Ideas Books,Lavender,7
Ideas Books,Light Aqua,16
Ideas Books,Light Bluish Gray,173
Ideas Books,Light Gray,26
Ideas Books,Lime,50
Ideas Books,Magenta,12
Ideas Books,Medium Azure,48
Ideas Books,Medium Blue,6
Ideas Books,Medium Lavender,13
Ideas Books,Medium Nougat,7
Ideas Books,Olive Green,2
Ideas Books,Opal Trans-Clear,4
Ideas Books,Opal Trans-Dark Blue,1
Ideas Books,Opal Trans-Light Blue,2
Ideas Books,Orange,45
Ideas Books,Pearl Gold,27
Ideas Books,Red,116
Ideas Books,Reddish Brown,58
Ideas Books,Tan,64
Ideas Books,Trans-Bright Green,11
Ideas Books,Trans-Brown,2
Ideas Books,Trans-Clear,25
Ideas Books,Trans-Dark Blue,5
Ideas Books,Trans-Dark Pink,8
Ideas Books,Trans-Green,4
Ideas Books,Trans-Light Blue,19
Ideas Books,Trans-Neon Orange,2
Ideas Books,Trans-Orange,17
Ideas Books,Trans-Purple,2
Ideas Books,Trans-Red,18
Ideas Books,Trans-Yellow,10
Ideas Books,White,337
Ideas Books,Yellow,151
Ideas Books,Yellowish Green,11
Ideas Books,[No Color/Any Color],18
Incredibles 2,Black,62
Incredibles 2,Blue,1
Incredibles 2,Bright Light Orange,1
Incredibles 2,Dark Azure,4
Incredibles 2,Dark Blue,10
Incredibles 2,Dark Bluish Gray,41
Incredibles 2,Dark Brown,4
Incredibles 2,Dark Orange,4
Incredibles 2,Dark Red,4
Incredibles 2,Dark Tan,17
Incredibles 2,Flat Silver,10
Incredibles 2,Green,10
Incredibles 2,Light Bluish Gray,49
Incredibles 2,Lime,2
Incredibles 2,Medium Azure,8
Incredibles 2,Medium Nougat,7
Incredibles 2,Orange,5
Incredibles 2,Pearl Gold,5
Incredibles 2,Pearl Titanium,4
Incredibles 2,Red,23
Incredibles 2,Reddish Brown,7
Incredibles 2,Sand Green,8
Incredibles 2,Tan,5
Incredibles 2,Trans-Brown,1
Incredibles 2,Trans-Clear,1
Incredibles 2,Trans-Light Blue,18
Incredibles 2,Trans-Orange,7
Incredibles 2,Trans-Purple,1
Incredibles 2,Trans-Red,7
Incredibles 2,Trans-Yellow,3
Incredibles 2,White,45
Incredibles 2,Yellow,11
Incredibles 2,Yellowish Green,1
Indiana Jones,Black,1543
Indiana Jones,Blue,157
Indiana Jones,Bright Green,37
Indiana Jones,Bright Light Orange,87
Indiana Jones,Chrome Gold,16
Indiana Jones,Chrome Silver,4
Indiana Jones,Dark Blue,75
Indiana Jones,Dark Bluish Gray,2256
Indiana Jones,Dark Brown,45
Indiana Jones,Dark Green,241
Indiana Jones,Dark Orange,20
Indiana Jones,Dark Purple,1
Indiana Jones,Dark Red,319
Indiana Jones,Dark Tan,459
Indiana Jones,Dark Turquoise,29
Indiana Jones,Flat Silver,14
Indiana Jones,Glow In Dark Trans,2
Indiana Jones,Green,176
Indiana Jones,Light Bluish Gray,1791
Indiana Jones,Lime,16
Indiana Jones,Medium Nougat,54
Indiana Jones,Metallic Gold,7
Indiana Jones,Metallic Silver,36
Indiana Jones,Olive Green,33
Indiana Jones,Orange,9
Indiana Jones,Pearl Dark Gray,8
Indiana Jones,Pearl Gold,113
Indiana Jones,Pearl Light Gray,37
Indiana Jones,Red,225
Indiana Jones,Reddish Brown,623
Indiana Jones,Sand Green,51
Indiana Jones,Tan,905
Indiana Jones,Trans-Brown,37
Indiana Jones,Trans-Clear,75
Indiana Jones,Trans-Dark Blue,4
Indiana Jones,Trans-Dark Pink,1
Indiana Jones,Trans-Green,14
Indiana Jones,Trans-Light Blue,2
Indiana Jones,Trans-Neon Green,2
Indiana Jones,Trans-Neon Orange,15
Indiana Jones,Trans-Orange,29
Indiana Jones,Trans-Red,67
Indiana Jones,Trans-Yellow,10
Indiana Jones,White,409
Indiana Jones,Yellow,94
Indiana Jones,[No Color/Any Color],15
Insectoids,Black,450
Insectoids,Blue,399
Insectoids,Dark Gray,358
Insectoids,Light Gray,6
Insectoids,Red,1
Insectoids,Trans-Dark Blue,27
Insectoids,Trans-Green,17
Insectoids,Trans-Neon Green,225
Insectoids,Trans-Neon Orange,2
Insectoids,White,2
Insectoids,Yellow,2
Insectoids,[No Color/Any Color],18
Inventor,Black,274
Inventor,Blue,79
Inventor,Brown,4
Inventor,Dark Gray,100
Inventor,Green,102
Inventor,Light Gray,165
Inventor,Lime,58
Inventor,Medium Blue,34
Inventor,Medium Orange,12
Inventor,Orange,22
Inventor,Pearl Light Gray,6
Inventor,Red,118
Inventor,Tan,42
Inventor,Trans-Brown,6
Inventor,Trans-Clear,12
Inventor,Trans-Red,7
Inventor,Trans-Yellow,1
Inventor,White,66
Inventor,Yellow,80
Iron Man,Black,513
Iron Man,Blue,14
Iron Man,Dark Bluish Gray,104
Iron Man,Dark Green,32
Iron Man,Dark Red,849
Iron Man,Flat Silver,8
Iron Man,Green,3
Iron Man,Light Bluish Gray,118
Iron Man,Lime,4
Iron Man,Medium Blue,35
Iron Man,Orange,390
Iron Man,Red,241
Iron Man,Tan,113
Iron Man,Trans-Bright Green,6
Iron Man,Trans-Brown,4
Iron Man,Trans-Clear,5
Iron Man,Trans-Light Blue,28
Iron Man,Trans-Orange,3
Iron Man,Trans-Red,32
Iron Man,Trans-Yellow,15
Iron Man,White,178
Iron Man,Yellow,311
Iron Man,[No Color/Any Color],4
Iron Man and His Awesome Friends,Black,18
Iron Man and His Awesome Friends,Bright Green,9
Iron Man and His Awesome Friends,Dark Azure,4
Iron Man and His Awesome Friends,Dark Bluish Gray,20
Iron Man and His Awesome Friends,Dark Green,1
Iron Man and His Awesome Friends,Dark Pink,2
Iron Man and His Awesome Friends,Dark Purple,17
Iron Man and His Awesome Friends,Dark Red,8
Iron Man and His Awesome Friends,Dark Tan,1
Iron Man and His Awesome Friends,Flat Silver,1
Iron Man and His Awesome Friends,Green,6
Iron Man and His Awesome Friends,Light Bluish Gray,21
Iron Man and His Awesome Friends,Lime,2
Iron Man and His Awesome Friends,Magenta,4
Iron Man and His Awesome Friends,Medium Azure,18
Iron Man and His Awesome Friends,Pearl Gold,58
Iron Man and His Awesome Friends,Red,52
Iron Man and His Awesome Friends,Tan,6
Iron Man and His Awesome Friends,Trans-Bright Green,1
Iron Man and His Awesome Friends,Trans-Clear,1
Iron Man and His Awesome Friends,Trans-Dark Pink,5
Iron Man and His Awesome Friends,Trans-Light Blue,8
Iron Man and His Awesome Friends,Trans-Orange,1
Iron Man and His Awesome Friends,White,2
Iron Man and His Awesome Friends,Yellow,9
Island Xtreme Stunts,Black,268
Island Xtreme Stunts,Blue,27
Island Xtreme Stunts,Bright Green,6
Island Xtreme Stunts,Chrome Silver,12
Island Xtreme Stunts,Dark Gray,86
Island Xtreme Stunts,Green,2
Island Xtreme Stunts,Light Gray,173
Island Xtreme Stunts,Light Yellow,71
Island Xtreme Stunts,Medium Blue,11
Island Xtreme Stunts,Orange,59
Island Xtreme Stunts,Red,86
Island Xtreme Stunts,Trans-Brown,8
Island Xtreme Stunts,Trans-Clear,1
Island Xtreme Stunts,Trans-Green,4
Island Xtreme Stunts,Trans-Neon Green,22
Island Xtreme Stunts,Trans-Neon Orange,15
Island Xtreme Stunts,Trans-Red,10
Island Xtreme Stunts,White,55
Island Xtreme Stunts,Yellow,38
Island Xtreme Stunts,[No Color/Any Color],6
Jack Stone,Black,308
Jack Stone,Blue,24
Jack Stone,Bright Green,1
Jack Stone,Brown,3
Jack Stone,Chrome Silver,19
Jack Stone,Dark Gray,64
Jack Stone,Dark Turquoise,4
Jack Stone,Green,14
Jack Stone,Light Gray,158
Jack Stone,Orange,53
Jack Stone,Red,70
Jack Stone,Trans-Brown,11
Jack Stone,Trans-Clear,6
Jack Stone,Trans-Dark Blue,19
Jack Stone,Trans-Light Blue,9
Jack Stone,Trans-Medium Blue,8
Jack Stone,Trans-Neon Green,55
Jack Stone,Trans-Neon Orange,31
Jack Stone,Trans-Red,1
Jack Stone,White,237
Jack Stone,Yellow,125
Jack Stone,[No Color/Any Color],4
Jake and the Never Land Pirates,Black,2
Jake and the Never Land Pirates,Blue,7
Jake and the Never Land Pirates,Bright Green,26
Jake and the Never Land Pirates,Bright Light Blue,1
Jake and the Never Land Pirates,Bright Light Orange,1
Jake and the Never Land Pirates,Bright Pink,2
Jake and the Never Land Pirates,Dark Blue,1
Jake and the Never Land Pirates,Dark Bluish Gray,5
Jake and the Never Land Pirates,Dark Orange,26
Jake and the Never Land Pirates,Dark Pink,1
Jake and the Never Land Pirates,Dark Red,4
Jake and the Never Land Pirates,Green,5
Jake and the Never Land Pirates,Light Bluish Gray,13
Jake and the Never Land Pirates,Lime,21
Jake and the Never Land Pirates,Medium Azure,17
Jake and the Never Land Pirates,Medium Blue,4
Jake and the Never Land Pirates,Orange,1
Jake and the Never Land Pirates,Pearl Gold,8
Jake and the Never Land Pirates,Red,21
Jake and the Never Land Pirates,Reddish Brown,17
Jake and the Never Land Pirates,Tan,1
Jake and the Never Land Pirates,Trans-Clear,2
Jake and the Never Land Pirates,Trans-Light Blue,8
Jake and the Never Land Pirates,White,5
Jake and the Never Land Pirates,Yellow,17
Jumbo Bricks,Blue,45
Jumbo Bricks,Red,53
Jumbo Bricks,White,53
Jumbo Bricks,Yellow,5
Jungle,Black,1113
Jungle,Blue,266
Jungle,Bright Green,10
Jungle,Bright Light Blue,2
Jungle,Bright Light Orange,368
Jungle,Bright Light Yellow,4
Jungle,Brown,65
Jungle,Chrome Gold,10
Jungle,Chrome Silver,4
Jungle,Dark Azure,4
Jungle,Dark Blue,104
Jungle,Dark Bluish Gray,713
Jungle,Dark Brown,14
Jungle,Dark Gray,97
Jungle,Dark Green,38
Jungle,Dark Orange,6
Jungle,Dark Pink,2
Jungle,Dark Red,2
Jungle,Dark Tan,107
Jungle,Dark Turquoise,5
Jungle,Flat Silver,43
Jungle,Green,239
Jungle,Light Aqua,1
Jungle,Light Bluish Gray,642
Jungle,Light Gray,254
Jungle,Lime,26
Jungle,Magenta,2
Jungle,Medium Azure,19
Jungle,Medium Nougat,11
Jungle,Olive Green,110
Jungle,Orange,157
Jungle,Pearl Gold,48
Jungle,Pearl Titanium,13
Jungle,Red,314
Jungle,Reddish Brown,205
Jungle,Reddish Orange,2
Jungle,Sand Green,24
Jungle,Tan,231
Jungle,Trans-Brown,6
Jungle,Trans-Clear,103
Jungle,Trans-Dark Blue,5
Jungle,Trans-Green,22
Jungle,Trans-Light Blue,35
Jungle,Trans-Neon Green,4
Jungle,Trans-Neon Orange,18
Jungle,Trans-Orange,41
Jungle,Trans-Red,70
Jungle,Trans-Yellow,19
Jungle,White,266
Jungle,Yellow,117
Jungle,[No Color/Any Color],10
Juniors,Black,459
Juniors,Blue,142
Juniors,Bright Green,43
Juniors,Bright Light Orange,61
Juniors,Bright Light Yellow,30
Juniors,Bright Pink,115
Juniors,Dark Azure,81
Juniors,Dark Blue,16
Juniors,Dark Bluish Gray,249
Juniors,Dark Brown,3
Juniors,Dark Orange,7
Juniors,Dark Pink,54
Juniors,Dark Purple,15
Juniors,Dark Red,8
Juniors,Dark Tan,26
Juniors,Flat Silver,22
Juniors,Glitter Trans-Light Blue,4
Juniors,Green,163
Juniors,Lavender,9
Juniors,Light Aqua,6
Juniors,Light Bluish Gray,462
Juniors,Lime,165
Juniors,Magenta,43
Juniors,Medium Azure,31
Juniors,Medium Blue,10
Juniors,Medium Lavender,11
Juniors,Medium Nougat,48
Juniors,Olive Green,6
Juniors,Orange,117
Juniors,Pearl Gold,39
Juniors,Pearl Titanium,2
Juniors,Red,302
Juniors,Reddish Brown,131
Juniors,Tan,121
Juniors,Trans-Bright Green,3
Juniors,Trans-Brown,6
Juniors,Trans-Clear,38
Juniors,Trans-Dark Blue,36
Juniors,Trans-Dark Pink,13
Juniors,Trans-Green,7
Juniors,Trans-Light Blue,57
Juniors,Trans-Neon Green,1
Juniors,Trans-Neon Orange,1
Juniors,Trans-Orange,59
Juniors,Trans-Purple,2
Juniors,Trans-Red,50
Juniors,Trans-Yellow,43
Juniors,White,568
Juniors,Yellow,283
Jurassic Park III,Black,87
Jurassic Park III,Blue,11
Jurassic Park III,Brown,30
Jurassic Park III,Dark Gray,45
Jurassic Park III,Green,16
Jurassic Park III,Light Gray,55
Jurassic Park III,Red,10
Jurassic Park III,Tan,4
Jurassic Park III,Trans-Brown,1
Jurassic Park III,Trans-Clear,2
Jurassic Park III,Trans-Green,2
Jurassic Park III,Trans-Light Blue,6
Jurassic Park III,Trans-Red,2
Jurassic Park III,White,51
Jurassic Park III,Yellow,6
Jurassic World,Black,4564
Jurassic World,Blue,1009
Jurassic World,Bright Green,193
Jurassic World,Bright Light Blue,24
Jurassic World,Bright Light Orange,80
Jurassic World,Bright Light Yellow,16
Jurassic World,Bright Pink,22
Jurassic World,Coral,25
Jurassic World,Dark Azure,50
Jurassic World,Dark Blue,517
Jurassic World,Dark Bluish Gray,4254
Jurassic World,Dark Brown,499
Jurassic World,Dark Green,335
Jurassic World,Dark Orange,309
Jurassic World,Dark Pink,13
Jurassic World,Dark Purple,1
Jurassic World,Dark Red,436
Jurassic World,Dark Tan,2430
Jurassic World,Dark Turquoise,101
Jurassic World,Flat Silver,297
Jurassic World,Green,494
Jurassic World,Lavender,6
Jurassic World,Light Aqua,5
Jurassic World,Light Bluish Gray,5224
Jurassic World,Light Nougat,4
Jurassic World,Lime,507
Jurassic World,Magenta,21
Jurassic World,Medium Azure,147
Jurassic World,Medium Blue,9
Jurassic World,Medium Lavender,2
Jurassic World,Medium Nougat,594
Jurassic World,Metallic Silver,15
Jurassic World,Nougat,2
Jurassic World,Olive Green,419
Jurassic World,Orange,186
Jurassic World,Pearl Gold,72
Jurassic World,Pearl Titanium,16
Jurassic World,Red,1006
Jurassic World,Reddish Brown,1942
Jurassic World,Reddish Orange,9
Jurassic World,Sand Blue,44
Jurassic World,Sand Green,240
Jurassic World,Tan,4267
Jurassic World,Trans-Black,6
Jurassic World,Trans-Bright Green,22
Jurassic World,Trans-Brown,44
Jurassic World,Trans-Clear,368
Jurassic World,Trans-Dark Blue,17
Jurassic World,Trans-Dark Pink,3
Jurassic World,Trans-Green,45
Jurassic World,Trans-Light Blue,165
Jurassic World,Trans-Neon Green,1
Jurassic World,Trans-Neon Orange,10
Jurassic World,Trans-Orange,298
Jurassic World,Trans-Purple,3
Jurassic World,Trans-Red,169
Jurassic World,Trans-Yellow,159
Jurassic World,White,1784
Jurassic World,Yellow,739
Jurassic World,Yellowish Green,10
Jurassic World,[No Color/Any Color],45
Jurassic World: Fallen Kingdom,Black,42
Jurassic World: Fallen Kingdom,Blue,35
Jurassic World: Fallen Kingdom,Dark Blue,8
Jurassic World: Fallen Kingdom,Dark Bluish Gray,34
Jurassic World: Fallen Kingdom,Dark Green,1
Jurassic World: Fallen Kingdom,Dark Orange,4
Jurassic World: Fallen Kingdom,Dark Red,2
Jurassic World: Fallen Kingdom,Green,15
Jurassic World: Fallen Kingdom,Light Bluish Gray,34
Jurassic World: Fallen Kingdom,Lime,11
Jurassic World: Fallen Kingdom,Medium Nougat,7
Jurassic World: Fallen Kingdom,Red,1
Jurassic World: Fallen Kingdom,Reddish Brown,19
Jurassic World: Fallen Kingdom,Tan,4
Jurassic World: Fallen Kingdom,Trans-Brown,1
Jurassic World: Fallen Kingdom,Trans-Clear,1
Jurassic World: Fallen Kingdom,Trans-Light Blue,9
Jurassic World: Fallen Kingdom,Trans-Orange,22
Jurassic World: Fallen Kingdom,Trans-Red,6
Jurassic World: Fallen Kingdom,Trans-Yellow,4
Jurassic World: Fallen Kingdom,White,18
Jurassic World: Fallen Kingdom,Yellow,14
Justice League,Black,1566
Justice League,Blue,200
Justice League,Dark Blue,25
Justice League,Dark Bluish Gray,975
Justice League,Dark Brown,1
Justice League,Dark Green,33
Justice League,Dark Orange,6
Justice League,Dark Purple,42
Justice League,Dark Red,5
Justice League,Dark Tan,63
Justice League,Dark Turquoise,2
Justice League,Flat Silver,125
Justice League,Glow in Dark White,20
Justice League,Green,100
Justice League,Light Bluish Gray,778
Justice League,Light Nougat,1
Justice League,Lime,14
Justice League,Medium Azure,2
Justice League,Medium Nougat,1
Justice League,Metallic Silver,8
Justice League,Orange,16
Justice League,Pearl Gold,26
Justice League,Pearl Titanium,12
Justice League,Red,106
Justice League,Reddish Brown,17
Justice League,Sand Blue,40
Justice League,Sand Green,142
Justice League,Tan,47
Justice League,Trans-Bright Green,85
Justice League,Trans-Brown,16
Justice League,Trans-Clear,103
Justice League,Trans-Dark Blue,25
Justice League,Trans-Dark Pink,2
Justice League,Trans-Green,17
Justice League,Trans-Light Blue,76
Justice League,Trans-Neon Green,28
Justice League,Trans-Neon Orange,7
Justice League,Trans-Orange,93
Justice League,Trans-Red,105
Justice League,Trans-Yellow,15
Justice League,White,243
Justice League,Yellow,172
Justice League,[No Color/Any Color],23
Key Chain,Black,158
Key Chain,Blue,6
Key Chain,Bright Light Blue,1
Key Chain,Bright Pink,5
Key Chain,Chrome Black,1
Key Chain,Chrome Gold,2
Key Chain,Chrome Pink,1
Key Chain,Chrome Silver,3
Key Chain,Dark Azure,1
Key Chain,Dark Blue,8
Key Chain,Dark Bluish Gray,39
Key Chain,Dark Green,2
Key Chain,Dark Pink,6
Key Chain,Dark Purple,3
Key Chain,Green,23
Key Chain,Light Bluish Gray,29
Key Chain,Lime,14
Key Chain,Magenta,2
Key Chain,Medium Azure,7
Key Chain,Medium Blue,1
Key Chain,Medium Lavender,2
Key Chain,Metallic Silver,9
Key Chain,Orange,4
Key Chain,Pearl White,1
Key Chain,Red,22
Key Chain,Reddish Brown,11
Key Chain,Sand Green,2
Key Chain,Tan,8
Key Chain,Trans-Clear,6
Key Chain,Trans-Dark Blue,9
Key Chain,Trans-Dark Pink,2
Key Chain,White,91
Key Chain,Yellow,23
Key Chain,[No Color/Any Color],10
Kingdoms,Black,821
Kingdoms,Blue,18
Kingdoms,Bright Green,10
Kingdoms,Bright Light Orange,12
Kingdoms,Chrome Gold,12
Kingdoms,Chrome Silver,1
Kingdoms,Dark Blue,4
Kingdoms,Dark Bluish Gray,1337
Kingdoms,Dark Brown,258
Kingdoms,Dark Green,208
Kingdoms,Dark Orange,27
Kingdoms,Dark Pink,12
Kingdoms,Dark Red,40
Kingdoms,Dark Tan,180
Kingdoms,Flat Silver,63
Kingdoms,Green,86
Kingdoms,Light Bluish Gray,2165
Kingdoms,Lime,10
Kingdoms,Medium Nougat,6
Kingdoms,Metallic Gold,9
Kingdoms,Metallic Silver,20
Kingdoms,Nougat,2
Kingdoms,Pearl Dark Gray,12
Kingdoms,Pearl Gold,245
Kingdoms,Pearl Light Gray,25
Kingdoms,Pearl Titanium,43
Kingdoms,Red,501
Kingdoms,Reddish Brown,1808
Kingdoms,Sand Blue,28
Kingdoms,Speckle Black-Silver,4
Kingdoms,Tan,162
Kingdoms,Trans-Brown,5
Kingdoms,Trans-Dark Blue,6
Kingdoms,Trans-Green,8
Kingdoms,Trans-Neon Orange,60
Kingdoms,Trans-Orange,38
Kingdoms,Trans-Red,34
Kingdoms,Trans-Yellow,23
Kingdoms,White,252
Kingdoms,Yellow,79
Kingdoms,[No Color/Any Color],4
Knights Kingdom I,Black,364
Knights Kingdom I,Blue,114
Knights Kingdom I,Brown,138
Knights Kingdom I,Chrome Gold,8
Knights Kingdom I,Chrome Silver,13
Knights Kingdom I,Dark Gray,250
Knights Kingdom I,Green,21
Knights Kingdom I,Light Gray,570
Knights Kingdom I,Red,139
Knights Kingdom I,Tan,110
Knights Kingdom I,Trans-Clear,5
Knights Kingdom I,Trans-Dark Blue,3
Knights Kingdom I,Trans-Green,15
Knights Kingdom I,Trans-Neon Green,1
Knights Kingdom I,Trans-Neon Orange,30
Knights Kingdom I,Trans-Red,3
Knights Kingdom I,Trans-Yellow,4
Knights Kingdom I,White,42
Knights Kingdom I,Yellow,2
Knights Kingdom II,Black,2565
Knights Kingdom II,Blue,130
Knights Kingdom II,Bright Light Orange,8
Knights Kingdom II,Chrome Blue,1
Knights Kingdom II,Chrome Gold,34
Knights Kingdom II,Chrome Silver,8
Knights Kingdom II,Copper,1
Knights Kingdom II,Dark Blue,10
Knights Kingdom II,Dark Bluish Gray,1481
Knights Kingdom II,Dark Gray,3
Knights Kingdom II,Dark Green,38
Knights Kingdom II,Dark Orange,20
Knights Kingdom II,Dark Purple,82
Knights Kingdom II,Dark Red,425
Knights Kingdom II,Dark Tan,92
Knights Kingdom II,Earth Orange,2
Knights Kingdom II,Flat Dark Gold,21
Knights Kingdom II,Green,227
Knights Kingdom II,Light Bluish Gray,2132
Knights Kingdom II,Light Brown,2
Knights Kingdom II,Light Gray,2
Knights Kingdom II,Medium Blue,204
Knights Kingdom II,Pearl Dark Gray,2
Knights Kingdom II,Pearl Gold,62
Knights Kingdom II,Pearl Light Gray,268
Knights Kingdom II,Pearl Sand Blue,21
Knights Kingdom II,Red,272
Knights Kingdom II,Reddish Brown,507
Knights Kingdom II,Reddish Gold,42
Knights Kingdom II,Royal Blue,277
Knights Kingdom II,Sand Blue,46
Knights Kingdom II,Speckle Black-Copper,6
Knights Kingdom II,Speckle Black-Silver,26
Knights Kingdom II,Speckle DBGray-Silver,8
Knights Kingdom II,Tan,200
Knights Kingdom II,Trans-Clear,62
Knights Kingdom II,Trans-Dark Blue,3
Knights Kingdom II,Trans-Green,2
Knights Kingdom II,Trans-Light Blue,7
Knights Kingdom II,Trans-Medium Blue,2
Knights Kingdom II,Trans-Neon Green,6
Knights Kingdom II,Trans-Neon Orange,163
Knights Kingdom II,Trans-Red,30
Knights Kingdom II,Trans-Yellow,4
Knights Kingdom II,Very Light Bluish Gray,78
Knights Kingdom II,White,313
Knights Kingdom II,Yellow,71
Knights Kingdom II,[No Color/Any Color],121
LEGO Art,Black,10413
LEGO Art,Blue,1873
LEGO Art,Blue Violet,17
LEGO Art,Bright Green,1689
LEGO Art,Bright Light Blue,485
LEGO Art,Bright Light Orange,1386
LEGO Art,Bright Light Yellow,1021
LEGO Art,Bright Pink,1419
LEGO Art,Coral,775
LEGO Art,Dark Azure,343
LEGO Art,Dark Blue,4022
LEGO Art,Dark Bluish Gray,1341
LEGO Art,Dark Brown,1450
LEGO Art,Dark Green,384
LEGO Art,Dark Orange,606
LEGO Art,Dark Pink,1219
LEGO Art,Dark Purple,181
LEGO Art,Dark Red,1611
LEGO Art,Dark Tan,472
LEGO Art,Dark Turquoise,2779
LEGO Art,Flat Silver,645
LEGO Art,Glitter Trans-Purple,18
LEGO Art,Glow in Dark White,2
LEGO Art,Green,1115
LEGO Art,Lavender,80
LEGO Art,Light Aqua,889
LEGO Art,Light Bluish Gray,1317
LEGO Art,Light Nougat,1167
LEGO Art,Lime,1834
LEGO Art,Magenta,145
LEGO Art,Medium Azure,2599
LEGO Art,Medium Blue,239
LEGO Art,Medium Lavender,351
LEGO Art,Medium Nougat,745
LEGO Art,Metallic Gold,316
LEGO Art,Metallic Silver,2
LEGO Art,Nougat,435
LEGO Art,Olive Green,251
LEGO Art,Opal Trans-Clear,55
LEGO Art,Opal Trans-Dark Blue,58
LEGO Art,Orange,1248
LEGO Art,Pearl Gold,1466
LEGO Art,Pearl Titanium,871
LEGO Art,Red,3302
LEGO Art,Reddish Brown,2023
LEGO Art,Reddish Orange,13
LEGO Art,Sand Blue,470
LEGO Art,Sand Green,74
LEGO Art,Tan,3336
LEGO Art,Trans-Bright Green,6
LEGO Art,Trans-Clear,92
LEGO Art,Trans-Dark Blue,1
LEGO Art,Trans-Dark Pink,42
LEGO Art,Trans-Light Blue,11
LEGO Art,Trans-Purple,588
LEGO Art,Trans-Red,4
LEGO Art,Warm Pink,28
LEGO Art,Warm Tan,40
LEGO Art,White,9405
LEGO Art,Yellow,1675
LEGO Art,Yellowish Green,155
LEGO Brand Store,Black,3173
LEGO Brand Store,Blue,449
LEGO Brand Store,Bright Green,69
LEGO Brand Store,Bright Light Blue,38
LEGO Brand Store,Bright Light Orange,94
LEGO Brand Store,Bright Light Yellow,22
LEGO Brand Store,Bright Pink,50
LEGO Brand Store,Coral,6
LEGO Brand Store,Dark Azure,49
LEGO Brand Store,Dark Blue,61
LEGO Brand Store,Dark Bluish Gray,725
LEGO Brand Store,Dark Brown,22
LEGO Brand Store,Dark Green,110
LEGO Brand Store,Dark Orange,62
LEGO Brand Store,Dark Pink,66
LEGO Brand Store,Dark Purple,66
LEGO Brand Store,Dark Red,54
LEGO Brand Store,Dark Tan,42
LEGO Brand Store,Dark Turquoise,9
LEGO Brand Store,Flat Silver,46
LEGO Brand Store,Green,580
LEGO Brand Store,Lavender,1
LEGO Brand Store,Light Aqua,12
LEGO Brand Store,Light Bluish Gray,1197
LEGO Brand Store,Lime,141
LEGO Brand Store,Magenta,28
LEGO Brand Store,Medium Azure,52
LEGO Brand Store,Medium Blue,35
LEGO Brand Store,Medium Lavender,11
LEGO Brand Store,Medium Nougat,32
LEGO Brand Store,Metallic Gold,2
LEGO Brand Store,Metallic Silver,7
LEGO Brand Store,Orange,162
LEGO Brand Store,Pearl Gold,84
LEGO Brand Store,Red,1538
LEGO Brand Store,Reddish Brown,513
LEGO Brand Store,Reddish Orange,12
LEGO Brand Store,Sand Blue,7
LEGO Brand Store,Sand Green,3
LEGO Brand Store,Sky Blue,1
LEGO Brand Store,Tan,1279
LEGO Brand Store,Trans-Bright Green,1
LEGO Brand Store,Trans-Brown,3
LEGO Brand Store,Trans-Clear,519
LEGO Brand Store,Trans-Dark Blue,47
LEGO Brand Store,Trans-Dark Pink,12
LEGO Brand Store,Trans-Green,8
LEGO Brand Store,Trans-Light Blue,45
LEGO Brand Store,Trans-Neon Orange,3
LEGO Brand Store,Trans-Orange,10
LEGO Brand Store,Trans-Red,28
LEGO Brand Store,Trans-Yellow,35
LEGO Brand Store,Vibrant Yellow,4
LEGO Brand Store,White,2172
LEGO Brand Store,Yellow,2506
LEGO Brand Store,Yellowish Green,3
LEGO Brand Store,[No Color/Any Color],8
LEGO Exclusive,Black,6088
LEGO Exclusive,Blue,1207
LEGO Exclusive,Bright Green,576
LEGO Exclusive,Bright Light Blue,148
LEGO Exclusive,Bright Light Orange,145
LEGO Exclusive,Bright Light Yellow,13
LEGO Exclusive,Bright Pink,19
LEGO Exclusive,Chrome Gold,8
LEGO Exclusive,Coral,1
LEGO Exclusive,Dark Azure,54
LEGO Exclusive,Dark Blue,491
LEGO Exclusive,Dark Bluish Gray,2946
LEGO Exclusive,Dark Brown,127
LEGO Exclusive,Dark Green,459
LEGO Exclusive,Dark Orange,213
LEGO Exclusive,Dark Pink,15
LEGO Exclusive,Dark Purple,31
LEGO Exclusive,Dark Red,257
LEGO Exclusive,Dark Tan,483
LEGO Exclusive,Dark Turquoise,93
LEGO Exclusive,Flat Silver,64
LEGO Exclusive,Glow in Dark White,19
LEGO Exclusive,Green,2387
LEGO Exclusive,Lavender,88
LEGO Exclusive,Light Aqua,19
LEGO Exclusive,Light Bluish Gray,5559
LEGO Exclusive,Light Nougat,7
LEGO Exclusive,Lime,901
LEGO Exclusive,Magenta,23
LEGO Exclusive,Medium Azure,140
LEGO Exclusive,Medium Blue,282
LEGO Exclusive,Medium Lavender,1
LEGO Exclusive,Medium Nougat,370
LEGO Exclusive,Metal,1
LEGO Exclusive,Metallic Gold,7
LEGO Exclusive,Metallic Silver,76
LEGO Exclusive,Olive Green,28
LEGO Exclusive,Opal Trans-Dark Pink,1
LEGO Exclusive,Orange,222
LEGO Exclusive,Pearl Gold,459
LEGO Exclusive,Pearl Titanium,3
LEGO Exclusive,Red,4638
LEGO Exclusive,Reddish Brown,2814
LEGO Exclusive,Reddish Orange,1
LEGO Exclusive,Sand Blue,37
LEGO Exclusive,Sand Green,294
LEGO Exclusive,Tan,1727
LEGO Exclusive,Trans-Bright Green,2
LEGO Exclusive,Trans-Brown,211
LEGO Exclusive,Trans-Clear,871
LEGO Exclusive,Trans-Dark Blue,51
LEGO Exclusive,Trans-Dark Pink,14
LEGO Exclusive,Trans-Green,2
LEGO Exclusive,Trans-Light Blue,534
LEGO Exclusive,Trans-Neon Green,9
LEGO Exclusive,Trans-Neon Orange,8
LEGO Exclusive,Trans-Orange,38
LEGO Exclusive,Trans-Red,56
LEGO Exclusive,Trans-Yellow,53
LEGO Exclusive,White,4347
LEGO Exclusive,Yellow,2085
LEGO Exclusive,[No Color/Any Color],16
LEGO Ideas and CUUSOO,Black,24943
LEGO Ideas and CUUSOO,Blue,3048
LEGO Ideas and CUUSOO,Bright Green,1064
LEGO Ideas and CUUSOO,Bright Light Blue,478
LEGO Ideas and CUUSOO,Bright Light Orange,1454
LEGO Ideas and CUUSOO,Bright Light Yellow,513
LEGO Ideas and CUUSOO,Bright Pink,199
LEGO Ideas and CUUSOO,Chrome Gold,17
LEGO Ideas and CUUSOO,Coral,114
LEGO Ideas and CUUSOO,Dark Azure,851
LEGO Ideas and CUUSOO,Dark Blue,3620
LEGO Ideas and CUUSOO,Dark Bluish Gray,8543
LEGO Ideas and CUUSOO,Dark Brown,1778
LEGO Ideas and CUUSOO,Dark Green,1851
LEGO Ideas and CUUSOO,Dark Orange,2201
LEGO Ideas and CUUSOO,Dark Pink,278
LEGO Ideas and CUUSOO,Dark Purple,111
LEGO Ideas and CUUSOO,Dark Red,979
LEGO Ideas and CUUSOO,Dark Tan,4406
LEGO Ideas and CUUSOO,Dark Turquoise,709
LEGO Ideas and CUUSOO,Flat Silver,607
LEGO Ideas and CUUSOO,Glitter Trans-Purple,1
LEGO Ideas and CUUSOO,Glow in Dark White,12
LEGO Ideas and CUUSOO,Green,2384
LEGO Ideas and CUUSOO,Lavender,84
LEGO Ideas and CUUSOO,Light Aqua,313
LEGO Ideas and CUUSOO,Light Bluish Gray,14858
LEGO Ideas and CUUSOO,Light Nougat,482
LEGO Ideas and CUUSOO,Lime,724
LEGO Ideas and CUUSOO,Magenta,143
LEGO Ideas and CUUSOO,Medium Azure,718
LEGO Ideas and CUUSOO,Medium Blue,401
LEGO Ideas and CUUSOO,Medium Brown,9
LEGO Ideas and CUUSOO,Medium Lavender,193
LEGO Ideas and CUUSOO,Medium Nougat,4075
LEGO Ideas and CUUSOO,Metallic Gold,127
LEGO Ideas and CUUSOO,Metallic Silver,229
LEGO Ideas and CUUSOO,Nougat,61
LEGO Ideas and CUUSOO,Olive Green,807
LEGO Ideas and CUUSOO,Opal Trans-Bright Green,1
LEGO Ideas and CUUSOO,Opal Trans-Clear,29
LEGO Ideas and CUUSOO,Opal Trans-Dark Blue,2
LEGO Ideas and CUUSOO,Opal Trans-Dark Pink,5
LEGO Ideas and CUUSOO,Opal Trans-Light Blue,16
LEGO Ideas and CUUSOO,Opal Trans-Purple,1
LEGO Ideas and CUUSOO,Opal Trans-Yellow,2
LEGO Ideas and CUUSOO,Orange,832
LEGO Ideas and CUUSOO,Pearl Gold,2073
LEGO Ideas and CUUSOO,Pearl Titanium,198
LEGO Ideas and CUUSOO,Red,6248
LEGO Ideas and CUUSOO,Reddish Brown,15452
LEGO Ideas and CUUSOO,Reddish Orange,403
LEGO Ideas and CUUSOO,Sand Blue,293
LEGO Ideas and CUUSOO,Sand Green,1820
LEGO Ideas and CUUSOO,Tan,7833
LEGO Ideas and CUUSOO,Trans-Black,7
LEGO Ideas and CUUSOO,Trans-Bright Green,72
LEGO Ideas and CUUSOO,Trans-Brown,53
LEGO Ideas and CUUSOO,Trans-Clear,2447
LEGO Ideas and CUUSOO,Trans-Dark Blue,87
LEGO Ideas and CUUSOO,Trans-Dark Pink,50
LEGO Ideas and CUUSOO,Trans-Green,65
LEGO Ideas and CUUSOO,Trans-Light Blue,1175
LEGO Ideas and CUUSOO,Trans-Neon Green,1
LEGO Ideas and CUUSOO,Trans-Neon Orange,17
LEGO Ideas and CUUSOO,Trans-Orange,395
LEGO Ideas and CUUSOO,Trans-Purple,49
LEGO Ideas and CUUSOO,Trans-Red,186
LEGO Ideas and CUUSOO,Trans-Yellow,282
LEGO Ideas and CUUSOO,Warm Pink,10
LEGO Ideas and CUUSOO,Warm Tan,9
LEGO Ideas and CUUSOO,White,17010
LEGO Ideas and CUUSOO,Yellow,2243
LEGO Ideas and CUUSOO,Yellowish Green,139
LEGO Ideas and CUUSOO,[No Color/Any Color],59
LEGO Originals,Bright Pink,2
LEGO Originals,Light Bluish Gray,1
LEGO Originals,Lime,4
LEGO Originals,Medium Azure,4
LEGO Originals,Red,7
LEGO Originals,Tan,5
LEGO Originals,White,2
LEGO Originals,Yellow,4
LEGO Originals,[No Color/Any Color],2
Launch Command,Black,213
Launch Command,Blue,64
Launch Command,Dark Gray,12
Launch Command,Green,4
Launch Command,Light Gray,285
Launch Command,Red,128
Launch Command,Trans-Dark Blue,11
Launch Command,Trans-Green,5
Launch Command,Trans-Light Blue,14
Launch Command,Trans-Red,34
Launch Command,Trans-Yellow,21
Launch Command,White,344
Launch Command,Yellow,73
Launch Command,[No Color/Any Color],6
Learning,Black,253
Learning,Blue,341
Learning,Brown,23
Learning,Green,82
Learning,Light Bluish Gray,153
Learning,Orange,24
Learning,Red,372
Learning,Trans-Clear,6
Learning,Trans-Green,4
Learning,White,1382
Learning,Yellow,333
Learning,[No Color/Any Color],14
Learning at Home,Black,284
Learning at Home,Blue,26
Learning at Home,Bright Green,9
Learning at Home,Bright Light Orange,8
Learning at Home,Coral,147
Learning at Home,Dark Azure,16
Learning at Home,Dark Blue,400
Learning at Home,Dark Bluish Gray,157
Learning at Home,Dark Brown,2
Learning at Home,Dark Orange,11
Learning at Home,Dark Tan,67
Learning at Home,Dark Turquoise,238
Learning at Home,Flat Silver,9
Learning at Home,Green,49
Learning at Home,Light Bluish Gray,176
Learning at Home,Medium Nougat,51
Learning at Home,Orange,5
Learning at Home,Red,26
Learning at Home,Reddish Brown,60
Learning at Home,Tan,87
Learning at Home,Trans-Clear,32
Learning at Home,Trans-Green,6
Learning at Home,Trans-Light Blue,160
Learning at Home,Trans-Orange,7
Learning at Home,Trans-Red,1
Learning at Home,Trans-Yellow,6
Learning at Home,White,935
Learning at Home,Yellow,14
Legends of Chima,Black,5270
Legends of Chima,Blue,1113
Legends of Chima,Bright Green,21
Legends of Chima,Bright Light Blue,4
Legends of Chima,Bright Light Orange,832
Legends of Chima,Dark Azure,115
Legends of Chima,Dark Blue,208
Legends of Chima,Dark Bluish Gray,4255
Legends of Chima,Dark Brown,821
Legends of Chima,Dark Green,190
Legends of Chima,Dark Orange,187
Legends of Chima,Dark Purple,56
Legends of Chima,Dark Red,465
Legends of Chima,Dark Tan,474
Legends of Chima,Flat Silver,661
Legends of Chima,Green,101
Legends of Chima,Light Aqua,54
Legends of Chima,Light Bluish Gray,4064
Legends of Chima,Lime,141
Legends of Chima,Medium Azure,1
Legends of Chima,Medium Blue,77
Legends of Chima,Medium Nougat,76
Legends of Chima,Metallic Silver,2
Legends of Chima,Olive Green,565
Legends of Chima,Orange,443
Legends of Chima,Pearl Gold,439
Legends of Chima,Pearl Titanium,88
Legends of Chima,Red,1680
Legends of Chima,Reddish Brown,1466
Legends of Chima,Sand Blue,12
Legends of Chima,Tan,865
Legends of Chima,Trans-Bright Green,87
Legends of Chima,Trans-Brown,4
Legends of Chima,Trans-Clear,62
Legends of Chima,Trans-Dark Blue,121
Legends of Chima,Trans-Green,5
Legends of Chima,Trans-Light Blue,1738
Legends of Chima,Trans-Medium Blue,5
Legends of Chima,Trans-Neon Orange,54
Legends of Chima,Trans-Orange,496
Legends of Chima,Trans-Red,328
Legends of Chima,Trans-Yellow,8
Legends of Chima,White,2151
Legends of Chima,Yellow,435
Legends of Chima,[No Color/Any Color],77
Legoland Parks,Black,1488
Legoland Parks,Blue,586
Legoland Parks,Bright Green,72
Legoland Parks,Bright Light Blue,39
Legoland Parks,Bright Light Orange,37
Legoland Parks,Bright Pink,22
Legoland Parks,Brown,105
Legoland Parks,Chrome Silver,9
Legoland Parks,Coral,7
Legoland Parks,Dark Azure,39
Legoland Parks,Dark Blue,11
Legoland Parks,Dark Bluish Gray,626
Legoland Parks,Dark Brown,13
Legoland Parks,Dark Gray,17
Legoland Parks,Dark Green,35
Legoland Parks,Dark Orange,14
Legoland Parks,Dark Pink,15
Legoland Parks,Dark Purple,1
Legoland Parks,Dark Tan,62
Legoland Parks,Dark Turquoise,32
Legoland Parks,Flat Silver,30
Legoland Parks,Green,720
Legoland Parks,Lavender,1
Legoland Parks,Light Aqua,4
Legoland Parks,Light Bluish Gray,1011
Legoland Parks,Light Gray,118
Legoland Parks,Lime,96
Legoland Parks,Magenta,5
Legoland Parks,Medium Azure,58
Legoland Parks,Medium Blue,36
Legoland Parks,Medium Lavender,8
Legoland Parks,Medium Nougat,12
Legoland Parks,Olive Green,1
Legoland Parks,Opal Trans-Clear,1
Legoland Parks,Orange,127
Legoland Parks,Pearl Gold,28
Legoland Parks,Pearl Light Gray,3
Legoland Parks,Pearl Titanium,4
Legoland Parks,Red,1443
Legoland Parks,Reddish Brown,497
Legoland Parks,Reddish Orange,2
Legoland Parks,Sand Green,10
Legoland Parks,Tan,634
Legoland Parks,Trans-Bright Green,5
Legoland Parks,Trans-Brown,5
Legoland Parks,Trans-Clear,102
Legoland Parks,Trans-Dark Blue,3
Legoland Parks,Trans-Dark Pink,5
Legoland Parks,Trans-Green,14
Legoland Parks,Trans-Light Blue,75
Legoland Parks,Trans-Neon Green,6
Legoland Parks,Trans-Neon Orange,2
Legoland Parks,Trans-Orange,18
Legoland Parks,Trans-Red,67
Legoland Parks,Trans-Yellow,21
Legoland Parks,Vibrant Yellow,3
Legoland Parks,White,1208
Legoland Parks,Yellow,1088
Legoland Parks,Yellowish Green,2
Legoland Parks,[No Color/Any Color],24
Legoville,Black,130
Legoville,Blue,124
Legoville,Bright Green,81
Legoville,Bright Light Blue,9
Legoville,Bright Light Orange,106
Legoville,Bright Pink,5
Legoville,Brown,1
Legoville,Chrome Silver,1
Legoville,Curry,6
Legoville,Dark Blue,26
Legoville,Dark Bluish Gray,90
Legoville,Dark Green,4
Legoville,Dark Orange,88
Legoville,Dark Pink,11
Legoville,Dark Purple,2
Legoville,Dark Red,32
Legoville,Dark Tan,50
Legoville,Earth Orange,5
Legoville,Green,90
Legoville,Light Bluish Gray,95
Legoville,Light Brown,19
Legoville,Light Lilac,2
Legoville,Light Purple,1
Legoville,Lime,34
Legoville,Magenta,5
Legoville,Medium Blue,37
Legoville,Medium Green,1
Legoville,Medium Orange,2
Legoville,Medium Violet,2
Legoville,Nougat,9
Legoville,Orange,75
Legoville,Pearl Light Gray,102
Legoville,Red,323
Legoville,Reddish Brown,43
Legoville,Royal Blue,1
Legoville,Sand Green,5
Legoville,Tan,71
Legoville,Trans-Brown,2
Legoville,Trans-Dark Blue,2
Legoville,Trans-Light Blue,25
Legoville,Trans-Orange,6
Legoville,Trans-Yellow,1
Legoville,Very Light Bluish Gray,2
Legoville,White,201
Legoville,Yellow,168
Life On Mars,Black,567
Life On Mars,Blue,173
Life On Mars,Brown,68
Life On Mars,Dark Gray,658
Life On Mars,Dark Turquoise,16
Life On Mars,Glow In Dark Opaque,2
Life On Mars,Green,37
Life On Mars,Light Gray,708
Life On Mars,Medium Blue,25
Life On Mars,Medium Green,2
Life On Mars,Orange,31
Life On Mars,Pearl Light Gray,8
Life On Mars,Red,98
Life On Mars,Sand Blue,72
Life On Mars,Sand Green,28
Life On Mars,Sand Purple,92
Life On Mars,Sand Red,63
Life On Mars,Tan,148
Life On Mars,Trans-Brown,21
Life On Mars,Trans-Clear,6
Life On Mars,Trans-Dark Blue,11
Life On Mars,Trans-Green,1
Life On Mars,Trans-Neon Green,109
Life On Mars,Trans-Neon Orange,69
Life On Mars,Trans-Red,99
Life On Mars,White,157
Life On Mars,Yellow,17
Lightyear,Black,180
Lightyear,Blue,4
Lightyear,Bright Light Orange,4
Lightyear,Bright Light Yellow,7
Lightyear,Dark Azure,46
Lightyear,Dark Bluish Gray,124
Lightyear,Dark Brown,2
Lightyear,Dark Green,1
Lightyear,Dark Purple,73
Lightyear,Dark Tan,3
Lightyear,Dark Turquoise,3
Lightyear,Flat Silver,1
Lightyear,Green,1
Lightyear,Light Bluish Gray,108
Lightyear,Light Nougat,2
Lightyear,Medium Azure,1
Lightyear,Medium Nougat,1
Lightyear,Orange,2
Lightyear,Pearl Titanium,1
Lightyear,Red,45
Lightyear,Reddish Brown,8
Lightyear,Sand Green,5
Lightyear,Tan,7
Lightyear,Trans-Clear,3
Lightyear,Trans-Green,4
Lightyear,Trans-Light Blue,2
Lightyear,Trans-Orange,1
Lightyear,Trans-Red,11
Lightyear,Trans-Yellow,18
Lightyear,White,153
Lightyear,Yellow,26
Lightyear,[No Color/Any Color],2
Lion Knights,Black,891
Lion Knights,Blue,189
Lion Knights,Brown,163
Lion Knights,Dark Bluish Gray,7
Lion Knights,Dark Brown,3
Lion Knights,Dark Gray,64
Lion Knights,Green,46
Lion Knights,Light Bluish Gray,6
Lion Knights,Light Gray,1155
Lion Knights,Red,201
Lion Knights,Reddish Brown,5
Lion Knights,Trans-Red,7
Lion Knights,Trans-Yellow,10
Lion Knights,White,98
Lion Knights,Yellow,147
Little Forest Friends,Black,3
Little Forest Friends,Blue,5
Little Forest Friends,Bright Green,22
Little Forest Friends,Brown,6
Little Forest Friends,Dark Orange,8
Little Forest Friends,Glitter Milky White,1
Little Forest Friends,Glitter Trans-Clear,4
Little Forest Friends,Green,37
Little Forest Friends,Light Green,1
Little Forest Friends,Medium Bluish Violet,12
Little Forest Friends,Nougat,25
Little Forest Friends,Red,35
Little Forest Friends,White,3
Little Forest Friends,Yellow,37
Little Forest Friends,[No Color/Any Color],9
Little Robots,Blue,1
Little Robots,Bright Green,9
Little Robots,Bright Light Blue,3
Little Robots,Bright Light Orange,2
Little Robots,Dark Blue-Violet,1
Little Robots,Dark Bluish Gray,2
Little Robots,Dark Gray,10
Little Robots,Dark Red,6
Little Robots,Dark Tan,7
Little Robots,Duplo Blue,6
Little Robots,Duplo Dark Purple,1
Little Robots,Duplo Light Green,1
Little Robots,Duplo Medium Blue,1
Little Robots,Duplo Medium Green,1
Little Robots,Duplo Turquoise,2
Little Robots,Flat Dark Gold,11
Little Robots,Green,6
Little Robots,Light Blue,3
Little Robots,Light Bluish Gray,1
Little Robots,Light Gray,5
Little Robots,Light Green,1
Little Robots,Light Lilac,1
Little Robots,Light Purple,1
Little Robots,Light Turquoise,4
Little Robots,Light Yellow,3
Little Robots,Lime,2
Little Robots,Medium Blue,9
Little Robots,Medium Bluish Violet,10
Little Robots,Medium Orange,3
Little Robots,Medium Violet,1
Little Robots,Metallic Silver,1
Little Robots,Orange,3
Little Robots,Pearl Light Gray,5
Little Robots,Pearl Sand Blue,3
Little Robots,Pearl Very Light Gray,4
Little Robots,Red,18
Little Robots,Reddish Gold,1
Little Robots,Royal Blue,1
Little Robots,Sand Blue,6
Little Robots,Tan,6
Little Robots,Trans-Clear,1
Little Robots,Very Light Bluish Gray,1
Little Robots,Very Light Gray,15
Little Robots,Yellow,17
Little Robots,[No Color/Any Color],3
Looney Tunes,Black,12
Looney Tunes,Blue,1
Looney Tunes,Bright Green,2
Looney Tunes,Dark Bluish Gray,7
Looney Tunes,Dark Brown,1
Looney Tunes,Dark Orange,1
Looney Tunes,Light Bluish Gray,4
Looney Tunes,Lime,1
Looney Tunes,Medium Nougat,1
Looney Tunes,Orange,2
Looney Tunes,Red,4
Looney Tunes,Reddish Brown,5
Looney Tunes,Sand Green,1
Looney Tunes,White,6
Looney Tunes,Yellow,6
M:Tron,Black,702
M:Tron,Light Gray,114
M:Tron,Red,567
M:Tron,Trans-Neon Green,138
M:Tron,White,32
Magnets,Black,76
Magnets,Blue,57
Magnets,Bright Green,2
Magnets,Bright Light Orange,7
Magnets,Bright Light Yellow,1
Magnets,Bright Pink,5
Magnets,Chrome Gold,3
Magnets,Chrome Silver,6
Magnets,Dark Azure,1
Magnets,Dark Blue,2
Magnets,Dark Bluish Gray,115
Magnets,Dark Brown,1
Magnets,Dark Gray,1
Magnets,Dark Green,4
Magnets,Dark Pink,4
Magnets,Dark Red,5
Magnets,Flat Silver,10
Magnets,Green,26
Magnets,Light Bluish Gray,41
Magnets,Light Brown,1
Magnets,Light Gray,4
Magnets,Lime,11
Magnets,Magenta,1
Magnets,Medium Azure,2
Magnets,Medium Blue,6
Magnets,Medium Nougat,7
Magnets,Medium Violet,1
Magnets,Metallic Gold,1
Magnets,Metallic Silver,17
Magnets,Orange,5
Magnets,Pearl Gold,8
Magnets,Pearl Light Gray,3
Magnets,Pearl Sand Blue,1
Magnets,Pearl Titanium,6
Magnets,Red,74
Magnets,Reddish Brown,19
Magnets,Reddish Gold,1
Magnets,Sand Green,7
Magnets,Tan,36
Magnets,Trans-Bright Green,1
Magnets,Trans-Clear,9
Magnets,Trans-Dark Pink,2
Magnets,Trans-Light Blue,22
Magnets,Trans-Neon Green,4
Magnets,Trans-Orange,4
Magnets,Trans-Purple,1
Magnets,Trans-Red,9
Magnets,Very Light Bluish Gray,3
Magnets,White,55
Magnets,Yellow,34
Magnets,[No Color/Any Color],8
Make & Create,Aqua,1
Make & Create,Black,2517
Make & Create,Blue,4032
Make & Create,Bright Green,17
Make & Create,Bright Light Blue,1
Make & Create,Bright Pink,4
Make & Create,Brown,116
Make & Create,Chrome Silver,2
Make & Create,Dark Blue,9
Make & Create,Dark Bluish Gray,232
Make & Create,Dark Gray,144
Make & Create,Dark Green,5
Make & Create,Dark Orange,12
Make & Create,Dark Pink,12
Make & Create,Dark Purple,21
Make & Create,Dark Red,10
Make & Create,Dark Turquoise,7
Make & Create,Earth Orange,1
Make & Create,Green,1976
Make & Create,Light Bluish Gray,400
Make & Create,Light Gray,199
Make & Create,Light Purple,44
Make & Create,Lime,326
Make & Create,Magenta,32
Make & Create,Medium Blue,202
Make & Create,Medium Dark Pink,3
Make & Create,Medium Orange,10
Make & Create,Medium Violet,1
Make & Create,Metallic Gold,8
Make & Create,Metallic Silver,2
Make & Create,Nougat,1
Make & Create,Orange,517
Make & Create,Pink,3
Make & Create,Purple,9
Make & Create,Red,4774
Make & Create,Reddish Brown,97
Make & Create,Royal Blue,4
Make & Create,Sand Blue,22
Make & Create,Sand Green,41
Make & Create,Tan,112
Make & Create,Trans-Clear,152
Make & Create,Trans-Dark Blue,160
Make & Create,Trans-Green,4
Make & Create,Trans-Light Blue,6
Make & Create,Trans-Medium Blue,9
Make & Create,Trans-Neon Green,8
Make & Create,Trans-Red,126
Make & Create,Trans-Yellow,20
Make & Create,White,4526
Make & Create,Yellow,3848
Make & Create,[No Color/Any Color],2
Mars Exploration,Black,807
Mars Exploration,Blue,269
Mars Exploration,Bright Green,2
Mars Exploration,Bright Light Yellow,2
Mars Exploration,Dark Blue,52
Mars Exploration,Dark Bluish Gray,535
Mars Exploration,Dark Brown,2
Mars Exploration,Dark Orange,137
Mars Exploration,Dark Tan,62
Mars Exploration,Dark Turquoise,8
Mars Exploration,Flat Silver,113
Mars Exploration,Green,19
Mars Exploration,Light Bluish Gray,742
Mars Exploration,Medium Blue,8
Mars Exploration,Orange,316
Mars Exploration,Pearl Gold,121
Mars Exploration,Pearl Titanium,10
Mars Exploration,Red,40
Mars Exploration,Reddish Brown,13
Mars Exploration,Tan,73
Mars Exploration,Trans-Bright Green,4
Mars Exploration,Trans-Brown,29
Mars Exploration,Trans-Clear,30
Mars Exploration,Trans-Dark Pink,10
Mars Exploration,Trans-Light Blue,92
Mars Exploration,Trans-Orange,76
Mars Exploration,Trans-Red,22
Mars Exploration,White,1122
Mars Exploration,Yellow,28
Mars Exploration,[No Color/Any Color],9
Mars Mission,Black,1744
Mars Mission,Blue,356
Mars Mission,Bright Green,8
Mars Mission,Dark Bluish Gray,527
Mars Mission,Green,7
Mars Mission,Light Bluish Gray,667
Mars Mission,Lime,139
Mars Mission,Metallic Gold,15
Mars Mission,Orange,394
Mars Mission,Pearl Dark Gray,1
Mars Mission,Pearl Light Gray,30
Mars Mission,Red,169
Mars Mission,Reddish Brown,5
Mars Mission,Tan,20
Mars Mission,Trans-Brown,2
Mars Mission,Trans-Clear,17
Mars Mission,Trans-Dark Blue,162
Mars Mission,Trans-Green,2
Mars Mission,Trans-Medium Blue,3
Mars Mission,Trans-Neon Green,214
Mars Mission,Trans-Neon Orange,5
Mars Mission,Trans-Orange,86
Mars Mission,Trans-Red,62
Mars Mission,White,1299
Mars Mission,Yellow,40
Mars Mission,[No Color/Any Color],18
Marvel,Black,99
Marvel,Blue,65
Marvel,Bright Green,28
Marvel,Bright Light Orange,23
Marvel,Bright Light Yellow,3
Marvel,Bright Pink,2
Marvel,Coral,1
Marvel,Dark Azure,31
Marvel,Dark Blue,15
Marvel,Dark Bluish Gray,82
Marvel,Dark Brown,3
Marvel,Dark Green,22
Marvel,Dark Orange,17
Marvel,Dark Pink,2
Marvel,Dark Purple,5
Marvel,Dark Red,34
Marvel,Dark Tan,13
Marvel,Dark Turquoise,13
Marvel,Flat Silver,58
Marvel,Green,29
Marvel,Light Aqua,14
Marvel,Light Bluish Gray,148
Marvel,Lime,19
Marvel,Magenta,7
Marvel,Medium Azure,14
Marvel,Medium Lavender,6
Marvel,Medium Nougat,9
Marvel,Orange,21
Marvel,Pearl Gold,97
Marvel,Pearl Titanium,1
Marvel,Red,172
Marvel,Reddish Brown,34
Marvel,Sand Blue,14
Marvel,Tan,20
Marvel,Trans-Bright Green,4
Marvel,Trans-Brown,11
Marvel,Trans-Clear,17
Marvel,Trans-Dark Blue,4
Marvel,Trans-Dark Pink,10
Marvel,Trans-Green,12
Marvel,Trans-Light Blue,85
Marvel,Trans-Orange,33
Marvel,Trans-Purple,10
Marvel,Trans-Red,10
Marvel,Trans-Yellow,15
Marvel,White,149
Marvel,Yellow,33
Marvel Series 1,Black,30
Marvel Series 1,Bright Green,2
Marvel Series 1,Dark Blue,1
Marvel Series 1,Dark Bluish Gray,5
Marvel Series 1,Flat Silver,2
Marvel Series 1,Green,1
Marvel Series 1,Light Bluish Gray,2
Marvel Series 1,Light Nougat,1
Marvel Series 1,Lime,1
Marvel Series 1,Opal Trans-Light Blue,3
Marvel Series 1,Pearl Gold,2
Marvel Series 1,Pearl Titanium,1
Marvel Series 1,Red,2
Marvel Series 1,Reddish Brown,1
Marvel Series 1,Trans-Clear,16
Marvel Series 1,Trans-Light Blue,2
Marvel Series 1,Trans-Red,2
Marvel Series 1,White,3
Marvel Series 2,Black,34
Marvel Series 2,Flat Silver,8
Marvel Series 2,Magenta,1
Marvel Series 2,Medium Nougat,1
Marvel Series 2,Pearl Gold,4
Marvel Series 2,Reddish Brown,7
Marvel Series 2,Sand Blue,1
Marvel Series 2,Tan,5
Marvel Series 2,Trans-Bright Green,2
Marvel Series 2,Trans-Clear,22
Marvel Series 2,Trans-Purple,2
Marvel Series 2,Trans-Yellow,2
Marvel Series 2,White,3
Marvel Series 2,Yellow,1
Marvel Super Heroes,Black,46
Marvel Super Heroes,Blue,56
Marvel Super Heroes,Dark Bluish Gray,23
Marvel Super Heroes,Dark Purple,2
Marvel Super Heroes,Dark Red,7
Marvel Super Heroes,Dark Tan,1
Marvel Super Heroes,Flat Silver,2
Marvel Super Heroes,Green,9
Marvel Super Heroes,Light Bluish Gray,34
Marvel Super Heroes,Lime,9
Marvel Super Heroes,Medium Nougat,2
Marvel Super Heroes,Orange,3
Marvel Super Heroes,Pearl Gold,7
Marvel Super Heroes,Pearl Titanium,4
Marvel Super Heroes,Red,33
Marvel Super Heroes,Tan,4
Marvel Super Heroes,Trans-Bright Green,2
Marvel Super Heroes,Trans-Clear,1
Marvel Super Heroes,Trans-Dark Blue,5
Marvel Super Heroes,Trans-Light Blue,7
Marvel Super Heroes,Trans-Orange,5
Marvel Super Heroes,Trans-Red,9
Marvel Super Heroes,Trans-Yellow,1
Marvel Super Heroes,White,66
Marvel Super Heroes,Yellow,8
Master Builder Academy,Black,874
Master Builder Academy,Blue,7
Master Builder Academy,Dark Blue,112
Master Builder Academy,Dark Bluish Gray,216
Master Builder Academy,Dark Green,4
Master Builder Academy,Dark Purple,66
Master Builder Academy,Dark Red,117
Master Builder Academy,Flat Silver,36
Master Builder Academy,Green,52
Master Builder Academy,Light Bluish Gray,549
Master Builder Academy,Lime,194
Master Builder Academy,Metallic Silver,57
Master Builder Academy,Orange,70
Master Builder Academy,Pearl Gold,12
Master Builder Academy,Red,9
Master Builder Academy,Reddish Brown,104
Master Builder Academy,Tan,234
Master Builder Academy,Trans-Brown,7
Master Builder Academy,Trans-Clear,13
Master Builder Academy,Trans-Dark Blue,66
Master Builder Academy,Trans-Green,10
Master Builder Academy,Trans-Light Blue,28
Master Builder Academy,Trans-Neon Green,2
Master Builder Academy,Trans-Neon Orange,3
Master Builder Academy,Trans-Orange,25
Master Builder Academy,Trans-Red,41
Master Builder Academy,White,568
Master Builder Academy,Yellow,62
Master Builder Academy,[No Color/Any Color],3
McDonalds,Black,86
McDonalds,Blue,66
McDonalds,Green,3
McDonalds,Light Gray,18
McDonalds,Red,94
McDonalds,Trans-Clear,24
McDonalds,Trans-Light Blue,1
McDonalds,Trans-Red,2
McDonalds,Trans-Yellow,2
McDonalds,White,57
McDonalds,Yellow,76
McDonalds,[No Color/Any Color],1
Mickey & Friends,Black,46
Mickey & Friends,Blue,54
Mickey & Friends,Bright Green,26
Mickey & Friends,Bright Light Blue,9
Mickey & Friends,Bright Light Orange,9
Mickey & Friends,Bright Light Yellow,14
Mickey & Friends,Bright Pink,50
Mickey & Friends,Coral,10
Mickey & Friends,Dark Azure,2
Mickey & Friends,Dark Bluish Gray,4
Mickey & Friends,Dark Orange,17
Mickey & Friends,Dark Pink,51
Mickey & Friends,Dark Purple,3
Mickey & Friends,Flat Silver,1
Mickey & Friends,Lavender,21
Mickey & Friends,Light Aqua,27
Mickey & Friends,Light Bluish Gray,26
Mickey & Friends,Lime,25
Mickey & Friends,Medium Azure,58
Mickey & Friends,Medium Blue,14
Mickey & Friends,Medium Lavender,4
Mickey & Friends,Medium Nougat,12
Mickey & Friends,Orange,17
Mickey & Friends,Pearl Gold,1
Mickey & Friends,Red,97
Mickey & Friends,Reddish Brown,16
Mickey & Friends,Tan,7
Mickey & Friends,Trans-Clear,9
Mickey & Friends,Trans-Light Blue,7
Mickey & Friends,Trans-Orange,1
Mickey & Friends,Trans-Yellow,1
Mickey & Friends,Vibrant Yellow,3
Mickey & Friends,Warm Tan,1
Mickey & Friends,White,169
Mickey & Friends,Yellow,85
Mickey & Friends,[No Color/Any Color],1
Mickey Mouse,Black,137
Mickey Mouse,Blue,148
Mickey Mouse,Bright Green,13
Mickey Mouse,Bright Light Orange,52
Mickey Mouse,Bright Pink,26
Mickey Mouse,Brown,5
Mickey Mouse,Dark Azure,23
Mickey Mouse,Dark Blue,2
Mickey Mouse,Dark Bluish Gray,37
Mickey Mouse,Dark Gray,20
Mickey Mouse,Dark Orange,6
Mickey Mouse,Dark Pink,23
Mickey Mouse,Dark Purple,7
Mickey Mouse,Dark Red,5
Mickey Mouse,Dark Tan,4
Mickey Mouse,Dark Turquoise,35
Mickey Mouse,Earth Orange,2
Mickey Mouse,Flat Silver,12
Mickey Mouse,Green,47
Mickey Mouse,Lavender,13
Mickey Mouse,Light Aqua,12
Mickey Mouse,Light Bluish Gray,119
Mickey Mouse,Light Gray,19
Mickey Mouse,Lime,37
Mickey Mouse,Magenta,12
Mickey Mouse,Medium Azure,15
Mickey Mouse,Medium Blue,2
Mickey Mouse,Medium Nougat,19
Mickey Mouse,Medium Orange,2
Mickey Mouse,Orange,5
Mickey Mouse,Pearl Gold,22
Mickey Mouse,Red,292
Mickey Mouse,Reddish Brown,48
Mickey Mouse,Sand Blue,1
Mickey Mouse,Tan,42
Mickey Mouse,Trans-Bright Green,6
Mickey Mouse,Trans-Brown,1
Mickey Mouse,Trans-Clear,13
Mickey Mouse,Trans-Dark Blue,9
Mickey Mouse,Trans-Dark Pink,4
Mickey Mouse,Trans-Light Blue,19
Mickey Mouse,Trans-Neon Green,1
Mickey Mouse,Trans-Neon Orange,1
Mickey Mouse,Trans-Orange,13
Mickey Mouse,Trans-Red,8
Mickey Mouse,Trans-Yellow,6
Mickey Mouse,White,250
Mickey Mouse,Yellow,127
Mickey Mouse,Yellowish Green,2
Mickey Mouse,[No Color/Any Color],4
Miles From Tomorrowland,Black,1
Miles From Tomorrowland,Blue,12
Miles From Tomorrowland,Bright Green,3
Miles From Tomorrowland,Bright Light Blue,8
Miles From Tomorrowland,Bright Light Orange,5
Miles From Tomorrowland,Dark Azure,7
Miles From Tomorrowland,Light Bluish Gray,5
Miles From Tomorrowland,Lime,12
Miles From Tomorrowland,Medium Azure,4
Miles From Tomorrowland,Medium Blue,11
Miles From Tomorrowland,Orange,6
Miles From Tomorrowland,Red,5
Miles From Tomorrowland,Tan,3
Miles From Tomorrowland,Trans-Light Blue,4
Miles From Tomorrowland,Trans-Neon Orange,3
Miles From Tomorrowland,Trans-Orange,1
Miles From Tomorrowland,Trans-Yellow,1
Miles From Tomorrowland,White,6
Miles From Tomorrowland,Yellow,7
Mindstorms,Black,2656
Mindstorms,Blue,766
Mindstorms,Bright Pink,2
Mindstorms,Brown,15
Mindstorms,Chrome Silver,4
Mindstorms,Dark Blue,60
Mindstorms,Dark Bluish Gray,577
Mindstorms,Dark Brown,7
Mindstorms,Dark Gray,50
Mindstorms,Dark Green,6
Mindstorms,Dark Orange,4
Mindstorms,Dark Tan,49
Mindstorms,Dark Turquoise,227
Mindstorms,Flat Silver,6
Mindstorms,Green,55
Mindstorms,Light Bluish Gray,1419
Mindstorms,Light Gray,261
Mindstorms,Lime,37
Mindstorms,Medium Blue,78
Mindstorms,Metallic Silver,3
Mindstorms,Orange,65
Mindstorms,Pearl Gold,11
Mindstorms,Pearl Titanium,2
Mindstorms,Red,789
Mindstorms,Reddish Brown,105
Mindstorms,Tan,186
Mindstorms,Trans-Brown,8
Mindstorms,Trans-Clear,9
Mindstorms,Trans-Dark Blue,79
Mindstorms,Trans-Green,2
Mindstorms,Trans-Light Blue,18
Mindstorms,Trans-Medium Blue,6
Mindstorms,Trans-Neon Green,22
Mindstorms,Trans-Orange,7
Mindstorms,Trans-Red,23
Mindstorms,Trans-Yellow,4
Mindstorms,White,688
Mindstorms,Yellow,339
Mindstorms,[No Color/Any Color],16
Minecraft,Black,5738
Minecraft,Blue,901
Minecraft,Bright Green,1396
Minecraft,Bright Light Blue,208
Minecraft,Bright Light Orange,392
Minecraft,Bright Light Yellow,9
Minecraft,Bright Pink,693
Minecraft,Coral,16
Minecraft,Dark Azure,55
Minecraft,Dark Blue,275
Minecraft,Dark Bluish Gray,5234
Minecraft,Dark Brown,964
Minecraft,Dark Green,1350
Minecraft,Dark Orange,1110
Minecraft,Dark Pink,161
Minecraft,Dark Purple,389
Minecraft,Dark Red,1261
Minecraft,Dark Tan,1106
Minecraft,Dark Turquoise,515
Minecraft,Flat Silver,131
Minecraft,Glitter Trans-Purple,5
Minecraft,Glow in Dark White,19
Minecraft,Green,2672
Minecraft,Lavender,125
Minecraft,Light Aqua,75
Minecraft,Light Bluish Gray,8769
Minecraft,Light Nougat,69
Minecraft,Lime,460
Minecraft,Magenta,226
Minecraft,Medium Azure,424
Minecraft,Medium Blue,313
Minecraft,Medium Lavender,271
Minecraft,Medium Nougat,2985
Minecraft,Nougat,32
Minecraft,Olive Green,83
Minecraft,Opal Trans-Purple,16
Minecraft,Orange,1438
Minecraft,Pearl Gold,315
Minecraft,Pearl Titanium,34
Minecraft,Red,1779
Minecraft,Reddish Brown,6868
Minecraft,Reddish Orange,83
Minecraft,Sand Blue,85
Minecraft,Sand Green,579
Minecraft,Tan,3181
Minecraft,Trans-Black,1
Minecraft,Trans-Bright Green,72
Minecraft,Trans-Brown,88
Minecraft,Trans-Clear,439
Minecraft,Trans-Dark Blue,532
Minecraft,Trans-Dark Pink,60
Minecraft,Trans-Green,119
Minecraft,Trans-Light Blue,117
Minecraft,Trans-Medium Blue,31
Minecraft,Trans-Orange,637
Minecraft,Trans-Purple,31
Minecraft,Trans-Red,358
Minecraft,Trans-Yellow,406
Minecraft,Vibrant Yellow,1
Minecraft,White,5132
Minecraft,Yellow,837
Minecraft,Yellowish Green,11
Minecraft,[No Color/Any Color],3
Mini,Black,142
Mini,Blue,10
Mini,Dark Blue,40
Mini,Dark Bluish Gray,166
Mini,Dark Green,13
Mini,Dark Pink,3
Mini,Dark Red,71
Mini,Dark Tan,36
Mini,Green,6
Mini,Light Bluish Gray,377
Mini,Medium Blue,33
Mini,Orange,1
Mini,Pearl Gold,4
Mini,Red,18
Mini,Reddish Brown,71
Mini,Sand Green,28
Mini,Tan,127
Mini,Trans-Brown,7
Mini,Trans-Clear,42
Mini,Trans-Dark Blue,1
Mini,Trans-Green,39
Mini,Trans-Yellow,14
Mini,White,137
Mini,Yellow,29
Minions,Black,343
Minions,Blue,383
Minions,Bright Green,6
Minions,Bright Light Orange,25
Minions,Bright Pink,2
Minions,Coral,4
Minions,Dark Blue,16
Minions,Dark Bluish Gray,136
Minions,Dark Orange,5
Minions,Dark Red,8
Minions,Dark Tan,24
Minions,Dark Turquoise,29
Minions,Flat Silver,41
Minions,Green,16
Minions,Light Bluish Gray,327
Minions,Lime,19
Minions,Medium Azure,6
Minions,Medium Nougat,43
Minions,Metallic Gold,1
Minions,Orange,6
Minions,Pearl Gold,33
Minions,Red,151
Minions,Reddish Brown,151
Minions,Sand Green,16
Minions,Tan,51
Minions,Trans-Bright Green,1
Minions,Trans-Clear,24
Minions,Trans-Green,3
Minions,Trans-Light Blue,1
Minions,Trans-Neon Orange,5
Minions,Trans-Orange,22
Minions,Trans-Red,12
Minions,White,106
Minions,Yellow,492
Minions,[No Color/Any Color],4
Minitalia,Black,78
Minitalia,Blue,140
Minitalia,Green,239
Minitalia,Light Gray,5
Minitalia,Red,732
Minitalia,Trans-Clear,28
Minitalia,White,319
Minitalia,Yellow,238
Mission Deep Freeze,Black,701
Mission Deep Freeze,Blue,62
Mission Deep Freeze,Dark Blue,132
Mission Deep Freeze,Dark Bluish Gray,225
Mission Deep Freeze,Dark Gray,2
Mission Deep Freeze,Dark Red,140
Mission Deep Freeze,Green,2
Mission Deep Freeze,Light Bluish Gray,396
Mission Deep Freeze,Orange,1
Mission Deep Freeze,Red,3
Mission Deep Freeze,Sand Blue,160
Mission Deep Freeze,Tan,17
Mission Deep Freeze,Trans-Brown,1
Mission Deep Freeze,Trans-Clear,34
Mission Deep Freeze,Trans-Dark Blue,18
Mission Deep Freeze,Trans-Medium Blue,86
Mission Deep Freeze,Trans-Orange,62
Mission Deep Freeze,Trans-Red,21
Mission Deep Freeze,White,269
Mission Deep Freeze,Yellow,1
Mission Deep Freeze,[No Color/Any Color],7
Mission Deep Sea,Black,529
Mission Deep Sea,Brown,2
Mission Deep Sea,Chrome Silver,4
Mission Deep Sea,Dark Gray,204
Mission Deep Sea,Dark Red,1
Mission Deep Sea,Green,8
Mission Deep Sea,Light Gray,132
Mission Deep Sea,Red,143
Mission Deep Sea,Tan,1
Mission Deep Sea,Trans-Brown,9
Mission Deep Sea,Trans-Dark Blue,4
Mission Deep Sea,Trans-Green,2
Mission Deep Sea,Trans-Neon Green,74
Mission Deep Sea,Trans-Neon Orange,16
Mission Deep Sea,Trans-Red,32
Mission Deep Sea,White,7
Mission Deep Sea,Yellow,185
Mission Deep Sea,[No Color/Any Color],6
Mixels,Black,1196
Mixels,Blue,177
Mixels,Bright Green,7
Mixels,Bright Light Orange,66
Mixels,Dark Blue,54
Mixels,Dark Bluish Gray,394
Mixels,Dark Brown,40
Mixels,Dark Green,15
Mixels,Dark Orange,9
Mixels,Dark Purple,131
Mixels,Dark Red,68
Mixels,Dark Tan,42
Mixels,Flat Silver,79
Mixels,Glow in Dark White,5
Mixels,Green,118
Mixels,Light Aqua,29
Mixels,Light Bluish Gray,565
Mixels,Lime,139
Mixels,Medium Azure,68
Mixels,Medium Lavender,27
Mixels,Orange,108
Mixels,Pearl Gold,99
Mixels,Pearl Titanium,6
Mixels,Red,300
Mixels,Reddish Brown,162
Mixels,Tan,67
Mixels,Trans-Bright Green,1
Mixels,Trans-Brown,24
Mixels,Trans-Clear,15
Mixels,Trans-Dark Blue,36
Mixels,Trans-Green,14
Mixels,Trans-Light Blue,41
Mixels,Trans-Medium Blue,24
Mixels,Trans-Neon Green,64
Mixels,Trans-Orange,70
Mixels,Trans-Purple,2
Mixels,Trans-Red,42
Mixels,Trans-Yellow,12
Mixels,White,628
Mixels,Yellow,332
Model Team,Black,3691
Model Team,Blue,586
Model Team,Brown,2
Model Team,Chrome Silver,93
Model Team,Dark Gray,23
Model Team,Light Bluish Gray,133
Model Team,Light Gray,3549
Model Team,Red,1694
Model Team,Trans-Clear,121
Model Team,Trans-Green,2
Model Team,Trans-Light Blue,59
Model Team,Trans-Red,85
Model Team,Trans-Yellow,166
Model Team,White,1292
Model Team,Yellow,642
Model Team,[No Color/Any Color],19
Modular Buildings,Black,9283
Modular Buildings,Blue,572
Modular Buildings,Bright Green,457
Modular Buildings,Bright Light Blue,255
Modular Buildings,Bright Light Orange,221
Modular Buildings,Bright Light Yellow,254
Modular Buildings,Bright Pink,297
Modular Buildings,Chrome Gold,16
Modular Buildings,Coral,8
Modular Buildings,Dark Azure,75
Modular Buildings,Dark Blue,1420
Modular Buildings,Dark Bluish Gray,8662
Modular Buildings,Dark Brown,367
Modular Buildings,Dark Green,829
Modular Buildings,Dark Orange,1908
Modular Buildings,Dark Pink,164
Modular Buildings,Dark Purple,21
Modular Buildings,Dark Red,1682
Modular Buildings,Dark Tan,2677
Modular Buildings,Dark Turquoise,698
Modular Buildings,Flat Silver,304
Modular Buildings,Green,760
Modular Buildings,Lavender,76
Modular Buildings,Light Aqua,22
Modular Buildings,Light Bluish Gray,16514
Modular Buildings,Light Nougat,297
Modular Buildings,Lime,158
Modular Buildings,Magenta,61
Modular Buildings,Medium Azure,86
Modular Buildings,Medium Blue,668
Modular Buildings,Medium Lavender,295
Modular Buildings,Medium Nougat,1596
Modular Buildings,Metallic Gold,34
Modular Buildings,Metallic Silver,128
Modular Buildings,Nougat,111
Modular Buildings,Olive Green,1356
Modular Buildings,Orange,107
Modular Buildings,Pearl Gold,769
Modular Buildings,Pearl Light Gray,3
Modular Buildings,Pearl Titanium,19
Modular Buildings,Red,1139
Modular Buildings,Reddish Brown,5017
Modular Buildings,Sand Blue,1108
Modular Buildings,Sand Green,1460
Modular Buildings,Tan,6860
Modular Buildings,Trans-Bright Green,5
Modular Buildings,Trans-Brown,56
Modular Buildings,Trans-Clear,2121
Modular Buildings,Trans-Dark Blue,40
Modular Buildings,Trans-Dark Pink,10
Modular Buildings,Trans-Green,143
Modular Buildings,Trans-Light Blue,68
Modular Buildings,Trans-Medium Blue,2
Modular Buildings,Trans-Neon Green,1
Modular Buildings,Trans-Neon Orange,8
Modular Buildings,Trans-Orange,52
Modular Buildings,Trans-Purple,4
Modular Buildings,Trans-Red,108
Modular Buildings,Trans-Yellow,285
Modular Buildings,White,10775
Modular Buildings,Yellow,572
Modular Buildings,Yellowish Green,4
Modular Buildings,[No Color/Any Color],2
Modulex,Modulex Black,2210
Modulex,Modulex Brown,2210
Modulex,Modulex Buff,1600
Modulex,Modulex Clear,1360
Modulex,Modulex Light Gray,2210
Modulex,Modulex Ochre Yellow,1100
Modulex,Modulex Olive Green,1100
Modulex,Modulex Teal Blue,1100
Modulex,Modulex Terracotta,1600
Modulex,Modulex White,2210
Monkie Kid,Black,7111
Monkie Kid,Blue,1280
Monkie Kid,Bright Green,543
Monkie Kid,Bright Light Blue,278
Monkie Kid,Bright Light Orange,673
Monkie Kid,Bright Light Yellow,31
Monkie Kid,Bright Pink,232
Monkie Kid,Coral,7
Monkie Kid,Dark Azure,280
Monkie Kid,Dark Blue,288
Monkie Kid,Dark Bluish Gray,5734
Monkie Kid,Dark Brown,134
Monkie Kid,Dark Green,284
Monkie Kid,Dark Orange,132
Monkie Kid,Dark Pink,102
Monkie Kid,Dark Purple,708
Monkie Kid,Dark Red,404
Monkie Kid,Dark Tan,910
Monkie Kid,Dark Turquoise,2077
Monkie Kid,Flat Silver,614
Monkie Kid,Glitter Trans-Purple,2
Monkie Kid,Glow in Dark White,77
Monkie Kid,Green,268
Monkie Kid,Lavender,142
Monkie Kid,Light Aqua,19
Monkie Kid,Light Bluish Gray,6247
Monkie Kid,Lime,730
Monkie Kid,Magenta,344
Monkie Kid,Medium Azure,178
Monkie Kid,Medium Blue,8
Monkie Kid,Medium Lavender,109
Monkie Kid,Medium Nougat,218
Monkie Kid,Metallic Gold,499
Monkie Kid,Metallic Silver,5
Monkie Kid,Olive Green,54
Monkie Kid,Opal Trans-Dark Blue,3
Monkie Kid,Opal Trans-Dark Pink,1
Monkie Kid,Opal Trans-Light Blue,60
Monkie Kid,Orange,495
Monkie Kid,Pearl Gold,3012
Monkie Kid,Pearl Titanium,358
Monkie Kid,Red,5072
Monkie Kid,Reddish Brown,1526
Monkie Kid,Reddish Orange,16
Monkie Kid,Sand Blue,26
Monkie Kid,Sand Green,593
Monkie Kid,Tan,1641
Monkie Kid,Trans-Black,1
Monkie Kid,Trans-Bright Green,243
Monkie Kid,Trans-Brown,42
Monkie Kid,Trans-Clear,319
Monkie Kid,Trans-Dark Blue,54
Monkie Kid,Trans-Dark Pink,36
Monkie Kid,Trans-Green,33
Monkie Kid,Trans-Light Blue,427
Monkie Kid,Trans-Neon Green,98
Monkie Kid,Trans-Neon Orange,334
Monkie Kid,Trans-Orange,330
Monkie Kid,Trans-Purple,146
Monkie Kid,Trans-Red,265
Monkie Kid,Trans-Yellow,85
Monkie Kid,Vibrant Yellow,8
Monkie Kid,White,5901
Monkie Kid,Yellow,2448
Monkie Kid,Yellowish Green,14
Monkie Kid,[No Color/Any Color],79
Monster Fighters,Black,1330
Monster Fighters,Blue,39
Monster Fighters,Chrome Silver,2
Monster Fighters,Dark Bluish Gray,800
Monster Fighters,Dark Brown,111
Monster Fighters,Dark Green,12
Monster Fighters,Dark Orange,1
Monster Fighters,Dark Red,73
Monster Fighters,Dark Tan,106
Monster Fighters,Flat Silver,54
Monster Fighters,Glow in Dark White,32
Monster Fighters,Green,20
Monster Fighters,Light Bluish Gray,1633
Monster Fighters,Medium Blue,74
Monster Fighters,Medium Nougat,1
Monster Fighters,Metallic Silver,2
Monster Fighters,Olive Green,5
Monster Fighters,Orange,3
Monster Fighters,Pearl Gold,63
Monster Fighters,Pearl Titanium,4
Monster Fighters,Red,85
Monster Fighters,Reddish Brown,474
Monster Fighters,Sand Green,336
Monster Fighters,Tan,174
Monster Fighters,Trans-Bright Green,5
Monster Fighters,Trans-Brown,12
Monster Fighters,Trans-Clear,52
Monster Fighters,Trans-Dark Blue,16
Monster Fighters,Trans-Dark Pink,1
Monster Fighters,Trans-Green,16
Monster Fighters,Trans-Light Blue,8
Monster Fighters,Trans-Neon Green,66
Monster Fighters,Trans-Neon Orange,18
Monster Fighters,Trans-Orange,22
Monster Fighters,Trans-Purple,2
Monster Fighters,Trans-Red,41
Monster Fighters,Trans-Yellow,14
Monster Fighters,White,260
Monster Fighters,Yellow,16
Monster Fighters,[No Color/Any Color],6
Monthly Mini Model Build,Black,909
Monthly Mini Model Build,Blue,190
Monthly Mini Model Build,Bright Green,22
Monthly Mini Model Build,Bright Light Orange,55
Monthly Mini Model Build,Bright Pink,79
Monthly Mini Model Build,Dark Azure,17
Monthly Mini Model Build,Dark Blue,8
Monthly Mini Model Build,Dark Bluish Gray,444
Monthly Mini Model Build,Dark Brown,21
Monthly Mini Model Build,Dark Green,32
Monthly Mini Model Build,Dark Orange,4
Monthly Mini Model Build,Dark Pink,25
Monthly Mini Model Build,Dark Purple,16
Monthly Mini Model Build,Dark Red,32
Monthly Mini Model Build,Dark Tan,8
Monthly Mini Model Build,Dark Turquoise,3
Monthly Mini Model Build,Flat Silver,47
Monthly Mini Model Build,Green,336
Monthly Mini Model Build,Light Aqua,10
Monthly Mini Model Build,Light Bluish Gray,622
Monthly Mini Model Build,Light Nougat,2
Monthly Mini Model Build,Lime,233
Monthly Mini Model Build,Magenta,4
Monthly Mini Model Build,Medium Azure,36
Monthly Mini Model Build,Medium Blue,9
Monthly Mini Model Build,Medium Lavender,5
Monthly Mini Model Build,Medium Nougat,3
Monthly Mini Model Build,Metallic Gold,1
Monthly Mini Model Build,Metallic Silver,9
Monthly Mini Model Build,Olive Green,5
Monthly Mini Model Build,Orange,121
Monthly Mini Model Build,Pearl Gold,37
Monthly Mini Model Build,Pearl Titanium,5
Monthly Mini Model Build,Red,640
Monthly Mini Model Build,Reddish Brown,489
Monthly Mini Model Build,Tan,317
Monthly Mini Model Build,Trans-Bright Green,9
Monthly Mini Model Build,Trans-Brown,23
Monthly Mini Model Build,Trans-Clear,63
Monthly Mini Model Build,Trans-Dark Blue,6
Monthly Mini Model Build,Trans-Green,10
Monthly Mini Model Build,Trans-Light Blue,26
Monthly Mini Model Build,Trans-Neon Green,3
Monthly Mini Model Build,Trans-Neon Orange,4
Monthly Mini Model Build,Trans-Orange,10
Monthly Mini Model Build,Trans-Red,40
Monthly Mini Model Build,Trans-Yellow,51
Monthly Mini Model Build,White,1172
Monthly Mini Model Build,Yellow,278
Mosaic,Black,3368
Mosaic,Blue,116
Mosaic,Dark Bluish Gray,2552
Mosaic,Dark Pink,19
Mosaic,Green,72
Mosaic,Light Bluish Gray,2255
Mosaic,Lime,64
Mosaic,Medium Blue,79
Mosaic,Metallic Silver,3
Mosaic,Orange,57
Mosaic,Red,153
Mosaic,Reddish Brown,38
Mosaic,Trans-Clear,3
Mosaic,Trans-Neon Green,3
Mosaic,Trans-Yellow,3
Mosaic,White,4952
Mosaic,Yellow,975
My Town,Black,3
My Town,Blue,8
My Town,Bright Green,13
My Town,Bright Light Blue,3
My Town,Bright Light Orange,23
My Town,Bright Light Yellow,11
My Town,Bright Pink,1
My Town,Dark Azure,6
My Town,Dark Bluish Gray,1
My Town,Dark Orange,6
My Town,Dark Pink,4
My Town,Dark Red,10
My Town,Flat Silver,2
My Town,Green,3
My Town,Light Bluish Gray,8
My Town,Lime,26
My Town,Magenta,2
My Town,Medium Azure,24
My Town,Medium Blue,3
My Town,Medium Lavender,1
My Town,Orange,28
My Town,Red,39
My Town,Reddish Brown,4
My Town,Tan,1
My Town,Trans-Yellow,1
My Town,White,56
My Town,Yellow,25
NXT,Black,1254
NXT,Blue,320
NXT,Dark Bluish Gray,607
NXT,Dark Tan,4
NXT,Flat Silver,4
NXT,Green,7
NXT,Light Bluish Gray,1036
NXT,Orange,41
NXT,Pearl Dark Gray,3
NXT,Pearl Light Gray,8
NXT,Red,83
NXT,Tan,82
NXT,Trans-Clear,5
NXT,Trans-Green,2
NXT,Trans-Red,2
NXT,Trans-Yellow,2
NXT,Very Light Bluish Gray,152
NXT,White,38
NXT,Yellow,69
NXT,[No Color/Any Color],17
Nexo Knights,Black,3117
Nexo Knights,Blue,1396
Nexo Knights,Bright Green,2
Nexo Knights,Bright Light Blue,2
Nexo Knights,Bright Light Orange,85
Nexo Knights,Bright Pink,2
Nexo Knights,Dark Azure,140
Nexo Knights,Dark Blue,1229
Nexo Knights,Dark Bluish Gray,3053
Nexo Knights,Dark Brown,263
Nexo Knights,Dark Green,3
Nexo Knights,Dark Orange,6
Nexo Knights,Dark Purple,316
Nexo Knights,Dark Red,56
Nexo Knights,Dark Tan,79
Nexo Knights,Flat Silver,540
Nexo Knights,Green,47
Nexo Knights,Light Bluish Gray,2600
Nexo Knights,Lime,157
Nexo Knights,Medium Blue,89
Nexo Knights,Medium Lavender,2
Nexo Knights,Metallic Gold,6
Nexo Knights,Olive Green,2
Nexo Knights,Orange,351
Nexo Knights,Pearl Gold,465
Nexo Knights,Pearl Titanium,146
Nexo Knights,Red,750
Nexo Knights,Reddish Brown,289
Nexo Knights,Sand Blue,70
Nexo Knights,Tan,143
Nexo Knights,Trans-Bright Green,172
Nexo Knights,Trans-Brown,7
Nexo Knights,Trans-Clear,50
Nexo Knights,Trans-Dark Blue,37
Nexo Knights,Trans-Green,16
Nexo Knights,Trans-Light Blue,294
Nexo Knights,Trans-Neon Green,1
Nexo Knights,Trans-Neon Orange,1177
Nexo Knights,Trans-Orange,353
Nexo Knights,Trans-Purple,47
Nexo Knights,Trans-Red,60
Nexo Knights,Trans-Yellow,29
Nexo Knights,White,352
Nexo Knights,Yellow,170
Nexo Knights,[No Color/Any Color],50
Nike,Black,681
Nike,Blue,339
Nike,Blue Violet,17
Nike,Bright Light Blue,91
Nike,Bright Light Yellow,2
Nike,Bright Pink,2
Nike,Coral,25
Nike,Dark Azure,97
Nike,Dark Blue,220
Nike,Dark Bluish Gray,178
Nike,Dark Brown,4
Nike,Dark Purple,39
Nike,Dark Turquoise,1
Nike,Green,19
Nike,Light Aqua,6
Nike,Light Bluish Gray,317
Nike,Light Nougat,4
Nike,Lime,51
Nike,Medium Azure,47
Nike,Nougat,4
Nike,Opal Trans-Clear,52
Nike,Orange,197
Nike,Pearl Titanium,18
Nike,Red,174
Nike,Reddish Brown,89
Nike,Reddish Orange,1
Nike,Sand Blue,18
Nike,Tan,74
Nike,Trans-Clear,45
Nike,Trans-Light Blue,21
Nike,Vibrant Yellow,32
Nike,White,629
Nike,Yellow,71
Nike,Yellowish Green,176
Nike,[No Color/Any Color],8
Ninja,Black,873
Ninja,Blue,197
Ninja,Brown,210
Ninja,Chrome Gold,43
Ninja,Chrome Silver,1
Ninja,Dark Gray,269
Ninja,Green,71
Ninja,Light Gray,336
Ninja,Red,321
Ninja,Tan,147
Ninja,Trans-Clear,19
Ninja,Trans-Light Blue,3
Ninja,Trans-Neon Green,8
Ninja,Trans-Neon Orange,26
Ninja,Trans-Red,8
Ninja,Trans-Yellow,12
Ninja,White,194
Ninja,Yellow,32
Ninja,[No Color/Any Color],9
Ninjago,Black,39181
Ninjago,Blue,3787
Ninjago,Bright Green,891
Ninjago,Bright Light Blue,103
Ninjago,Bright Light Orange,1817
Ninjago,Bright Light Yellow,285
Ninjago,Bright Pink,391
Ninjago,Chrome Gold,6
Ninjago,Coral,67
Ninjago,Dark Azure,1103
Ninjago,Dark Blue,3541
Ninjago,Dark Bluish Gray,22641
Ninjago,Dark Brown,2522
Ninjago,Dark Green,1421
Ninjago,Dark Orange,636
Ninjago,Dark Pink,223
Ninjago,Dark Purple,1352
Ninjago,Dark Red,2718
Ninjago,Dark Tan,5163
Ninjago,Dark Turquoise,1296
Ninjago,Flat Silver,2025
Ninjago,Glitter Trans-Clear,1
Ninjago,Glitter Trans-Light Blue,4
Ninjago,Glitter Trans-Neon Green,2
Ninjago,Glitter Trans-Purple,11
Ninjago,Glow In Dark Trans,1
Ninjago,Glow in Dark White,12
Ninjago,Green,2719
Ninjago,Lavender,142
Ninjago,Light Aqua,341
Ninjago,Light Bluish Gray,19826
Ninjago,Light Nougat,2
Ninjago,Lime,1822
Ninjago,Magenta,160
Ninjago,Medium Azure,1007
Ninjago,Medium Blue,147
Ninjago,Medium Lavender,30
Ninjago,Medium Nougat,897
Ninjago,Metallic Copper,1
Ninjago,Metallic Gold,36
Ninjago,Metallic Silver,9
Ninjago,Nougat,141
Ninjago,Olive Green,809
Ninjago,Opal Trans-Clear,29
Ninjago,Opal Trans-Light Blue,23
Ninjago,Opal Trans-Purple,6
Ninjago,Orange,1565
Ninjago,Pearl Copper,41
Ninjago,Pearl Dark Gray,1
Ninjago,Pearl Gold,13766
Ninjago,Pearl Light Gray,1
Ninjago,Pearl Titanium,961
Ninjago,Red,13091
Ninjago,Reddish Brown,11603
Ninjago,Reddish Orange,43
Ninjago,Sand Blue,694
Ninjago,Sand Green,1483
Ninjago,Speckle Black-Silver,27
Ninjago,Tan,5748
Ninjago,Trans-Black,9
Ninjago,Trans-Bright Green,390
Ninjago,Trans-Brown,140
Ninjago,Trans-Clear,1010
Ninjago,Trans-Dark Blue,159
Ninjago,Trans-Dark Pink,400
Ninjago,Trans-Green,204
Ninjago,Trans-Light Blue,3584
Ninjago,Trans-Medium Blue,77
Ninjago,Trans-Neon Green,657
Ninjago,Trans-Neon Orange,159
Ninjago,Trans-Orange,1513
Ninjago,Trans-Purple,143
Ninjago,Trans-Red,779
Ninjago,Trans-Yellow,284
Ninjago,White,13242
Ninjago,Yellow,1451
Ninjago,Yellowish Green,473
Ninjago,[No Color/Any Color],577
Non-fiction Books,Black,20
Non-fiction Books,Blue,2
Non-fiction Books,Bright Light Yellow,1
Non-fiction Books,Chrome Gold,1
Non-fiction Books,Dark Blue,1
Non-fiction Books,Dark Bluish Gray,3
Non-fiction Books,Dark Orange,3
Non-fiction Books,Dark Tan,2
Non-fiction Books,Flat Silver,5
Non-fiction Books,Green,1
Non-fiction Books,Light Aqua,1
Non-fiction Books,Light Bluish Gray,2
Non-fiction Books,Medium Azure,1
Non-fiction Books,Medium Blue,1
Non-fiction Books,Medium Lavender,1
Non-fiction Books,Metallic Silver,2
Non-fiction Books,Nougat,1
Non-fiction Books,Pearl Gold,3
Non-fiction Books,Pearl Titanium,1
Non-fiction Books,Red,11
Non-fiction Books,Reddish Brown,4
Non-fiction Books,Sand Green,3
Non-fiction Books,Tan,1
Non-fiction Books,Trans-Bright Green,1
Non-fiction Books,Trans-Brown,2
Non-fiction Books,Trans-Clear,4
Non-fiction Books,Trans-Dark Blue,1
Non-fiction Books,Trans-Light Blue,3
Non-fiction Books,Trans-Neon Orange,1
Non-fiction Books,Trans-Orange,4
Non-fiction Books,Trans-Red,4
Non-fiction Books,White,28
Non-fiction Books,Yellow,2
Off-Road,Black,574
Off-Road,Blue,87
Off-Road,Bright Green,6
Off-Road,Bright Light Blue,2
Off-Road,Bright Light Orange,35
Off-Road,Bright Light Yellow,3
Off-Road,Dark Azure,31
Off-Road,Dark Blue,36
Off-Road,Dark Bluish Gray,235
Off-Road,Dark Brown,3
Off-Road,Dark Green,1
Off-Road,Dark Orange,9
Off-Road,Dark Tan,24
Off-Road,Dark Turquoise,1
Off-Road,Flat Silver,31
Off-Road,Green,59
Off-Road,Lavender,2
Off-Road,Light Bluish Gray,332
Off-Road,Lime,6
Off-Road,Magenta,5
Off-Road,Medium Azure,11
Off-Road,Medium Nougat,6
Off-Road,Orange,37
Off-Road,Pearl Gold,6
Off-Road,Red,113
Off-Road,Reddish Brown,47
Off-Road,Reddish Orange,40
Off-Road,Sand Green,28
Off-Road,Tan,70
Off-Road,Trans-Brown,33
Off-Road,Trans-Clear,41
Off-Road,Trans-Light Blue,7
Off-Road,Trans-Orange,20
Off-Road,Trans-Red,52
Off-Road,Trans-Yellow,37
Off-Road,White,237
Off-Road,Yellow,89
Off-Road,[No Color/Any Color],13
One Piece,Black,651
One Piece,Blue,57
One Piece,Bright Green,24
One Piece,Bright Light Blue,3
One Piece,Bright Light Orange,16
One Piece,Bright Pink,1
One Piece,Dark Azure,7
One Piece,Dark Blue,29
One Piece,Dark Bluish Gray,269
One Piece,Dark Brown,128
One Piece,Dark Green,11
One Piece,Dark Orange,139
One Piece,Dark Purple,38
One Piece,Dark Red,130
One Piece,Dark Tan,390
One Piece,Dark Turquoise,56
One Piece,Flat Silver,25
One Piece,Green,40
One Piece,Light Aqua,2
One Piece,Light Bluish Gray,239
One Piece,Light Nougat,5
One Piece,Lime,30
One Piece,Magenta,3
One Piece,Medium Azure,79
One Piece,Medium Nougat,187
One Piece,Metallic Silver,2
One Piece,Nougat,2
One Piece,Olive Green,1
One Piece,Opal Trans-Dark Blue,1
One Piece,Opal Trans-Dark Pink,1
One Piece,Opal Trans-Light Blue,1
One Piece,Orange,34
One Piece,Pearl Gold,409
One Piece,Pearl Titanium,8
One Piece,Red,491
One Piece,Reddish Brown,1557
One Piece,Reddish Orange,2
One Piece,Sand Green,192
One Piece,Tan,411
One Piece,Trans-Bright Green,1
One Piece,Trans-Clear,30
One Piece,Trans-Dark Pink,4
One Piece,Trans-Green,6
One Piece,Trans-Light Blue,13
One Piece,Trans-Orange,15
One Piece,Trans-Purple,1
One Piece,Trans-Red,8
One Piece,Trans-Yellow,47
One Piece,White,788
One Piece,Yellow,49
One Piece,Yellowish Green,3
One Piece,[No Color/Any Color],6
Orient Expedition,Black,523
Orient Expedition,Blue,3
Orient Expedition,Bright Green,3
Orient Expedition,Brown,164
Orient Expedition,Chrome Antique Brass,2
Orient Expedition,Chrome Gold,3
Orient Expedition,Dark Blue,58
Orient Expedition,Dark Bluish Gray,2
Orient Expedition,Dark Gray,347
Orient Expedition,Dark Orange,30
Orient Expedition,Earth Orange,1
Orient Expedition,Green,23
Orient Expedition,Light Gray,324
Orient Expedition,Medium Orange,19
Orient Expedition,Red,294
Orient Expedition,Sand Green,35
Orient Expedition,Tan,178
Orient Expedition,Trans-Clear,14
Orient Expedition,Trans-Dark Blue,6
Orient Expedition,Trans-Green,4
Orient Expedition,Trans-Light Blue,8
Orient Expedition,Trans-Neon Orange,13
Orient Expedition,Trans-Red,19
Orient Expedition,Trans-Yellow,32
Orient Expedition,White,167
Orient Expedition,Yellow,81
Orient Expedition,[No Color/Any Color],111
Other,Black,4291
Other,Blue,1904
Other,Bright Green,295
Other,Bright Light Blue,147
Other,Bright Light Orange,197
Other,Bright Light Yellow,123
Other,Bright Pink,373
Other,Brown,3
Other,Chrome Gold,12
Other,Coral,50
Other,Dark Azure,564
Other,Dark Blue,511
Other,Dark Bluish Gray,1415
Other,Dark Brown,40
Other,Dark Gray,79
Other,Dark Green,119
Other,Dark Orange,293
Other,Dark Pink,192
Other,Dark Purple,112
Other,Dark Red,539
Other,Dark Tan,508
Other,Dark Turquoise,137
Other,Flat Silver,156
Other,Glow in Dark White,12
Other,Green,1396
Other,Lavender,71
Other,Light Aqua,167
Other,Light Bluish Gray,3599
Other,Light Gray,246
Other,Light Nougat,27
Other,Lime,883
Other,Magenta,99
Other,Medium Azure,558
Other,Medium Blue,227
Other,Medium Lavender,139
Other,Medium Nougat,391
Other,Metallic Gold,3
Other,Metallic Silver,2
Other,Nougat,8
Other,Olive Green,6
Other,Opal Trans-Clear,1
Other,Opal Trans-Dark Pink,4
Other,Opal Trans-Purple,5
Other,Orange,680
Other,Pearl Gold,224
Other,Pearl Titanium,7
Other,Red,2665
Other,Reddish Brown,1119
Other,Reddish Orange,8
Other,Sand Blue,30
Other,Sand Green,115
Other,Tan,2397
Other,Trans-Bright Green,3
Other,Trans-Brown,8
Other,Trans-Clear,422
Other,Trans-Dark Blue,95
Other,Trans-Dark Pink,8
Other,Trans-Green,89
Other,Trans-Light Blue,265
Other,Trans-Medium Blue,12
Other,Trans-Neon Green,10
Other,Trans-Neon Orange,5
Other,Trans-Orange,48
Other,Trans-Purple,6
Other,Trans-Red,172
Other,Trans-Yellow,165
Other,Vibrant Yellow,2
Other,White,8205
Other,Yellow,2241
Other,Yellowish Green,36
Other,[No Color/Any Color],34
Outback,Black,116
Outback,Blue,25
Outback,Brown,10
Outback,Dark Gray,10
Outback,Green,21
Outback,Light Gray,126
Outback,Red,34
Outback,Tan,3
Outback,Trans-Clear,8
Outback,Trans-Dark Blue,2
Outback,Trans-Green,4
Outback,Trans-Light Blue,11
Outback,Trans-Red,13
Outback,Trans-Yellow,18
Outback,White,50
Outback,Yellow,60
Outback,[No Color/Any Color],2
Overwatch,Black,554
Overwatch,Blue,76
Overwatch,Bright Green,1
Overwatch,Bright Light Orange,16
Overwatch,Bright Light Yellow,16
Overwatch,Bright Pink,61
Overwatch,Dark Azure,56
Overwatch,Dark Blue,3
Overwatch,Dark Bluish Gray,603
Overwatch,Dark Brown,2
Overwatch,Dark Green,1
Overwatch,Dark Orange,28
Overwatch,Dark Pink,17
Overwatch,Dark Red,68
Overwatch,Dark Tan,46
Overwatch,Dark Turquoise,1
Overwatch,Flat Silver,66
Overwatch,Green,1
Overwatch,Light Bluish Gray,654
Overwatch,Lime,18
Overwatch,Medium Azure,7
Overwatch,Medium Nougat,10
Overwatch,Olive Green,11
Overwatch,Orange,106
Overwatch,Pearl Gold,33
Overwatch,Pearl Titanium,4
Overwatch,Red,152
Overwatch,Reddish Brown,50
Overwatch,Sand Blue,2
Overwatch,Sand Green,118
Overwatch,Tan,198
Overwatch,Trans-Bright Green,2
Overwatch,Trans-Brown,5
Overwatch,Trans-Clear,4
Overwatch,Trans-Dark Blue,14
Overwatch,Trans-Green,21
Overwatch,Trans-Light Blue,29
Overwatch,Trans-Orange,8
Overwatch,Trans-Red,10
Overwatch,Trans-Yellow,22
Overwatch,White,267
Overwatch,Yellow,99
Overwatch,[No Color/Any Color],9
Paradisa,Black,163
Paradisa,Blue,16
Paradisa,Brown,90
Paradisa,Chrome Gold,16
Paradisa,Dark Gray,8
Paradisa,Green,114
Paradisa,Light Gray,389
Paradisa,Light Green,11
Paradisa,Light Pink,169
Paradisa,Medium Dark Pink,75
Paradisa,Medium Green,9
Paradisa,Pink,89
Paradisa,Red,90
Paradisa,Trans-Clear,60
Paradisa,Trans-Green,1
Paradisa,Trans-Light Blue,9
Paradisa,Trans-Red,12
Paradisa,Trans-Yellow,37
Paradisa,White,1153
Paradisa,Yellow,81
Paradisa,[No Color/Any Color],8
Peppa Pig,Blue,1
Peppa Pig,Bright Green,39
Peppa Pig,Bright Light Orange,8
Peppa Pig,Bright Light Yellow,77
Peppa Pig,Coral,11
Peppa Pig,Dark Azure,7
Peppa Pig,Dark Orange,3
Peppa Pig,Dark Pink,2
Peppa Pig,Dark Purple,5
Peppa Pig,Dark Turquoise,8
Peppa Pig,Green,10
Peppa Pig,Lavender,9
Peppa Pig,Light Aqua,25
Peppa Pig,Light Bluish Gray,1
Peppa Pig,Lime,34
Peppa Pig,Medium Azure,27
Peppa Pig,Medium Lavender,13
Peppa Pig,Medium Nougat,21
Peppa Pig,Orange,11
Peppa Pig,Red,72
Peppa Pig,Reddish Brown,12
Peppa Pig,Tan,10
Peppa Pig,Trans-Clear,13
Peppa Pig,Trans-Light Blue,3
Peppa Pig,Trans-Orange,1
Peppa Pig,White,61
Peppa Pig,Yellow,12
Peppa Pig,Yellowish Green,2
Pharaoh's Quest,Black,428
Pharaoh's Quest,Blue,11
Pharaoh's Quest,Chrome Gold,4
Pharaoh's Quest,Dark Blue,138
Pharaoh's Quest,Dark Bluish Gray,290
Pharaoh's Quest,Dark Orange,45
Pharaoh's Quest,Dark Red,110
Pharaoh's Quest,Dark Tan,235
Pharaoh's Quest,Green,16
Pharaoh's Quest,Light Bluish Gray,208
Pharaoh's Quest,Metallic Gold,1
Pharaoh's Quest,Pearl Gold,121
Pharaoh's Quest,Pearl Titanium,14
Pharaoh's Quest,Red,34
Pharaoh's Quest,Reddish Brown,12
Pharaoh's Quest,Tan,538
Pharaoh's Quest,Trans-Brown,2
Pharaoh's Quest,Trans-Clear,27
Pharaoh's Quest,Trans-Dark Blue,1
Pharaoh's Quest,Trans-Green,1
Pharaoh's Quest,Trans-Light Blue,3
Pharaoh's Quest,Trans-Neon Orange,2
Pharaoh's Quest,Trans-Red,29
Pharaoh's Quest,Trans-Yellow,2
Pharaoh's Quest,White,8
Pharaoh's Quest,Yellow,33
Pharaoh's Quest,[No Color/Any Color],7
Pick A Model,Black,241
Pick A Model,Blue,11
Pick A Model,Bright Light Orange,11
Pick A Model,Bright Pink,40
Pick A Model,Dark Blue,2
Pick A Model,Dark Bluish Gray,68
Pick A Model,Dark Green,1
Pick A Model,Dark Purple,1
Pick A Model,Dark Red,3
Pick A Model,Dark Tan,10
Pick A Model,Flat Silver,4
Pick A Model,Green,126
Pick A Model,Light Bluish Gray,135
Pick A Model,Lime,44
Pick A Model,Magenta,8
Pick A Model,Medium Azure,9
Pick A Model,Medium Blue,3
Pick A Model,Medium Lavender,9
Pick A Model,Orange,43
Pick A Model,Pearl Gold,1
Pick A Model,Red,65
Pick A Model,Reddish Brown,13
Pick A Model,Sand Green,34
Pick A Model,Tan,94
Pick A Model,Trans-Brown,1
Pick A Model,Trans-Clear,24
Pick A Model,Trans-Dark Blue,4
Pick A Model,Trans-Light Blue,15
Pick A Model,Trans-Orange,3
Pick A Model,Trans-Red,14
Pick A Model,Trans-Yellow,8
Pick A Model,White,183
Pick A Model,Yellow,65
Pick A Model,[No Color/Any Color],1
Pirates,Black,46
Pirates,Blue,4
Pirates,Bright Light Orange,1
Pirates,Dark Blue,7
Pirates,Dark Bluish Gray,29
Pirates,Dark Brown,1
Pirates,Dark Green,3
Pirates,Dark Orange,7
Pirates,Dark Red,2
Pirates,Dark Tan,3
Pirates,Glow In Dark Trans,1
Pirates,Green,6
Pirates,Light Bluish Gray,4
Pirates,Metallic Gold,1
Pirates,Nougat,4
Pirates,Pearl Gold,4
Pirates,Pearl Light Gray,10
Pirates,Pearl Titanium,1
Pirates,Red,16
Pirates,Reddish Brown,68
Pirates,Sand Blue,1
Pirates,Tan,13
Pirates,Trans-Dark Blue,1
Pirates,Trans-Dark Pink,1
Pirates,Trans-Green,1
Pirates,Trans-Light Blue,1
Pirates,Trans-Neon Green,1
Pirates,Trans-Neon Orange,3
Pirates,Trans-Orange,1
Pirates,Trans-Red,1
Pirates,Trans-Yellow,4
Pirates,White,10
Pirates,Yellow,7
Pirates I,Black,6472
Pirates I,Blue,318
Pirates I,Brown,1226
Pirates I,Chrome Gold,413
Pirates I,Dark Gray,461
Pirates I,Green,494
Pirates I,Light Gray,1971
Pirates I,Red,744
Pirates I,Rust,9
Pirates I,Tan,9
Pirates I,Trans-Clear,10
Pirates I,Trans-Dark Blue,5
Pirates I,Trans-Green,3
Pirates I,Trans-Neon Orange,16
Pirates I,Trans-Red,16
Pirates I,Trans-Yellow,131
Pirates I,Violet,1
Pirates I,White,2052
Pirates I,Yellow,1369
Pirates I,[No Color/Any Color],11
Pirates II,Black,1064
Pirates II,Blue,108
Pirates II,Bright Green,1
Pirates II,Bright Light Orange,2
Pirates II,Chrome Gold,33
Pirates II,Dark Blue,95
Pirates II,Dark Bluish Gray,346
Pirates II,Dark Brown,516
Pirates II,Dark Green,22
Pirates II,Dark Orange,6
Pirates II,Dark Red,53
Pirates II,Dark Tan,37
Pirates II,Flat Silver,1
Pirates II,Green,28
Pirates II,Light Bluish Gray,536
Pirates II,Medium Blue,52
Pirates II,Orange,4
Pirates II,Pearl Dark Gray,16
Pirates II,Pearl Gold,269
Pirates II,Pearl Light Gray,35
Pirates II,Red,223
Pirates II,Reddish Brown,951
Pirates II,Tan,410
Pirates II,Trans-Clear,3
Pirates II,Trans-Dark Blue,6
Pirates II,Trans-Dark Pink,2
Pirates II,Trans-Green,6
Pirates II,Trans-Light Blue,4
Pirates II,Trans-Neon Green,1
Pirates II,Trans-Neon Orange,14
Pirates II,Trans-Orange,9
Pirates II,Trans-Red,8
Pirates II,Trans-Yellow,18
Pirates II,White,275
Pirates II,Yellow,2
Pirates II,[No Color/Any Color],4
Pirates III,Black,465
Pirates III,Blue,81
Pirates III,Bright Light Orange,1
Pirates III,Chrome Gold,5
Pirates III,Dark Blue,8
Pirates III,Dark Bluish Gray,243
Pirates III,Dark Brown,28
Pirates III,Dark Green,6
Pirates III,Dark Red,24
Pirates III,Dark Tan,95
Pirates III,Flat Silver,2
Pirates III,Green,10
Pirates III,Light Bluish Gray,321
Pirates III,Lime,14
Pirates III,Orange,2
Pirates III,Pearl Gold,95
Pirates III,Pearl Titanium,8
Pirates III,Red,128
Pirates III,Reddish Brown,335
Pirates III,Tan,96
Pirates III,Trans-Brown,2
Pirates III,Trans-Clear,4
Pirates III,Trans-Dark Blue,2
Pirates III,Trans-Green,11
Pirates III,Trans-Light Blue,2
Pirates III,Trans-Orange,10
Pirates III,Trans-Red,6
Pirates III,Trans-Yellow,15
Pirates III,White,350
Pirates III,Yellow,12
Pirates III,[No Color/Any Color],1
Pirates of the Caribbean,Black,2276
Pirates of the Caribbean,Blue,81
Pirates of the Caribbean,Bright Green,4
Pirates of the Caribbean,Chrome Gold,42
Pirates of the Caribbean,Dark Blue,30
Pirates of the Caribbean,Dark Bluish Gray,1783
Pirates of the Caribbean,Dark Brown,404
Pirates of the Caribbean,Dark Green,124
Pirates of the Caribbean,Dark Orange,16
Pirates of the Caribbean,Dark Red,22
Pirates of the Caribbean,Dark Tan,324
Pirates of the Caribbean,Flat Silver,4
Pirates of the Caribbean,Green,19
Pirates of the Caribbean,Light Bluish Gray,1009
Pirates of the Caribbean,Lime,4
Pirates of the Caribbean,Medium Nougat,76
Pirates of the Caribbean,Metallic Gold,6
Pirates of the Caribbean,Metallic Silver,2
Pirates of the Caribbean,Olive Green,50
Pirates of the Caribbean,Orange,1
Pirates of the Caribbean,Pearl Gold,367
Pirates of the Caribbean,Pearl Titanium,13
Pirates of the Caribbean,Red,83
Pirates of the Caribbean,Reddish Brown,1063
Pirates of the Caribbean,Sand Green,34
Pirates of the Caribbean,Tan,222
Pirates of the Caribbean,Trans-Black,1
Pirates of the Caribbean,Trans-Brown,17
Pirates of the Caribbean,Trans-Clear,21
Pirates of the Caribbean,Trans-Green,1
Pirates of the Caribbean,Trans-Light Blue,26
Pirates of the Caribbean,Trans-Neon Orange,52
Pirates of the Caribbean,Trans-Orange,27
Pirates of the Caribbean,Trans-Yellow,17
Pirates of the Caribbean,White,172
Pirates of the Caribbean,Yellow,23
Pirates of the Caribbean,[No Color/Any Color],25
Planes,Black,11
Planes,Blue,13
Planes,Bright Green,18
Planes,Bright Light Blue,2
Planes,Dark Bluish Gray,5
Planes,Dark Orange,3
Planes,Flat Silver,5
Planes,Green,3
Planes,Light Bluish Gray,9
Planes,Lime,8
Planes,Medium Azure,14
Planes,Orange,8
Planes,Red,18
Planes,Trans-Light Blue,3
Planes,Trans-Orange,2
Planes,White,8
Planes,Yellow,9
Playhouse,Black,25
Playhouse,Blue,131
Playhouse,Bright Green,17
Playhouse,Bright Light Blue,28
Playhouse,Bright Light Orange,14
Playhouse,Bright Light Yellow,93
Playhouse,Bright Pink,82
Playhouse,Brown,8
Playhouse,Coral,14
Playhouse,Dark Azure,12
Playhouse,Dark Orange,4
Playhouse,Dark Pink,30
Playhouse,Dark Purple,1
Playhouse,Dark Tan,1
Playhouse,Duplo Lime,5
Playhouse,Duplo Pink,27
Playhouse,Fabuland Lime,13
Playhouse,Flat Silver,1
Playhouse,Glitter Trans-Dark Pink,2
Playhouse,Green,57
Playhouse,Lavender,4
Playhouse,Light Aqua,27
Playhouse,Light Bluish Gray,3
Playhouse,Light Gray,16
Playhouse,Light Green,13
Playhouse,Light Lilac,2
Playhouse,Light Pink,21
Playhouse,Light Yellow,1
Playhouse,Lime,29
Playhouse,Maersk Blue,25
Playhouse,Magenta,9
Playhouse,Medium Azure,17
Playhouse,Medium Blue,14
Playhouse,Medium Dark Pink,77
Playhouse,Medium Green,65
Playhouse,Medium Lavender,5
Playhouse,Medium Lime,8
Playhouse,Medium Nougat,15
Playhouse,Medium Orange,1
Playhouse,Opal Trans-Clear,1
Playhouse,Orange,25
Playhouse,Pearl Gold,4
Playhouse,Pearl Light Gray,8
Playhouse,Red,252
Playhouse,Reddish Brown,3
Playhouse,Sand Green,2
Playhouse,Tan,38
Playhouse,Trans-Clear,15
Playhouse,Trans-Dark Pink,1
Playhouse,Trans-Light Blue,5
Playhouse,Trans-Light Bright Green,6
Playhouse,Warm Yellowish Orange,2
Playhouse,White,588
Playhouse,Yellow,255
Playhouse,Yellowish Green,3
Playhouse,[No Color/Any Color],19
Playsets,Black,1831
Playsets,Blue,147
Playsets,Bright Green,14
Playsets,Bright Light Orange,20
Playsets,Dark Blue,265
Playsets,Dark Bluish Gray,1740
Playsets,Dark Green,8
Playsets,Dark Red,592
Playsets,Flat Dark Gold,7
Playsets,Glow In Dark Trans,21
Playsets,Green,32
Playsets,Light Bluish Gray,846
Playsets,Light Brown,8
Playsets,Pearl Dark Gray,7
Playsets,Pearl Gold,6
Playsets,Pearl Light Gray,541
Playsets,Red,278
Playsets,Reddish Brown,5
Playsets,Tan,46
Playsets,Trans-Brown,4
Playsets,Trans-Dark Blue,4
Playsets,Trans-Light Blue,3
Playsets,Trans-Medium Blue,18
Playsets,Trans-Neon Green,32
Playsets,Trans-Neon Orange,39
Playsets,Trans-Orange,25
Playsets,Trans-Red,30
Playsets,Trans-Yellow,12
Playsets,White,192
Playsets,Yellow,10
Playsets,[No Color/Any Color],6
Pokémon,Black,1178
Pokémon,Blue,329
Pokémon,Bright Green,211
Pokémon,Bright Light Blue,61
Pokémon,Bright Light Orange,41
Pokémon,Bright Light Yellow,102
Pokémon,Bright Pink,74
Pokémon,Chrome Gold,6
Pokémon,Coral,6
Pokémon,Dark Azure,267
Pokémon,Dark Blue,102
Pokémon,Dark Bluish Gray,633
Pokémon,Dark Brown,19
Pokémon,Dark Green,93
Pokémon,Dark Orange,135
Pokémon,Dark Pink,174
Pokémon,Dark Purple,7
Pokémon,Dark Red,4
Pokémon,Dark Tan,241
Pokémon,Dark Turquoise,65
Pokémon,Green,100
Pokémon,Lavender,4
Pokémon,Light Bluish Gray,494
Pokémon,Lime,130
Pokémon,Magenta,107
Pokémon,Medium Azure,895
Pokémon,Medium Lavender,61
Pokémon,Medium Nougat,584
Pokémon,Olive Green,12
Pokémon,Opal Trans-Bright Green,31
Pokémon,Opal Trans-Light Blue,7
Pokémon,Orange,642
Pokémon,Pearl Gold,46
Pokémon,Red,362
Pokémon,Reddish Brown,354
Pokémon,Reddish Orange,189
Pokémon,Sand Green,71
Pokémon,Tan,497
Pokémon,Trans-Clear,13
Pokémon,Trans-Green,3
Pokémon,Trans-Light Blue,136
Pokémon,Trans-Orange,4
Pokémon,Trans-Red,10
Pokémon,Trans-Yellow,16
Pokémon,White,623
Pokémon,Yellow,1042
Pokémon,Yellowish Green,6
Pokémon,[No Color/Any Color],2
Police,Black,6809
Police,Blue,3528
Police,Bright Green,43
Police,Bright Light Blue,1
Police,Bright Light Orange,12
Police,Bright Light Yellow,129
Police,Bright Pink,3
Police,Coral,1
Police,Dark Azure,29
Police,Dark Blue,878
Police,Dark Bluish Gray,5051
Police,Dark Brown,32
Police,Dark Green,163
Police,Dark Orange,80
Police,Dark Pink,15
Police,Dark Purple,1
Police,Dark Red,261
Police,Dark Tan,251
Police,Dark Turquoise,20
Police,Flat Silver,172
Police,Glow in Dark White,9
Police,Green,550
Police,Light Aqua,4
Police,Light Bluish Gray,6439
Police,Light Gray,164
Police,Lime,108
Police,Magenta,13
Police,Medium Azure,44
Police,Medium Lavender,2
Police,Medium Nougat,324
Police,Metallic Gold,25
Police,Metallic Silver,1
Police,Milky White,2
Police,Olive Green,64
Police,Orange,128
Police,Pearl Gold,92
Police,Pearl Light Gray,1
Police,Pearl Titanium,81
Police,Red,1682
Police,Reddish Brown,775
Police,Reddish Orange,17
Police,Sand Blue,20
Police,Sand Green,23
Police,Tan,686
Police,Trans-Brown,191
Police,Trans-Clear,499
Police,Trans-Dark Blue,1007
Police,Trans-Dark Pink,4
Police,Trans-Green,159
Police,Trans-Light Blue,604
Police,Trans-Neon Green,10
Police,Trans-Orange,256
Police,Trans-Purple,1
Police,Trans-Red,821
Police,Trans-Yellow,673
Police,Vibrant Yellow,350
Police,White,8285
Police,Yellow,1408
Police,[No Color/Any Color],120
Power Functions,Black,18
Power Functions,Dark Bluish Gray,10
Power Functions,Light Bluish Gray,28
Power Functions,White,2
Power Miners,Black,1268
Power Miners,Blue,267
Power Miners,Bright Green,2
Power Miners,Dark Bluish Gray,941
Power Miners,Dark Brown,8
Power Miners,Dark Tan,7
Power Miners,Flat Silver,17
Power Miners,Green,1
Power Miners,Light Bluish Gray,1002
Power Miners,Lime,1155
Power Miners,Metallic Silver,4
Power Miners,Orange,185
Power Miners,Pearl Light Gray,19
Power Miners,Red,136
Power Miners,Reddish Brown,27
Power Miners,Tan,107
Power Miners,Trans-Brown,15
Power Miners,Trans-Clear,162
Power Miners,Trans-Dark Blue,22
Power Miners,Trans-Green,1
Power Miners,Trans-Light Blue,6
Power Miners,Trans-Neon Green,41
Power Miners,Trans-Neon Orange,1
Power Miners,Trans-Orange,71
Power Miners,Trans-Red,26
Power Miners,White,161
Power Miners,Yellow,61
Power Miners,[No Color/Any Color],20
Powered Up,Black,13
Powered Up,Dark Bluish Gray,4
Powered Up,Light Bluish Gray,5
Powered Up,Trans-Clear,1
Powered Up,White,9
Primo,Blue,269
Primo,Bright Green,18
Primo,Bright Light Yellow,1
Primo,Dark Gray,1
Primo,Green,249
Primo,Light Gray,5
Primo,Light Yellow,1
Primo,Lime,5
Primo,Medium Blue,9
Primo,Medium Bluish Violet,1
Primo,Medium Dark Pink,2
Primo,Medium Lime,4
Primo,Medium Orange,1
Primo,Orange,10
Primo,Red,319
Primo,Sky Blue,13
Primo,Trans-Clear,2
Primo,Trans-Green,2
Primo,Trans-Light Blue,3
Primo,Trans-Yellow,2
Primo,Violet,1
Primo,White,30
Primo,Yellow,329
Primo,[No Color/Any Color],7
Prince of Persia,Black,182
Prince of Persia,Blue,11
Prince of Persia,Bright Green,6
Prince of Persia,Dark Bluish Gray,368
Prince of Persia,Dark Brown,26
Prince of Persia,Dark Orange,2
Prince of Persia,Dark Red,8
Prince of Persia,Dark Tan,94
Prince of Persia,Green,17
Prince of Persia,Light Bluish Gray,74
Prince of Persia,Medium Nougat,185
Prince of Persia,Pearl Gold,128
Prince of Persia,Pearl Light Gray,50
Prince of Persia,Red,19
Prince of Persia,Reddish Brown,159
Prince of Persia,Sand Blue,1
Prince of Persia,Speckle Black-Silver,2
Prince of Persia,Tan,304
Prince of Persia,Trans-Clear,3
Prince of Persia,Trans-Green,3
Prince of Persia,Trans-Neon Orange,17
Prince of Persia,Trans-Orange,4
Prince of Persia,Trans-Red,4
Prince of Persia,Trans-Yellow,18
Prince of Persia,White,370
Princess Castle,Bright Light Blue,15
Princess Castle,Bright Light Orange,7
Princess Castle,Bright Pink,30
Princess Castle,Chrome Gold,1
Princess Castle,Dark Pink,14
Princess Castle,Glitter Trans-Clear,9
Princess Castle,Glitter Trans-Dark Pink,11
Princess Castle,Light Lime,8
Princess Castle,Magenta,16
Princess Castle,Medium Blue,2
Princess Castle,Orange,3
Princess Castle,Pearl Gold,6
Princess Castle,Pearl Light Gray,2
Princess Castle,Pink,1
Princess Castle,Reddish Gold,7
Princess Castle,Sand Blue,2
Princess Castle,Trans-Dark Pink,6
Princess Castle,Trans-Light Blue,4
Princess Castle,Trans-Light Bright Green,6
Princess Castle,Trans-Orange,3
Princess Castle,Trans-Purple,1
Princess Castle,White,43
Princess Castle,Yellow,2
Princess Castle,[No Color/Any Color],7
Promotional,Black,4056
Promotional,Blue,685
Promotional,Bright Green,371
Promotional,Bright Light Blue,145
Promotional,Bright Light Orange,350
Promotional,Bright Light Yellow,114
Promotional,Bright Pink,201
Promotional,Chrome Gold,3
Promotional,Coral,103
Promotional,Dark Azure,108
Promotional,Dark Blue,219
Promotional,Dark Bluish Gray,1292
Promotional,Dark Brown,138
Promotional,Dark Gray,12
Promotional,Dark Green,233
Promotional,Dark Orange,289
Promotional,Dark Pink,245
Promotional,Dark Purple,81
Promotional,Dark Red,123
Promotional,Dark Tan,596
Promotional,Dark Turquoise,220
Promotional,Flat Silver,98
Promotional,Glitter Trans-Light Blue,1
Promotional,Glow in Dark White,5
Promotional,Green,825
Promotional,Lavender,18
Promotional,Light Aqua,49
Promotional,Light Bluish Gray,2708
Promotional,Light Gray,18
Promotional,Light Nougat,2
Promotional,Lime,320
Promotional,Magenta,113
Promotional,Medium Azure,278
Promotional,Medium Blue,45
Promotional,Medium Lavender,42
Promotional,Medium Nougat,441
Promotional,Metallic Gold,15
Promotional,Metallic Silver,7
Promotional,Olive Green,44
Promotional,Opal Trans-Bright Green,13
Promotional,Opal Trans-Clear,8
Promotional,Opal Trans-Dark Blue,3
Promotional,Opal Trans-Dark Pink,3
Promotional,Opal Trans-Light Blue,9
Promotional,Opal Trans-Purple,1
Promotional,Opal Trans-Yellow,1
Promotional,Orange,456
Promotional,Pearl Gold,280
Promotional,Pearl Titanium,7
Promotional,Red,2155
Promotional,Reddish Brown,1407
Promotional,Reddish Orange,11
Promotional,Sand Blue,13
Promotional,Sand Green,128
Promotional,Tan,1118
Promotional,Trans-Bright Green,20
Promotional,Trans-Brown,20
Promotional,Trans-Clear,371
Promotional,Trans-Dark Blue,35
Promotional,Trans-Dark Pink,59
Promotional,Trans-Green,30
Promotional,Trans-Light Blue,226
Promotional,Trans-Neon Green,1
Promotional,Trans-Neon Orange,2
Promotional,Trans-Orange,72
Promotional,Trans-Purple,9
Promotional,Trans-Red,148
Promotional,Trans-Yellow,158
Promotional,Vibrant Yellow,4
Promotional,White,3387
Promotional,Yellow,1829
Promotional,Yellowish Green,36
Promotional,[No Color/Any Color],57
Protectors,Black,98
Protectors,Blue,16
Protectors,Bright Green,1
Protectors,Bright Light Orange,6
Protectors,Dark Azure,1
Protectors,Dark Blue,2
Protectors,Dark Bluish Gray,41
Protectors,Dark Orange,5
Protectors,Dark Purple,6
Protectors,Dark Tan,5
Protectors,Flat Silver,33
Protectors,Light Bluish Gray,8
Protectors,Lime,2
Protectors,Pearl Titanium,25
Protectors,Red,19
Protectors,Reddish Brown,1
Protectors,Tan,2
Protectors,Trans-Bright Green,11
Protectors,Trans-Dark Blue,19
Protectors,Trans-Light Blue,30
Protectors,Trans-Neon Green,22
Protectors,Trans-Neon Orange,19
Protectors,Trans-Purple,5
Protectors,Trans-Red,2
Protectors,White,16
Protectors,Yellow,25
Protectors,Yellowish Green,2
Quatro,Blue,145
Quatro,Bright Green,142
Quatro,Green,1
Quatro,Light Purple,26
Quatro,Orange,73
Quatro,Red,60
Quatro,Yellow,77
RC,Black,899
RC,Blue,47
RC,Bright Green,6
RC,Chrome Silver,32
RC,Dark Bluish Gray,98
RC,Dark Gray,72
RC,Dark Red,2
RC,Green,156
RC,Light Bluish Gray,356
RC,Light Gray,285
RC,Lime,44
RC,Medium Orange,6
RC,Metal,4
RC,Orange,3
RC,Pearl Dark Gray,78
RC,Pearl Light Gray,52
RC,Red,152
RC,Tan,4
RC,Trans-Brown,4
RC,Trans-Clear,11
RC,Trans-Dark Blue,2
RC,Trans-Light Blue,11
RC,Trans-Neon Green,11
RC,Trans-Red,27
RC,White,83
RC,Yellow,203
RC,[No Color/Any Color],24
RCX,Black,3592
RCX,Blue,753
RCX,Bright Green,11
RCX,Brown,6
RCX,Chrome Gold,2
RCX,Chrome Silver,5
RCX,Dark Bluish Gray,18
RCX,Dark Gray,346
RCX,Dark Turquoise,88
RCX,Glow In Dark Opaque,3
RCX,Green,276
RCX,Light Bluish Gray,103
RCX,Light Gray,3700
RCX,Orange,21
RCX,Purple,66
RCX,Red,259
RCX,Rust,2
RCX,Tan,104
RCX,Trans-Clear,44
RCX,Trans-Dark Blue,34
RCX,Trans-Green,5
RCX,Trans-Neon Green,20
RCX,Trans-Neon Orange,20
RCX,Trans-Red,6
RCX,Trans-Yellow,4
RCX,White,361
RCX,Yellow,587
RCX,[No Color/Any Color],24
Race,Black,299
Race,Blue,56
Race,Brown,8
Race,Dark Gray,55
Race,Green,63
Race,Light Gray,203
Race,Orange,9
Race,Red,113
Race,Trans-Brown,1
Race,Trans-Dark Blue,1
Race,Trans-Green,1
Race,Trans-Light Blue,1
Race,Trans-Neon Green,38
Race,Trans-Neon Orange,65
Race,Trans-Red,3
Race,Trans-Yellow,2
Race,White,113
Race,Yellow,117
Race,[No Color/Any Color],3
Racers,Black,10306
Racers,Blue,1813
Racers,Bright Green,6
Racers,Brown,39
Racers,Chrome Silver,7
Racers,Dark Blue,85
Racers,Dark Bluish Gray,1519
Racers,Dark Gray,385
Racers,Dark Green,6
Racers,Dark Purple,3
Racers,Dark Red,13
Racers,Dark Tan,30
Racers,Dark Turquoise,4
Racers,Flat Silver,7
Racers,Glow In Dark Opaque,2
Racers,Glow In Dark Trans,45
Racers,Green,150
Racers,Light Bluish Gray,2187
Racers,Light Gray,1261
Racers,Lime,570
Racers,Medium Blue,104
Racers,Medium Lime,2
Racers,Medium Orange,23
Racers,Metallic Silver,234
Racers,Orange,426
Racers,Pearl Dark Gray,70
Racers,Pearl Light Gray,211
Racers,Purple,7
Racers,Red,1761
Racers,Sand Purple,2
Racers,Tan,263
Racers,Trans-Brown,93
Racers,Trans-Clear,102
Racers,Trans-Dark Blue,82
Racers,Trans-Green,40
Racers,Trans-Light Blue,48
Racers,Trans-Medium Blue,10
Racers,Trans-Neon Green,47
Racers,Trans-Neon Orange,28
Racers,Trans-Orange,67
Racers,Trans-Red,348
Racers,Trans-Yellow,100
Racers,Violet,4
Racers,White,2065
Racers,Yellow,1626
Racers,[No Color/Any Color],166
Rattles,Blue,10
Rattles,Green,1
Rattles,Red,31
Rattles,Yellow,25
Res-Q,Black,626
Res-Q,Blue,2
Res-Q,Chrome Silver,2
Res-Q,Dark Gray,59
Res-Q,Light Gray,242
Res-Q,Red,30
Res-Q,Trans-Dark Blue,35
Res-Q,Trans-Green,8
Res-Q,Trans-Neon Green,24
Res-Q,Trans-Red,46
Res-Q,Trans-Yellow,18
Res-Q,White,187
Res-Q,Yellow,245
Res-Q,[No Color/Any Color],7
RoboForce,Black,455
RoboForce,Blue,39
RoboForce,Dark Gray,6
RoboForce,Light Gray,310
RoboForce,Red,9
RoboForce,Trans-Dark Blue,11
RoboForce,Trans-Neon Green,67
RoboForce,Trans-Neon Orange,32
RoboForce,Trans-Red,4
RoboForce,White,11
RoboForce,Yellow,25
RoboForce,[No Color/Any Color],2
RoboRiders,Black,332
RoboRiders,Blue,3
RoboRiders,Chrome Silver,2
RoboRiders,Dark Gray,38
RoboRiders,Dark Turquoise,4
RoboRiders,Green,4
RoboRiders,Light Gray,109
RoboRiders,Lime,16
RoboRiders,Orange,9
RoboRiders,Pearl Light Gray,2
RoboRiders,Red,18
RoboRiders,Tan,14
RoboRiders,Trans-Light Blue,6
RoboRiders,Trans-Neon Green,8
RoboRiders,Trans-Neon Orange,2
RoboRiders,Trans-Red,2
RoboRiders,White,26
RoboRiders,Yellow,20
RoboRiders,[No Color/Any Color],1
Rock Raiders,Black,271
Rock Raiders,Brown,44
Rock Raiders,Chrome Silver,11
Rock Raiders,Dark Gray,234
Rock Raiders,Dark Turquoise,122
Rock Raiders,Light Gray,290
Rock Raiders,Red,8
Rock Raiders,Trans-Light Blue,1
Rock Raiders,Trans-Neon Green,97
Rock Raiders,Trans-Neon Orange,35
Rock Raiders,Yellow,189
Rock Raiders,[No Color/Any Color],9
Royal Knights,Black,527
Royal Knights,Blue,84
Royal Knights,Brown,66
Royal Knights,Chrome Silver,6
Royal Knights,Dark Gray,64
Royal Knights,Green,10
Royal Knights,Light Gray,555
Royal Knights,Red,45
Royal Knights,Trans-Dark Blue,4
Royal Knights,Trans-Green,4
Royal Knights,Trans-Neon Orange,8
Royal Knights,Trans-Red,10
Royal Knights,Trans-Yellow,12
Royal Knights,White,68
Royal Knights,Yellow,16
SPIKE,Black,1325
SPIKE,Blue,326
SPIKE,Bright Green,67
SPIKE,Bright Light Orange,40
SPIKE,Bright Light Yellow,1
SPIKE,Dark Azure,33
SPIKE,Dark Bluish Gray,32
SPIKE,Dark Pink,4
SPIKE,Flat Silver,8
SPIKE,Green,54
SPIKE,Light Bluish Gray,466
SPIKE,Magenta,217
SPIKE,Medium Azure,240
SPIKE,Medium Nougat,1
SPIKE,Orange,71
SPIKE,Red,335
SPIKE,Reddish Brown,6
SPIKE,Tan,158
SPIKE,Trans-Bright Green,1
SPIKE,Trans-Clear,25
SPIKE,Trans-Dark Pink,2
SPIKE,Trans-Green,30
SPIKE,Trans-Light Blue,48
SPIKE,Trans-Orange,10
SPIKE,Trans-Red,31
SPIKE,White,359
SPIKE,Yellow,551
SPIKE,[No Color/Any Color],2
Samsonite,Black,1699
Samsonite,Blue,1790
Samsonite,Green,119
Samsonite,HO Blue-gray,1
Samsonite,HO Dark Green,1
Samsonite,HO Dark Red,1
Samsonite,Light Gray,562
Samsonite,Metal,1
Samsonite,Milky White,18
Samsonite,Red,5456
Samsonite,Trans-Clear,899
Samsonite,White,5035
Samsonite,Yellow,1364
Samsonite,[No Color/Any Color],2
Scala,Aqua,68
Scala,Black,117
Scala,Blue,40
Scala,Bright Green,158
Scala,Brown,23
Scala,Chrome Gold,8
Scala,Chrome Silver,16
Scala,Dark Blue,4
Scala,Dark Gray,2
Scala,Dark Orange,2
Scala,Dark Turquoise,8
Scala,Earth Orange,27
Scala,Green,88
Scala,Light Blue,2
Scala,Light Gray,11
Scala,Light Green,64
Scala,Light Lime,7
Scala,Light Orange,28
Scala,Light Salmon,171
Scala,Light Turquoise,112
Scala,Light Violet,59
Scala,Light Yellow,50
Scala,Lime,4
Scala,Magenta,12
Scala,Medium Blue,39
Scala,Medium Dark Pink,28
Scala,Medium Green,83
Scala,Medium Lime,67
Scala,Medium Orange,63
Scala,Metallic Gold,1
Scala,Milky White,8
Scala,Nougat,56
Scala,Orange,280
Scala,Purple,1
Scala,Red,398
Scala,Rust,2
Scala,Salmon,183
Scala,Tan,1
Scala,Trans-Clear,53
Scala,Trans-Dark Blue,5
Scala,Trans-Dark Pink,4
Scala,Trans-Green,29
Scala,Trans-Light Blue,18
Scala,Trans-Neon Green,2
Scala,Trans-Neon Orange,8
Scala,Trans-Purple,2
Scala,Trans-Red,26
Scala,Trans-Yellow,3
Scala,Very Light Gray,36
Scala,Very Light Orange,1
Scala,Violet,9
Scala,White,672
Scala,Yellow,448
Scala,[No Color/Any Color],96
Scooby-Doo,Black,235
Scooby-Doo,Blue,26
Scooby-Doo,Bright Green,4
Scooby-Doo,Bright Pink,2
Scooby-Doo,Dark Bluish Gray,261
Scooby-Doo,Dark Brown,3
Scooby-Doo,Dark Green,28
Scooby-Doo,Dark Purple,84
Scooby-Doo,Dark Red,52
Scooby-Doo,Dark Tan,25
Scooby-Doo,Flat Silver,10
Scooby-Doo,Green,21
Scooby-Doo,Light Bluish Gray,288
Scooby-Doo,Lime,107
Scooby-Doo,Medium Azure,117
Scooby-Doo,Medium Blue,8
Scooby-Doo,Medium Nougat,4
Scooby-Doo,Metallic Gold,3
Scooby-Doo,Orange,38
Scooby-Doo,Pearl Gold,22
Scooby-Doo,Pearl Titanium,5
Scooby-Doo,Red,42
Scooby-Doo,Reddish Brown,243
Scooby-Doo,Sand Green,16
Scooby-Doo,Tan,33
Scooby-Doo,Trans-Clear,63
Scooby-Doo,Trans-Dark Blue,1
Scooby-Doo,Trans-Green,4
Scooby-Doo,Trans-Neon Green,1
Scooby-Doo,Trans-Neon Orange,2
Scooby-Doo,Trans-Orange,14
Scooby-Doo,Trans-Red,7
Scooby-Doo,Trans-Yellow,3
Scooby-Doo,White,111
Scooby-Doo,Yellow,28
Scooby-Doo,[No Color/Any Color],6
Sculptures,Black,20
Sculptures,Blue,356
Sculptures,Dark Gray,2
Sculptures,Green,1722
Sculptures,Light Gray,23
Sculptures,Red,681
Sculptures,Sand Green,2867
Sculptures,Tan,1
Sculptures,Trans-Clear,2
Sculptures,White,19
Sculptures,Yellow,599
Sculptures,[No Color/Any Color],1
Seasonal,Black,168
Seasonal,Blue,163
Seasonal,Bright Green,61
Seasonal,Bright Light Blue,11
Seasonal,Bright Light Orange,73
Seasonal,Bright Light Yellow,67
Seasonal,Bright Pink,175
Seasonal,Coral,23
Seasonal,Dark Azure,19
Seasonal,Dark Blue,10
Seasonal,Dark Bluish Gray,36
Seasonal,Dark Brown,10
Seasonal,Dark Green,22
Seasonal,Dark Orange,22
Seasonal,Dark Pink,97
Seasonal,Dark Purple,15
Seasonal,Dark Red,22
Seasonal,Dark Tan,32
Seasonal,Dark Turquoise,123
Seasonal,Flat Silver,4
Seasonal,Green,133
Seasonal,Lavender,22
Seasonal,Light Aqua,80
Seasonal,Light Bluish Gray,94
Seasonal,Lime,96
Seasonal,Magenta,36
Seasonal,Medium Azure,139
Seasonal,Medium Blue,1
Seasonal,Medium Lavender,33
Seasonal,Medium Nougat,42
Seasonal,Opal Trans-Clear,1
Seasonal,Orange,34
Seasonal,Pearl Gold,40
Seasonal,Red,276
Seasonal,Reddish Brown,413
Seasonal,Reddish Orange,2
Seasonal,Sand Green,8
Seasonal,Tan,159
Seasonal,Trans-Clear,59
Seasonal,Trans-Dark Blue,3
Seasonal,Trans-Green,1
Seasonal,Trans-Light Blue,40
Seasonal,Trans-Orange,50
Seasonal,Trans-Red,2
Seasonal,Trans-Yellow,2
Seasonal,White,1025
Seasonal,Yellow,286
Seasonal,Yellowish Green,14
Seasonal,[No Color/Any Color],11
Series 1 Minifigures,Black,21
Series 1 Minifigures,Blue,1
Series 1 Minifigures,Dark Bluish Gray,3
Series 1 Minifigures,Dark Orange,1
Series 1 Minifigures,Light Bluish Gray,2
Series 1 Minifigures,Orange,2
Series 1 Minifigures,Pearl Gold,3
Series 1 Minifigures,Pearl Light Gray,1
Series 1 Minifigures,Red,1
Series 1 Minifigures,Reddish Brown,3
Series 1 Minifigures,Trans-Brown,1
Series 1 Minifigures,Trans-Light Blue,1
Series 1 Minifigures,White,5
Series 10 Minifigures,Black,21
Series 10 Minifigures,Chrome Gold,2
Series 10 Minifigures,Dark Brown,2
Series 10 Minifigures,Flat Silver,1
Series 10 Minifigures,Light Bluish Gray,4
Series 10 Minifigures,Medium Azure,1
Series 10 Minifigures,Medium Nougat,1
Series 10 Minifigures,Reddish Brown,4
Series 10 Minifigures,Trans-Clear,1
Series 10 Minifigures,White,3
Series 11 Minifigures,Black,17
Series 11 Minifigures,Bright Pink,1
Series 11 Minifigures,Dark Bluish Gray,2
Series 11 Minifigures,Dark Pink,2
Series 11 Minifigures,Flat Silver,2
Series 11 Minifigures,Light Bluish Gray,2
Series 11 Minifigures,Medium Nougat,2
Series 11 Minifigures,Orange,1
Series 11 Minifigures,Pearl Gold,1
Series 11 Minifigures,Red,3
Series 11 Minifigures,Reddish Brown,4
Series 11 Minifigures,Trans-Clear,3
Series 11 Minifigures,Trans-Medium Blue,1
Series 11 Minifigures,Trans-Neon Green,1
Series 11 Minifigures,White,1
Series 12 Minifigures,Black,18
Series 12 Minifigures,Bright Green,1
Series 12 Minifigures,Dark Bluish Gray,2
Series 12 Minifigures,Dark Brown,3
Series 12 Minifigures,Flat Silver,1
Series 12 Minifigures,Green,1
Series 12 Minifigures,Light Bluish Gray,1
Series 12 Minifigures,Lime,1
Series 12 Minifigures,Medium Nougat,1
Series 12 Minifigures,Orange,1
Series 12 Minifigures,Pearl Gold,2
Series 12 Minifigures,Pearl Titanium,1
Series 12 Minifigures,Red,3
Series 12 Minifigures,Reddish Brown,1
Series 12 Minifigures,Trans-Dark Blue,1
Series 12 Minifigures,White,5
Series 13 Minifigures,Black,20
Series 13 Minifigures,Dark Bluish Gray,1
Series 13 Minifigures,Dark Brown,1
Series 13 Minifigures,Dark Green,1
Series 13 Minifigures,Dark Orange,1
Series 13 Minifigures,Flat Silver,3
Series 13 Minifigures,Light Bluish Gray,1
Series 13 Minifigures,Pearl Gold,4
Series 13 Minifigures,Pearl Titanium,2
Series 13 Minifigures,Reddish Brown,1
Series 13 Minifigures,Tan,3
Series 13 Minifigures,Trans-Neon Green,1
Series 13 Minifigures,Trans-Neon Orange,1
Series 13 Minifigures,White,3
Series 14 Minifigures,Black,21
Series 14 Minifigures,Flat Silver,2
Series 14 Minifigures,Lime,2
Series 14 Minifigures,Orange,1
Series 14 Minifigures,Red,2
Series 14 Minifigures,Reddish Brown,1
Series 14 Minifigures,Tan,1
Series 14 Minifigures,Trans-Clear,1
Series 14 Minifigures,White,3
Series 15 Minifigures,Black,18
Series 15 Minifigures,Dark Tan,1
Series 15 Minifigures,Flat Silver,2
Series 15 Minifigures,Light Bluish Gray,2
Series 15 Minifigures,Nougat,1
Series 15 Minifigures,Pearl Gold,2
Series 15 Minifigures,Pearl Titanium,3
Series 15 Minifigures,Reddish Brown,3
Series 15 Minifigures,Tan,2
Series 15 Minifigures,Trans-Clear,1
Series 15 Minifigures,Trans-Dark Blue,1
Series 15 Minifigures,White,3
Series 16 Minifigures,Black,28
Series 16 Minifigures,Dark Bluish Gray,1
Series 16 Minifigures,Flat Silver,3
Series 16 Minifigures,Light Aqua,1
Series 16 Minifigures,Medium Blue,1
Series 16 Minifigures,Medium Nougat,1
Series 16 Minifigures,Orange,1
Series 16 Minifigures,Red,1
Series 16 Minifigures,Reddish Brown,1
Series 16 Minifigures,Tan,1
Series 16 Minifigures,Trans-Clear,5
Series 16 Minifigures,Trans-Orange,1
Series 16 Minifigures,White,1
Series 17 Minifigures,Black,18
Series 17 Minifigures,Dark Blue,1
Series 17 Minifigures,Dark Pink,4
Series 17 Minifigures,Dark Red,1
Series 17 Minifigures,Light Bluish Gray,6
Series 17 Minifigures,Lime,1
Series 17 Minifigures,Medium Blue,1
Series 17 Minifigures,Medium Nougat,2
Series 17 Minifigures,Pearl Gold,2
Series 17 Minifigures,Pearl Titanium,4
Series 17 Minifigures,Tan,2
Series 17 Minifigures,Trans-Light Blue,1
Series 17 Minifigures,White,5
Series 18 Minifigures,Black,1
Series 18 Minifigures,Blue,1
Series 18 Minifigures,Bright Light Orange,1
Series 18 Minifigures,Dark Purple,1
Series 18 Minifigures,Medium Azure,1
Series 18 Minifigures,Medium Nougat,2
Series 18 Minifigures,Orange,18
Series 18 Minifigures,Pearl Gold,1
Series 18 Minifigures,Red,2
Series 18 Minifigures,Tan,1
Series 18 Minifigures,Trans-Dark Pink,1
Series 18 Minifigures,Trans-Green,1
Series 18 Minifigures,White,4
Series 18 Minifigures,Yellow,3
Series 19 Minifigures,Black,22
Series 19 Minifigures,Blue,1
Series 19 Minifigures,Bright Green,5
Series 19 Minifigures,Bright Light Orange,2
Series 19 Minifigures,Coral,2
Series 19 Minifigures,Dark Blue,2
Series 19 Minifigures,Dark Tan,1
Series 19 Minifigures,Medium Azure,1
Series 19 Minifigures,Pearl Gold,4
Series 19 Minifigures,Pearl Titanium,1
Series 19 Minifigures,Red,3
Series 19 Minifigures,Reddish Brown,3
Series 19 Minifigures,Tan,1
Series 19 Minifigures,Trans-Light Blue,3
Series 19 Minifigures,Trans-Red,1
Series 19 Minifigures,White,9
Series 2 Minifigures,Black,23
Series 2 Minifigures,Dark Blue,1
Series 2 Minifigures,Dark Bluish Gray,2
Series 2 Minifigures,Light Bluish Gray,2
Series 2 Minifigures,Medium Nougat,1
Series 2 Minifigures,Metallic Gold,2
Series 2 Minifigures,Pearl Dark Gray,1
Series 2 Minifigures,Pearl Gold,1
Series 2 Minifigures,Red,4
Series 2 Minifigures,Reddish Brown,1
Series 2 Minifigures,Tan,1
Series 2 Minifigures,White,9
Series 20 Minifigures,Black,48
Series 20 Minifigures,Bright Green,6
Series 20 Minifigures,Bright Light Yellow,2
Series 20 Minifigures,Dark Azure,2
Series 20 Minifigures,Dark Bluish Gray,7
Series 20 Minifigures,Dark Red,1
Series 20 Minifigures,Dark Turquoise,2
Series 20 Minifigures,Flat Silver,2
Series 20 Minifigures,Light Bluish Gray,6
Series 20 Minifigures,Olive Green,2
Series 20 Minifigures,Orange,3
Series 20 Minifigures,Red,10
Series 20 Minifigures,Reddish Brown,5
Series 20 Minifigures,Tan,2
Series 20 Minifigures,Trans-Brown,3
Series 20 Minifigures,Trans-Clear,6
Series 20 Minifigures,Trans-Green,2
Series 20 Minifigures,White,13
Series 21 Minifigures,Black,25
Series 21 Minifigures,Bright Green,1
Series 21 Minifigures,Dark Brown,2
Series 21 Minifigures,Dark Orange,1
Series 21 Minifigures,Dark Tan,3
Series 21 Minifigures,Dark Turquoise,2
Series 21 Minifigures,Flat Silver,1
Series 21 Minifigures,Light Bluish Gray,2
Series 21 Minifigures,Medium Nougat,1
Series 21 Minifigures,Orange,1
Series 21 Minifigures,Pearl Gold,1
Series 21 Minifigures,Pearl Titanium,1
Series 21 Minifigures,Red,3
Series 21 Minifigures,Reddish Brown,2
Series 21 Minifigures,Sand Blue,1
Series 21 Minifigures,Trans-Dark Blue,2
Series 21 Minifigures,Trans-Green,1
Series 21 Minifigures,Trans-Light Blue,1
Series 21 Minifigures,Trans-Red,1
Series 21 Minifigures,White,7
Series 22 Minifigures,Black,20
Series 22 Minifigures,Bright Green,2
Series 22 Minifigures,Dark Green,2
Series 22 Minifigures,Dark Orange,1
Series 22 Minifigures,Dark Pink,1
Series 22 Minifigures,Dark Turquoise,1
Series 22 Minifigures,Flat Silver,6
Series 22 Minifigures,Green,1
Series 22 Minifigures,Light Bluish Gray,2
Series 22 Minifigures,Lime,1
Series 22 Minifigures,Magenta,2
Series 22 Minifigures,Medium Blue,1
Series 22 Minifigures,Medium Nougat,1
Series 22 Minifigures,Orange,1
Series 22 Minifigures,Pearl Gold,4
Series 22 Minifigures,Red,10
Series 22 Minifigures,Reddish Brown,2
Series 22 Minifigures,Trans-Bright Green,3
Series 22 Minifigures,Trans-Clear,3
Series 22 Minifigures,Trans-Light Blue,1
Series 22 Minifigures,Trans-Purple,3
Series 22 Minifigures,White,6
Series 23 Minifigures,Black,12
Series 23 Minifigures,Bright Green,2
Series 23 Minifigures,Dark Brown,1
Series 23 Minifigures,Dark Orange,2
Series 23 Minifigures,Dark Pink,1
Series 23 Minifigures,Flat Silver,2
Series 23 Minifigures,Light Bluish Gray,1
Series 23 Minifigures,Medium Azure,3
Series 23 Minifigures,Medium Nougat,3
Series 23 Minifigures,Orange,2
Series 23 Minifigures,Pearl Gold,5
Series 23 Minifigures,Red,3
Series 23 Minifigures,Reddish Brown,3
Series 23 Minifigures,Trans-Clear,1
Series 23 Minifigures,White,9
Series 24 Minifigures,Black,14
Series 24 Minifigures,Dark Bluish Gray,6
Series 24 Minifigures,Dark Brown,2
Series 24 Minifigures,Dark Orange,3
Series 24 Minifigures,Dark Pink,4
Series 24 Minifigures,Dark Tan,1
Series 24 Minifigures,Flat Silver,1
Series 24 Minifigures,Light Bluish Gray,5
Series 24 Minifigures,Lime,2
Series 24 Minifigures,Medium Nougat,1
Series 24 Minifigures,Orange,1
Series 24 Minifigures,Red,1
Series 24 Minifigures,Reddish Brown,2
Series 24 Minifigures,Sand Green,5
Series 24 Minifigures,Tan,2
Series 24 Minifigures,White,3
Series 24 Minifigures,Yellow,1
Series 25 Minifigures,Black,25
Series 25 Minifigures,Dark Azure,1
Series 25 Minifigures,Flat Silver,3
Series 25 Minifigures,Light Bluish Gray,1
Series 25 Minifigures,Lime,1
Series 25 Minifigures,Pearl Gold,4
Series 25 Minifigures,Red,2
Series 25 Minifigures,Reddish Brown,2
Series 25 Minifigures,Tan,1
Series 25 Minifigures,Trans-Clear,1
Series 25 Minifigures,Trans-Red,2
Series 25 Minifigures,White,7
Series 26 Minifigures,Black,20
Series 26 Minifigures,Blue,1
Series 26 Minifigures,Dark Bluish Gray,1
Series 26 Minifigures,Dark Purple,1
Series 26 Minifigures,Flat Silver,2
Series 26 Minifigures,Light Aqua,1
Series 26 Minifigures,Light Bluish Gray,8
Series 26 Minifigures,Lime,3
Series 26 Minifigures,Medium Lavender,1
Series 26 Minifigures,Pearl Gold,1
Series 26 Minifigures,Red,5
Series 26 Minifigures,Trans-Clear,2
Series 26 Minifigures,Trans-Orange,1
Series 26 Minifigures,Trans-Purple,2
Series 26 Minifigures,Trans-Yellow,2
Series 26 Minifigures,White,11
Series 27 Minifigures,Black,20
Series 27 Minifigures,Bright Green,2
Series 27 Minifigures,Dark Azure,3
Series 27 Minifigures,Dark Bluish Gray,3
Series 27 Minifigures,Dark Pink,1
Series 27 Minifigures,Dark Red,2
Series 27 Minifigures,Flat Silver,1
Series 27 Minifigures,Green,2
Series 27 Minifigures,Light Bluish Gray,2
Series 27 Minifigures,Lime,1
Series 27 Minifigures,Medium Nougat,1
Series 27 Minifigures,Pearl Gold,3
Series 27 Minifigures,Red,5
Series 27 Minifigures,Reddish Brown,2
Series 27 Minifigures,Sand Blue,1
Series 27 Minifigures,Tan,1
Series 27 Minifigures,Trans-Light Blue,1
Series 27 Minifigures,White,8
Series 28 Minifigures,Bright Green,3
Series 28 Minifigures,Bright Light Blue,1
Series 28 Minifigures,Dark Azure,1
Series 28 Minifigures,Dark Orange,1
Series 28 Minifigures,Dark Pink,1
Series 28 Minifigures,Dark Tan,1
Series 28 Minifigures,Lime,12
Series 28 Minifigures,Medium Azure,2
Series 28 Minifigures,Medium Nougat,2
Series 28 Minifigures,Opal Trans-Clear,2
Series 28 Minifigures,Opal Trans-Light Blue,2
Series 28 Minifigures,Reddish Brown,2
Series 28 Minifigures,White,8
Series 28 Minifigures,Yellow,4
Series 29 Minifigures,Black,12
Series 29 Minifigures,Dark Blue,2
Series 29 Minifigures,Dark Orange,2
Series 29 Minifigures,Flat Silver,2
Series 29 Minifigures,Light Bluish Gray,2
Series 29 Minifigures,Magenta,2
Series 29 Minifigures,Opal Trans-Clear,3
Series 29 Minifigures,Opal Trans-Dark Pink,1
Series 29 Minifigures,Orange,2
Series 29 Minifigures,Pearl Gold,8
Series 29 Minifigures,Red,2
Series 29 Minifigures,Reddish Brown,3
Series 29 Minifigures,Tan,2
Series 29 Minifigures,Trans-Clear,6
Series 29 Minifigures,Trans-Dark Pink,2
Series 29 Minifigures,Trans-Orange,3
Series 29 Minifigures,White,10
Series 3 Minifigures,Black,20
Series 3 Minifigures,Dark Blue,1
Series 3 Minifigures,Dark Red,1
Series 3 Minifigures,Light Bluish Gray,1
Series 3 Minifigures,Metallic Copper,1
Series 3 Minifigures,Pearl Gold,1
Series 3 Minifigures,Pearl Titanium,2
Series 3 Minifigures,Red,1
Series 3 Minifigures,Reddish Brown,4
Series 3 Minifigures,Sand Green,1
Series 3 Minifigures,Trans-Brown,1
Series 3 Minifigures,Trans-Purple,1
Series 3 Minifigures,Trans-Red,1
Series 3 Minifigures,White,2
Series 3 Minifigures,Yellow,1
Series 4 Minifigures,Black,23
Series 4 Minifigures,Dark Brown,2
Series 4 Minifigures,Dark Red,1
Series 4 Minifigures,Flat Silver,7
Series 4 Minifigures,Medium Nougat,1
Series 4 Minifigures,Metallic Silver,1
Series 4 Minifigures,Reddish Brown,2
Series 4 Minifigures,Trans-Clear,1
Series 4 Minifigures,White,5
Series 5 Minifigures,Black,19
Series 5 Minifigures,Dark Bluish Gray,2
Series 5 Minifigures,Dark Brown,1
Series 5 Minifigures,Green,1
Series 5 Minifigures,Lavender,1
Series 5 Minifigures,Medium Nougat,1
Series 5 Minifigures,Pearl Titanium,5
Series 5 Minifigures,Reddish Brown,4
Series 5 Minifigures,Sand Green,1
Series 5 Minifigures,White,2
Series 5 Minifigures,Yellow,1
Series 6 Minifigures,Black,22
Series 6 Minifigures,Dark Brown,1
Series 6 Minifigures,Dark Pink,1
Series 6 Minifigures,Dark Red,1
Series 6 Minifigures,Flat Silver,3
Series 6 Minifigures,Light Bluish Gray,2
Series 6 Minifigures,Medium Nougat,1
Series 6 Minifigures,Pearl Gold,4
Series 6 Minifigures,Pearl Titanium,1
Series 6 Minifigures,Red,1
Series 6 Minifigures,Reddish Brown,2
Series 6 Minifigures,Sand Green,2
Series 6 Minifigures,Trans-Bright Green,1
Series 6 Minifigures,Trans-Light Blue,3
Series 6 Minifigures,Trans-Orange,1
Series 6 Minifigures,White,3
Series 7 Minifigures,Black,20
Series 7 Minifigures,Bright Green,1
Series 7 Minifigures,Bright Pink,4
Series 7 Minifigures,Dark Blue,1
Series 7 Minifigures,Dark Bluish Gray,3
Series 7 Minifigures,Dark Brown,1
Series 7 Minifigures,Flat Silver,1
Series 7 Minifigures,Green,2
Series 7 Minifigures,Medium Nougat,1
Series 7 Minifigures,Orange,1
Series 7 Minifigures,Pearl Gold,3
Series 7 Minifigures,Pearl Titanium,1
Series 7 Minifigures,Trans-Dark Blue,1
Series 7 Minifigures,White,3
Series 7 Minifigures,Yellow,4
Series 8 Minifigures,Black,17
Series 8 Minifigures,Dark Bluish Gray,2
Series 8 Minifigures,Flat Silver,3
Series 8 Minifigures,Magenta,2
Series 8 Minifigures,Medium Azure,1
Series 8 Minifigures,Medium Nougat,2
Series 8 Minifigures,Pearl Gold,2
Series 8 Minifigures,Pearl Titanium,1
Series 8 Minifigures,Reddish Brown,2
Series 8 Minifigures,Trans-Dark Pink,2
Series 8 Minifigures,Trans-Red,1
Series 8 Minifigures,White,7
Series 9 Minifigures,Black,20
Series 9 Minifigures,Dark Bluish Gray,1
Series 9 Minifigures,Flat Silver,3
Series 9 Minifigures,Light Bluish Gray,1
Series 9 Minifigures,Metallic Gold,1
Series 9 Minifigures,Orange,1
Series 9 Minifigures,Red,1
Series 9 Minifigures,Reddish Brown,3
Series 9 Minifigures,Tan,1
Series 9 Minifigures,Trans-Clear,1
Series 9 Minifigures,Trans-Green,1
Series 9 Minifigures,White,2
Serious Play,Black,4939
Serious Play,Blue,1500
Serious Play,Bright Green,256
Serious Play,Bright Light Orange,4
Serious Play,Bright Light Yellow,1
Serious Play,Bright Pink,2
Serious Play,Brown,45
Serious Play,Chrome Gold,1100
Serious Play,Chrome Silver,4
Serious Play,Dark Blue,120
Serious Play,Dark Bluish Gray,2494
Serious Play,Dark Brown,5
Serious Play,Dark Gray,110
Serious Play,Dark Orange,14
Serious Play,Dark Pink,930
Serious Play,Dark Red,60
Serious Play,Dark Tan,2
Serious Play,Dark Turquoise,760
Serious Play,Flat Silver,255
Serious Play,Glitter Trans-Dark Pink,1
Serious Play,Glow In Dark Opaque,18
Serious Play,Green,2994
Serious Play,Light Bluish Gray,2393
Serious Play,Light Gray,425
Serious Play,Light Lilac,37
Serious Play,Light Nougat,40
Serious Play,Lime,1162
Serious Play,Magenta,30
Serious Play,Medium Azure,8
Serious Play,Medium Blue,253
Serious Play,Medium Dark Pink,87
Serious Play,Medium Green,156
Serious Play,Medium Nougat,6
Serious Play,Medium Orange,20
Serious Play,Metallic Gold,8
Serious Play,Metallic Silver,18
Serious Play,Nougat,7
Serious Play,Orange,2574
Serious Play,Pearl Gold,74
Serious Play,Pearl Light Gray,116
Serious Play,Pink,6
Serious Play,Purple,45
Serious Play,Red,2273
Serious Play,Reddish Brown,305
Serious Play,Sand Green,180
Serious Play,Tan,1354
Serious Play,Trans-Bright Green,12
Serious Play,Trans-Brown,42
Serious Play,Trans-Clear,420
Serious Play,Trans-Dark Blue,508
Serious Play,Trans-Dark Pink,307
Serious Play,Trans-Green,323
Serious Play,Trans-Light Blue,290
Serious Play,Trans-Neon Green,277
Serious Play,Trans-Neon Orange,79
Serious Play,Trans-Purple,160
Serious Play,Trans-Red,629
Serious Play,Trans-Yellow,228
Serious Play,Very Light Bluish Gray,6
Serious Play,White,3473
Serious Play,Yellow,2719
Service Packs,Black,2342
Service Packs,Blue,864
Service Packs,Bright Green,23
Service Packs,Bright Light Orange,15
Service Packs,Bright Pink,30
Service Packs,Brown,110
Service Packs,Chrome Blue,3
Service Packs,Chrome Gold,43
Service Packs,Chrome Silver,25
Service Packs,Dark Bluish Gray,38
Service Packs,Dark Gray,223
Service Packs,Dark Green,5
Service Packs,Dark Orange,10
Service Packs,Dark Pink,20
Service Packs,Dark Purple,10
Service Packs,Dark Tan,7
Service Packs,Dark Turquoise,19
Service Packs,Earth Orange,7
Service Packs,Fabuland Brown,1
Service Packs,Fabuland Red,1
Service Packs,Flat Silver,5
Service Packs,Glow In Dark Opaque,15
Service Packs,Green,331
Service Packs,Light Bluish Gray,156
Service Packs,Light Gray,1230
Service Packs,Light Green,10
Service Packs,Light Salmon,7
Service Packs,Light Turquoise,2
Service Packs,Light Violet,7
Service Packs,Light Yellow,3
Service Packs,Lime,60
Service Packs,Medium Blue,32
Service Packs,Medium Dark Pink,13
Service Packs,Medium Green,19
Service Packs,Medium Lime,4
Service Packs,Medium Nougat,5
Service Packs,Medium Orange,3
Service Packs,Milky White,14
Service Packs,Nougat,3
Service Packs,Orange,64
Service Packs,Pearl Gold,5
Service Packs,Pearl Titanium,5
Service Packs,Pink,7
Service Packs,Purple,4
Service Packs,Red,1714
Service Packs,Reddish Brown,90
Service Packs,Salmon,3
Service Packs,Sand Blue,1
Service Packs,Sand Green,2
Service Packs,Tan,108
Service Packs,Trans-Clear,80
Service Packs,Trans-Dark Blue,91
Service Packs,Trans-Green,84
Service Packs,Trans-Light Blue,37
Service Packs,Trans-Neon Green,70
Service Packs,Trans-Neon Orange,70
Service Packs,Trans-Orange,15
Service Packs,Trans-Red,144
Service Packs,Trans-Yellow,101
Service Packs,White,1096
Service Packs,Yellow,1008
Service Packs,[No Color/Any Color],16
Shrek,Black,52
Shrek,Blue,4
Shrek,Bright Green,24
Shrek,Bright Light Blue,1
Shrek,Bright Pink,5
Shrek,Dark Bluish Gray,76
Shrek,Dark Brown,131
Shrek,Dark Orange,55
Shrek,Dark Pink,1
Shrek,Dark Tan,131
Shrek,Dark Turquoise,15
Shrek,Flat Silver,1
Shrek,Green,41
Shrek,Light Bluish Gray,269
Shrek,Lime,156
Shrek,Orange,1
Shrek,Red,35
Shrek,Reddish Brown,62
Shrek,Tan,236
Shrek,Trans-Clear,2
Shrek,White,73
Shrek,Yellow,27
Skylines,Black,1081
Skylines,Blue,47
Skylines,Bright Green,8
Skylines,Bright Light Blue,27
Skylines,Bright Pink,19
Skylines,Dark Azure,4
Skylines,Dark Blue,125
Skylines,Dark Bluish Gray,496
Skylines,Dark Green,74
Skylines,Dark Orange,29
Skylines,Dark Red,83
Skylines,Dark Tan,27
Skylines,Dark Turquoise,1
Skylines,Flat Silver,22
Skylines,Green,128
Skylines,Light Bluish Gray,1278
Skylines,Lime,6
Skylines,Magenta,15
Skylines,Medium Azure,18
Skylines,Medium Blue,182
Skylines,Medium Nougat,10
Skylines,Metallic Gold,17
Skylines,Metallic Silver,3
Skylines,Olive Green,20
Skylines,Orange,9
Skylines,Pearl Gold,119
Skylines,Red,165
Skylines,Reddish Brown,274
Skylines,Sand Blue,117
Skylines,Sand Green,38
Skylines,Tan,1119
Skylines,Trans-Bright Green,3
Skylines,Trans-Brown,251
Skylines,Trans-Clear,264
Skylines,Trans-Dark Blue,42
Skylines,Trans-Dark Pink,4
Skylines,Trans-Green,4
Skylines,Trans-Light Blue,409
Skylines,Trans-Neon Green,2
Skylines,Trans-Orange,9
Skylines,Trans-Red,14
Skylines,Trans-Yellow,9
Skylines,White,1401
Skylines,Yellow,77
Soccer,Black,1063
Soccer,Blue,403
Soccer,Brown,4
Soccer,Chrome Gold,1
Soccer,Dark Blue-Violet,1
Soccer,Dark Bluish Gray,162
Soccer,Dark Gray,104
Soccer,Dark Green,2
Soccer,Green,1012
Soccer,Light Bluish Gray,132
Soccer,Light Gray,867
Soccer,Nougat,1
Soccer,Pearl Gold,1
Soccer,Pearl Light Gray,2
Soccer,Red,931
Soccer,Tan,1
Soccer,Trans-Brown,18
Soccer,Trans-Clear,11
Soccer,Trans-Dark Blue,5
Soccer,Trans-Light Blue,120
Soccer,Trans-Neon Green,58
Soccer,Trans-Red,51
Soccer,Trans-Yellow,65
Soccer,White,1923
Soccer,Yellow,88
Soccer,[No Color/Any Color],69
Sofia the First,Bright Green,3
Sofia the First,Bright Light Blue,3
Sofia the First,Bright Light Orange,2
Sofia the First,Bright Light Yellow,1
Sofia the First,Bright Pink,3
Sofia the First,Dark Bluish Gray,4
Sofia the First,Dark Orange,7
Sofia the First,Dark Pink,17
Sofia the First,Dark Purple,31
Sofia the First,Lavender,34
Sofia the First,Light Bluish Gray,3
Sofia the First,Medium Azure,1
Sofia the First,Medium Blue,1
Sofia the First,Medium Lavender,4
Sofia the First,Pearl Gold,3
Sofia the First,Red,4
Sofia the First,Reddish Brown,5
Sofia the First,Trans-Light Blue,2
Sofia the First,White,26
Sofia the First,Yellow,1
Soft Bricks,Blue,58
Soft Bricks,Green,62
Soft Bricks,Red,114
Soft Bricks,Yellow,80
Sonic The Hedgehog,Black,1693
Sonic The Hedgehog,Blue,361
Sonic The Hedgehog,Bright Green,75
Sonic The Hedgehog,Bright Light Blue,3
Sonic The Hedgehog,Bright Light Orange,109
Sonic The Hedgehog,Bright Light Yellow,2
Sonic The Hedgehog,Bright Pink,10
Sonic The Hedgehog,Chrome Gold,4
Sonic The Hedgehog,Coral,2
Sonic The Hedgehog,Dark Azure,24
Sonic The Hedgehog,Dark Blue,173
Sonic The Hedgehog,Dark Bluish Gray,744
Sonic The Hedgehog,Dark Brown,19
Sonic The Hedgehog,Dark Green,6
Sonic The Hedgehog,Dark Orange,35
Sonic The Hedgehog,Dark Pink,24
Sonic The Hedgehog,Dark Purple,9
Sonic The Hedgehog,Dark Red,7
Sonic The Hedgehog,Dark Tan,38
Sonic The Hedgehog,Dark Turquoise,12
Sonic The Hedgehog,Flat Silver,33
Sonic The Hedgehog,Green,80
Sonic The Hedgehog,Lavender,8
Sonic The Hedgehog,Light Aqua,7
Sonic The Hedgehog,Light Bluish Gray,1079
Sonic The Hedgehog,Light Nougat,2
Sonic The Hedgehog,Lime,303
Sonic The Hedgehog,Magenta,16
Sonic The Hedgehog,Medium Azure,70
Sonic The Hedgehog,Medium Lavender,12
Sonic The Hedgehog,Medium Nougat,141
Sonic The Hedgehog,Metallic Silver,5
Sonic The Hedgehog,Olive Green,1
Sonic The Hedgehog,Opal Trans-Bright Green,2
Sonic The Hedgehog,Opal Trans-Light Blue,1
Sonic The Hedgehog,Orange,152
Sonic The Hedgehog,Pearl Gold,10
Sonic The Hedgehog,Pearl Titanium,9
Sonic The Hedgehog,Red,968
Sonic The Hedgehog,Reddish Brown,281
Sonic The Hedgehog,Reddish Orange,21
Sonic The Hedgehog,Sand Green,11
Sonic The Hedgehog,Tan,150
Sonic The Hedgehog,Trans-Black,4
Sonic The Hedgehog,Trans-Bright Green,6
Sonic The Hedgehog,Trans-Clear,74
Sonic The Hedgehog,Trans-Dark Blue,7
Sonic The Hedgehog,Trans-Dark Pink,6
Sonic The Hedgehog,Trans-Green,32
Sonic The Hedgehog,Trans-Light Blue,74
Sonic The Hedgehog,Trans-Orange,51
Sonic The Hedgehog,Trans-Red,24
Sonic The Hedgehog,Trans-Yellow,28
Sonic The Hedgehog,Vibrant Yellow,6
Sonic The Hedgehog,Warm Tan,27
Sonic The Hedgehog,White,636
Sonic The Hedgehog,Yellow,408
Sonic The Hedgehog,Yellowish Green,1
Sonic The Hedgehog,[No Color/Any Color],1
Space,Black,1293
Space,Blue,630
Space,Bright Green,13
Space,Bright Light Orange,35
Space,Bright Light Yellow,7
Space,Brown,6
Space,Chrome Gold,2
Space,Dark Azure,20
Space,Dark Blue,5
Space,Dark Bluish Gray,635
Space,Dark Brown,1
Space,Dark Orange,74
Space,Dark Purple,8
Space,Dark Tan,76
Space,Dark Turquoise,10
Space,Flat Silver,64
Space,Green,6
Space,Light Aqua,10
Space,Light Bluish Gray,759
Space,Light Gray,53
Space,Lime,11
Space,Magenta,9
Space,Medium Azure,16
Space,Medium Lavender,7
Space,Medium Nougat,2
Space,Milky White,4
Space,Opal Trans-Dark Pink,7
Space,Opal Trans-Purple,85
Space,Orange,17
Space,Pearl Gold,150
Space,Pearl Titanium,7
Space,Red,120
Space,Reddish Brown,21
Space,Reddish Orange,283
Space,Sand Blue,268
Space,Tan,85
Space,Trans-Black,86
Space,Trans-Clear,71
Space,Trans-Dark Blue,5
Space,Trans-Dark Pink,14
Space,Trans-Green,2
Space,Trans-Light Blue,157
Space,Trans-Neon Green,6
Space,Trans-Orange,195
Space,Trans-Purple,10
Space,Trans-Red,11
Space,Trans-Yellow,15
Space,White,1687
Space,Yellow,103
Space,[No Color/Any Color],9
Space Police I,Black,675
Space Police I,Blue,371
Space Police I,Light Gray,9
Space Police I,Trans-Red,127
Space Police I,White,9
Space Police II,Black,774
Space Police II,Light Gray,385
Space Police II,Red,110
Space Police II,Trans-Green,65
Space Police II,White,11
Space Police III,Black,1479
Space Police III,Blue,180
Space Police III,Dark Bluish Gray,709
Space Police III,Dark Brown,1
Space Police III,Dark Purple,40
Space Police III,Dark Tan,2
Space Police III,Green,14
Space Police III,Light Bluish Gray,711
Space Police III,Lime,7
Space Police III,Metallic Gold,13
Space Police III,Orange,10
Space Police III,Pearl Gold,57
Space Police III,Pearl Light Gray,6
Space Police III,Red,236
Space Police III,Reddish Brown,66
Space Police III,Tan,26
Space Police III,Trans-Brown,3
Space Police III,Trans-Clear,36
Space Police III,Trans-Dark Blue,120
Space Police III,Trans-Green,129
Space Police III,Trans-Light Blue,2
Space Police III,Trans-Neon Green,34
Space Police III,Trans-Neon Orange,85
Space Police III,Trans-Orange,24
Space Police III,Trans-Purple,2
Space Police III,Trans-Red,169
Space Police III,Trans-Yellow,19
Space Police III,White,985
Space Police III,Yellow,148
Space Police III,[No Color/Any Color],14
Space Port,Black,275
Space Port,Blue,116
Space Port,Chrome Gold,8
Space Port,Chrome Green,2
Space Port,Dark Gray,30
Space Port,Light Gray,173
Space Port,Red,44
Space Port,Tan,10
Space Port,Trans-Clear,5
Space Port,Trans-Dark Blue,43
Space Port,Trans-Green,23
Space Port,Trans-Light Blue,1
Space Port,Trans-Neon Green,50
Space Port,Trans-Neon Orange,17
Space Port,Trans-Red,57
Space Port,Trans-Yellow,2
Space Port,White,447
Space Port,Yellow,103
Space Port,[No Color/Any Color],12
Speed Champions,Black,12643
Speed Champions,Blue,1358
Speed Champions,Blue Violet,2
Speed Champions,Bright Green,61
Speed Champions,Bright Light Blue,19
Speed Champions,Bright Light Orange,219
Speed Champions,Bright Light Yellow,3
Speed Champions,Bright Pink,27
Speed Champions,Chrome Silver,4
Speed Champions,Dark Azure,202
Speed Champions,Dark Blue,341
Speed Champions,Dark Bluish Gray,2790
Speed Champions,Dark Brown,10
Speed Champions,Dark Green,221
Speed Champions,Dark Orange,45
Speed Champions,Dark Pink,135
Speed Champions,Dark Purple,127
Speed Champions,Dark Red,152
Speed Champions,Dark Tan,95
Speed Champions,Dark Turquoise,114
Speed Champions,Flat Silver,422
Speed Champions,Green,396
Speed Champions,Light Aqua,20
Speed Champions,Light Bluish Gray,3898
Speed Champions,Light Nougat,1
Speed Champions,Lime,495
Speed Champions,Magenta,55
Speed Champions,Medium Azure,384
Speed Champions,Medium Blue,2
Speed Champions,Medium Lavender,2
Speed Champions,Medium Nougat,54
Speed Champions,Metallic Gold,19
Speed Champions,Metallic Silver,69
Speed Champions,Olive Green,30
Speed Champions,Opal Trans-Light Blue,15
Speed Champions,Orange,711
Speed Champions,Pearl Gold,158
Speed Champions,Pearl Titanium,146
Speed Champions,Red,3694
Speed Champions,Reddish Brown,118
Speed Champions,Reddish Orange,9
Speed Champions,Sand Blue,5
Speed Champions,Sand Green,3
Speed Champions,Tan,693
Speed Champions,Trans-Black,83
Speed Champions,Trans-Bright Green,3
Speed Champions,Trans-Brown,247
Speed Champions,Trans-Clear,379
Speed Champions,Trans-Dark Blue,19
Speed Champions,Trans-Dark Pink,14
Speed Champions,Trans-Green,39
Speed Champions,Trans-Light Blue,38
Speed Champions,Trans-Neon Orange,2
Speed Champions,Trans-Orange,117
Speed Champions,Trans-Red,307
Speed Champions,Trans-Yellow,64
Speed Champions,White,2514
Speed Champions,Yellow,1139
Speed Champions,[No Color/Any Color],123
Speed Racer,Black,502
Speed Racer,Blue,1
Speed Racer,Dark Bluish Gray,118
Speed Racer,Light Bluish Gray,138
Speed Racer,Lime,5
Speed Racer,Orange,42
Speed Racer,Pearl Light Gray,20
Speed Racer,Red,192
Speed Racer,Reddish Brown,6
Speed Racer,Tan,11
Speed Racer,Trans-Clear,17
Speed Racer,Trans-Red,3
Speed Racer,White,230
Speed Racer,Yellow,129
Speed Racer,[No Color/Any Color],5
Speed Slammers,Black,447
Speed Slammers,Blue,19
Speed Slammers,Dark Gray,7
Speed Slammers,Green,12
Speed Slammers,Light Gray,172
Speed Slammers,Pearl Light Gray,5
Speed Slammers,Red,63
Speed Slammers,White,23
Speed Slammers,Yellow,43
Speed Slammers,[No Color/Any Color],5
Speedorz,Black,399
Speedorz,Blue,66
Speedorz,Bright Green,10
Speedorz,Bright Light Orange,48
Speedorz,Dark Azure,15
Speedorz,Dark Blue,8
Speedorz,Dark Bluish Gray,330
Speedorz,Dark Brown,17
Speedorz,Dark Green,33
Speedorz,Dark Orange,1
Speedorz,Dark Purple,5
Speedorz,Dark Red,33
Speedorz,Dark Tan,27
Speedorz,Flat Silver,41
Speedorz,Green,115
Speedorz,Light Bluish Gray,238
Speedorz,Lime,61
Speedorz,Medium Azure,5
Speedorz,Olive Green,19
Speedorz,Orange,8
Speedorz,Pearl Gold,87
Speedorz,Pearl Titanium,12
Speedorz,Red,165
Speedorz,Reddish Brown,195
Speedorz,Tan,84
Speedorz,Trans-Bright Green,5
Speedorz,Trans-Clear,1
Speedorz,Trans-Dark Blue,11
Speedorz,Trans-Light Blue,326
Speedorz,Trans-Medium Blue,18
Speedorz,Trans-Neon Green,23
Speedorz,Trans-Neon Orange,6
Speedorz,Trans-Orange,76
Speedorz,Trans-Red,38
Speedorz,White,262
Speedorz,Yellow,40
Speedorz,Yellowish Green,2
Speedorz,[No Color/Any Color],170
Spider-Man,Black,6358
Spider-Man,Blue,983
Spider-Man,Bright Green,276
Spider-Man,Bright Light Blue,22
Spider-Man,Bright Light Orange,183
Spider-Man,Bright Light Yellow,13
Spider-Man,Bright Pink,59
Spider-Man,Brown,2
Spider-Man,Chrome Silver,7
Spider-Man,Dark Azure,86
Spider-Man,Dark Blue,599
Spider-Man,Dark Bluish Gray,3778
Spider-Man,Dark Brown,19
Spider-Man,Dark Gray,252
Spider-Man,Dark Green,212
Spider-Man,Dark Orange,118
Spider-Man,Dark Pink,63
Spider-Man,Dark Purple,83
Spider-Man,Dark Red,317
Spider-Man,Dark Tan,556
Spider-Man,Dark Turquoise,44
Spider-Man,Flat Silver,580
Spider-Man,Green,567
Spider-Man,Lavender,1
Spider-Man,Light Aqua,9
Spider-Man,Light Bluish Gray,6576
Spider-Man,Light Gray,286
Spider-Man,Light Nougat,6
Spider-Man,Lime,143
Spider-Man,Magenta,32
Spider-Man,Medium Azure,40
Spider-Man,Medium Blue,25
Spider-Man,Medium Brown,1
Spider-Man,Medium Lavender,4
Spider-Man,Medium Nougat,615
Spider-Man,Metallic Gold,4
Spider-Man,Metallic Silver,20
Spider-Man,Olive Green,23
Spider-Man,Opal Trans-Clear,2
Spider-Man,Opal Trans-Light Blue,4
Spider-Man,Orange,92
Spider-Man,Pearl Gold,243
Spider-Man,Pearl Light Gray,3
Spider-Man,Pearl Titanium,98
Spider-Man,Purple,6
Spider-Man,Red,2917
Spider-Man,Reddish Brown,395
Spider-Man,Reddish Orange,7
Spider-Man,Sand Blue,20
Spider-Man,Sand Green,98
Spider-Man,Tan,1569
Spider-Man,Trans-Black,3
Spider-Man,Trans-Bright Green,39
Spider-Man,Trans-Brown,105
Spider-Man,Trans-Clear,1238
Spider-Man,Trans-Dark Blue,76
Spider-Man,Trans-Dark Pink,6
Spider-Man,Trans-Green,59
Spider-Man,Trans-Light Blue,324
Spider-Man,Trans-Medium Blue,1
Spider-Man,Trans-Neon Green,85
Spider-Man,Trans-Neon Orange,23
Spider-Man,Trans-Orange,312
Spider-Man,Trans-Purple,46
Spider-Man,Trans-Red,294
Spider-Man,Trans-Yellow,167
Spider-Man,White,2695
Spider-Man,Yellow,668
Spider-Man,Yellowish Green,4
Spider-Man,[No Color/Any Color],70
Spider-Man - Across the Spider-Verse,Black,6
Spider-Man - Across the Spider-Verse,Bright Light Orange,1
Spider-Man - Across the Spider-Verse,Dark Blue,1
Spider-Man - Across the Spider-Verse,Dark Orange,1
Spider-Man - Across the Spider-Verse,Dark Purple,1
Spider-Man - Across the Spider-Verse,Flat Silver,1
Spider-Man - Across the Spider-Verse,Light Bluish Gray,3
Spider-Man - Across the Spider-Verse,Medium Nougat,1
Spider-Man - Across the Spider-Verse,Pearl Titanium,2
Spider-Man - Across the Spider-Verse,Red,3
Spider-Man - Across the Spider-Verse,Tan,1
Spider-Man - Across the Spider-Verse,Trans-Dark Pink,1
Spider-Man - Across the Spider-Verse,Trans-Orange,14
Spider-Man - Across the Spider-Verse,White,5
Spidey and His Amazing Friends,Black,219
Spidey and His Amazing Friends,Blue,129
Spidey and His Amazing Friends,Bright Green,44
Spidey and His Amazing Friends,Bright Light Blue,2
Spidey and His Amazing Friends,Bright Light Orange,43
Spidey and His Amazing Friends,Bright Light Yellow,6
Spidey and His Amazing Friends,Bright Pink,2
Spidey and His Amazing Friends,Dark Azure,2
Spidey and His Amazing Friends,Dark Blue,6
Spidey and His Amazing Friends,Dark Bluish Gray,84
Spidey and His Amazing Friends,Dark Brown,2
Spidey and His Amazing Friends,Dark Green,2
Spidey and His Amazing Friends,Dark Orange,5
Spidey and His Amazing Friends,Dark Pink,21
Spidey and His Amazing Friends,Dark Purple,68
Spidey and His Amazing Friends,Dark Tan,6
Spidey and His Amazing Friends,Dark Turquoise,3
Spidey and His Amazing Friends,Flat Silver,17
Spidey and His Amazing Friends,Glow in Dark White,5
Spidey and His Amazing Friends,Green,30
Spidey and His Amazing Friends,Lavender,10
Spidey and His Amazing Friends,Light Bluish Gray,195
Spidey and His Amazing Friends,Lime,68
Spidey and His Amazing Friends,Magenta,8
Spidey and His Amazing Friends,Medium Azure,50
Spidey and His Amazing Friends,Medium Blue,1
Spidey and His Amazing Friends,Medium Nougat,26
Spidey and His Amazing Friends,Metallic Gold,3
Spidey and His Amazing Friends,Orange,22
Spidey and His Amazing Friends,Pearl Gold,23
Spidey and His Amazing Friends,Pearl Titanium,3
Spidey and His Amazing Friends,Red,254
Spidey and His Amazing Friends,Reddish Brown,74
Spidey and His Amazing Friends,Tan,59
Spidey and His Amazing Friends,Trans-Bright Green,7
Spidey and His Amazing Friends,Trans-Clear,16
Spidey and His Amazing Friends,Trans-Dark Blue,3
Spidey and His Amazing Friends,Trans-Dark Pink,5
Spidey and His Amazing Friends,Trans-Green,1
Spidey and His Amazing Friends,Trans-Light Blue,26
Spidey and His Amazing Friends,Trans-Orange,8
Spidey and His Amazing Friends,Trans-Purple,1
Spidey and His Amazing Friends,Trans-Red,20
Spidey and His Amazing Friends,Trans-Yellow,10
Spidey and His Amazing Friends,White,125
Spidey and His Amazing Friends,Yellow,109
SpongeBob SquarePants,Black,478
SpongeBob SquarePants,Blue,345
SpongeBob SquarePants,Bright Green,19
SpongeBob SquarePants,Bright Light Orange,10
SpongeBob SquarePants,Bright Pink,6
SpongeBob SquarePants,Chrome Gold,4
SpongeBob SquarePants,Dark Azure,8
SpongeBob SquarePants,Dark Blue,39
SpongeBob SquarePants,Dark Bluish Gray,337
SpongeBob SquarePants,Dark Brown,34
SpongeBob SquarePants,Dark Green,2
SpongeBob SquarePants,Dark Red,4
SpongeBob SquarePants,Dark Tan,2
SpongeBob SquarePants,Flat Silver,14
SpongeBob SquarePants,Green,112
SpongeBob SquarePants,Light Bluish Gray,592
SpongeBob SquarePants,Lime,40
SpongeBob SquarePants,Magenta,1
SpongeBob SquarePants,Medium Blue,72
SpongeBob SquarePants,Metallic Silver,3
SpongeBob SquarePants,Orange,604
SpongeBob SquarePants,Pearl Gold,18
SpongeBob SquarePants,Pearl Light Gray,1
SpongeBob SquarePants,Pearl Titanium,1
SpongeBob SquarePants,Red,651
SpongeBob SquarePants,Reddish Brown,489
SpongeBob SquarePants,Sand Green,4
SpongeBob SquarePants,Tan,246
SpongeBob SquarePants,Trans-Brown,4
SpongeBob SquarePants,Trans-Clear,83
SpongeBob SquarePants,Trans-Dark Blue,10
SpongeBob SquarePants,Trans-Dark Pink,19
SpongeBob SquarePants,Trans-Green,19
SpongeBob SquarePants,Trans-Light Blue,22
SpongeBob SquarePants,Trans-Neon Green,9
SpongeBob SquarePants,Trans-Neon Orange,9
SpongeBob SquarePants,Trans-Orange,14
SpongeBob SquarePants,Trans-Red,21
SpongeBob SquarePants,Trans-Yellow,9
SpongeBob SquarePants,White,460
SpongeBob SquarePants,Yellow,299
SpongeBob SquarePants,[No Color/Any Color],13
Sports,Black,20
Sports,Blue,7
Sports,Brown,1
Sports,Dark Gray,8
Sports,Green,2
Sports,Light Gray,13
Sports,Medium Blue,4
Sports,Medium Dark Pink,12
Sports,Red,2
Sports,Trans-Clear,21
Sports,Trans-Light Blue,3
Sports,Trans-Neon Green,3
Sports,Trans-Red,3
Sports,White,57
Sports,Yellow,12
Sports,[No Color/Any Color],4
Spybotics,Black,626
Spybotics,Blue,1
Spybotics,Dark Gray,36
Spybotics,Light Gray,133
Spybotics,Pearl Light Gray,117
Spybotics,Trans-Clear,15
Spybotics,Trans-Dark Blue,4
Spybotics,Trans-Green,4
Spybotics,Trans-Purple,4
Spybotics,Trans-Red,2
Spybotics,[No Color/Any Color],4
Spyrius,Black,1192
Spyrius,Dark Gray,40
Spyrius,Light Gray,61
Spyrius,Red,482
Spyrius,Trans-Dark Blue,95
Spyrius,Trans-Neon Green,76
Spyrius,Trans-Red,15
Spyrius,[No Color/Any Color],4
Star Wars,Black,59293
Star Wars,Blue,9633
Star Wars,Bright Green,124
Star Wars,Bright Light Blue,14
Star Wars,Bright Light Orange,359
Star Wars,Bright Light Yellow,81
Star Wars,Bright Pink,103
Star Wars,Brown,903
Star Wars,Chrome Gold,2
Star Wars,Chrome Silver,69
Star Wars,Copper,14
Star Wars,Coral,5
Star Wars,Dark Azure,98
Star Wars,Dark Blue,3345
Star Wars,Dark Bluish Gray,53994
Star Wars,Dark Brown,1382
Star Wars,Dark Gray,3851
Star Wars,Dark Green,1038
Star Wars,Dark Orange,1048
Star Wars,Dark Pink,159
Star Wars,Dark Purple,38
Star Wars,Dark Red,6325
Star Wars,Dark Tan,7183
Star Wars,Dark Turquoise,136
Star Wars,Earth Orange,2
Star Wars,Flat Silver,2055
Star Wars,Glow in Dark White,5
Star Wars,Green,1479
Star Wars,Lavender,2
Star Wars,Light Aqua,9
Star Wars,Light Bluish Gray,71482
Star Wars,Light Gray,5523
Star Wars,Light Nougat,40
Star Wars,Lime,858
Star Wars,Magenta,63
Star Wars,Medium Azure,407
Star Wars,Medium Blue,117
Star Wars,Medium Lavender,10
Star Wars,Medium Nougat,639
Star Wars,Medium Orange,30
Star Wars,Metallic Gold,32
Star Wars,Metallic Silver,701
Star Wars,Nougat,67
Star Wars,Olive Green,429
Star Wars,Opal Trans-Clear,2
Star Wars,Opal Trans-Dark Blue,4
Star Wars,Opal Trans-Dark Pink,1
Star Wars,Opal Trans-Light Blue,1
Star Wars,Orange,2492
Star Wars,Pearl Copper,4
Star Wars,Pearl Dark Gray,22
Star Wars,Pearl Gold,967
Star Wars,Pearl Light Gray,162
Star Wars,Pearl Sand Blue,81
Star Wars,Pearl Titanium,604
Star Wars,Pearl Very Light Gray,1
Star Wars,Purple,19
Star Wars,Red,8662
Star Wars,Reddish Brown,10223
Star Wars,Reddish Orange,19
Star Wars,Sand Blue,858
Star Wars,Sand Green,1825
Star Wars,Sand Red,25
Star Wars,Sky Blue,4
Star Wars,Speckle Black-Silver,4
Star Wars,Tan,16164
Star Wars,Trans-Black,33
Star Wars,Trans-Bright Green,534
Star Wars,Trans-Brown,1051
Star Wars,Trans-Clear,1889
Star Wars,Trans-Dark Blue,527
Star Wars,Trans-Dark Pink,148
Star Wars,Trans-Green,467
Star Wars,Trans-Light Blue,2022
Star Wars,Trans-Medium Blue,38
Star Wars,Trans-Neon Green,345
Star Wars,Trans-Neon Orange,599
Star Wars,Trans-Orange,984
Star Wars,Trans-Purple,47
Star Wars,Trans-Red,3447
Star Wars,Trans-Yellow,573
Star Wars,Violet,35
Star Wars,White,29425
Star Wars,Yellow,5504
Star Wars,Yellowish Green,1
Star Wars,[No Color/Any Color],345
Stationery and Office Supplies,Aqua,2
Stationery and Office Supplies,Black,240
Stationery and Office Supplies,Blue,152
Stationery and Office Supplies,Bright Green,12
Stationery and Office Supplies,Bright Light Blue,2
Stationery and Office Supplies,Bright Light Orange,3
Stationery and Office Supplies,Bright Light Yellow,3
Stationery and Office Supplies,Bright Pink,2
Stationery and Office Supplies,Brown,23
Stationery and Office Supplies,Chrome Antique Brass,1
Stationery and Office Supplies,Chrome Gold,6
Stationery and Office Supplies,Chrome Red,4
Stationery and Office Supplies,Chrome Silver,25
Stationery and Office Supplies,Dark Blue,13
Stationery and Office Supplies,Dark Bluish Gray,3
Stationery and Office Supplies,Dark Brown,2
Stationery and Office Supplies,Dark Gray,9
Stationery and Office Supplies,Dark Green,28
Stationery and Office Supplies,Dark Orange,5
Stationery and Office Supplies,Dark Pink,3
Stationery and Office Supplies,Dark Purple,11
Stationery and Office Supplies,Dark Red,1
Stationery and Office Supplies,Dark Tan,5
Stationery and Office Supplies,Dark Turquoise,3
Stationery and Office Supplies,Earth Orange,1
Stationery and Office Supplies,Flat Dark Gold,10
Stationery and Office Supplies,Flat Silver,1
Stationery and Office Supplies,Green,116
Stationery and Office Supplies,Lavender,2
Stationery and Office Supplies,Light Blue,14
Stationery and Office Supplies,Light Bluish Gray,21
Stationery and Office Supplies,Light Gray,72
Stationery and Office Supplies,Light Nougat,4
Stationery and Office Supplies,Light Yellow,2
Stationery and Office Supplies,Lime,77
Stationery and Office Supplies,Medium Azure,8
Stationery and Office Supplies,Medium Blue,11
Stationery and Office Supplies,Medium Bluish Violet,2
Stationery and Office Supplies,Medium Dark Pink,4
Stationery and Office Supplies,Medium Lavender,12
Stationery and Office Supplies,Medium Orange,2
Stationery and Office Supplies,Medium Violet,3
Stationery and Office Supplies,Metallic Silver,1
Stationery and Office Supplies,Orange,50
Stationery and Office Supplies,Pearl Dark Gray,1
Stationery and Office Supplies,Pearl Gold,10
Stationery and Office Supplies,Pearl Light Gold,5
Stationery and Office Supplies,Pearl Light Gray,5
Stationery and Office Supplies,Purple,4
Stationery and Office Supplies,Red,166
Stationery and Office Supplies,Reddish Brown,12
Stationery and Office Supplies,Rust,3
Stationery and Office Supplies,Sand Blue,3
Stationery and Office Supplies,Sand Green,4
Stationery and Office Supplies,Tan,32
Stationery and Office Supplies,Trans-Brown,11
Stationery and Office Supplies,Trans-Clear,40
Stationery and Office Supplies,Trans-Dark Blue,22
Stationery and Office Supplies,Trans-Dark Pink,15
Stationery and Office Supplies,Trans-Flame Yellowish Orange,6
Stationery and Office Supplies,Trans-Green,5
Stationery and Office Supplies,Trans-Light Blue,8
Stationery and Office Supplies,Trans-Light Bright Green,3
Stationery and Office Supplies,Trans-Light Green,1
Stationery and Office Supplies,Trans-Light Purple,4
Stationery and Office Supplies,Trans-Medium Blue,1
Stationery and Office Supplies,Trans-Neon Green,11
Stationery and Office Supplies,Trans-Neon Orange,4
Stationery and Office Supplies,Trans-Orange,4
Stationery and Office Supplies,Trans-Purple,14
Stationery and Office Supplies,Trans-Red,21
Stationery and Office Supplies,Trans-Yellow,7
Stationery and Office Supplies,Violet,10
Stationery and Office Supplies,White,352
Stationery and Office Supplies,Yellow,193
Stationery and Office Supplies,[No Color/Any Color],35
Stingrays,Black,261
Stingrays,Blue,9
Stingrays,Brown,78
Stingrays,Chrome Silver,23
Stingrays,Dark Gray,152
Stingrays,Light Gray,80
Stingrays,Red,117
Stingrays,Trans-Neon Green,137
Storage,Black,71
Storage,Blue,1
Storage,Dark Bluish Gray,9
Storage,Green,14
Storage,Light Bluish Gray,170
Storage,Tan,1
Storage,Trans-Bright Green,2
Storage,White,153
Storage,[No Color/Any Color],2
Story Books,Black,56
Story Books,Blue,3
Story Books,Bright Light Blue,2
Story Books,Bright Light Orange,1
Story Books,Bright Pink,2
Story Books,Coral,1
Story Books,Dark Azure,2
Story Books,Dark Blue,5
Story Books,Dark Bluish Gray,16
Story Books,Dark Brown,2
Story Books,Dark Orange,28
Story Books,Dark Purple,1
Story Books,Dark Tan,2
Story Books,Flat Silver,9
Story Books,Green,10
Story Books,Light Aqua,1
Story Books,Light Bluish Gray,31
Story Books,Lime,2
Story Books,Medium Azure,5
Story Books,Medium Nougat,5
Story Books,Metallic Silver,2
Story Books,Opal Trans-Purple,1
Story Books,Pearl Gold,22
Story Books,Pearl Titanium,1
Story Books,Red,15
Story Books,Reddish Brown,19
Story Books,Tan,5
Story Books,Trans-Bright Green,1
Story Books,Trans-Clear,3
Story Books,Trans-Dark Blue,2
Story Books,Trans-Light Blue,5
Story Books,Trans-Orange,1
Story Books,Trans-Purple,1
Story Books,Trans-Yellow,1
Story Books,White,59
Story Books,Yellow,2
Story Books,Yellowish Green,1
Stranger Things,Black,450
Stranger Things,Blue,10
Stranger Things,Bright Green,2
Stranger Things,Bright Light Yellow,13
Stranger Things,Bright Pink,2
Stranger Things,Dark Azure,1
Stranger Things,Dark Blue,118
Stranger Things,Dark Bluish Gray,255
Stranger Things,Dark Brown,142
Stranger Things,Dark Green,40
Stranger Things,Dark Orange,49
Stranger Things,Dark Purple,1
Stranger Things,Dark Red,1
Stranger Things,Dark Tan,71
Stranger Things,Dark Turquoise,1
Stranger Things,Flat Silver,18
Stranger Things,Green,11
Stranger Things,Light Bluish Gray,412
Stranger Things,Medium Azure,1
Stranger Things,Medium Nougat,50
Stranger Things,Olive Green,48
Stranger Things,Orange,4
Stranger Things,Pearl Gold,3
Stranger Things,Pearl Titanium,1
Stranger Things,Red,2
Stranger Things,Reddish Brown,178
Stranger Things,Sand Blue,81
Stranger Things,Sand Green,14
Stranger Things,Tan,181
Stranger Things,Trans-Bright Green,3
Stranger Things,Trans-Brown,62
Stranger Things,Trans-Clear,39
Stranger Things,Trans-Dark Blue,4
Stranger Things,Trans-Dark Pink,3
Stranger Things,Trans-Orange,3
Stranger Things,Trans-Red,4
Stranger Things,Trans-Yellow,2
Stranger Things,White,82
Stranger Things,Yellow,8
Stranger Things,[No Color/Any Color],4
Studios,Black,533
Studios,Blue,113
Studios,Brown,55
Studios,Chrome Gold,8
Studios,Chrome Silver,6
Studios,Dark Blue,1
Studios,Dark Gray,313
Studios,Dark Red,1
Studios,Glow In Dark Opaque,2
Studios,Green,114
Studios,Light Gray,435
Studios,Orange,19
Studios,Pearl Light Gray,2
Studios,Red,101
Studios,Sand Blue,112
Studios,Tan,24
Studios,Trans-Clear,17
Studios,Trans-Dark Blue,9
Studios,Trans-Green,19
Studios,Trans-Light Blue,4
Studios,Trans-Neon Green,55
Studios,Trans-Neon Orange,38
Studios,Trans-Purple,1
Studios,Trans-Red,46
Studios,Trans-Yellow,15
Studios,White,185
Studios,Yellow,140
Studios,[No Color/Any Color],11
Stuntz,Black,1075
Stuntz,Blue,80
Stuntz,Bright Green,2
Stuntz,Bright Light Orange,18
Stuntz,Bright Light Yellow,5
Stuntz,Bright Pink,1
Stuntz,Coral,2
Stuntz,Dark Azure,25
Stuntz,Dark Blue,5
Stuntz,Dark Bluish Gray,209
Stuntz,Dark Brown,14
Stuntz,Dark Pink,3
Stuntz,Dark Purple,85
Stuntz,Dark Red,10
Stuntz,Dark Tan,26
Stuntz,Dark Turquoise,27
Stuntz,Flat Silver,41
Stuntz,Glow in Dark White,15
Stuntz,Green,12
Stuntz,Lavender,2
Stuntz,Light Aqua,2
Stuntz,Light Bluish Gray,460
Stuntz,Lime,219
Stuntz,Magenta,72
Stuntz,Medium Azure,58
Stuntz,Medium Nougat,3
Stuntz,Metallic Silver,13
Stuntz,Opal Trans-Purple,15
Stuntz,Orange,397
Stuntz,Pearl Gold,6
Stuntz,Pearl Titanium,3
Stuntz,Red,230
Stuntz,Reddish Brown,46
Stuntz,Tan,55
Stuntz,Trans-Bright Green,19
Stuntz,Trans-Brown,5
Stuntz,Trans-Clear,15
Stuntz,Trans-Dark Blue,8
Stuntz,Trans-Dark Pink,17
Stuntz,Trans-Green,5
Stuntz,Trans-Light Blue,39
Stuntz,Trans-Neon Orange,2
Stuntz,Trans-Orange,73
Stuntz,Trans-Purple,9
Stuntz,Trans-Red,53
Stuntz,Trans-Yellow,12
Stuntz,Vibrant Yellow,2
Stuntz,White,150
Stuntz,Yellow,127
Stuntz,Yellowish Green,8
Stuntz,[No Color/Any Color],6
Super Heroes DC,Black,350
Super Heroes DC,Blue,44
Super Heroes DC,Bright Green,8
Super Heroes DC,Bright Light Orange,3
Super Heroes DC,Dark Azure,31
Super Heroes DC,Dark Blue,9
Super Heroes DC,Dark Bluish Gray,216
Super Heroes DC,Dark Brown,1
Super Heroes DC,Dark Green,6
Super Heroes DC,Dark Orange,6
Super Heroes DC,Dark Pink,3
Super Heroes DC,Dark Purple,17
Super Heroes DC,Dark Red,3
Super Heroes DC,Dark Tan,145
Super Heroes DC,Flat Silver,43
Super Heroes DC,Green,14
Super Heroes DC,Light Bluish Gray,282
Super Heroes DC,Light Nougat,1
Super Heroes DC,Lime,27
Super Heroes DC,Medium Azure,1
Super Heroes DC,Medium Blue,28
Super Heroes DC,Medium Nougat,64
Super Heroes DC,Olive Green,8
Super Heroes DC,Orange,6
Super Heroes DC,Pearl Gold,43
Super Heroes DC,Pearl Titanium,12
Super Heroes DC,Red,67
Super Heroes DC,Reddish Brown,9
Super Heroes DC,Sand Green,3
Super Heroes DC,Tan,52
Super Heroes DC,Trans-Bright Green,11
Super Heroes DC,Trans-Brown,9
Super Heroes DC,Trans-Clear,43
Super Heroes DC,Trans-Dark Pink,6
Super Heroes DC,Trans-Light Blue,17
Super Heroes DC,Trans-Medium Blue,1
Super Heroes DC,Trans-Neon Orange,4
Super Heroes DC,Trans-Orange,20
Super Heroes DC,Trans-Purple,3
Super Heroes DC,Trans-Red,29
Super Heroes DC,Trans-Yellow,14
Super Heroes DC,White,247
Super Heroes DC,Yellow,47
Super Heroes DC,[No Color/Any Color],3
Super Heroes Marvel,Black,4414
Super Heroes Marvel,Blue,387
Super Heroes Marvel,Bright Green,9
Super Heroes Marvel,Bright Light Orange,61
Super Heroes Marvel,Bright Light Yellow,12
Super Heroes Marvel,Bright Pink,1
Super Heroes Marvel,Chrome Gold,11
Super Heroes Marvel,Coral,9
Super Heroes Marvel,Dark Azure,62
Super Heroes Marvel,Dark Blue,372
Super Heroes Marvel,Dark Bluish Gray,2077
Super Heroes Marvel,Dark Brown,16
Super Heroes Marvel,Dark Green,184
Super Heroes Marvel,Dark Orange,28
Super Heroes Marvel,Dark Pink,19
Super Heroes Marvel,Dark Purple,288
Super Heroes Marvel,Dark Red,655
Super Heroes Marvel,Dark Tan,390
Super Heroes Marvel,Dark Turquoise,103
Super Heroes Marvel,Flat Silver,259
Super Heroes Marvel,Glow in Dark White,3
Super Heroes Marvel,Green,127
Super Heroes Marvel,Light Aqua,59
Super Heroes Marvel,Light Bluish Gray,2051
Super Heroes Marvel,Lime,26
Super Heroes Marvel,Magenta,325
Super Heroes Marvel,Medium Azure,37
Super Heroes Marvel,Medium Blue,34
Super Heroes Marvel,Medium Lavender,15
Super Heroes Marvel,Medium Nougat,27
Super Heroes Marvel,Metallic Gold,11
Super Heroes Marvel,Metallic Silver,84
Super Heroes Marvel,Nougat,2
Super Heroes Marvel,Olive Green,163
Super Heroes Marvel,Opal Trans-Brown,80
Super Heroes Marvel,Opal Trans-Clear,2
Super Heroes Marvel,Opal Trans-Light Blue,5
Super Heroes Marvel,Opal Trans-Purple,6
Super Heroes Marvel,Orange,117
Super Heroes Marvel,Pearl Gold,354
Super Heroes Marvel,Pearl Titanium,113
Super Heroes Marvel,Red,534
Super Heroes Marvel,Reddish Brown,271
Super Heroes Marvel,Reddish Orange,1
Super Heroes Marvel,Sand Blue,146
Super Heroes Marvel,Sand Green,219
Super Heroes Marvel,Tan,255
Super Heroes Marvel,Trans-Bright Green,1
Super Heroes Marvel,Trans-Brown,82
Super Heroes Marvel,Trans-Clear,121
Super Heroes Marvel,Trans-Dark Blue,43
Super Heroes Marvel,Trans-Dark Pink,57
Super Heroes Marvel,Trans-Green,11
Super Heroes Marvel,Trans-Light Blue,208
Super Heroes Marvel,Trans-Neon Green,22
Super Heroes Marvel,Trans-Orange,148
Super Heroes Marvel,Trans-Purple,222
Super Heroes Marvel,Trans-Red,78
Super Heroes Marvel,Trans-Yellow,29
Super Heroes Marvel,White,517
Super Heroes Marvel,Yellow,214
Super Heroes Marvel,Yellowish Green,16
Super Heroes Marvel,[No Color/Any Color],32
Super Mario,Black,6103
Super Mario,Blue,2300
Super Mario,Bright Green,1432
Super Mario,Bright Light Blue,82
Super Mario,Bright Light Orange,670
Super Mario,Bright Light Yellow,186
Super Mario,Bright Pink,367
Super Mario,Coral,62
Super Mario,Dark Azure,422
Super Mario,Dark Blue,321
Super Mario,Dark Bluish Gray,3800
Super Mario,Dark Brown,172
Super Mario,Dark Green,239
Super Mario,Dark Orange,929
Super Mario,Dark Pink,360
Super Mario,Dark Purple,436
Super Mario,Dark Red,418
Super Mario,Dark Tan,425
Super Mario,Dark Turquoise,81
Super Mario,Flat Silver,47
Super Mario,Green,1903
Super Mario,Lavender,15
Super Mario,Light Aqua,57
Super Mario,Light Bluish Gray,6516
Super Mario,Light Nougat,281
Super Mario,Lime,713
Super Mario,Magenta,94
Super Mario,Medium Azure,280
Super Mario,Medium Blue,211
Super Mario,Medium Lavender,120
Super Mario,Medium Nougat,1120
Super Mario,Metallic Gold,1
Super Mario,Nougat,7
Super Mario,Olive Green,46
Super Mario,Opal Trans-Clear,2
Super Mario,Opal Trans-Dark Pink,2
Super Mario,Opal Trans-Light Blue,12
Super Mario,Orange,671
Super Mario,Pearl Gold,278
Super Mario,Pearl Titanium,43
Super Mario,Red,3216
Super Mario,Reddish Brown,3350
Super Mario,Reddish Orange,6
Super Mario,Sand Blue,15
Super Mario,Sand Green,154
Super Mario,Tan,3216
Super Mario,Trans-Black,4
Super Mario,Trans-Bright Green,36
Super Mario,Trans-Brown,2
Super Mario,Trans-Clear,205
Super Mario,Trans-Dark Pink,13
Super Mario,Trans-Green,3
Super Mario,Trans-Light Blue,209
Super Mario,Trans-Orange,319
Super Mario,Trans-Purple,15
Super Mario,Trans-Red,49
Super Mario,Trans-Yellow,34
Super Mario,White,5312
Super Mario,Yellow,3742
Super Mario,Yellowish Green,12
Super Mario,[No Color/Any Color],16
Superman,Black,295
Superman,Blue,201
Superman,Dark Bluish Gray,255
Superman,Dark Green,1
Superman,Dark Purple,52
Superman,Dark Tan,28
Superman,Flat Silver,11
Superman,Green,133
Superman,Light Bluish Gray,190
Superman,Lime,4
Superman,Metallic Silver,25
Superman,Pearl Gold,3
Superman,Pearl Titanium,16
Superman,Red,154
Superman,Tan,72
Superman,Trans-Bright Green,41
Superman,Trans-Brown,7
Superman,Trans-Clear,36
Superman,Trans-Green,29
Superman,Trans-Orange,10
Superman,Trans-Red,9
Superman,White,6
Superman,Yellow,81
Superman,[No Color/Any Color],7
Supplemental,Black,2500
Supplemental,Blue,2252
Supplemental,Bright Green,10
Supplemental,Dark Bluish Gray,243
Supplemental,Dark Gray,75
Supplemental,Dark Green,2
Supplemental,Dark Tan,4
Supplemental,Green,692
Supplemental,Light Bluish Gray,177
Supplemental,Light Gray,1120
Supplemental,Lime,24
Supplemental,Medium Blue,24
Supplemental,Metal,8
Supplemental,Metallic Silver,14
Supplemental,Milky White,21
Supplemental,Orange,24
Supplemental,Pearl Light Gray,18
Supplemental,Purple,13
Supplemental,Red,4215
Supplemental,Reddish Brown,2
Supplemental,Tan,6
Supplemental,Trans-Clear,1051
Supplemental,Trans-Dark Blue,12
Supplemental,Trans-Green,15
Supplemental,Trans-Light Blue,25
Supplemental,Trans-Neon Green,2
Supplemental,Trans-Neon Orange,3
Supplemental,Trans-Red,16
Supplemental,Trans-Yellow,17
Supplemental,Very Light Bluish Gray,1
Supplemental,White,3553
Supplemental,Yellow,1813
Supplemental,[No Color/Any Color],18
System,Black,813
System,Blue,994
System,Green,168
System,Light Gray,422
System,Milky White,5
System,Red,2315
System,Trans-Clear,322
System,Vintage Blue,24
System,Vintage Green,32
System,Vintage Red,31
System,Vintage Yellow,24
System,White,1789
System,Yellow,740
Tabletop Games and Puzzles,Black,127
Tabletop Games and Puzzles,Blue,45
Tabletop Games and Puzzles,Bright Green,1
Tabletop Games and Puzzles,Bright Light Blue,1
Tabletop Games and Puzzles,Bright Light Orange,4
Tabletop Games and Puzzles,Bright Light Yellow,7
Tabletop Games and Puzzles,Bright Pink,3
Tabletop Games and Puzzles,Brown,3
Tabletop Games and Puzzles,Chrome Gold,1
Tabletop Games and Puzzles,Chrome Silver,6
Tabletop Games and Puzzles,Coral,3
Tabletop Games and Puzzles,Dark Azure,1
Tabletop Games and Puzzles,Dark Blue,4
Tabletop Games and Puzzles,Dark Bluish Gray,13
Tabletop Games and Puzzles,Dark Gray,3
Tabletop Games and Puzzles,Dark Orange,45
Tabletop Games and Puzzles,Dark Pink,5
Tabletop Games and Puzzles,Dark Purple,13
Tabletop Games and Puzzles,Dark Red,3
Tabletop Games and Puzzles,Dark Tan,46
Tabletop Games and Puzzles,Dark Turquoise,6
Tabletop Games and Puzzles,Flat Silver,1
Tabletop Games and Puzzles,Glitter Trans-Dark Pink,1
Tabletop Games and Puzzles,Green,57
Tabletop Games and Puzzles,Lavender,1
Tabletop Games and Puzzles,Light Aqua,3
Tabletop Games and Puzzles,Light Bluish Gray,13
Tabletop Games and Puzzles,Light Gray,17
Tabletop Games and Puzzles,Lime,30
Tabletop Games and Puzzles,Magenta,13
Tabletop Games and Puzzles,Medium Azure,20
Tabletop Games and Puzzles,Medium Lavender,1
Tabletop Games and Puzzles,Olive Green,2
Tabletop Games and Puzzles,Orange,16
Tabletop Games and Puzzles,Pearl Gold,20
Tabletop Games and Puzzles,Red,70
Tabletop Games and Puzzles,Reddish Brown,50
Tabletop Games and Puzzles,Tan,52
Tabletop Games and Puzzles,Trans-Bright Green,3
Tabletop Games and Puzzles,Trans-Clear,5
Tabletop Games and Puzzles,Trans-Dark Blue,6
Tabletop Games and Puzzles,Trans-Dark Pink,5
Tabletop Games and Puzzles,Trans-Light Blue,9
Tabletop Games and Puzzles,Trans-Neon Green,3
Tabletop Games and Puzzles,Trans-Neon Orange,4
Tabletop Games and Puzzles,Trans-Red,6
Tabletop Games and Puzzles,Trans-Yellow,2
Tabletop Games and Puzzles,White,103
Tabletop Games and Puzzles,Yellow,38
Tabletop Games and Puzzles,Yellowish Green,4
Tabletop Games and Puzzles,[No Color/Any Color],15
Team GB,Black,1
Team GB,Blue,2
Team GB,Flat Silver,2
Team GB,Tan,1
Team GB,White,12
Technic,Black,146358
Technic,Blue,43219
Technic,Bright Green,513
Technic,Bright Light Orange,403
Technic,Bright Pink,17
Technic,Chrome Silver,8
Technic,Coral,14
Technic,Dark Azure,902
Technic,Dark Blue,1235
Technic,Dark Bluish Gray,26187
Technic,Dark Brown,12
Technic,Dark Gray,1494
Technic,Dark Green,38
Technic,Dark Orange,32
Technic,Dark Pink,1
Technic,Dark Purple,53
Technic,Dark Red,4
Technic,Dark Tan,1097
Technic,Dark Turquoise,320
Technic,Flat Silver,424
Technic,Glow in Dark White,13
Technic,Green,1228
Technic,Light Bluish Gray,57881
Technic,Light Gray,23374
Technic,Lime,2013
Technic,Magenta,30
Technic,Medium Azure,98
Technic,Medium Blue,170
Technic,Medium Nougat,12
Technic,Metallic Gold,66
Technic,Metallic Green,23
Technic,Metallic Silver,333
Technic,Milky White,8
Technic,Olive Green,412
Technic,Opal Trans-Purple,5
Technic,Orange,3563
Technic,Pearl Dark Gray,34
Technic,Pearl Gold,200
Technic,Pearl Light Gray,180
Technic,Pearl Titanium,97
Technic,Purple,1
Technic,Red,32567
Technic,Reddish Brown,2091
Technic,Reddish Orange,545
Technic,Rust,6
Technic,Sand Blue,15
Technic,Sand Green,13
Technic,Tan,6300
Technic,Trans-Black,3
Technic,Trans-Bright Green,2
Technic,Trans-Brown,51
Technic,Trans-Clear,1812
Technic,Trans-Dark Blue,109
Technic,Trans-Green,78
Technic,Trans-Light Blue,118
Technic,Trans-Medium Blue,6
Technic,Trans-Neon Green,12
Technic,Trans-Neon Orange,40
Technic,Trans-Orange,792
Technic,Trans-Red,884
Technic,Trans-Yellow,205
Technic,Vibrant Yellow,50
Technic,White,11311
Technic,Yellow,21389
Technic,Yellowish Green,10
Technic,[No Color/Any Color],779
Teenage Mutant Ninja Turtles,Black,1176
Teenage Mutant Ninja Turtles,Blue,103
Teenage Mutant Ninja Turtles,Bright Green,2
Teenage Mutant Ninja Turtles,Chrome Silver,6
Teenage Mutant Ninja Turtles,Dark Blue,22
Teenage Mutant Ninja Turtles,Dark Bluish Gray,1199
Teenage Mutant Ninja Turtles,Dark Brown,17
Teenage Mutant Ninja Turtles,Dark Green,1
Teenage Mutant Ninja Turtles,Dark Orange,19
Teenage Mutant Ninja Turtles,Dark Pink,10
Teenage Mutant Ninja Turtles,Dark Purple,40
Teenage Mutant Ninja Turtles,Dark Red,73
Teenage Mutant Ninja Turtles,Dark Tan,97
Teenage Mutant Ninja Turtles,Flat Silver,255
Teenage Mutant Ninja Turtles,Glow in Dark White,17
Teenage Mutant Ninja Turtles,Green,104
Teenage Mutant Ninja Turtles,Light Bluish Gray,1451
Teenage Mutant Ninja Turtles,Lime,48
Teenage Mutant Ninja Turtles,Magenta,23
Teenage Mutant Ninja Turtles,Medium Nougat,21
Teenage Mutant Ninja Turtles,Olive Green,269
Teenage Mutant Ninja Turtles,Orange,14
Teenage Mutant Ninja Turtles,Pearl Gold,25
Teenage Mutant Ninja Turtles,Pearl Titanium,2
Teenage Mutant Ninja Turtles,Red,356
Teenage Mutant Ninja Turtles,Reddish Brown,355
Teenage Mutant Ninja Turtles,Tan,179
Teenage Mutant Ninja Turtles,Trans-Bright Green,5
Teenage Mutant Ninja Turtles,Trans-Brown,18
Teenage Mutant Ninja Turtles,Trans-Clear,118
Teenage Mutant Ninja Turtles,Trans-Dark Blue,5
Teenage Mutant Ninja Turtles,Trans-Dark Pink,18
Teenage Mutant Ninja Turtles,Trans-Green,4
Teenage Mutant Ninja Turtles,Trans-Light Blue,50
Teenage Mutant Ninja Turtles,Trans-Neon Green,90
Teenage Mutant Ninja Turtles,Trans-Neon Orange,7
Teenage Mutant Ninja Turtles,Trans-Orange,32
Teenage Mutant Ninja Turtles,Trans-Purple,5
Teenage Mutant Ninja Turtles,Trans-Red,67
Teenage Mutant Ninja Turtles,Trans-Yellow,37
Teenage Mutant Ninja Turtles,White,215
Teenage Mutant Ninja Turtles,Yellow,634
Teenage Mutant Ninja Turtles,[No Color/Any Color],15
Thanksgiving,Black,182
Thanksgiving,Blue,7
Thanksgiving,Bright Green,13
Thanksgiving,Bright Light Orange,35
Thanksgiving,Bright Pink,4
Thanksgiving,Brown,26
Thanksgiving,Dark Azure,2
Thanksgiving,Dark Bluish Gray,16
Thanksgiving,Dark Brown,10
Thanksgiving,Dark Green,15
Thanksgiving,Dark Orange,21
Thanksgiving,Dark Pink,1
Thanksgiving,Dark Red,30
Thanksgiving,Dark Tan,26
Thanksgiving,Flat Silver,6
Thanksgiving,Green,14
Thanksgiving,Light Bluish Gray,77
Thanksgiving,Lime,8
Thanksgiving,Magenta,4
Thanksgiving,Medium Blue,1
Thanksgiving,Medium Nougat,14
Thanksgiving,Metallic Gold,1
Thanksgiving,Nougat,3
Thanksgiving,Orange,39
Thanksgiving,Pearl Gold,13
Thanksgiving,Red,67
Thanksgiving,Reddish Brown,225
Thanksgiving,Sand Blue,8
Thanksgiving,Tan,64
Thanksgiving,Trans-Brown,1
Thanksgiving,Trans-Clear,7
Thanksgiving,Trans-Dark Blue,3
Thanksgiving,Trans-Green,1
Thanksgiving,Trans-Orange,1
Thanksgiving,White,112
Thanksgiving,Yellow,67
Thanksgiving,[No Color/Any Color],1
The Hobbit,Black,1015
The Hobbit,Blue,25
The Hobbit,Bright Green,31
The Hobbit,Bright Light Orange,2
The Hobbit,Chrome Gold,15
The Hobbit,Dark Bluish Gray,1396
The Hobbit,Dark Brown,364
The Hobbit,Dark Green,91
The Hobbit,Dark Orange,7
The Hobbit,Dark Red,129
The Hobbit,Dark Tan,193
The Hobbit,Flat Silver,100
The Hobbit,Glow in Dark White,18
The Hobbit,Green,334
The Hobbit,Light Bluish Gray,589
The Hobbit,Lime,3
The Hobbit,Medium Nougat,54
The Hobbit,Metallic Copper,2
The Hobbit,Metallic Silver,1
The Hobbit,Olive Green,39
The Hobbit,Orange,8
The Hobbit,Pearl Gold,158
The Hobbit,Pearl Titanium,22
The Hobbit,Red,47
The Hobbit,Reddish Brown,1412
The Hobbit,Sand Green,181
The Hobbit,Speckle Black-Silver,4
The Hobbit,Tan,394
The Hobbit,Trans-Brown,9
The Hobbit,Trans-Clear,7
The Hobbit,Trans-Dark Blue,1
The Hobbit,Trans-Green,15
The Hobbit,Trans-Light Blue,13
The Hobbit,Trans-Neon Green,2
The Hobbit,Trans-Neon Orange,29
The Hobbit,Trans-Orange,77
The Hobbit,Trans-Red,4
The Hobbit,Trans-Yellow,9
The Hobbit,White,212
The Hobbit,Yellow,12
The Hobbit,[No Color/Any Color],5
The Hobbit and Lord of the Rings,Black,7
The Hobbit and Lord of the Rings,Dark Bluish Gray,14
The Hobbit and Lord of the Rings,Dark Brown,10
The Hobbit and Lord of the Rings,Dark Orange,20
The Hobbit and Lord of the Rings,Medium Nougat,10
The Hobbit and Lord of the Rings,Reddish Brown,46
The Hobbit and Lord of the Rings,White,4
The Infinity Saga,Black,5366
The Infinity Saga,Blue,975
The Infinity Saga,Bright Green,46
The Infinity Saga,Bright Light Blue,6
The Infinity Saga,Bright Light Orange,118
The Infinity Saga,Bright Light Yellow,6
The Infinity Saga,Bright Pink,8
The Infinity Saga,Coral,15
The Infinity Saga,Dark Azure,32
The Infinity Saga,Dark Blue,523
The Infinity Saga,Dark Bluish Gray,6470
The Infinity Saga,Dark Brown,127
The Infinity Saga,Dark Green,57
The Infinity Saga,Dark Orange,185
The Infinity Saga,Dark Pink,6
The Infinity Saga,Dark Purple,11
The Infinity Saga,Dark Red,3012
The Infinity Saga,Dark Tan,1624
The Infinity Saga,Dark Turquoise,60
The Infinity Saga,Flat Silver,406
The Infinity Saga,Glow in Dark White,6
The Infinity Saga,Green,48
The Infinity Saga,Light Bluish Gray,7219
The Infinity Saga,Light Nougat,9
The Infinity Saga,Lime,51
The Infinity Saga,Magenta,13
The Infinity Saga,Medium Azure,148
The Infinity Saga,Medium Blue,1
The Infinity Saga,Medium Lavender,2
The Infinity Saga,Medium Nougat,397
The Infinity Saga,Metallic Gold,559
The Infinity Saga,Metallic Silver,71
The Infinity Saga,Nougat,1
The Infinity Saga,Olive Green,126
The Infinity Saga,Opal Trans-Light Blue,34
The Infinity Saga,Orange,584
The Infinity Saga,Pearl Gold,634
The Infinity Saga,Pearl Titanium,170
The Infinity Saga,Red,1290
The Infinity Saga,Reddish Brown,1020
The Infinity Saga,Reddish Orange,22
The Infinity Saga,Sand Blue,153
The Infinity Saga,Sand Green,224
The Infinity Saga,Tan,672
The Infinity Saga,Trans-Black,56
The Infinity Saga,Trans-Bright Green,19
The Infinity Saga,Trans-Brown,58
The Infinity Saga,Trans-Clear,257
The Infinity Saga,Trans-Dark Blue,17
The Infinity Saga,Trans-Dark Pink,26
The Infinity Saga,Trans-Green,20
The Infinity Saga,Trans-Light Blue,540
The Infinity Saga,Trans-Orange,314
The Infinity Saga,Trans-Purple,112
The Infinity Saga,Trans-Red,179
The Infinity Saga,Trans-Yellow,52
The Infinity Saga,Vibrant Yellow,10
The Infinity Saga,White,1848
The Infinity Saga,Yellow,238
The Infinity Saga,Yellowish Green,4
The Infinity Saga,[No Color/Any Color],29
The LEGO Batman Movie,Black,4218
The LEGO Batman Movie,Blue,359
The LEGO Batman Movie,Bright Green,5
The LEGO Batman Movie,Bright Light Blue,2
The LEGO Batman Movie,Bright Light Orange,69
The LEGO Batman Movie,Bright Light Yellow,7
The LEGO Batman Movie,Bright Pink,19
The LEGO Batman Movie,Dark Azure,21
The LEGO Batman Movie,Dark Blue,5
The LEGO Batman Movie,Dark Bluish Gray,2377
The LEGO Batman Movie,Dark Brown,52
The LEGO Batman Movie,Dark Green,72
The LEGO Batman Movie,Dark Orange,23
The LEGO Batman Movie,Dark Purple,152
The LEGO Batman Movie,Dark Red,136
The LEGO Batman Movie,Dark Tan,156
The LEGO Batman Movie,Flat Silver,334
The LEGO Batman Movie,Green,231
The LEGO Batman Movie,Lavender,3
The LEGO Batman Movie,Light Bluish Gray,3134
The LEGO Batman Movie,Lime,178
The LEGO Batman Movie,Magenta,84
The LEGO Batman Movie,Medium Azure,1
The LEGO Batman Movie,Medium Blue,89
The LEGO Batman Movie,Medium Lavender,1
The LEGO Batman Movie,Medium Nougat,295
The LEGO Batman Movie,Metallic Gold,2
The LEGO Batman Movie,Metallic Silver,6
The LEGO Batman Movie,Orange,80
The LEGO Batman Movie,Pearl Gold,85
The LEGO Batman Movie,Pearl Titanium,10
The LEGO Batman Movie,Red,793
The LEGO Batman Movie,Reddish Brown,679
The LEGO Batman Movie,Sand Blue,1
The LEGO Batman Movie,Sand Green,55
The LEGO Batman Movie,Tan,210
The LEGO Batman Movie,Trans-Bright Green,21
The LEGO Batman Movie,Trans-Brown,25
The LEGO Batman Movie,Trans-Clear,253
The LEGO Batman Movie,Trans-Dark Blue,17
The LEGO Batman Movie,Trans-Dark Pink,20
The LEGO Batman Movie,Trans-Green,27
The LEGO Batman Movie,Trans-Light Blue,111
The LEGO Batman Movie,Trans-Medium Blue,1
The LEGO Batman Movie,Trans-Neon Green,40
The LEGO Batman Movie,Trans-Neon Orange,6
The LEGO Batman Movie,Trans-Orange,76
The LEGO Batman Movie,Trans-Purple,56
The LEGO Batman Movie,Trans-Red,102
The LEGO Batman Movie,Trans-Yellow,234
The LEGO Batman Movie,White,777
The LEGO Batman Movie,Yellow,450
The LEGO Batman Movie,Yellowish Green,32
The LEGO Batman Movie,[No Color/Any Color],29
The LEGO Batman Movie Series 1,Black,26
The LEGO Batman Movie Series 1,Dark Blue,1
The LEGO Batman Movie Series 1,Dark Pink,1
The LEGO Batman Movie Series 1,Flat Silver,4
The LEGO Batman Movie Series 1,Green,1
The LEGO Batman Movie Series 1,Light Bluish Gray,2
The LEGO Batman Movie Series 1,Orange,2
The LEGO Batman Movie Series 1,Pearl Gold,1
The LEGO Batman Movie Series 1,Red,1
The LEGO Batman Movie Series 1,Reddish Brown,1
The LEGO Batman Movie Series 1,Sand Blue,1
The LEGO Batman Movie Series 1,Trans-Dark Pink,1
The LEGO Batman Movie Series 1,Trans-Light Blue,2
The LEGO Batman Movie Series 1,White,3
The LEGO Batman Movie Series 1,Yellow,2
The LEGO Batman Movie Series 2,Black,32
The LEGO Batman Movie Series 2,Dark Bluish Gray,1
The LEGO Batman Movie Series 2,Flat Silver,1
The LEGO Batman Movie Series 2,Light Bluish Gray,1
The LEGO Batman Movie Series 2,Medium Blue,1
The LEGO Batman Movie Series 2,Pearl Gold,2
The LEGO Batman Movie Series 2,Red,3
The LEGO Batman Movie Series 2,Tan,1
The LEGO Batman Movie Series 2,Trans-Clear,4
The LEGO Batman Movie Series 2,Trans-Light Blue,1
The LEGO Batman Movie Series 2,Trans-Medium Blue,1
The LEGO Batman Movie Series 2,Trans-Neon Green,3
The LEGO Batman Movie Series 2,Trans-Yellow,2
The LEGO Batman Movie Series 2,White,3
The LEGO Batman Movie Series 2,Yellow,2
The LEGO Movie,Black,2531
The LEGO Movie,Blue,564
The LEGO Movie,Bright Green,8
The LEGO Movie,Bright Light Blue,3
The LEGO Movie,Bright Light Orange,16
The LEGO Movie,Bright Light Yellow,3
The LEGO Movie,Bright Pink,37
The LEGO Movie,Dark Azure,1
The LEGO Movie,Dark Blue,4
The LEGO Movie,Dark Bluish Gray,1872
The LEGO Movie,Dark Brown,169
The LEGO Movie,Dark Green,20
The LEGO Movie,Dark Orange,13
The LEGO Movie,Dark Pink,43
The LEGO Movie,Dark Red,57
The LEGO Movie,Dark Tan,63
The LEGO Movie,Flat Silver,285
The LEGO Movie,Green,113
The LEGO Movie,Light Aqua,3
The LEGO Movie,Light Bluish Gray,1854
The LEGO Movie,Lime,48
The LEGO Movie,Magenta,3
The LEGO Movie,Medium Azure,8
The LEGO Movie,Medium Blue,76
The LEGO Movie,Medium Nougat,1
The LEGO Movie,Nougat,1
The LEGO Movie,Olive Green,2
The LEGO Movie,Orange,35
The LEGO Movie,Pearl Gold,324
The LEGO Movie,Pearl Titanium,20
The LEGO Movie,Red,402
The LEGO Movie,Reddish Brown,990
The LEGO Movie,Sand Green,1
The LEGO Movie,Tan,150
The LEGO Movie,Trans-Bright Green,3
The LEGO Movie,Trans-Brown,28
The LEGO Movie,Trans-Clear,118
The LEGO Movie,Trans-Dark Blue,58
The LEGO Movie,Trans-Dark Pink,3
The LEGO Movie,Trans-Green,21
The LEGO Movie,Trans-Light Blue,34
The LEGO Movie,Trans-Neon Green,2
The LEGO Movie,Trans-Neon Orange,15
The LEGO Movie,Trans-Orange,84
The LEGO Movie,Trans-Red,303
The LEGO Movie,Trans-Yellow,47
The LEGO Movie,White,706
The LEGO Movie,Yellow,351
The LEGO Movie,Yellowish Green,9
The LEGO Movie,[No Color/Any Color],18
The LEGO Movie II,Black,2103
The LEGO Movie II,Blue,688
The LEGO Movie II,Bright Green,18
The LEGO Movie II,Bright Light Blue,10
The LEGO Movie II,Bright Light Orange,128
The LEGO Movie II,Bright Light Yellow,4
The LEGO Movie II,Bright Pink,46
The LEGO Movie II,Coral,118
The LEGO Movie II,Dark Azure,66
The LEGO Movie II,Dark Blue,1168
The LEGO Movie II,Dark Bluish Gray,1585
The LEGO Movie II,Dark Brown,51
The LEGO Movie II,Dark Green,2
The LEGO Movie II,Dark Orange,84
The LEGO Movie II,Dark Pink,83
The LEGO Movie II,Dark Purple,177
The LEGO Movie II,Dark Red,70
The LEGO Movie II,Dark Tan,608
The LEGO Movie II,Dark Turquoise,283
The LEGO Movie II,Flat Silver,220
The LEGO Movie II,Glitter Trans-Light Blue,6
The LEGO Movie II,Glitter Trans-Purple,11
The LEGO Movie II,Green,38
The LEGO Movie II,Lavender,50
The LEGO Movie II,Light Aqua,129
The LEGO Movie II,Light Bluish Gray,1685
The LEGO Movie II,Lime,171
The LEGO Movie II,Magenta,281
The LEGO Movie II,Medium Azure,213
The LEGO Movie II,Medium Blue,45
The LEGO Movie II,Medium Lavender,22
The LEGO Movie II,Medium Nougat,94
The LEGO Movie II,Metallic Gold,5
The LEGO Movie II,Metallic Silver,10
The LEGO Movie II,Olive Green,209
The LEGO Movie II,Orange,176
The LEGO Movie II,Pearl Gold,191
The LEGO Movie II,Pearl Titanium,133
The LEGO Movie II,Red,483
The LEGO Movie II,Reddish Brown,1092
The LEGO Movie II,Sand Blue,107
The LEGO Movie II,Sand Green,449
The LEGO Movie II,Tan,247
The LEGO Movie II,Trans-Bright Green,49
The LEGO Movie II,Trans-Brown,11
The LEGO Movie II,Trans-Clear,160
The LEGO Movie II,Trans-Dark Blue,3
The LEGO Movie II,Trans-Dark Pink,132
The LEGO Movie II,Trans-Green,10
The LEGO Movie II,Trans-Light Blue,347
The LEGO Movie II,Trans-Neon Green,30
The LEGO Movie II,Trans-Neon Orange,11
The LEGO Movie II,Trans-Orange,35
The LEGO Movie II,Trans-Purple,62
The LEGO Movie II,Trans-Red,42
The LEGO Movie II,Trans-Yellow,40
The LEGO Movie II,White,1842
The LEGO Movie II,Yellow,1006
The LEGO Movie II,Yellowish Green,25
The LEGO Movie II,[No Color/Any Color],14
The LEGO Ninjago Movie,Black,4388
The LEGO Ninjago Movie,Blue,701
The LEGO Ninjago Movie,Bright Green,21
The LEGO Ninjago Movie,Bright Light Blue,102
The LEGO Ninjago Movie,Bright Light Orange,92
The LEGO Ninjago Movie,Bright Light Yellow,82
The LEGO Ninjago Movie,Bright Pink,101
The LEGO Ninjago Movie,Dark Azure,23
The LEGO Ninjago Movie,Dark Blue,176
The LEGO Ninjago Movie,Dark Bluish Gray,2698
The LEGO Ninjago Movie,Dark Brown,385
The LEGO Ninjago Movie,Dark Green,119
The LEGO Ninjago Movie,Dark Orange,43
The LEGO Ninjago Movie,Dark Pink,8
The LEGO Ninjago Movie,Dark Purple,5
The LEGO Ninjago Movie,Dark Red,242
The LEGO Ninjago Movie,Dark Tan,571
The LEGO Ninjago Movie,Flat Silver,390
The LEGO Ninjago Movie,Glitter Trans-Light Blue,1
The LEGO Ninjago Movie,Glitter Trans-Neon Green,1
The LEGO Ninjago Movie,Green,249
The LEGO Ninjago Movie,Light Aqua,6
The LEGO Ninjago Movie,Light Bluish Gray,3230
The LEGO Ninjago Movie,Lime,50
The LEGO Ninjago Movie,Magenta,12
The LEGO Ninjago Movie,Medium Azure,42
The LEGO Ninjago Movie,Medium Blue,67
The LEGO Ninjago Movie,Medium Lavender,3
The LEGO Ninjago Movie,Medium Nougat,134
The LEGO Ninjago Movie,Olive Green,139
The LEGO Ninjago Movie,Orange,76
The LEGO Ninjago Movie,Pearl Copper,6
The LEGO Ninjago Movie,Pearl Gold,619
The LEGO Ninjago Movie,Pearl Titanium,43
The LEGO Ninjago Movie,Red,825
The LEGO Ninjago Movie,Reddish Brown,1732
The LEGO Ninjago Movie,Sand Blue,207
The LEGO Ninjago Movie,Sand Green,303
The LEGO Ninjago Movie,Tan,698
The LEGO Ninjago Movie,Trans-Bright Green,24
The LEGO Ninjago Movie,Trans-Brown,20
The LEGO Ninjago Movie,Trans-Clear,127
The LEGO Ninjago Movie,Trans-Dark Blue,47
The LEGO Ninjago Movie,Trans-Dark Pink,8
The LEGO Ninjago Movie,Trans-Green,39
The LEGO Ninjago Movie,Trans-Light Blue,738
The LEGO Ninjago Movie,Trans-Medium Blue,25
The LEGO Ninjago Movie,Trans-Neon Green,19
The LEGO Ninjago Movie,Trans-Neon Orange,86
The LEGO Ninjago Movie,Trans-Orange,111
The LEGO Ninjago Movie,Trans-Purple,6
The LEGO Ninjago Movie,Trans-Red,165
The LEGO Ninjago Movie,Trans-Yellow,16
The LEGO Ninjago Movie,White,1106
The LEGO Ninjago Movie,Yellow,362
The LEGO Ninjago Movie,[No Color/Any Color],22
The Legend of Zelda,Black,365
The Legend of Zelda,Blue,23
The Legend of Zelda,Bright Green,240
The Legend of Zelda,Bright Light Orange,11
The Legend of Zelda,Bright Light Yellow,4
The Legend of Zelda,Bright Pink,92
The Legend of Zelda,Dark Blue,1
The Legend of Zelda,Dark Bluish Gray,235
The Legend of Zelda,Dark Brown,23
The Legend of Zelda,Dark Green,153
The Legend of Zelda,Dark Orange,36
The Legend of Zelda,Dark Pink,5
The Legend of Zelda,Dark Red,26
The Legend of Zelda,Dark Tan,413
The Legend of Zelda,Dark Turquoise,38
The Legend of Zelda,Flat Silver,7
The Legend of Zelda,Green,157
The Legend of Zelda,Light Aqua,9
The Legend of Zelda,Light Bluish Gray,148
The Legend of Zelda,Light Nougat,64
The Legend of Zelda,Lime,109
The Legend of Zelda,Magenta,2
The Legend of Zelda,Medium Nougat,158
The Legend of Zelda,Olive Green,349
The Legend of Zelda,Opal Trans-Light Blue,6
The Legend of Zelda,Orange,15
The Legend of Zelda,Pearl Gold,54
The Legend of Zelda,Pearl Titanium,26
The Legend of Zelda,Red,78
The Legend of Zelda,Reddish Brown,261
The Legend of Zelda,Reddish Orange,18
The Legend of Zelda,Sand Green,24
The Legend of Zelda,Tan,258
The Legend of Zelda,Trans-Clear,24
The Legend of Zelda,Trans-Dark Blue,4
The Legend of Zelda,Trans-Dark Pink,4
The Legend of Zelda,Trans-Green,8
The Legend of Zelda,Trans-Light Blue,2
The Legend of Zelda,Trans-Orange,46
The Legend of Zelda,Trans-Purple,5
The Legend of Zelda,Trans-Red,3
The Legend of Zelda,Trans-Yellow,22
The Legend of Zelda,White,55
The Legend of Zelda,Yellow,39
The Lone Ranger,Black,559
The Lone Ranger,Blue,14
The Lone Ranger,Chrome Silver,8
The Lone Ranger,Dark Bluish Gray,368
The Lone Ranger,Dark Brown,35
The Lone Ranger,Dark Green,109
The Lone Ranger,Dark Orange,14
The Lone Ranger,Dark Red,8
The Lone Ranger,Dark Tan,132
The Lone Ranger,Flat Silver,27
The Lone Ranger,Green,12
The Lone Ranger,Light Bluish Gray,340
The Lone Ranger,Medium Blue,4
The Lone Ranger,Medium Nougat,19
The Lone Ranger,Metallic Silver,33
The Lone Ranger,Orange,3
The Lone Ranger,Pearl Gold,46
The Lone Ranger,Pearl Titanium,12
The Lone Ranger,Red,63
The Lone Ranger,Reddish Brown,254
The Lone Ranger,Tan,255
The Lone Ranger,Trans-Clear,58
The Lone Ranger,Trans-Green,2
The Lone Ranger,Trans-Light Blue,4
The Lone Ranger,Trans-Neon Orange,4
The Lone Ranger,Trans-Orange,4
The Lone Ranger,Trans-Yellow,8
The Lone Ranger,White,66
The Lone Ranger,Yellow,14
The Lone Ranger,[No Color/Any Color],4
The Lord of the Rings,Black,3034
The Lord of the Rings,Blue,73
The Lord of the Rings,Bright Green,5
The Lord of the Rings,Chrome Gold,12
The Lord of the Rings,Dark Blue,9
The Lord of the Rings,Dark Bluish Gray,2238
The Lord of the Rings,Dark Brown,192
The Lord of the Rings,Dark Green,168
The Lord of the Rings,Dark Orange,6
The Lord of the Rings,Dark Red,16
The Lord of the Rings,Dark Tan,224
The Lord of the Rings,Flat Silver,99
The Lord of the Rings,Green,21
The Lord of the Rings,Light Bluish Gray,2142
The Lord of the Rings,Metallic Copper,2
The Lord of the Rings,Metallic Gold,2
The Lord of the Rings,Metallic Silver,4
The Lord of the Rings,Olive Green,40
The Lord of the Rings,Orange,13
The Lord of the Rings,Pearl Gold,36
The Lord of the Rings,Pearl Titanium,71
The Lord of the Rings,Red,88
The Lord of the Rings,Reddish Brown,979
The Lord of the Rings,Sand Green,190
The Lord of the Rings,Speckle Black-Silver,1
The Lord of the Rings,Tan,152
The Lord of the Rings,Trans-Brown,8
The Lord of the Rings,Trans-Clear,15
The Lord of the Rings,Trans-Dark Blue,10
The Lord of the Rings,Trans-Green,1
The Lord of the Rings,Trans-Neon Green,2
The Lord of the Rings,Trans-Neon Orange,57
The Lord of the Rings,Trans-Orange,18
The Lord of the Rings,Trans-Red,6
The Lord of the Rings,Trans-Yellow,4
The Lord of the Rings,White,76
The Lord of the Rings,Yellow,26
The Lord of the Rings,[No Color/Any Color],7
The Muppets,Black,18
The Muppets,Bright Green,1
The Muppets,Dark Orange,1
The Muppets,Dark Tan,2
The Muppets,Flat Silver,1
The Muppets,Light Bluish Gray,12
The Muppets,Metallic Gold,1
The Muppets,Red,3
The Muppets,Trans-Clear,1
The Muppets,White,17
The Muppets,Yellow,1
The Powerpuff Girls,Black,15
The Powerpuff Girls,Blue,1
The Powerpuff Girls,Bright Pink,4
The Powerpuff Girls,Dark Azure,3
The Powerpuff Girls,Dark Bluish Gray,14
The Powerpuff Girls,Dark Pink,14
The Powerpuff Girls,Dark Purple,4
The Powerpuff Girls,Dark Turquoise,7
The Powerpuff Girls,Flat Silver,4
The Powerpuff Girls,Green,4
The Powerpuff Girls,Light Bluish Gray,30
The Powerpuff Girls,Lime,9
The Powerpuff Girls,Magenta,2
The Powerpuff Girls,Medium Azure,13
The Powerpuff Girls,Medium Blue,1
The Powerpuff Girls,Medium Lavender,6
The Powerpuff Girls,Pearl Gold,18
The Powerpuff Girls,Red,29
The Powerpuff Girls,Reddish Brown,2
The Powerpuff Girls,Tan,18
The Powerpuff Girls,Trans-Bright Green,3
The Powerpuff Girls,Trans-Brown,1
The Powerpuff Girls,Trans-Clear,8
The Powerpuff Girls,Trans-Dark Pink,22
The Powerpuff Girls,Trans-Light Blue,10
The Powerpuff Girls,Trans-Neon Green,1
The Powerpuff Girls,Trans-Red,6
The Powerpuff Girls,White,75
The Powerpuff Girls,Yellow,53
The Powerpuff Girls,[No Color/Any Color],1
The Simpsons Series 1,Black,16
The Simpsons Series 1,Bright Pink,1
The Simpsons Series 1,Dark Bluish Gray,2
The Simpsons Series 1,Light Bluish Gray,1
The Simpsons Series 1,Lime,2
The Simpsons Series 1,Medium Lavender,2
The Simpsons Series 1,Medium Nougat,3
The Simpsons Series 1,Pearl Gold,1
The Simpsons Series 1,Red,1
The Simpsons Series 1,Reddish Brown,2
The Simpsons Series 1,Trans-Bright Green,1
The Simpsons Series 1,Trans-Clear,1
The Simpsons Series 1,White,6
The Simpsons Series 2,Black,16
The Simpsons Series 2,Bright Pink,1
The Simpsons Series 2,Dark Blue,1
The Simpsons Series 2,Dark Bluish Gray,1
The Simpsons Series 2,Dark Orange,1
The Simpsons Series 2,Dark Pink,3
The Simpsons Series 2,Green,1
The Simpsons Series 2,Light Aqua,1
The Simpsons Series 2,Lime,1
The Simpsons Series 2,Medium Azure,1
The Simpsons Series 2,Red,6
The Simpsons Series 2,Reddish Brown,2
The Simpsons Series 2,Trans-Clear,1
The Simpsons Series 2,White,4
Thomas & Friends,Black,43
Thomas & Friends,Blue,25
Thomas & Friends,Bright Green,43
Thomas & Friends,Bright Light Orange,10
Thomas & Friends,Bright Light Yellow,4
Thomas & Friends,Dark Bluish Gray,76
Thomas & Friends,Dark Orange,16
Thomas & Friends,Dark Red,20
Thomas & Friends,Dark Tan,8
Thomas & Friends,Green,32
Thomas & Friends,Light Bluish Gray,37
Thomas & Friends,Medium Blue,1
Thomas & Friends,Orange,2
Thomas & Friends,Pearl Light Gray,7
Thomas & Friends,Red,60
Thomas & Friends,Sand Blue,1
Thomas & Friends,Tan,25
Thomas & Friends,Very Light Bluish Gray,3
Thomas & Friends,White,12
Thomas & Friends,Yellow,16
Throwbot Slizer,Black,381
Throwbot Slizer,Blue,36
Throwbot Slizer,Dark Gray,38
Throwbot Slizer,Dark Turquoise,32
Throwbot Slizer,Glow In Dark Opaque,4
Throwbot Slizer,Green,15
Throwbot Slizer,Light Gray,94
Throwbot Slizer,Medium Blue,23
Throwbot Slizer,Metallic Gold,2
Throwbot Slizer,Orange,9
Throwbot Slizer,Pearl Light Gray,4
Throwbot Slizer,Purple,31
Throwbot Slizer,Red,30
Throwbot Slizer,Rust,5
Throwbot Slizer,Tan,20
Throwbot Slizer,Trans-Brown,2
Throwbot Slizer,Trans-Neon Orange,4
Throwbot Slizer,Trans-Red,2
Throwbot Slizer,White,17
Throwbot Slizer,Yellow,59
Throwbot Slizer,[No Color/Any Color],1
Time Cruisers,Black,457
Time Cruisers,Blue,124
Time Cruisers,Brown,59
Time Cruisers,Chrome Gold,16
Time Cruisers,Chrome Silver,13
Time Cruisers,Dark Gray,61
Time Cruisers,Glow In Dark Opaque,2
Time Cruisers,Green,12
Time Cruisers,Light Gray,501
Time Cruisers,Red,45
Time Cruisers,Trans-Clear,10
Time Cruisers,Trans-Dark Blue,5
Time Cruisers,Trans-Green,6
Time Cruisers,Trans-Light Blue,15
Time Cruisers,Trans-Neon Green,40
Time Cruisers,Trans-Neon Orange,87
Time Cruisers,Trans-Red,13
Time Cruisers,Trans-Yellow,6
Time Cruisers,White,89
Time Cruisers,Yellow,117
Time Cruisers,[No Color/Any Color],2
Toolo,Black,161
Toolo,Blue,78
Toolo,Green,10
Toolo,Light Gray,3
Toolo,Red,71
Toolo,Trans-Light Blue,2
Toolo,Trans-Yellow,1
Toolo,White,3
Toolo,Yellow,53
Town,Black,3434
Town,Blue,1851
Town,Bright Green,362
Town,Bright Light Blue,23
Town,Bright Light Orange,208
Town,Bright Light Yellow,94
Town,Bright Pink,44
Town,Brown,206
Town,Chrome Silver,40
Town,Coral,47
Town,Dark Azure,68
Town,Dark Blue,45
Town,Dark Bluish Gray,1003
Town,Dark Brown,13
Town,Dark Gray,138
Town,Dark Green,2
Town,Dark Orange,219
Town,Dark Pink,55
Town,Dark Purple,5
Town,Dark Red,21
Town,Dark Tan,15
Town,Dark Turquoise,42
Town,Earth Orange,23
Town,Fabuland Brown,5
Town,Fabuland Red,8
Town,Flat Silver,56
Town,Glitter Trans-Dark Pink,10
Town,Green,998
Town,Lavender,13
Town,Light Aqua,62
Town,Light Bluish Gray,1842
Town,Light Gray,670
Town,Light Lilac,1
Town,Light Nougat,2
Town,Light Yellow,1
Town,Lime,424
Town,Magenta,4
Town,Medium Azure,315
Town,Medium Blue,385
Town,Medium Dark Pink,9
Town,Medium Green,2
Town,Medium Lavender,8
Town,Medium Nougat,82
Town,Medium Orange,14
Town,Metallic Silver,7
Town,Nougat,26
Town,Opal Trans-Clear,1
Town,Orange,472
Town,Pearl Light Gray,84
Town,Red,4596
Town,Reddish Brown,488
Town,Reddish Orange,5
Town,Sand Green,2
Town,Tan,349
Town,Trans-Brown,24
Town,Trans-Clear,466
Town,Trans-Dark Blue,394
Town,Trans-Dark Pink,1
Town,Trans-Green,46
Town,Trans-Light Blue,202
Town,Trans-Neon Green,15
Town,Trans-Neon Orange,35
Town,Trans-Orange,52
Town,Trans-Red,217
Town,Trans-Yellow,325
Town,Very Light Bluish Gray,1
Town,Vibrant Yellow,22
Town,Warm Tan,1
Town,White,5982
Town,Yellow,3402
Town,Yellowish Green,53
Town,[No Color/Any Color],103
Town Jr.,Black,886
Town Jr.,Blue,121
Town Jr.,Bright Green,1
Town Jr.,Brown,12
Town Jr.,Chrome Gold,8
Town Jr.,Chrome Silver,10
Town Jr.,Dark Gray,146
Town Jr.,Green,109
Town Jr.,Light Gray,483
Town Jr.,Orange,5
Town Jr.,Red,341
Town Jr.,Trans-Clear,23
Town Jr.,Trans-Dark Blue,95
Town Jr.,Trans-Green,29
Town Jr.,Trans-Light Blue,69
Town Jr.,Trans-Neon Green,7
Town Jr.,Trans-Neon Orange,3
Town Jr.,Trans-Red,95
Town Jr.,Trans-Yellow,65
Town Jr.,White,846
Town Jr.,Yellow,393
Town Jr.,[No Color/Any Color],4
Town Plan,Black,205
Town Plan,Blue,264
Town Plan,Bright Green,1
Town Plan,Dark Bluish Gray,110
Town Plan,Dark Green,133
Town Plan,Dark Orange,1
Town Plan,Dark Pink,4
Town Plan,Dark Red,69
Town Plan,Dark Tan,7
Town Plan,Green,110
Town Plan,HO Blue-gray,1
Town Plan,HO Sand Green,1
Town Plan,Light Bluish Gray,385
Town Plan,Light Gray,7
Town Plan,Medium Blue,138
Town Plan,Metal,6
Town Plan,Metallic Gold,3
Town Plan,Metallic Silver,7
Town Plan,Red,1171
Town Plan,Reddish Brown,52
Town Plan,Tan,81
Town Plan,Trans-Clear,398
Town Plan,Trans-Green,1
Town Plan,Trans-Light Blue,4
Town Plan,Trans-Medium Blue,1
Town Plan,Trans-Red,3
Town Plan,Trans-Yellow,25
Town Plan,White,3696
Town Plan,Yellow,20
Town Plan,[No Color/Any Color],23
Toy Story,Black,848
Toy Story,Blue,393
Toy Story,Bright Green,28
Toy Story,Bright Light Orange,28
Toy Story,Bright Light Yellow,4
Toy Story,Bright Pink,83
Toy Story,Chrome Gold,4
Toy Story,Chrome Silver,12
Toy Story,Coral,2
Toy Story,Dark Azure,12
Toy Story,Dark Blue,63
Toy Story,Dark Bluish Gray,629
Toy Story,Dark Brown,56
Toy Story,Dark Green,57
Toy Story,Dark Orange,66
Toy Story,Dark Pink,246
Toy Story,Dark Purple,268
Toy Story,Dark Red,2
Toy Story,Dark Tan,53
Toy Story,Dark Turquoise,151
Toy Story,Flat Silver,12
Toy Story,Green,244
Toy Story,Lavender,19
Toy Story,Light Aqua,1
Toy Story,Light Bluish Gray,726
Toy Story,Light Nougat,6
Toy Story,Lime,394
Toy Story,Magenta,15
Toy Story,Medium Azure,68
Toy Story,Medium Blue,14
Toy Story,Medium Lavender,32
Toy Story,Medium Nougat,225
Toy Story,Metallic Silver,3
Toy Story,Opal Trans-Dark Blue,2
Toy Story,Opal Trans-Light Blue,1
Toy Story,Orange,38
Toy Story,Pearl Gold,16
Toy Story,Pearl Light Gray,2
Toy Story,Pearl Titanium,1
Toy Story,Red,699
Toy Story,Reddish Brown,398
Toy Story,Reddish Orange,1
Toy Story,Sand Green,8
Toy Story,Tan,378
Toy Story,Trans-Brown,16
Toy Story,Trans-Clear,53
Toy Story,Trans-Dark Blue,5
Toy Story,Trans-Dark Pink,2
Toy Story,Trans-Green,14
Toy Story,Trans-Light Blue,26
Toy Story,Trans-Neon Green,20
Toy Story,Trans-Neon Orange,34
Toy Story,Trans-Orange,37
Toy Story,Trans-Red,28
Toy Story,Trans-Yellow,4
Toy Story,White,567
Toy Story,Yellow,438
Toy Story,[No Color/Any Color],5
Traffic,Black,4332
Traffic,Blue,1255
Traffic,Bright Green,92
Traffic,Bright Light Blue,2
Traffic,Bright Light Orange,44
Traffic,Bright Pink,12
Traffic,Dark Azure,236
Traffic,Dark Blue,46
Traffic,Dark Bluish Gray,2328
Traffic,Dark Brown,3
Traffic,Dark Green,9
Traffic,Dark Orange,30
Traffic,Dark Pink,46
Traffic,Dark Purple,60
Traffic,Dark Red,167
Traffic,Dark Tan,145
Traffic,Dark Turquoise,74
Traffic,Flat Silver,156
Traffic,Green,585
Traffic,Light Aqua,2
Traffic,Light Bluish Gray,3552
Traffic,Lime,272
Traffic,Magenta,15
Traffic,Medium Azure,29
Traffic,Medium Blue,27
Traffic,Medium Nougat,85
Traffic,Metallic Silver,16
Traffic,Orange,762
Traffic,Pearl Gold,23
Traffic,Pearl Light Gray,3
Traffic,Pearl Titanium,8
Traffic,Red,1754
Traffic,Reddish Brown,192
Traffic,Sand Blue,4
Traffic,Sand Green,16
Traffic,Tan,462
Traffic,Trans-Black,4
Traffic,Trans-Bright Green,1
Traffic,Trans-Brown,369
Traffic,Trans-Clear,540
Traffic,Trans-Dark Blue,92
Traffic,Trans-Dark Pink,1
Traffic,Trans-Green,31
Traffic,Trans-Light Blue,169
Traffic,Trans-Neon Green,1
Traffic,Trans-Orange,493
Traffic,Trans-Red,455
Traffic,Trans-Yellow,226
Traffic,Vibrant Yellow,8
Traffic,White,3550
Traffic,Yellow,1748
Traffic,Yellowish Green,3
Traffic,[No Color/Any Color],57
Train,Black,110
Train,Blue,8
Train,Chrome Silver,1
Train,Dark Gray,1
Train,Light Gray,60
Train,Milky White,4
Train,Red,56
Train,Trans-Clear,4
Train,Trans-Red,4
Train,Trans-Yellow,7
Train,White,5
Train,Yellow,4
Trains,Black,4507
Trains,Blue,797
Trains,Bright Green,148
Trains,Bright Light Blue,1
Trains,Bright Light Orange,129
Trains,Bright Light Yellow,7
Trains,Bright Pink,9
Trains,Brown,3
Trains,Chrome Silver,170
Trains,Coral,8
Trains,Dark Azure,131
Trains,Dark Blue,232
Trains,Dark Bluish Gray,3917
Trains,Dark Brown,2
Trains,Dark Gray,199
Trains,Dark Green,67
Trains,Dark Orange,37
Trains,Dark Red,25
Trains,Dark Tan,58
Trains,Dark Turquoise,138
Trains,Earth Orange,1
Trains,Flat Silver,36
Trains,Green,680
Trains,Lavender,3
Trains,Light Aqua,2
Trains,Light Bluish Gray,3197
Trains,Light Brown,1
Trains,Light Gray,7
Trains,Lime,241
Trains,Magenta,7
Trains,Medium Azure,30
Trains,Medium Blue,56
Trains,Medium Dark Pink,2
Trains,Medium Lavender,5
Trains,Medium Nougat,110
Trains,Orange,183
Trains,Pearl Gold,41
Trains,Pearl Light Gray,13
Trains,Pearl Titanium,1
Trains,Red,2420
Trains,Reddish Brown,403
Trains,Reddish Orange,14
Trains,Sand Green,9
Trains,Tan,519
Trains,Trans-Bright Green,2
Trains,Trans-Brown,452
Trains,Trans-Clear,366
Trains,Trans-Dark Pink,3
Trains,Trans-Green,35
Trains,Trans-Light Blue,97
Trains,Trans-Neon Green,6
Trains,Trans-Neon Orange,1
Trains,Trans-Orange,139
Trains,Trans-Purple,3
Trains,Trans-Red,202
Trains,Trans-Yellow,111
Trains,Vibrant Yellow,2
Trains,White,1622
Trains,Yellow,1721
Trains,Yellowish Green,18
Trains,[No Color/Any Color],30
Trolls: World Tour,Black,183
Trolls: World Tour,Blue,12
Trolls: World Tour,Bright Green,31
Trolls: World Tour,Bright Light Orange,107
Trolls: World Tour,Bright Pink,25
Trolls: World Tour,Coral,20
Trolls: World Tour,Dark Azure,17
Trolls: World Tour,Dark Blue,32
Trolls: World Tour,Dark Bluish Gray,44
Trolls: World Tour,Dark Brown,1
Trolls: World Tour,Dark Pink,109
Trolls: World Tour,Dark Purple,72
Trolls: World Tour,Dark Tan,2
Trolls: World Tour,Dark Turquoise,116
Trolls: World Tour,Flat Silver,25
Trolls: World Tour,Green,58
Trolls: World Tour,Lavender,26
Trolls: World Tour,Light Aqua,37
Trolls: World Tour,Light Bluish Gray,166
Trolls: World Tour,Lime,140
Trolls: World Tour,Magenta,102
Trolls: World Tour,Medium Azure,127
Trolls: World Tour,Medium Blue,26
Trolls: World Tour,Medium Lavender,128
Trolls: World Tour,Medium Nougat,16
Trolls: World Tour,Metallic Gold,6
Trolls: World Tour,Metallic Silver,3
Trolls: World Tour,Orange,31
Trolls: World Tour,Pearl Gold,69
Trolls: World Tour,Pearl Titanium,1
Trolls: World Tour,Red,53
Trolls: World Tour,Reddish Brown,15
Trolls: World Tour,Tan,52
Trolls: World Tour,Trans-Bright Green,6
Trolls: World Tour,Trans-Clear,15
Trolls: World Tour,Trans-Dark Blue,3
Trolls: World Tour,Trans-Dark Pink,73
Trolls: World Tour,Trans-Green,4
Trolls: World Tour,Trans-Light Blue,38
Trolls: World Tour,Trans-Neon Green,17
Trolls: World Tour,Trans-Neon Orange,2
Trolls: World Tour,Trans-Orange,27
Trolls: World Tour,Trans-Purple,18
Trolls: World Tour,Trans-Red,5
Trolls: World Tour,Trans-Yellow,16
Trolls: World Tour,White,207
Trolls: World Tour,Yellow,139
Trolls: World Tour,Yellowish Green,1
Trolls: World Tour,[No Color/Any Color],6
UCS,Black,9807
UCS,Blue,472
UCS,Bright Light Orange,9
UCS,Bright Light Yellow,3
UCS,Dark Azure,5
UCS,Dark Bluish Gray,3574
UCS,Dark Orange,4
UCS,Dark Pink,2
UCS,Dark Red,35
UCS,Dark Tan,55
UCS,Dark Turquoise,4
UCS,Flat Silver,213
UCS,Green,26
UCS,Light Bluish Gray,2225
UCS,Lime,44
UCS,Medium Azure,8
UCS,Medium Blue,2
UCS,Orange,4
UCS,Pearl Gold,80
UCS,Pearl Titanium,135
UCS,Red,118
UCS,Reddish Brown,112
UCS,Sand Blue,30
UCS,Sand Green,4
UCS,Tan,395
UCS,Trans-Brown,29
UCS,Trans-Clear,29
UCS,Trans-Light Blue,3
UCS,Trans-Neon Orange,8
UCS,Trans-Orange,8
UCS,Trans-Red,33
UCS,Trans-Yellow,84
UCS,White,115
UCS,Yellow,430
UCS,[No Color/Any Color],8
UFO,Black,539
UFO,Blue,19
UFO,Dark Gray,4
UFO,Light Gray,367
UFO,Metallic Gold,1
UFO,Red,209
UFO,Trans-Clear,8
UFO,Trans-Neon Green,185
UFO,Trans-Neon Orange,5
UFO,Trans-Red,2
UFO,Yellow,3
UFO,[No Color/Any Color],11
Ultimate Collector Series,Black,25651
Ultimate Collector Series,Blue,4946
Ultimate Collector Series,Bright Green,22
Ultimate Collector Series,Bright Light Blue,13
Ultimate Collector Series,Bright Light Orange,81
Ultimate Collector Series,Bright Light Yellow,7
Ultimate Collector Series,Bright Pink,21
Ultimate Collector Series,Brown,75
Ultimate Collector Series,Chrome Silver,25
Ultimate Collector Series,Copper,17
Ultimate Collector Series,Dark Azure,30
Ultimate Collector Series,Dark Blue,538
Ultimate Collector Series,Dark Bluish Gray,25937
Ultimate Collector Series,Dark Brown,562
Ultimate Collector Series,Dark Gray,1810
Ultimate Collector Series,Dark Green,249
Ultimate Collector Series,Dark Orange,790
Ultimate Collector Series,Dark Pink,1
Ultimate Collector Series,Dark Purple,10
Ultimate Collector Series,Dark Red,2493
Ultimate Collector Series,Dark Tan,2648
Ultimate Collector Series,Dark Turquoise,62
Ultimate Collector Series,Flat Silver,603
Ultimate Collector Series,Green,542
Ultimate Collector Series,Light Bluish Gray,47153
Ultimate Collector Series,Light Gray,3179
Ultimate Collector Series,Lime,195
Ultimate Collector Series,Magenta,13
Ultimate Collector Series,Medium Azure,87
Ultimate Collector Series,Medium Blue,15
Ultimate Collector Series,Medium Nougat,208
Ultimate Collector Series,Metallic Silver,128
Ultimate Collector Series,Nougat,304
Ultimate Collector Series,Olive Green,42
Ultimate Collector Series,Opal Trans-Clear,6
Ultimate Collector Series,Opal Trans-Light Blue,13
Ultimate Collector Series,Orange,446
Ultimate Collector Series,Pearl Dark Gray,16
Ultimate Collector Series,Pearl Gold,24
Ultimate Collector Series,Pearl Light Gray,20
Ultimate Collector Series,Pearl Titanium,115
Ultimate Collector Series,Red,3298
Ultimate Collector Series,Reddish Brown,5987
Ultimate Collector Series,Reddish Orange,12
Ultimate Collector Series,Sand Blue,232
Ultimate Collector Series,Sand Green,639
Ultimate Collector Series,Tan,5058
Ultimate Collector Series,Trans-Black,1
Ultimate Collector Series,Trans-Bright Green,29
Ultimate Collector Series,Trans-Brown,120
Ultimate Collector Series,Trans-Clear,502
Ultimate Collector Series,Trans-Dark Blue,217
Ultimate Collector Series,Trans-Dark Pink,18
Ultimate Collector Series,Trans-Green,40
Ultimate Collector Series,Trans-Light Blue,302
Ultimate Collector Series,Trans-Neon Green,302
Ultimate Collector Series,Trans-Neon Orange,198
Ultimate Collector Series,Trans-Orange,137
Ultimate Collector Series,Trans-Purple,1
Ultimate Collector Series,Trans-Red,311
Ultimate Collector Series,Trans-Yellow,132
Ultimate Collector Series,White,11840
Ultimate Collector Series,Yellow,1544
Ultimate Collector Series,Yellowish Green,18
Ultimate Collector Series,[No Color/Any Color],56
Ultra Agents,Black,1783
Ultra Agents,Blue,272
Ultra Agents,Bright Light Orange,40
Ultra Agents,Dark Blue,41
Ultra Agents,Dark Bluish Gray,988
Ultra Agents,Dark Brown,2
Ultra Agents,Dark Green,6
Ultra Agents,Dark Purple,28
Ultra Agents,Dark Red,17
Ultra Agents,Dark Tan,81
Ultra Agents,Flat Silver,228
Ultra Agents,Green,21
Ultra Agents,Light Bluish Gray,875
Ultra Agents,Lime,46
Ultra Agents,Medium Azure,3
Ultra Agents,Metallic Gold,3
Ultra Agents,Olive Green,92
Ultra Agents,Orange,17
Ultra Agents,Pearl Gold,29
Ultra Agents,Pearl Titanium,42
Ultra Agents,Red,128
Ultra Agents,Reddish Brown,2
Ultra Agents,Sand Blue,7
Ultra Agents,Tan,76
Ultra Agents,Trans-Bright Green,20
Ultra Agents,Trans-Brown,5
Ultra Agents,Trans-Clear,68
Ultra Agents,Trans-Dark Blue,4
Ultra Agents,Trans-Green,65
Ultra Agents,Trans-Light Blue,313
Ultra Agents,Trans-Neon Green,42
Ultra Agents,Trans-Neon Orange,9
Ultra Agents,Trans-Orange,233
Ultra Agents,Trans-Purple,40
Ultra Agents,Trans-Red,65
Ultra Agents,Trans-Yellow,42
Ultra Agents,White,492
Ultra Agents,Yellow,58
Ultra Agents,[No Color/Any Color],13
Unikitty!,Black,51
Unikitty!,Blue,145
Unikitty!,Bright Green,16
Unikitty!,Bright Light Blue,12
Unikitty!,Bright Light Orange,38
Unikitty!,Bright Light Yellow,10
Unikitty!,Bright Pink,96
Unikitty!,Dark Azure,80
Unikitty!,Dark Blue,39
Unikitty!,Dark Bluish Gray,40
Unikitty!,Dark Green,9
Unikitty!,Dark Orange,4
Unikitty!,Dark Pink,49
Unikitty!,Dark Purple,87
Unikitty!,Dark Tan,1
Unikitty!,Dark Turquoise,43
Unikitty!,Flat Silver,4
Unikitty!,Green,29
Unikitty!,Lavender,15
Unikitty!,Light Aqua,13
Unikitty!,Light Bluish Gray,106
Unikitty!,Lime,47
Unikitty!,Magenta,60
Unikitty!,Medium Azure,74
Unikitty!,Medium Blue,16
Unikitty!,Medium Lavender,39
Unikitty!,Medium Nougat,12
Unikitty!,Nougat,1
Unikitty!,Olive Green,2
Unikitty!,Orange,23
Unikitty!,Pearl Gold,6
Unikitty!,Red,49
Unikitty!,Reddish Brown,10
Unikitty!,Tan,37
Unikitty!,Trans-Clear,33
Unikitty!,Trans-Dark Blue,1
Unikitty!,Trans-Dark Pink,21
Unikitty!,Trans-Green,2
Unikitty!,Trans-Light Blue,25
Unikitty!,Trans-Neon Green,9
Unikitty!,Trans-Orange,2
Unikitty!,Trans-Purple,15
Unikitty!,Trans-Red,4
Unikitty!,Trans-Yellow,12
Unikitty!,White,324
Unikitty!,Yellow,94
Unikitty!,Yellowish Green,19
Unikitty!,[No Color/Any Color],6
Unitron,Black,631
Unitron,Blue,165
Unitron,Dark Gray,4
Unitron,Light Gray,360
Unitron,Trans-Clear,3
Unitron,Trans-Dark Blue,65
Unitron,Trans-Neon Green,106
Unitron,White,2
Unitron,[No Color/Any Color],1
Universal Building Set,Black,6147
Universal Building Set,Blue,4374
Universal Building Set,Bright Green,3
Universal Building Set,Brown,34
Universal Building Set,Dark Gray,138
Universal Building Set,Green,492
Universal Building Set,Light Gray,3669
Universal Building Set,Medium Dark Pink,15
Universal Building Set,Milky White,17
Universal Building Set,Pink,34
Universal Building Set,Red,8374
Universal Building Set,Trans-Clear,604
Universal Building Set,Trans-Dark Blue,74
Universal Building Set,Trans-Green,2
Universal Building Set,Trans-Light Blue,11
Universal Building Set,Trans-Red,19
Universal Building Set,Trans-Yellow,48
Universal Building Set,White,3764
Universal Building Set,Yellow,6172
Universal Building Set,[No Color/Any Color],48
Universe,Black,15
Universe,Light Bluish Gray,6
Universe,Orange,9
Universe,Trans-Brown,3
Universe,Trans-Orange,1
Universe,White,24
Universe,[No Color/Any Color],1
VIDIYO,Black,997
VIDIYO,Blue,47
VIDIYO,Bright Green,11
VIDIYO,Bright Light Orange,2
VIDIYO,Bright Light Yellow,40
VIDIYO,Bright Pink,33
VIDIYO,Coral,163
VIDIYO,Dark Azure,21
VIDIYO,Dark Blue,44
VIDIYO,Dark Bluish Gray,51
VIDIYO,Dark Brown,2
VIDIYO,Dark Orange,2
VIDIYO,Dark Pink,68
VIDIYO,Dark Purple,72
VIDIYO,Dark Turquoise,171
VIDIYO,Flat Silver,54
VIDIYO,Green,7
VIDIYO,Lavender,16
VIDIYO,Light Aqua,123
VIDIYO,Light Bluish Gray,230
VIDIYO,Lime,89
VIDIYO,Magenta,48
VIDIYO,Medium Azure,67
VIDIYO,Medium Lavender,20
VIDIYO,Medium Nougat,53
VIDIYO,Metallic Gold,2
VIDIYO,Opal Trans-Dark Pink,2
VIDIYO,Opal Trans-Light Blue,4
VIDIYO,Orange,34
VIDIYO,Pearl Gold,79
VIDIYO,Red,36
VIDIYO,Reddish Brown,155
VIDIYO,Tan,64
VIDIYO,Trans-Bright Green,5
VIDIYO,Trans-Clear,24
VIDIYO,Trans-Dark Blue,9
VIDIYO,Trans-Dark Pink,45
VIDIYO,Trans-Green,8
VIDIYO,Trans-Light Blue,16
VIDIYO,Trans-Orange,11
VIDIYO,Trans-Purple,1
VIDIYO,Trans-Red,4
VIDIYO,Trans-Yellow,27
VIDIYO,White,401
VIDIYO,Yellow,141
VIDIYO,Yellowish Green,20
VIP Add-On Packs,Black,100
VIP Add-On Packs,Blue,18
VIP Add-On Packs,Bright Green,37
VIP Add-On Packs,Bright Light Orange,50
VIP Add-On Packs,Bright Light Yellow,6
VIP Add-On Packs,Bright Pink,20
VIP Add-On Packs,Coral,13
VIP Add-On Packs,Dark Azure,1
VIP Add-On Packs,Dark Blue,1
VIP Add-On Packs,Dark Bluish Gray,33
VIP Add-On Packs,Dark Brown,9
VIP Add-On Packs,Dark Green,26
VIP Add-On Packs,Dark Orange,10
VIP Add-On Packs,Dark Pink,10
VIP Add-On Packs,Dark Purple,9
VIP Add-On Packs,Dark Red,12
VIP Add-On Packs,Dark Tan,12
VIP Add-On Packs,Dark Turquoise,8
VIP Add-On Packs,Flat Silver,24
VIP Add-On Packs,Glitter Trans-Light Blue,4
VIP Add-On Packs,Glow in Dark White,10
VIP Add-On Packs,Green,56
VIP Add-On Packs,Light Aqua,11
VIP Add-On Packs,Light Bluish Gray,20
VIP Add-On Packs,Lime,37
VIP Add-On Packs,Magenta,12
VIP Add-On Packs,Medium Azure,10
VIP Add-On Packs,Medium Lavender,11
VIP Add-On Packs,Medium Nougat,70
VIP Add-On Packs,Metallic Gold,12
VIP Add-On Packs,Metallic Silver,4
VIP Add-On Packs,Olive Green,17
VIP Add-On Packs,Opal Trans-Brown,4
VIP Add-On Packs,Opal Trans-Clear,7
VIP Add-On Packs,Opal Trans-Light Blue,24
VIP Add-On Packs,Orange,60
VIP Add-On Packs,Pearl Gold,98
VIP Add-On Packs,Pearl Titanium,13
VIP Add-On Packs,Red,104
VIP Add-On Packs,Reddish Brown,120
VIP Add-On Packs,Sand Green,16
VIP Add-On Packs,Tan,38
VIP Add-On Packs,Trans-Clear,19
VIP Add-On Packs,Trans-Dark Blue,8
VIP Add-On Packs,Trans-Dark Pink,1
VIP Add-On Packs,Trans-Green,2
VIP Add-On Packs,Trans-Light Blue,46
VIP Add-On Packs,Trans-Neon Green,25
VIP Add-On Packs,Trans-Orange,26
VIP Add-On Packs,Trans-Red,12
VIP Add-On Packs,Trans-Yellow,10
VIP Add-On Packs,White,163
VIP Add-On Packs,Yellow,60
VIP Add-On Packs,Yellowish Green,2
Valentine,Black,344
Valentine,Blue,20
Valentine,Bright Green,72
Valentine,Bright Light Blue,12
Valentine,Bright Light Orange,95
Valentine,Bright Light Yellow,39
Valentine,Bright Pink,172
Valentine,Chrome Gold,3
Valentine,Dark Azure,38
Valentine,Dark Bluish Gray,55
Valentine,Dark Brown,17
Valentine,Dark Green,2
Valentine,Dark Orange,31
Valentine,Dark Pink,85
Valentine,Dark Purple,21
Valentine,Dark Red,23
Valentine,Dark Tan,14
Valentine,Dark Turquoise,2
Valentine,Green,197
Valentine,Lavender,13
Valentine,Light Aqua,2
Valentine,Light Bluish Gray,178
Valentine,Light Nougat,2
Valentine,Lime,136
Valentine,Magenta,75
Valentine,Medium Azure,21
Valentine,Medium Blue,6
Valentine,Medium Lavender,15
Valentine,Medium Nougat,80
Valentine,Olive Green,1
Valentine,Orange,85
Valentine,Pearl Gold,9
Valentine,Red,797
Valentine,Reddish Brown,349
Valentine,Reddish Orange,2
Valentine,Sand Blue,8
Valentine,Sand Green,13
Valentine,Tan,267
Valentine,Trans-Clear,38
Valentine,Trans-Dark Pink,1
Valentine,Trans-Green,3
Valentine,Trans-Light Blue,2
Valentine,White,675
Valentine,Yellow,195
Valentine,Yellowish Green,8
Valentine,[No Color/Any Color],2
Value Packs,Blue,1
Vehicle,Black,588
Vehicle,Blue,208
Vehicle,Light Gray,6
Vehicle,Milky White,5
Vehicle,Red,413
Vehicle,Trans-Clear,103
Vehicle,White,258
Vehicle,Yellow,264
Vehicle,[No Color/Any Color],6
Video Games and Accessories,Black,31
Video Games and Accessories,Blue,13
Video Games and Accessories,Dark Blue,8
Video Games and Accessories,Green,2
Video Games and Accessories,Light Bluish Gray,1
Video Games and Accessories,Lime,6
Video Games and Accessories,Medium Blue,20
Video Games and Accessories,Red,25
Video Games and Accessories,Reddish Brown,6
Video Games and Accessories,Trans-Light Blue,3
Video Games and Accessories,White,208
Video Games and Accessories,Yellow,6
Vikings,Black,853
Vikings,Blue,58
Vikings,Bright Light Orange,2
Vikings,Copper,5
Vikings,Dark Blue,43
Vikings,Dark Bluish Gray,793
Vikings,Dark Green,102
Vikings,Dark Orange,5
Vikings,Dark Red,66
Vikings,Dark Tan,14
Vikings,Flat Dark Gold,1
Vikings,Green,44
Vikings,Light Bluish Gray,483
Vikings,Light Brown,1
Vikings,Pearl Gold,5
Vikings,Pearl Light Gray,93
Vikings,Pearl Titanium,5
Vikings,Red,161
Vikings,Reddish Brown,621
Vikings,Sand Green,22
Vikings,Speckle Black-Silver,46
Vikings,Tan,120
Vikings,Trans-Dark Blue,8
Vikings,Trans-Green,9
Vikings,Trans-Neon Green,5
Vikings,Trans-Neon Orange,37
Vikings,Trans-Red,8
Vikings,White,210
Vikings,Yellow,8
Vikings,[No Color/Any Color],20
Villains,Black,1017
Villains,Blue,135
Villains,Bright Green,8
Villains,Bright Light Orange,29
Villains,Dark Bluish Gray,196
Villains,Dark Green,10
Villains,Dark Purple,11
Villains,Dark Red,15
Villains,Dark Tan,23
Villains,Flat Silver,106
Villains,Light Bluish Gray,271
Villains,Lime,61
Villains,Medium Azure,6
Villains,Orange,35
Villains,Pearl Gold,37
Villains,Pearl Titanium,128
Villains,Red,397
Villains,Reddish Brown,10
Villains,Tan,13
Villains,Trans-Bright Green,18
Villains,Trans-Clear,13
Villains,Trans-Dark Blue,7
Villains,Trans-Green,5
Villains,Trans-Light Blue,17
Villains,Trans-Neon Green,28
Villains,Trans-Neon Orange,33
Villains,Trans-Orange,1
Villains,Trans-Red,9
Villains,Trans-Yellow,3
Villains,White,72
Villains,Yellow,60
Villains,[No Color/Any Color],4
WeDo,Black,157
WeDo,Blue,14
WeDo,Bright Green,17
WeDo,Bright Light Orange,42
WeDo,Dark Bluish Gray,66
WeDo,Dark Brown,2
WeDo,Green,11
WeDo,Light Bluish Gray,109
WeDo,Lime,82
WeDo,Medium Azure,26
WeDo,Orange,5
WeDo,Red,143
WeDo,Reddish Brown,3
WeDo,Tan,20
WeDo,Trans-Clear,3
WeDo,Trans-Green,4
WeDo,Trans-Light Blue,19
WeDo,Trans-Red,4
WeDo,Trans-Yellow,4
WeDo,White,171
WeDo,Yellow,92
WeDo,[No Color/Any Color],8
Wednesday,Black,1174
Wednesday,Blue,39
Wednesday,Bright Green,4
Wednesday,Bright Light Blue,6
Wednesday,Bright Light Orange,5
Wednesday,Bright Light Yellow,10
Wednesday,Bright Pink,1
Wednesday,Coral,1
Wednesday,Dark Azure,5
Wednesday,Dark Blue,80
Wednesday,Dark Bluish Gray,410
Wednesday,Dark Brown,98
Wednesday,Dark Green,17
Wednesday,Dark Orange,7
Wednesday,Dark Pink,20
Wednesday,Dark Purple,29
Wednesday,Dark Red,21
Wednesday,Dark Tan,33
Wednesday,Dark Turquoise,4
Wednesday,Flat Silver,11
Wednesday,Green,18
Wednesday,Lavender,30
Wednesday,Light Aqua,2
Wednesday,Light Bluish Gray,464
Wednesday,Light Nougat,6
Wednesday,Lime,18
Wednesday,Magenta,6
Wednesday,Medium Azure,11
Wednesday,Medium Lavender,14
Wednesday,Medium Nougat,18
Wednesday,Metallic Gold,2
Wednesday,Metallic Silver,1
Wednesday,Olive Green,11
Wednesday,Opal Trans-Clear,1
Wednesday,Opal Trans-Light Blue,1
Wednesday,Opal Trans-Purple,14
Wednesday,Orange,12
Wednesday,Pearl Gold,53
Wednesday,Pearl Titanium,10
Wednesday,Red,87
Wednesday,Reddish Brown,395
Wednesday,Reddish Orange,3
Wednesday,Sand Blue,125
Wednesday,Sand Green,38
Wednesday,Tan,136
Wednesday,Trans-Black,9
Wednesday,Trans-Bright Green,3
Wednesday,Trans-Clear,63
Wednesday,Trans-Dark Pink,7
Wednesday,Trans-Green,1
Wednesday,Trans-Light Blue,10
Wednesday,Trans-Orange,20
Wednesday,Trans-Purple,16
Wednesday,Trans-Red,10
Wednesday,Trans-Yellow,5
Wednesday,Warm Tan,13
Wednesday,White,95
Wednesday,Yellow,27
Wednesday,[No Color/Any Color],7
Western,Black,1754
Western,Blue,309
Western,Brown,1294
Western,Chrome Gold,42
Western,Dark Gray,198
Western,Dark Orange,6
Western,Green,227
Western,Light Gray,844
Western,Nougat,5
Western,Red,592
Western,Tan,42
Western,Trans-Clear,13
Western,Trans-Neon Orange,50
Western,Trans-Red,4
Western,White,325
Western,Yellow,291
Western,[No Color/Any Color],12
Wicked,Black,469
Wicked,Blue,48
Wicked,Bright Green,297
Wicked,Bright Light Blue,30
Wicked,Bright Light Orange,70
Wicked,Bright Light Yellow,35
Wicked,Bright Pink,404
Wicked,Coral,28
Wicked,Dark Azure,36
Wicked,Dark Blue,212
Wicked,Dark Bluish Gray,146
Wicked,Dark Brown,42
Wicked,Dark Green,349
Wicked,Dark Orange,142
Wicked,Dark Pink,242
Wicked,Dark Purple,3
Wicked,Dark Red,111
Wicked,Dark Tan,86
Wicked,Dark Turquoise,185
Wicked,Flat Silver,7
Wicked,Green,802
Wicked,Lavender,47
Wicked,Light Aqua,6
Wicked,Light Bluish Gray,438
Wicked,Light Nougat,272
Wicked,Lime,52
Wicked,Magenta,80
Wicked,Medium Azure,73
Wicked,Medium Lavender,34
Wicked,Medium Nougat,211
Wicked,Metallic Gold,69
Wicked,Nougat,9
Wicked,Opal Trans-Clear,15
Wicked,Opal Trans-Dark Pink,2
Wicked,Opal Trans-Light Blue,1
Wicked,Opal Trans-Purple,5
Wicked,Opal Trans-Yellow,2
Wicked,Orange,44
Wicked,Pearl Gold,541
Wicked,Pearl Titanium,2
Wicked,Red,117
Wicked,Reddish Brown,298
Wicked,Reddish Orange,42
Wicked,Sand Blue,22
Wicked,Sand Green,18
Wicked,Tan,653
Wicked,Trans-Bright Green,184
Wicked,Trans-Clear,75
Wicked,Trans-Dark Blue,1
Wicked,Trans-Dark Pink,15
Wicked,Trans-Green,76
Wicked,Trans-Light Blue,13
Wicked,Trans-Orange,12
Wicked,Trans-Purple,3
Wicked,Trans-Yellow,15
Wicked,White,376
Wicked,Yellow,171
Wicked,Yellowish Green,76
Wicked,[No Color/Any Color],13
Winnie the Pooh,Blue,33
Winnie the Pooh,Bright Green,14
Winnie the Pooh,Bright Light Blue,1
Winnie the Pooh,Bright Light Orange,6
Winnie the Pooh,Brown,3
Winnie the Pooh,Dark Orange,38
Winnie the Pooh,Dark Pink,6
Winnie the Pooh,Dark Purple,3
Winnie the Pooh,Green,87
Winnie the Pooh,Lavender,1
Winnie the Pooh,Light Orange,12
Winnie the Pooh,Light Turquoise,3
Winnie the Pooh,Lime,4
Winnie the Pooh,Medium Blue,1
Winnie the Pooh,Medium Bluish Violet,5
Winnie the Pooh,Medium Nougat,1
Winnie the Pooh,Orange,11
Winnie the Pooh,Pink,5
Winnie the Pooh,Purple,27
Winnie the Pooh,Red,58
Winnie the Pooh,Reddish Brown,2
Winnie the Pooh,Trans-Dark Blue,1
Winnie the Pooh,Trans-Light Blue,2
Winnie the Pooh,Trans-Red,1
Winnie the Pooh,Trans-Yellow,2
Winnie the Pooh,White,3
Winnie the Pooh,Yellow,69
Winnie the Pooh,Yellowish Green,1
Winnie the Pooh,[No Color/Any Color],2
Wolfpack,Black,114
Wolfpack,Blue,37
Wolfpack,Brown,16
Wolfpack,Dark Gray,18
Wolfpack,Green,4
Wolfpack,Light Gray,123
Wolfpack,Red,11
Wolfpack,Trans-Yellow,3
Wolfpack,Yellow,10
World City,Black,1551
World City,Blue,116
World City,Brown,52
World City,Chrome Gold,9
World City,Chrome Silver,1
World City,Dark Bluish Gray,575
World City,Dark Gray,819
World City,Green,139
World City,Light Bluish Gray,446
World City,Light Gray,675
World City,Medium Blue,13
World City,Orange,5
World City,Pearl Light Gray,2
World City,Red,579
World City,Reddish Brown,4
World City,Tan,10
World City,Trans-Brown,367
World City,Trans-Clear,43
World City,Trans-Dark Blue,17
World City,Trans-Green,57
World City,Trans-Red,128
World City,Trans-Yellow,108
World City,White,1529
World City,Yellow,429
World City,[No Color/Any Color],37
World Racers,Black,890
World Racers,Blue,56
World Racers,Dark Bluish Gray,320
World Racers,Dark Green,3
World Racers,Dark Tan,5
World Racers,Green,42
World Racers,Light Bluish Gray,363
World Racers,Lime,136
World Racers,Metallic Silver,12
World Racers,Orange,4
World Racers,Pearl Gold,2
World Racers,Pearl Light Gray,36
World Racers,Red,290
World Racers,Reddish Brown,7
World Racers,Tan,26
World Racers,Trans-Brown,18
World Racers,Trans-Clear,10
World Racers,Trans-Green,8
World Racers,Trans-Neon Green,2
World Racers,Trans-Neon Orange,4
World Racers,Trans-Orange,12
World Racers,Trans-Red,36
World Racers,Trans-Yellow,20
World Racers,White,316
World Racers,Yellow,90
World Racers,[No Color/Any Color],10
X-Men,Black,630
X-Men,Blue,128
X-Men,Bright Green,4
X-Men,Bright Light Blue,15
X-Men,Bright Light Orange,76
X-Men,Bright Pink,14
X-Men,Dark Azure,12
X-Men,Dark Blue,667
X-Men,Dark Bluish Gray,573
X-Men,Dark Brown,35
X-Men,Dark Green,53
X-Men,Dark Orange,461
X-Men,Dark Pink,10
X-Men,Dark Purple,101
X-Men,Dark Red,111
X-Men,Dark Tan,27
X-Men,Dark Turquoise,8
X-Men,Flat Silver,120
X-Men,Green,56
X-Men,Lavender,2
X-Men,Light Aqua,40
X-Men,Light Bluish Gray,1107
X-Men,Light Nougat,31
X-Men,Lime,3
X-Men,Magenta,61
X-Men,Medium Azure,18
X-Men,Medium Blue,3
X-Men,Medium Lavender,8
X-Men,Medium Nougat,11
X-Men,Metallic Silver,19
X-Men,Olive Green,7
X-Men,Orange,3
X-Men,Pearl Gold,2
X-Men,Red,119
X-Men,Reddish Brown,177
X-Men,Sand Blue,54
X-Men,Sand Green,13
X-Men,Tan,45
X-Men,Trans-Black,1
X-Men,Trans-Bright Green,2
X-Men,Trans-Brown,3
X-Men,Trans-Clear,138
X-Men,Trans-Dark Blue,24
X-Men,Trans-Dark Pink,6
X-Men,Trans-Green,3
X-Men,Trans-Light Blue,20
X-Men,Trans-Neon Orange,9
X-Men,Trans-Orange,8
X-Men,Trans-Purple,2
X-Men,Trans-Red,36
X-Men,Trans-Yellow,13
X-Men,White,196
X-Men,Yellow,154
X-Men,[No Color/Any Color],7
X-Pod,Black,200
X-Pod,Blue,135
X-Pod,Dark Bluish Gray,33
X-Pod,Dark Purple,21
X-Pod,Glow In Dark Opaque,4
X-Pod,Green,112
X-Pod,Light Bluish Gray,115
X-Pod,Lime,34
X-Pod,Medium Blue,17
X-Pod,Medium Lime,2
X-Pod,Metallic Silver,11
X-Pod,Orange,56
X-Pod,Red,111
X-Pod,Reddish Brown,9
X-Pod,Tan,30
X-Pod,Trans-Brown,10
X-Pod,Trans-Clear,13
X-Pod,Trans-Dark Blue,28
X-Pod,Trans-Green,6
X-Pod,Trans-Light Blue,3
X-Pod,Trans-Medium Blue,1
X-Pod,Trans-Medium Purple,1
X-Pod,Trans-Neon Green,8
X-Pod,Trans-Neon Orange,26
X-Pod,Trans-Orange,3
X-Pod,Trans-Red,24
X-Pod,Trans-Yellow,17
X-Pod,White,93
X-Pod,Yellow,112
X-Pod,[No Color/Any Color],2
Xtra,Black,59
Xtra,Blue,5
Xtra,Bright Green,16
Xtra,Bright Light Blue,5
Xtra,Bright Light Orange,10
Xtra,Bright Pink,3
Xtra,Dark Azure,3
Xtra,Dark Blue,2
Xtra,Dark Bluish Gray,15
Xtra,Dark Brown,7
Xtra,Dark Green,1
Xtra,Dark Orange,5
Xtra,Dark Pink,5
Xtra,Dark Purple,2
Xtra,Dark Tan,5
Xtra,Flat Silver,5
Xtra,Green,38
Xtra,Light Bluish Gray,21
Xtra,Lime,12
Xtra,Magenta,3
Xtra,Medium Azure,5
Xtra,Medium Blue,1
Xtra,Medium Nougat,12
Xtra,Orange,11
Xtra,Pearl Gold,12
Xtra,Pearl Titanium,5
Xtra,Red,59
Xtra,Reddish Brown,31
Xtra,Tan,25
Xtra,Trans-Brown,1
Xtra,Trans-Clear,11
Xtra,Trans-Green,6
Xtra,Trans-Light Blue,7
Xtra,Trans-Neon Green,2
Xtra,Trans-Red,8
Xtra,Trans-Yellow,12
Xtra,White,50
Xtra,Yellow,22
Xtra,Yellowish Green,1
Xtra,[No Color/Any Color],12
Znap,Black,433
Znap,Blue,11
Znap,Dark Gray,92
Znap,Green,118
Znap,Light Gray,358
Znap,Purple,302
Znap,Red,140
Znap,White,72
Znap,Yellow,181
Zooters,Bright Green,1
Zooters,Green,3
Zooters,Magenta,1
Zooters,Red,2
Zooters,Trans-Green,6
Zooters,Trans-Red,6
Zooters,Trans-Yellow,4
Zooters,Yellow,2
eLAB,Black,1193
eLAB,Blue,60
eLAB,Dark Bluish Gray,50
eLAB,Dark Gray,160
eLAB,Dark Green,32
eLAB,Green,34
eLAB,Light Bluish Gray,214
eLAB,Light Gray,718
eLAB,Red,215
eLAB,Tan,48
eLAB,Trans-Clear,5
eLAB,White,41
eLAB,Yellow,219
,Aqua,1
,Black,13735
,Blue,3471
,Blue Violet,6
,Bright Green,521
,Bright Light Blue,418
,Bright Light Orange,868
,Bright Light Yellow,689
,Bright Pink,519
,Brown,428
,Chrome Black,3
,Chrome Blue,12
,Chrome Gold,56
,Chrome Pink,8
,Chrome Silver,17
,Copper,15
,Coral,93
,Dark Azure,688
,Dark Blue,2680
,Dark Bluish Gray,3400
,Dark Brown,1685
,Dark Gray,304
,Dark Green,654
,Dark Nougat,3
,Dark Orange,1123
,Dark Pink,385
,Dark Purple,832
,Dark Red,1335
,Dark Tan,1270
,Dark Turquoise,376
,Earth Orange,15
,Flat Silver,891
,Glitter Trans-Clear,1
,Glitter Trans-Light Blue,3
,Glitter Trans-Purple,2
,Glow In Dark Opaque,7
,Glow In Dark Trans,3
,Glow in Dark White,30
,Green,1237
,Lavender,145
,Light Aqua,334
,Light Blue,4
,Light Bluish Gray,3721
,Light Brown,5
,Light Gray,366
,Light Lime,1
,Light Nougat,4160
,Light Pink,7
,Light Purple,4
,Light Turquoise,2
,Light Violet,12
,Light Yellow,4
,Lime,558
,Maersk Blue,2
,Magenta,342
,Medium Azure,343
,Medium Blue,580
,Medium Bluish Violet,2
,Medium Brown,137
,Medium Dark Pink,38
,Medium Green,9
,Medium Lavender,392
,Medium Lime,1
,Medium Nougat,1117
,Medium Orange,8
,Medium Violet,1
,Metallic Copper,13
,Metallic Gold,72
,Metallic Silver,140
,Nougat,517
,Ochre Yellow,4
,Olive Green,437
,Opal Trans-Bright Green,2
,Opal Trans-Clear,11
,Opal Trans-Dark Blue,2
,Opal Trans-Dark Pink,7
,Opal Trans-Light Blue,19
,Opal Trans-Purple,8
,Orange,1379
,Pastel Blue,3
,Pearl Copper,3
,Pearl Dark Gray,46
,Pearl Gold,1019
,Pearl Light Gold,5
,Pearl Light Gray,95
,Pearl Sand Blue,4
,Pearl Titanium,814
,Pink,22
,Purple,8
,Red,5373
,Reddish Brown,3013
,Reddish Orange,55
,Royal Blue,2
,Sand Blue,741
,Sand Green,520
,Sand Purple,4
,Sand Red,9
,Sienna Brown,46
,Sky Blue,1
,Speckle Black-Copper,3
,Speckle Black-Gold,3
,Speckle Black-Silver,54
,Speckle DBGray-Silver,2
,Tan,2092
,Trans-Black,4
,Trans-Bright Green,45
,Trans-Brown,298
,Trans-Clear,617
,Trans-Dark Blue,63
,Trans-Dark Pink,81
,Trans-Green,28
,Trans-Light Blue,401
,Trans-Medium Blue,9
,Trans-Neon Green,140
,Trans-Neon Orange,67
,Trans-Orange,167
,Trans-Purple,56
,Trans-Red,208
,Trans-Yellow,103
,Umber Brown,16
,Very Light Bluish Gray,5
,Vibrant Yellow,93
,Violet,29
,Warm Pink,4
,Warm Tan,286
,White,9647
,Yellow,10426
,Yellowish Green,131
,[No Color/Any Color],93
